,AP.27JZ,AP.2XNK,AP.3336,AP.352Q,AP.3FY5,AP.4HAU,AP.4M7L,AP.52RG,AP.5JDU,AP.5L2V,AP.5MX6,AP.62LT,AP.67ZV,AP.7GDN,AP.8MWD,AP.9D3B,AP.9LNA,AP.9PXS,AP.A5NG,AP.AAFC,AP.AGZG,AP.B2SL,AP.B9CH,AP.CT3G,AP.D35H,AP.D9X4,AP.DM87,AP.DMUM,AP.DT88,AP.E7CU,AP.E98M,AP.EPNF,AP.EZEX,AP.FX68,AP.HKYN,AP.HMFR,AP.HML4,AP.JBET,AP.JK59,AP.KX5B,AP.KXUT,AP.LWHD,AP.MAZ4,AP.N8FG,AP.NMZS,AP.QAHT,AP.QUHC,AP.RA2G,AP.RBLG,AP.SJVE,AP.SS2L,AP.U8MP,AP.W455,AP.WDKZ,AP.WPAM,AP.WTXJ,AP.XCJX,AP.XSR5,AP.XVLY,AP.YTZ8
IGLV8-61,1.119084419,-1.170210943,-1.023775691,-1.048794453,-0.296355401,-0.671616437,-0.948896628,-1.057278124,-0.338207582,-0.50098513,0.453604144,-1.453207192,1.053070499,-1.420585281,1.073534392,-1.883969936,0.730849866,0.291053069,-0.075435717,-5.264258653,2.065151855,-1.354112334,-1.301846144,-3.310657198,-0.646769516,0.040053814,0.245912868,0.984554438,-1.128290389,-0.539913828,-0.488799295,0.595458703,-1.109467522,-1.058803188,-0.888660247,-0.176543943,-1.579249385,0.43572932,0.050654205,-0.962702726,2.623979155,-0.232251834,-0.348912708,-0.361496235,0.190328119,-0.480858017,-0.272630237,0.398006293,-2.402635827,1.479527846,-0.71347727,-0.251869383,-1.836284462,1.499061392,-2.223145226,0.03247128,-0.417692285,0.305499027,-1.916678652,-1.207685948
IGLV3-9,-0.502963979,-0.107936633,-0.554793769,-0.180688978,-0.230394374,-0.104036013,0.300157675,0.095150628,-0.636485866,2.05698762,-1.596896046,0.107293304,-0.073021837,-0.133736919,3.672646883,-0.241445461,0.177783757,-0.371069964,0.164373198,-0.013581474,5.080655231,-0.319083949,-0.461273862,-0.317428884,0.086731932,0.091569468,-1.075871243,0.0314769,-0.272919185,-0.719896568,-0.027945947,-0.316577094,-0.214963821,-0.715873426,-0.510669608,1.44204863,-0.089523036,-0.155232939,-0.083364964,0.12105204,0.029514591,-0.282970116,0.287024449,0.057576389,-0.260716339,-0.038758545,-0.141915614,-0.216372091,-0.088223144,0.894922508,0.905179487,0.141661184,-0.321899857,0.547297113,-0.414846764,-0.552479005,0.357082105,-1.06433325,0.773929885,0.194088276
IGHV3-49,-0.428356496,-0.749595288,-3.333288977,-0.645530452,0.006341976,-0.281390978,-0.040771382,-1.941915445,0.14614138,1.699428994,-0.956971496,-0.581742995,-0.66619602,-0.581735262,5.868324209,-0.540111289,-1.088457271,-0.056227233,-0.4732257,-1.601902351,1.519647384,-1.175665897,-0.336866079,-1.904541203,-1.370537656,-0.717541912,0.331113108,0.332627514,0.431660323,-0.603996544,-1.998770548,-0.160555801,-1.173730886,-1.016315317,-0.765946775,1.927287614,-2.137310273,-0.332983337,-0.850491335,-0.561260201,1.724429155,-0.151539274,5.60527732,-0.533725895,-1.629760069,-0.185255693,-0.408430158,0.980532251,-1.329873551,1.532892174,0.10356646,-0.776702512,-1.136304626,1.125893239,0.408241455,-0.311605802,-0.658837136,-0.064042328,1.732810611,2.027123542
IGHV6-1,1.140006515,-0.812290873,-2.11189058,-1.070634587,-0.457388667,-0.601054414,-0.309952636,-1.29766562,0.119121048,0.032766047,-0.799011435,-0.179617121,-0.393477096,-1.225320383,1.709114608,-1.256782488,-1.702531244,1.336469647,-0.920068535,-0.909148715,2.310105241,-0.275297114,-1.472621367,-2.80037318,-0.771490478,-1.434639979,0.573296554,1.540877573,-0.206639524,-0.665102454,-0.633573592,0.042752172,-1.739168644,-1.585910668,-1.657866541,-0.224653231,-1.532833279,-0.640938029,0.203471969,2.049433023,1.064339869,-0.516383914,-0.256560635,-1.528648764,-0.059303464,0.209167688,-0.116447439,0.63746951,-1.942931396,2.599278633,-1.016773216,-1.590553284,-0.722222207,0.399473549,-1.060855486,0.363724752,0.304513473,-1.291364442,-0.011086221,-0.000840619
IGHV3-15,-0.970831499,-0.609542589,-2.083449363,-0.729227547,-0.344635231,-0.762193917,-0.652095743,-0.881946437,0.117392084,1.603567781,-0.586783816,0.105027361,0.780335383,-1.180154654,6.161393367,-1.279211447,-1.754467381,-0.330019368,-0.214188815,-1.456096287,0.747220573,-0.267407934,-1.313675025,-1.134853534,-0.233125538,-1.279717995,1.45698792,0.040381596,-0.975244604,-0.367353162,-1.054637518,-0.411621133,-1.005509491,-1.662409947,-1.64253956,-0.24132435,-0.159072515,-0.873246351,-0.090883902,-0.599141161,0.101535277,-0.554105265,0.286578167,-1.047652968,-0.711022714,0.002579222,-0.732712015,0.181309899,-1.491222935,2.038362905,1.027383763,-1.161196779,-1.508191713,0.079935902,-0.295925742,-0.399279473,-0.062106605,0.023146174,3.388527875,0.485366442
IGHV3-74,-0.687728852,-0.142822895,-0.635312307,-1.037903002,-0.656659257,-0.727277983,-0.903419047,-0.405706447,0.060563958,0.733272111,-0.748876608,-0.033533911,0.630792844,-0.148595742,1.885123953,-1.784839826,-0.660965775,-0.013456698,0.643212502,-1.290782062,1.191701403,-0.396055817,-0.660976332,-1.685234035,-0.280059364,-0.920507575,-0.163515397,0.446591041,-0.147813667,-0.910166449,-0.65044762,-1.150769794,-0.780044864,-0.798661351,-0.747096522,0.810598485,-0.36339776,-0.784135314,0.166651518,0.141176985,0.4455406,-0.563239038,1.228132044,-0.259184453,-0.185409573,-0.009611163,0.082051505,0.908080989,-0.759820197,2.468957172,-0.084110743,-0.20081405,-1.357451848,0.370363217,-0.683365354,-0.123467385,-0.609808124,0.270278308,0.692519238,0.900033957
IGHV1-69D,0.183634321,0.068972344,-0.302288151,-0.400165829,-0.498792857,-0.005589785,-0.345894511,-0.676547325,0.016401665,1.883431321,-0.418741876,0.344981167,3.538306971,-0.426584679,0.526096854,-0.512746747,-0.017095707,0.139592399,-0.30722564,-0.146673788,0.64279255,0.004131275,-0.072211532,-0.210182499,0.205632283,0.201598482,0.15264568,-0.196856532,-0.03857265,-0.640437114,0.065340493,0.118061118,-0.788156757,-0.33512482,-0.006633009,0.480930446,-0.031830083,-0.413449458,-0.378264757,-0.330470789,0.037208716,-0.076464018,1.10592479,0.028883607,0.023751684,0.333262971,0.002156587,0.880725982,-0.086181109,3.062240023,-0.876657306,0.400663612,-0.489588531,0.919358817,-0.110690961,0.307713443,1.032514975,-0.051089185,0.143409879,0.451146661
IGHV1-3,-1.032235436,-0.54704909,-2.394914936,-0.333582711,-0.022168202,-1.270421681,-0.520554327,0.07644638,-0.233392119,0.025242396,0.051134186,0.138298288,0.267513624,-0.549695347,6.418337835,-1.191033873,0.624304286,-1.024598292,0.233367983,-0.594583727,0.499641334,-0.268828882,-0.419681688,-0.26500679,0.057423063,-0.65217533,0.307314412,-0.156979024,0.276655023,-0.540842878,0.042170934,-1.58037668,-0.250025494,-0.640301662,-0.297549632,-0.134394356,-0.032226869,0.289618178,-0.62448215,0.192118691,0.299000784,-1.485250964,0.072874934,-0.533352976,-0.305443276,0.457681027,0.139410428,0.104259168,0.325514788,0.069180132,-0.513798564,-0.264961847,-0.860160832,0.37666354,-0.353839551,1.693909771,0.291030121,0.215728645,-0.231803621,0.413963403
IGHV1-18,-0.538277713,-0.385345319,-0.233541004,-0.208651328,0.000881202,-0.429099924,-0.75382996,-0.024208034,0.257921127,2.025006703,-0.394933482,0.136166435,0.51069871,-0.591885815,3.215348639,-0.946575358,0.1271101,-0.478341262,0.329945125,0.010772764,0.740507603,-1.240697174,-0.384376793,-0.288484588,0.082234428,-0.011208139,-0.945557706,0.444552276,-0.567020598,-0.184228991,-0.609542702,-0.139683856,-1.070359759,-0.873604284,-0.440986166,0.542126568,0.220647842,-0.289901834,-0.515170793,0.10180435,-0.632489146,-0.638917695,0.235829152,-0.332916135,-1.001994913,-0.858111488,-0.654779325,0.813672968,-0.074894873,2.207293774,-0.162363795,0.2870972,0.060853865,0.735293213,0.382330172,0.371769308,0.689861188,0.139358642,0.260416319,-0.116682159
IGHV4-28,-0.279293489,-2.05032437,-1.426106933,-1.34097659,0.205892529,-2.340380406,1.45204664,-1.070396295,1.486160779,0.940552377,-1.739139042,0.766934063,0.766692181,-1.536495803,4.137570155,-1.90900849,-0.007188351,-0.802931223,0.138554253,-1.334999703,-1.136609405,-0.918608814,-0.399457142,-2.698144405,1.229267189,-0.080278348,-0.150361394,0.254203736,-0.205331666,0.445432197,-1.285995513,-1.090216876,-3.41295077,-1.443726564,-1.130492817,1.148794167,-0.584300197,-1.121701281,0.926494193,1.881800816,1.683760257,0.389266206,-0.744090852,0.508843557,-0.045841855,0.497330359,-0.303677934,0.350059666,-1.390336595,0.976472753,-0.599809463,-0.460638713,-0.83900035,1.410916068,-0.542803282,-0.950588763,-0.246490605,-1.048318473,0.943556137,0.543594081
IGHV5-51,0.243818358,-1.56977409,-1.435071107,0.354686714,-1.230218965,-0.220297251,-0.432387279,-1.153854081,-0.379449048,1.419869626,0.00458084,-0.378254422,0.27023296,-1.33907613,0.897068891,-2.392748934,0.133398066,0.537128521,-0.863931554,0.003416601,2.747906541,-0.33442906,-0.265243889,-1.78690909,0.197202216,-0.616559823,-0.002588647,0.122439159,0.280539132,0.888636867,-0.097879861,0.021254654,0.173718598,-0.697316406,-0.566850971,-0.250325064,-0.938817744,-0.501864114,0.126293777,-0.452080125,0.896916348,0.184539893,0.378991195,-0.850168411,0.045756574,0.474567862,0.621605425,0.184872738,-0.095409952,0.588770554,-0.393697489,-0.286505121,-0.67450827,-0.241362125,-0.719122199,0.020728436,0.244417078,0.420264894,1.546289248,0.098336489
IGLV5-39,-1.005348058,-0.452776526,-0.446344706,-0.360797123,-1.025838694,-0.754301331,-1.013522011,-0.215405539,-0.219943521,0.490374411,-0.111717866,0.404750337,0.459661024,-0.853271083,0.551622373,-1.086566086,-0.335670802,-0.918236246,0.424503231,-0.429553242,3.09411246,-1.5379382,-0.096449494,-0.743919651,-0.058405538,-0.209432535,-0.834893756,0.101564113,-1.054796023,-1.182132876,-0.947639392,-0.596093205,-0.717879082,-0.583418304,-0.238684173,0.356803801,-0.335892235,-0.146111529,1.523901601,0.131560308,1.522266635,-0.905375225,0.330452971,0.095029954,-0.79255944,-0.141198387,-0.974057095,0.245871952,-0.401161401,1.00946341,-0.534280752,0.354542279,-1.144188025,0.074672777,-0.613187262,-0.064187413,-0.063820122,-0.254645948,0.509564341,0.261234095
IGHV3-64D,0.404623011,-0.825070391,-1.388301199,-1.073972932,-0.15037817,-0.363840308,-0.469013552,-0.572974424,-0.04798221,0.795536884,-1.60995574,0.510402011,0.40988888,-0.827686991,3.08068824,-1.120329279,-0.690431617,0.648163705,0.090919354,-0.494050932,0.757906276,-0.388361409,-0.773676887,-1.448315339,-0.144893056,-0.746375944,0.731923523,0.466140449,-0.306872362,-1.275914154,-0.742545124,-0.367988451,-1.091216227,-2.22786007,-1.43774128,0.929594614,-0.100842238,-0.634556433,0.059942316,0.274686322,0.610012005,-0.685312477,-0.303832816,-0.381659338,-0.144456938,0.044923043,-0.181954782,0.573637507,-1.157939003,1.960948828,0.158843336,-0.672598979,-1.079707571,0.978695763,-0.371605791,-1.505285845,-0.104515209,-0.182294019,1.25949374,0.52374639
RBM47,0.326824444,0.132788875,-0.059394179,-0.829817383,0.314352014,0.103630576,0.178987869,-0.45192775,-0.003097948,0.866316343,-0.195983313,-0.369378826,-0.09216144,0.500130317,-0.11762563,0.829817582,-0.289961158,0.361765295,-0.216543183,0.349748731,-0.073016878,0.700758637,0.399964442,0.35844279,0.005385284,-0.26001707,0.011717289,0.715955668,-0.071537643,-0.231235365,0.011881135,0.203769664,0.141348609,0.793161692,0.59101667,-0.165142662,0.061516442,0.331189036,0.547076383,-0.254888102,0.26591679,0.33858151,0.393982968,0.048593181,-0.347681407,0.016751357,0.538205764,0.145105344,0.22872298,-0.338265248,0.532826436,0.390924979,-0.348215342,-0.278116803,0.315645154,0.08546629,0.400783902,0.088128464,-0.080119595,0.017490821
TTC26,0.074639679,-0.43593961,-0.062777115,0.339418978,-0.486094672,1.294453422,0.39585185,0.872792668,-0.964477862,-0.932551932,0.799258075,-0.192119102,-0.291536969,-0.010307948,-0.261554112,0.464716122,0.245446596,-0.151801698,-0.276487863,0.091373377,0.197564178,-0.408043214,-0.02131374,0.659405863,0.362390728,-0.396466921,0.1354956,0.088134466,0.78108583,0.184478764,-0.459817034,0.165073435,-0.429030598,-0.338101421,-0.58128022,1.348663168,0.414192645,0.131095509,-0.225352778,0.451884712,0.020857504,0.121970052,-0.492859652,-1.039611535,0.303619209,0.016290942,-0.041193406,-0.23581058,0.267327538,-0.054639629,0.337980306,-0.300952489,0.021094924,0.055548634,-0.087469163,0.323378073,0.058800222,-0.021071338,-0.2868441,0.656782677
UBA6,-0.026518937,-0.456080592,-0.096715176,0.500811332,-0.081580078,-0.323974962,-0.144175681,-0.378582442,0.220719869,-0.773007521,0.096667678,-0.184477499,0.085587977,-0.587320066,-0.019611318,-0.287722415,-0.475812959,-0.189695234,-0.163477629,0.139698067,0.25070527,0.216066046,-0.100833305,-0.260007265,-0.21465748,-0.286548182,0.39667064,-0.297038262,0.469349761,-0.343528395,-0.889918136,-0.221019401,-0.634624839,-0.33567284,0.2305031,0.247081196,-0.173233063,-0.342694472,0.036722147,0.21052764,0.022649736,-0.422206228,-0.064641142,-0.315624134,-0.327153284,-0.246035734,0.075381304,0.005389352,-0.298094768,-0.282190359,-0.180176348,-0.010275793,-0.255675401,-0.240844283,-0.052348137,0.244328985,0.241272722,-0.102544825,0.026620259,-0.072335602
ESYT2,-0.176713151,-0.090030939,0.15322924,-0.08053014,0.114406614,-0.216240541,0.287875913,0.647372079,-0.047329185,-0.200657392,-0.029360646,-0.023807785,0.247690887,-0.028534647,-0.247424979,0.023312567,0.393508403,-0.448757895,-0.226481329,0.21831018,-0.477406518,-0.66681371,0.196257151,0.917107047,-0.177316743,0.453950069,0.211094618,-0.254258835,0.022789808,0.151221687,0.386045723,0.233765812,-0.03274561,-0.150350939,0.511387121,0.228795911,0.12678228,-0.044707975,0.009526448,0.033328792,-0.140458117,0.058048001,-0.176732957,0.262748176,-0.308800232,-0.224841533,-0.062590516,-0.273054081,1.765188709,-0.167468643,-0.848360214,0.298030702,0.071791698,0.102010468,-0.102117418,-0.305049964,0.034737302,0.688094658,0.064495517,-0.403968012
UHRF1BP1L,0.331866363,-0.413332909,-0.213273822,-0.238984017,-0.054274265,0.081042074,-0.554784011,-0.235909269,0.084336437,0.28160575,0.235603771,0.017761328,0.069805266,-0.579971791,-0.367541781,0.091616401,-0.154948555,0.676273487,0.116549725,-0.210605187,0.290295551,0.391311495,0.383636616,-0.002220513,0.464295106,0.013296563,0.282569913,-0.11708358,-0.045781,-0.205892221,0.472472589,-0.028856039,0.048646618,-0.124202032,0.085873218,0.409958558,-0.121817686,-0.460920266,0.181095596,-0.235973525,0.336005007,-0.157407515,0.393776227,0.058784771,0.365680676,0.909390408,0.431450172,0.133096572,0.189581873,0.328001407,0.087234189,-0.291957428,-0.341661906,0.145596154,0.295004939,0.298583082,0.288090729,-0.828657306,0.168075139,0.149587341
IGLC7,-0.457932492,-1.894240327,-2.392195708,-0.867110963,0.226855143,-0.460435692,0.018687592,-1.426430022,-0.14518483,0.663808085,-0.817858823,-0.349499505,1.33668171,-1.789700056,5.168768198,-1.597136093,0.396253741,-1.088277867,-0.613569592,-1.57622067,2.529456309,-1.122407472,-0.847003494,-2.405184414,-1.005452224,-1.611861255,1.342549099,0.729088866,-0.151227829,0.273069736,-1.630288081,-1.361278938,-1.458207573,-1.980881702,-1.099429109,1.733346854,-1.48521841,0.581478846,0.677514407,-0.175978275,1.578656308,-0.892315567,0.90474129,-0.198499608,0.037965341,0.673678584,-0.168733742,1.264640551,-1.998977214,2.305732245,-0.366561451,-0.889396145,-1.630617178,1.045950605,-0.498881723,-0.666126701,-0.981368089,0.086772793,2.491512299,-0.273396654
SHTN1,-0.229214299,0.905773872,-0.468117091,-0.409332162,0.819260963,0.282929365,-0.928691005,-0.928247533,-0.341704251,0.100000853,-0.074630077,-0.663578551,-1.018194034,0.454926001,-1.018125828,-0.112839338,-0.188959058,2.376787131,-0.078860902,-0.332845582,-1.307043241,2.467460079,-0.530879717,0.269176949,1.029876235,-0.962968263,-0.477318775,-0.096902719,-0.435345848,0.240236843,0.365137149,-0.461734791,-0.095798998,2.057804416,-0.559990058,-1.230398673,-0.134960598,-0.1098726,-0.009406865,-0.53769439,0.480035809,-0.064603757,0.854370418,0.290678943,-0.436036555,0.663982353,0.086527069,-1.036891728,0.499323907,-0.589650069,-0.709004951,-0.557423259,-0.737379839,-0.082983848,1.03275619,-0.31319388,-1.071181873,2.308627068,-0.163882009,0.808142918
TMEM223,-0.084445203,0.007874053,-0.263738332,0.933329357,-0.068839954,0.94439067,-0.387194487,-0.005725289,0.562270639,-0.245203678,-0.080360346,-0.080579163,-0.029535008,0.168637764,-0.359197081,-0.561727671,-0.191226171,0.881592888,-0.030658027,0.038409911,-0.512306681,0.205388386,0.102733011,0.23453107,0.082169852,-0.262768776,-0.721402479,0.651908802,0.212949706,0.617572818,0.16457632,0.101044722,0.57843754,-0.006099891,-0.086731039,0.01960311,0.124602086,0.96000583,0.125582159,-0.189958991,-0.020171595,0.165139929,0.233305519,-0.447805702,-0.254625136,-0.175589192,-0.066709025,-0.19444963,-0.107408608,0.372450293,1.05911358,-0.514813592,-0.051048726,-0.056552833,0.487310634,-0.216915596,-0.117989145,0.130914905,-0.121552992,-0.061158539
ARHGAP10,-0.443109618,-0.479266736,0.347305554,0.594947304,-0.333190287,-0.038485964,0.555795315,0.312394852,0.453907603,-0.890494714,0.173087342,-0.108169257,0.257561582,-0.090416639,-1.402466667,0.190514568,0.242496454,-0.388381946,-0.138281385,-0.390289472,-0.509071615,0.343272072,-0.585001383,-0.708523747,0.289131608,-0.055447723,0.091665745,0.172541964,0.013077743,0.105278703,0.286470186,-0.02877705,0.035759255,-0.717808314,0.149090634,-0.10819788,0.700634946,-0.106561874,-0.519522313,1.879700454,-0.651288941,-0.184311065,0.101961662,0.411725481,0.638819912,0.704334954,-0.017765625,-0.561927681,-0.366317461,-0.108333993,-0.555393683,0.387349679,0.095430219,0.040754658,1.062440638,0.550417841,-0.097454031,-0.395735006,-0.483414112,0.816284493
BICDL2,0.051056914,0.457985843,0.389396157,0.077670281,-0.726515127,-0.019966319,-0.17634619,0.740811462,0.03835144,-0.03549171,-0.066881678,-0.384819871,-0.184437948,0.48460784,-0.149393696,0.184149657,0.371953139,-0.051091169,-0.853974255,0.402420212,-0.402378068,-0.621902866,0.404727336,-0.757529538,0.34266833,-0.476765769,-0.024902121,-0.306727175,0.393174159,-0.010064364,0.186958984,0.090248535,0.095552504,1.362513607,-0.295223766,-0.430241223,0.687004102,-0.165762614,0.134754628,0.564051586,-0.05917511,0.282102897,0.325774367,-0.028976247,0.191520406,-0.095517944,0.770918876,0.14662967,0.404043232,-0.171697859,0.927747344,0.0031884,-0.057781009,0.130288681,-0.01251847,-0.242281698,0.122385387,0.293054586,-0.357121443,0.737507242
ARHGEF37,-0.120526301,0.276616987,0.423433145,-0.238208878,0.211295146,0.749847988,0.048656152,-0.059482555,0.313760871,-0.085617123,-0.133092506,0.177004692,-0.859088277,0.430229342,0.344156567,-0.088258888,-0.090285677,0.252264769,-1.222569859,0.271316336,1.374568997,-0.036496982,0.527181648,0.12149739,2.237813406,0.034479768,0.532140346,-0.076981966,0.646750075,-0.133657399,0.482887632,0.765251671,0.549519557,0.317640928,-0.030510163,0.278068165,0.424314514,0.377382749,0.42993528,-0.944980493,0.103536749,0.214483838,-0.49795177,-0.128987497,0.686164234,0.325853213,1.151576207,-0.05407086,-0.098080221,0.264830281,-0.518129703,-0.042586451,0.430740543,0.075624106,-0.040633028,0.306102056,0.138487724,-0.420236444,-0.224320825,0.560829669
ILVBL,0.488914619,-0.582270385,0.283046118,-0.210298316,0.650092877,-0.08040013,0.395158782,0.205703847,0.143665376,-0.141711459,-0.215942191,0.667607218,-0.180585474,-0.513603597,-0.369125182,0.376519122,0.115020715,-0.220464333,-0.500845588,-0.417391037,0.145604914,-0.252001569,0.52646022,1.151835973,-0.046959471,0.275151842,0.39280542,-0.103030489,0.515083333,-1.14529446,0.68884268,0.349939479,-0.189744245,-0.756823212,0.119034247,0.105489232,0.213467212,0.238686619,-0.115320812,0.09407534,0.144434474,-0.031623584,0.414796031,-0.125692869,-0.102430851,-0.293977831,0.09768095,-0.598014022,0.616579277,0.201375281,-0.593345875,-0.324468673,0.263256052,-0.116813552,-0.245429181,0.202762694,0.551517393,0.301704373,-0.128583846,0.428094388
C1orf226,1.157155365,-0.089705378,0.011914736,-0.945828536,-0.178202523,0.835841617,-0.065156963,0.083583826,0.061157202,0.214070395,0.502745455,-0.365448219,-0.138837157,0.559013424,-0.291355192,0.975093055,1.327607501,0.035359373,-1.18558565,0.020438995,-0.165159599,-0.424486082,-0.45278395,0.414485549,-0.288298959,-0.454156036,-0.036618499,-0.258451934,-0.219413255,-0.155880925,0.827245387,-0.088227381,-0.535666333,0.108473559,-0.250706991,-0.188541307,-0.094249479,0.540724211,0.058453441,-0.50767652,0.146952364,1.606479646,0.601884788,0.141874837,0.286317651,0.961759929,-0.022894534,-0.07185286,-0.986570313,-0.54133734,0.065897797,-0.031292899,-0.109524683,-0.323447791,0.070965118,0.119105131,0.5241913,-0.401020428,-0.690204604,-0.068407683
PLEKHG3,-0.565204701,-0.041132133,-0.707700358,0.392418985,0.279057155,1.012499974,-0.441212464,-1.281311601,0.298524816,1.174812064,0.222684283,-0.115746229,0.677850717,0.883858594,0.282373383,-0.194583907,0.216565521,0.57469705,-0.31435519,0.387818923,0.064622017,0.020508321,0.043607173,1.938316294,0.244820682,-0.224278195,0.107099239,0.252765987,0.116708123,-0.436765741,-0.304269752,-0.236994628,0.10085679,-0.037571756,-0.206698297,-0.481880987,0.148734621,0.129823925,-0.19783137,-1.103788248,-0.172483402,-0.745313009,-1.129189854,0.148248222,-0.002465531,-0.176742602,-0.293020269,0.016701395,0.240144442,-0.16375984,0.379806446,0.040464434,0.053278626,-0.077834692,0.94110966,0.162140602,0.042704381,-0.230915977,-0.953896893,-1.008757324
SSC5D,-0.956657923,0.368639208,0.965177771,-0.460453291,1.007273769,-0.299701314,0.732640894,1.54902311,-1.101835758,-1.460362595,-0.222607614,0.39896845,1.225609332,-0.998071112,-0.181842712,0.642918749,2.656299757,1.818436096,0.394770193,0.765908549,-0.392689764,-1.232538482,0.358242166,0.395686861,0.248046175,1.939849127,-0.23481008,-1.198833828,-0.612489844,-1.564794937,0.865883359,1.123837717,-0.816426193,-1.653814567,-1.300439524,-0.703366318,0.632585068,0.583711603,-1.429669676,0.378143602,0.013215231,-0.432247976,-1.62130016,0.941132286,-0.129765217,-1.23050616,-0.705490825,-0.525143343,-0.375856068,1.387567698,-0.004944156,0.728214458,0.584266876,3.015725979,-0.761799574,0.064037548,0.559889638,-1.067910864,0.264352771,0.879539488
SH3PXD2B,-0.379935329,-0.730228297,0.087950205,-0.216619353,-0.014130777,-0.244572155,-1.013790017,-0.078436072,0.296817041,0.814513269,-0.061074386,0.558430762,1.269738331,-0.786783998,0.878756752,-0.522876977,0.400641863,0.253351968,0.775682944,0.095806879,-0.46693807,-0.592233984,-1.325681945,-0.486737498,0.512127709,0.120663137,0.177108568,0.61997691,-0.445493956,-0.005206102,-0.019515115,-0.671862081,-0.522184545,-1.209147492,-0.984895628,0.875424216,-0.635225876,0.414584051,-0.033867529,-0.151435135,-0.325362296,-0.887244119,0.682412382,-0.139636265,-0.481489774,0.12796644,-0.469982573,-0.356510075,-0.061401348,-0.281841756,-0.189258523,-0.981782213,-0.260931474,0.374979223,0.909522077,0.076092629,0.09291609,-0.271790573,0.689129675,-0.705312257
BCLAF3,0.861978169,-0.778543385,0.487845848,0.058510689,0.346171975,0.360904582,0.159310712,1.256373186,-0.230514933,-0.274716286,0.146260392,0.253702992,0.008681579,-0.261625802,-0.520572304,0.100318759,0.560208186,-0.041792984,-0.173454042,-0.334752359,0.08655248,-0.082786102,0.163360102,0.944626394,0.226508951,0.228689468,-0.011908268,0.147713555,0.624682964,0.228289899,0.215494637,0.509271215,-0.147837077,-0.283425736,0.019825865,-0.102598554,0.923063154,0.289405162,-0.160325521,0.171463123,0.066624198,-0.060547685,-0.202582662,-0.059930767,0.107237368,-0.042239546,-0.027901847,0.094215016,0.09861423,-0.065204476,0.099542634,0.043259018,-0.120705736,0.093105279,0.306260373,0.250865408,0.33171118,-0.337717706,-0.115237756,0.103403637
NBAS,0.099228543,-0.277734407,0.199324813,0.082871173,0.12333295,-0.27762103,-0.463577024,0.165961444,0.019737701,-0.408927692,-0.245421005,0.293872597,-0.225476519,-0.312865808,-0.215225591,0.08490901,-0.060999852,-0.283796685,-0.12537716,-0.026757823,0.166162032,-0.382827801,0.772763364,0.559669805,-0.229316523,0.072528103,-0.177492941,0.613954025,-0.043027514,0.385975574,0.217812591,-0.06927883,-0.456539825,-0.079783506,0.307242001,0.2000604,0.661721177,-0.096748404,0.177648193,0.876506459,0.182415353,-0.063248227,-0.437229655,0.050217238,-0.122438767,-0.170321869,0.276143881,-0.001341907,-0.30975312,0.206241092,-0.201156924,0.154901331,0.085050564,-0.271694416,-0.444727636,-0.169944516,0.559742756,0.104383307,0.110774137,-0.220141841
TARSL2,-0.884380461,0.969442317,0.933575898,0.056983094,0.300700402,-0.030397883,0.350303661,-1.634065838,-0.45059329,-0.186287489,-0.061985347,0.286062659,-1.008060412,1.291109194,0.510357116,0.63782896,-0.718928006,0.252773577,-0.36073972,1.180982974,0.300024121,0.607977255,0.202336561,0.090387645,-0.827615569,0.071032692,-0.612474412,0.025637589,-0.333369872,0.45533589,0.347231698,0.709673659,0.421101386,-0.418429297,0.009227539,0.490790391,-0.045591343,0.426297426,0.311941257,-0.732717006,0.340411252,-0.324684995,-0.301891918,-0.232847879,0.154118818,0.39723337,0.288738398,0.242780527,-0.233751094,-0.05262004,-0.685118516,1.851527238,0.268237663,-0.021082009,0.534763008,0.012798856,0.38956664,0.208235231,0.833148463,-0.118128418
TYW5,0.148579778,-0.109011522,-0.018971612,0.70021744,-0.325801139,0.085680342,0.100268451,0.364012251,0.185193709,0.351626649,0.093087149,0.093523883,0.372535236,-0.035217853,-0.056718071,-0.415816276,0.001648132,-0.007365527,0.265185699,0.167687963,-0.407961398,0.16049838,0.007687799,0.157029335,0.261736979,-0.197297499,0.075361844,0.435265817,0.425385098,-0.009215786,-0.014909051,-0.167427801,-0.708419161,0.173752465,0.08365143,1.230338896,-0.268211335,-0.199938229,0.133492223,0.225115887,0.008054863,-0.07663935,-0.145756302,0.15224817,-0.133450427,-0.158475485,-0.011599848,-0.161691062,0.340269628,-0.156370768,-0.032730384,0.001644028,0.418208609,-0.156001156,0.624805615,-0.523443028,0.002898519,0.118157499,0.042202696,0.127960192
DENND3,0.269976829,-0.362967747,0.00901242,-0.938434055,-0.427002936,-0.478329595,-0.59167145,0.667375044,0.072396424,-0.789637265,-0.619835329,-0.217907024,-0.100789201,-0.064998329,0.066199463,-0.321538387,0.083912521,-0.27130113,0.031568009,-0.534409525,-0.154080612,-0.141420379,-0.325083678,-0.646114979,0.157437274,0.145600587,0.679232141,0.310383805,-0.323457935,0.361909264,0.176754205,0.471881793,-0.603543297,-0.461871444,-0.045369389,0.2341169,-0.304446827,-0.456575497,-0.07051043,0.256850904,-0.074790123,0.811261773,0.546347936,0.57094868,-0.456256652,-0.43896966,-0.074146779,-0.429928559,-0.232035516,0.194053376,-0.201097366,-0.358267956,-0.250151728,-0.335542938,-0.892865972,0.248468198,0.733096223,-0.48042938,0.01864996,0.359127645
VWA8,-0.1753198,0.456722771,-0.230767265,-0.580698937,0.131626786,-0.10726581,0.261379406,0.689385153,0.442932656,0.161845989,-0.599875996,0.100746668,0.36461821,0.522838991,-0.693568017,0.157660882,-0.862965299,-0.14725969,-0.231647831,-0.34000588,-0.222556347,1.700834729,0.23967027,-0.22043743,0.322867513,-0.054864083,-0.825298932,-1.027442658,-0.6932503,0.448482562,0.655420666,-0.236861622,-0.264561216,1.092770762,0.872224925,-0.60461978,-0.04559275,0.59607821,0.648391089,-0.389998118,0.052980024,0.131575619,-0.332564819,-0.76254838,-0.25876011,0.153577895,-0.043355242,0.568019919,0.26551959,-0.000455745,-0.596689891,0.093631119,0.613845369,-0.141652226,0.336843959,-0.929357721,-0.089824341,-0.376317203,0.721888221,-0.12486215
SBNO1,-0.314641105,-0.141441578,-0.181042908,0.662039596,0.248478716,0.29803328,-0.313565013,0.007333129,0.18417828,0.68932402,0.151534843,0.002785297,0.097960999,-0.01078287,0.048685871,0.062551551,0.219463147,0.987250991,0.109907047,-0.261387786,0.195699127,0.319142361,0.100698775,0.241499542,0.597911643,-0.298004943,-0.248095019,0.361399142,0.277347871,-0.187126816,-0.23349855,-0.334745251,0.15366446,0.266218636,-0.00473469,0.207232163,-0.140869226,-0.291960142,-0.126470532,0.125106305,-0.286509094,-0.200271231,0.262803959,-0.013101676,-0.040033228,-0.424219206,-0.191666783,0.205404424,0.376690628,0.013181575,0.559121101,0.218197239,0.041747372,0.156499953,0.653995931,-0.099523586,0.567779241,-0.294605303,-0.071322217,-0.239786402
GTPBP10,0.129253541,-0.79729031,0.523319542,0.250735997,-0.545517761,-0.227484178,-0.256145337,0.989313331,-0.44186849,-0.244329243,0.255384923,-0.590341694,-0.817702933,-0.582400533,-0.120323571,0.106644236,0.331390848,0.016249919,0.668458881,-0.05950665,-0.561621258,0.226382019,-0.100973587,0.758493601,0.118321704,0.51509085,0.042165354,0.788940853,-0.245184535,0.300333512,0.209017697,0.36653639,-0.54814005,0.120904229,0.953166924,0.082771582,0.062124383,0.863324725,0.11351226,-0.783905616,-0.018211972,-0.100708624,0.046099816,-0.119722264,-1.30028924,-1.0559302,-0.3744308,0.679859738,0.748483274,-0.377224783,0.206827933,0.400473713,-0.319503534,0.050785772,0.1252728,0.157018965,-0.104878333,0.156204068,-0.36425489,0.01558079
WDR91,0.333157367,-0.337158499,0.829936289,-0.577392354,0.029180374,-0.284142425,0.576116075,0.810710154,-0.384907837,-0.598918584,-0.011905878,0.714022978,-0.044584968,0.518625254,-0.033216603,0.142497097,0.329919932,-0.644980674,-0.180759784,0.42577839,0.142936943,-0.314354939,0.382632323,1.201458283,0.113512555,-0.003231197,-0.183831656,-0.013556173,0.178388995,0.343478121,2.201911433,-0.078562392,0.238015911,-0.064607465,0.359641624,-0.626602266,0.845486253,0.482539789,-0.350296893,1.069959731,-0.304302378,1.407329982,-0.465793083,0.235349264,-0.142545043,-0.044419084,-0.608738206,-0.112807462,-0.766820966,0.135542677,0.067676008,-0.059585834,0.712690541,-0.122317337,-0.307573603,-0.168551265,1.252467962,-0.107672764,-0.038362581,-0.171354026
RAB19,0.921812968,0.145257652,0.154982714,-0.705356996,-0.076768437,0.306221735,0.555007692,0.194096305,0.011317404,0.185899447,-0.156359151,-0.039855308,0.083672483,0.297629053,0.551751693,0.235734587,-0.131431611,-0.253958908,-0.086688975,0.075955318,-0.352688484,0.199828155,0.349329036,0.19943346,0.205828053,0.070232941,0.790722492,0.245410986,0.026185902,0.222391046,0.665903242,-0.467681421,-0.973218767,0.533533701,0.450069887,-0.126419494,0.119492523,0.853581232,0.559793085,0.083683272,-0.034084628,0.238016146,0.100658693,0.076392882,-0.170842888,0.695397699,1.227226169,0.102622532,0.382113936,-0.092034916,0.248671261,0.042488479,0.114013508,-0.031762413,1.081323319,-0.180128826,0.23714197,0.237099548,-0.019576803,0.237036119
LCHN,0.41362032,0.021121651,-0.068947023,-0.006059026,0.539522684,-1.295843733,0.357547195,0.195754982,-0.015601672,-0.00534891,0.497700172,-0.437554328,0.211058552,0.692883209,0.135818165,0.324561488,0.469404355,-0.278615646,0.126131699,0.302195388,-0.031874756,0.097123194,0.665748511,1.166522028,0.526975762,-0.366506312,-0.256871149,0.231882961,0.191194975,0.032069011,0.278501525,-0.446304023,0.240333653,-0.121956137,0.164903461,0.552213623,0.332791571,0.441664326,0.095291971,0.482937734,-0.078801019,0.216566902,-0.093189869,-0.416781246,-0.182774623,-0.023172192,0.271068829,-0.287479122,-0.174361481,-0.111861383,0.139973149,-0.622340055,0.141273329,-0.115512818,0.510177445,0.304977682,0.248630355,0.279744542,-0.460355001,0.548484346
MTMR11,-0.199255919,0.113009497,-0.315780778,-0.280591759,0.174684143,-0.215142726,0.21909364,0.105284461,0.136466277,-0.02657213,-0.150564249,0.135910317,0.249148998,0.222276861,-0.251452399,0.234532645,0.100431194,-0.680320177,0.124089271,0.212208975,-0.012096243,-0.197447048,0.29747488,0.178944564,0.240966966,-0.049141233,0.055184367,0.064925693,0.355764375,0.033014366,0.133699492,-0.547989356,0.36091309,0.199460254,0.127394408,-0.29163598,0.013947698,-0.024533233,-0.057144351,-0.219678334,-0.102820426,-0.174851761,-0.124875985,0.144270442,0.202113645,-0.094728058,1.978244013,-0.205085968,-0.03817454,-0.059204154,0.20915958,-0.090836716,0.060528348,0.029792234,-0.291824992,0.09241347,0.147478573,0.184009143,0.026599205,0.06869221
VPS37C,0.477059141,0.126876844,-0.453516191,0.571603301,0.664233946,0.230821741,0.620659179,0.521740169,0.09890361,1.369085604,0.133104019,-0.493303431,0.035445942,0.751304817,0.23237506,0.506594824,0.260117941,0.132011066,0.468203282,0.738504622,0.358338081,0.643197048,0.306798189,-0.300567343,-0.154291806,0.353263091,0.237667886,0.880448011,0.57965796,0.414577838,0.777958672,0.241574082,0.93599302,0.100253033,0.359817333,-0.115229441,-0.498322438,0.507313044,0.050615817,0.149352052,0.454331715,0.126035826,-0.219216324,-0.223937358,0.432741723,1.24988644,0.198601492,0.644637079,0.210379752,0.456472994,0.543467213,0.646747284,0.268807379,0.774881938,-0.102786405,0.345998304,0.901637526,-0.061320389,-0.294115719,0.78769369
TRAPPC13,-0.374174007,0.282773313,-0.321722222,0.275695076,-0.711354978,-0.071362591,-0.494404922,0.243546115,0.424605139,0.135693861,0.076345369,0.44391088,-0.025304581,-0.141128572,-0.455590155,-0.980175357,-0.122632235,0.186372516,0.092650998,-0.580641072,-0.25224742,0.333378587,-0.465225168,0.155886561,-0.139141474,-0.430858093,0.419485985,0.237737165,-0.239174321,0.188310881,-0.031437688,-0.005954054,-0.248358129,0.344560789,0.09964251,-0.252490809,0.031231652,-0.577079357,0.558213488,0.055470927,0.367276467,-0.081145748,0.44331914,-0.112315254,-0.380746963,0.496594736,-0.008662046,-0.538461041,0.390827883,0.042029457,0.287031559,0.365712067,-0.506878783,-0.158620773,0.117648665,0.110316665,0.680941738,-0.511770776,0.217192065,0.270632296
CNOT1,0.017497061,-0.1875649,0.332763823,0.328456523,0.045738498,0.283443095,0.220123524,-0.038530937,0.103800409,0.274388906,0.112272112,-0.091485198,-0.153754034,0.084447492,-0.081052858,0.145462458,0.150878867,0.448991381,-0.032656453,-0.258922301,0.238796557,0.045761369,-0.093961039,0.293732357,0.337021215,-0.062764722,-0.167280495,0.206511108,0.087870233,-0.357468473,-0.039793501,-0.31568603,0.271626474,0.13478736,0.112405467,0.230972326,0.107454193,-0.237154009,0.088149238,-0.047348586,0.086495355,0.087555325,0.089357474,-0.047411449,-0.295538553,-0.242740796,-0.01834872,0.010098862,0.380027402,-0.223770556,0.477898457,-0.180344856,-0.170400784,-0.109259388,0.352184073,-0.1705431,0.163805742,0.15403376,0.075253383,-0.008816548
CCDC88B,-0.00240431,-0.86962463,0.012706356,-0.4396152,-0.004261909,-0.668109619,0.181177285,0.384643362,0.430889424,-0.570852371,-0.654887007,0.691930513,0.165036153,-0.760841762,0.334727705,-0.169028971,0.042260121,-0.743783797,0.339565639,0.251478115,0.956646152,-0.595820141,0.009263431,-0.22911067,0.178570661,0.231449146,0.129718546,-0.287768207,0.143461601,-0.119550536,-0.214397089,0.009414917,-0.636245572,-0.777353144,0.342855229,0.319610559,0.484592387,-0.150561278,-0.291171136,0.586764058,0.363991851,-0.061872656,0.624324207,1.328375602,-0.008546416,-0.000533327,-0.294171491,-0.123058188,0.590428607,0.589915545,-0.095891662,-0.153455174,0.461091003,-0.080975835,-0.509905407,-0.194979632,0.896611849,-0.84894582,0.074905561,0.376322629
FAM83G,0.081823688,0.086197875,0.191252089,-0.25926701,0.284478756,-0.056644298,0.269161187,-1.035719047,0.299146858,0.423841752,-0.672080589,0.2195215,-0.790865126,0.031690775,-0.591493314,-1.07987032,0.274960572,-0.315166416,-0.149652498,0.169543933,-0.350237448,0.866101242,-0.350580117,-0.546499086,0.480867784,-0.647422017,-0.981456431,0.211206605,1.091888762,0.304760831,-0.381832363,-1.02218055,0.18257172,-0.104887037,0.224839505,0.586896536,-0.932738698,0.305158477,0.204447652,0.471789073,-0.61655766,0.636246621,-0.363660923,-0.09248928,-0.702613818,0.156772444,1.570899496,-0.121012284,-0.034530354,-0.008375874,0.037875859,0.318852172,0.413590539,-0.182003096,-0.174338905,-0.633413579,-1.403911876,-0.307790122,-0.127523135,0.16672232
PALM3,-0.872554965,-1.700252118,-0.651842816,-0.591305378,-1.353279791,-1.246871598,1.564741432,-0.772312765,0.361899204,0.836608963,-1.417538463,-0.273258655,-1.948764063,0.993856927,-0.677949027,0.111939016,-0.223260402,-1.591566143,-2.109183337,0.806752797,0.382057329,1.458238244,1.864094515,0.629588496,-1.548170409,0.681677042,-0.477399495,-0.139559054,-0.858982758,-1.257086036,1.238396393,1.5357908,-1.260919521,-0.29925985,-0.8212676,-2.610911459,1.228689612,1.348864394,-1.311466805,-1.700566182,0.339566093,-0.834280631,-1.451184204,1.218510749,1.946929567,-0.616974017,-0.40570629,1.584417735,0.496348797,0.339450803,2.330814421,0.403939553,-1.275501281,0.257371832,0.36203872,0.066478929,-0.172823523,0.552477346,-1.654045986,0.723649026
PGP,-0.529451496,-0.098488329,0.103636693,-0.42295982,-0.353227041,-0.816060804,-0.480649093,-0.92864823,0.296464727,0.351551868,0.493404934,-0.89234968,-0.057074511,-0.234730837,0.550912728,0.270158772,0.547836985,1.058499773,0.04793988,-0.80307465,-0.396327989,-0.184121553,-0.191052578,-0.453695865,0.103561104,-0.525029745,-0.748960596,2.11547562,-0.566731463,-0.029544156,0.024565208,0.050419117,-0.7131495,-0.710527806,0.050312631,1.317885267,-0.22358368,-0.350435816,-0.426569146,-0.191827412,-0.275892709,-0.196666189,0.201011608,0.084204602,-0.927950109,-0.493719169,0.00120586,0.113001195,-0.480509814,0.151976142,-0.189625696,0.097724911,-0.195686311,-0.117218107,-0.02064299,0.772923785,0.619355641,0.230921442,-0.9822417,0.290325523
C5orf51,1.070814096,-0.217571826,0.481401751,0.073265491,0.125498616,0.222261363,-0.288047056,0.283187215,-0.502078727,-0.815955768,0.349561875,-0.329545019,-0.247078405,0.890093198,-0.190859889,-0.173624772,0.118359399,-0.703327633,-0.414327171,-0.112565791,-0.674948478,0.266940297,0.124310369,0.175589992,-0.365076513,-0.749427315,0.038602288,1.846952229,-0.203884141,-0.759358131,-0.464850114,-0.115977871,-1.13135139,0.129272881,0.114488035,0.06282187,-0.09766113,0.995917879,-0.051436006,-0.081349364,-0.058045636,-0.099680361,0.17832995,-0.711867185,-0.633777633,-0.272919691,-0.151793172,-0.425003819,0.170310734,-0.619020844,-0.317219055,-0.513358761,-0.523796779,-0.002573306,1.06128426,-0.273789568,0.727768758,-0.362570839,-0.58979128,-0.615506048
TCAF2,0.273208122,-0.216113276,-0.543400576,1.158888466,0.943469408,0.340789121,0.600024692,0.122683707,-0.417449642,-0.2771014,0.330129402,-0.124870595,-0.101244507,-0.406009029,-0.268966833,0.957699403,1.256395947,-0.146952565,0.378137217,0.176535241,-0.020981632,-1.00280695,-0.431592409,-0.194069396,0.161083918,0.323966519,0.000996368,-0.448354515,0.128696306,-0.474350493,-0.36775157,-0.024556012,-0.338583111,-1.432976852,-0.316199025,0.19767839,0.281322556,0.482307646,-0.628265059,0.259580007,-0.310401947,-0.225112459,-0.025502071,-0.022338537,0.014586791,-0.723368477,0.343349784,-0.147533068,-0.267034189,0.120123905,-0.277059477,-0.194182291,1.143140232,0.00053662,-0.430625632,-0.105853635,0.353999877,-0.140262613,-0.041441233,-0.155521393
GLTPD2,0.651534467,0.597676544,1.074437852,-0.742926628,0.139347796,0.371241262,0.460746249,0.113166488,0.847340432,0.394409652,-0.308138368,-1.914897511,-0.666476013,2.003329788,0.317255338,0.452383395,-0.201641285,2.090965818,-0.704150939,-1.042035667,-0.163676767,0.005134375,0.956048185,-1.710914964,0.411271777,-0.259759153,-2.08322023,-0.465111269,0.350565962,-0.072666868,2.07658203,0.426723887,5.443736875,0.805541088,-0.00388188,-0.309828052,1.015785893,0.27550407,3.368169419,-0.006090275,-0.20363744,1.214616311,-0.43631474,-0.347928662,0.686515138,0.581730668,0.064756507,-0.005897543,-0.906607034,-0.09458035,0.30541286,-0.271197206,0.021080393,-0.120980137,0.357286588,-0.27026124,0.061154673,0.427965666,-0.707779916,0.249185749
TUBAL3,0.020904946,-0.491128952,0.526948392,0.474322047,0.552414961,0.131902472,-0.334846743,0.057922888,-0.669874561,-0.389539513,0.824428234,-0.233517598,-0.148269264,-0.209628328,0.114742992,-0.166470522,0.59920737,0.605166219,0.119812785,0.367735124,-0.502624145,0.340979108,0.34574713,0.807560204,-0.02456415,-0.16987767,0.347177505,0.812628325,0.954085705,0.634475966,0.612631901,-0.131729694,-0.057222822,-0.509373976,-0.264241658,0.595524598,0.443638188,-0.47242396,0.838628835,0.314642216,1.005721342,0.00765096,0.060654185,-0.54864799,0.640212783,0.145786117,-0.006442473,-0.567247253,-0.208047856,-0.406425983,-0.190674837,0.032474093,0.888758786,-0.448693769,0.48895342,1.062183268,0.002272809,0.000883819,0.013299851,0.274196936
SMCHD1,-0.158858827,-0.697197527,-0.317945448,0.835149924,-0.148183882,1.036300825,0.086552371,0.093426946,0.036651259,0.613049735,0.40152356,-0.15513267,-0.498484498,-0.411427438,0.306009372,-0.635632148,0.139401317,-0.236572563,0.291046743,-0.086306161,1.013212243,0.051997952,-0.302000313,-0.199523791,-0.066576551,-0.230196658,0.333794795,0.045706857,0.128615535,0.59796816,-0.505813088,-0.617233422,0.23256047,-0.692530323,-0.723594796,0.637284249,-0.107319018,-0.72942257,-0.187691048,-0.200262628,0.03898857,-0.157505976,0.29609594,-0.395945844,-0.191473245,-0.695499928,-0.287756795,-0.061915041,0.478531275,-0.490020121,1.420638678,-0.468452611,0.156117699,-0.537629374,0.412414153,-0.087015189,0.365650273,-0.844871396,-0.117925285,-0.29956422
ARHGAP42,0.388017863,0.907284347,-0.186910019,-0.143133927,-0.173049248,-0.01309046,-0.035385167,0.514621073,0.201888268,-0.922320788,0.400007914,0.106476821,0.130055492,0.811877413,-0.429064351,0.174281646,0.449683187,-0.840199625,0.033734613,0.200552985,-0.127254114,-0.074638788,0.287213333,0.706936829,0.258515902,0.688995968,-0.084275507,0.466172846,0.16366087,-0.129493543,0.363122988,0.650956955,0.304679683,-0.187843292,0.258352969,0.222390345,-0.277238579,0.657726887,0.161902209,-0.640172764,-0.110882858,0.08294327,-0.575893091,-0.299739023,0.102663996,0.08807393,0.276074507,0.593313047,-0.368335084,0.309584109,0.014024921,0.434520736,0.097170559,0.337692446,-0.745710495,-0.045286826,1.602815647,-0.323903391,-0.318824903,0.47880802
CCDC69,0.387786361,0.50135077,-0.099984498,-0.551758587,0.899524164,-1.152136388,0.577120068,0.458416039,-0.594170979,-0.088389684,-0.852977132,0.90490452,-0.376519432,0.188618001,-0.40289996,0.768433196,0.150660147,-0.612526573,-0.474664816,0.902016643,0.83761711,-0.455776346,-0.664403975,0.360185886,0.891639252,-1.007635109,-0.323332311,-0.320965096,0.421290668,0.113175355,0.184544794,0.48160543,-0.26766472,-0.314610495,-0.479001612,1.364790195,0.344164945,0.50297065,0.151388563,-0.162325321,0.250313941,0.137035029,-0.021713424,0.802877591,0.317672913,0.231378131,0.053231591,-1.032252662,0.014510138,0.996309468,-0.484545193,-0.836375452,0.456883321,0.43673069,-0.080921073,-0.212368803,0.398821764,0.551044078,0.255926544,0.58144647
UNC119B,0.537409115,0.022708925,-0.072718804,0.248305373,-0.491208586,0.245949813,0.150992034,-0.296578634,-0.003851132,0.283487056,1.351212188,-0.538597273,-0.383201084,0.298526766,0.475603187,0.464985881,-0.376626063,0.518302099,1.154805512,0.009892754,-0.193872788,0.098445537,0.040887053,0.57424324,0.054713337,-0.011274172,0.381963591,0.133329258,-0.317191999,-0.467753164,-0.041591682,0.574190662,-0.093282263,0.026138987,-0.099265383,0.171236467,0.078172293,-0.066364982,0.030146835,-0.431093722,0.130964137,0.202209262,0.219182797,-0.171383006,0.039359765,-0.078108881,-0.082111488,0.245297448,0.207790193,-0.160254882,0.881658267,0.042806984,0.307929723,0.043074391,0.498537169,0.630586726,0.267675454,0.041942529,-0.17531082,0.022290929
METTL15,-0.270622518,-0.263342457,-0.055354293,-0.272743585,-0.503254299,0.096309469,-0.364556975,0.790176416,0.526054973,0.002116402,0.564478766,-0.579508181,-0.335821816,-0.069958566,-0.28128312,0.18798173,0.627094724,0.482293117,-0.212103128,-0.284057299,0.094290856,0.521255428,0.274749223,0.41519682,0.562166956,-0.563597073,-0.128863525,0.284728463,-0.283317127,0.231126328,-0.092498338,0.506567991,-0.184796104,-0.055090333,0.284037092,1.294951949,-0.109646463,0.944203254,-0.20295704,-0.885967079,-0.211047733,-0.226547521,-0.152694553,-0.210200338,0.069430927,-0.314207617,-0.20450153,0.24447962,-0.338103944,-0.334434053,0.114043243,-0.103037983,0.099146118,0.178269237,0.077411285,0.039449869,-0.494442488,-0.097552378,-0.091052633,-0.007100213
CCDC85C,0.037147148,0.051444726,-0.101634507,-0.207853659,0.060237449,0.537307123,0.10861541,0.094673926,-0.062043018,0.158928942,-0.60129839,-0.700088204,0.144829339,0.268487387,-0.318158005,0.071470483,-0.0818335,0.588016018,-0.14162904,0.393298548,-0.527363334,0.026248288,1.271098887,0.889146778,-0.194666201,-0.006006491,-0.584686032,0.576340144,-0.08160466,0.039718837,0.129292241,0.131684959,0.233861858,0.486844624,0.069123054,-0.005243414,0.133797679,-0.11160251,-0.446647468,-0.510351553,-0.61740742,0.293680511,0.129731388,-0.181501427,-0.454840842,-0.475641327,-0.034827102,-0.789171526,-0.117996209,-0.385960905,0.327489708,-0.000588635,0.003982106,-0.113703661,0.51958699,-0.702017068,-0.004863992,0.171221776,-0.373615065,-0.153238136
COL6A6,0.525017139,0.410179728,0.933732076,-0.673159164,0.140978983,-0.403197516,1.367762038,-0.003345061,-0.783191254,-0.70719612,-0.615715175,2.845379854,-1.412828441,1.509317293,-1.190477942,0.757918182,3.216629196,1.389339813,-2.03439464,-0.458968331,0.510633428,-0.775159145,-0.181923728,-0.330212515,-0.343730363,-0.30559045,-0.299941378,-0.14218479,-0.485764883,1.829690059,0.984629224,0.886741591,-0.212369551,-0.336552707,0.188363426,-0.640071834,2.427230772,0.385730455,-0.901941418,-0.567666559,1.931772729,0.242668211,-0.764406536,0.248383095,1.804449093,-0.915643873,-0.569899884,-0.798240203,0.458666343,1.77402746,-0.785581435,-0.403036565,2.274852344,-0.609692173,-0.867611502,1.617283194,2.360223995,-1.172893595,-1.657729556,2.314593797
ZSWIM8,-0.165040818,-0.055017581,0.260014018,-0.140435504,0.753673515,-0.145020423,-0.147748061,0.014302757,0.335399049,-0.021417987,-0.262312191,0.03296481,-0.000383395,0.441276987,0.125554081,0.26562181,-0.159352049,0.153355488,0.162431482,-0.565839352,-0.178074352,0.229945131,-0.031849493,0.268906773,0.562503981,-0.48915729,-0.000885217,-0.405054556,0.289850666,0.401806825,0.348184586,0.063526116,-0.043449842,-0.15529712,-0.047591781,-0.226712282,0.288226562,0.361082233,0.195849245,-0.463767541,0.244016604,0.166529283,-0.371518392,-0.048635273,0.150601532,0.240086736,0.158630533,-0.428353297,0.185643869,0.005785723,-0.373373739,0.924500156,-0.095234592,0.080520535,-0.149877904,-0.187615985,0.010146343,0.355920221,-0.352429052,-0.101742465
ARHGAP32,-0.257239305,-0.136466071,-0.441104518,0.186905054,0.588449198,0.513954868,-0.013629851,0.423981844,1.35754323,0.573501541,0.555020945,0.085384859,0.05638909,-0.287081073,0.2002568,0.780433766,-0.03309796,0.79639608,0.391609073,0.684547266,-0.468383345,-1.133045784,0.994474753,0.566528677,-0.094349491,-0.321974647,-0.134395461,0.177991149,0.91866452,0.268544917,-0.507014178,0.407179741,-0.551245663,-0.436100246,0.027354687,0.062073051,0.134597971,0.526847482,-0.607819783,0.344959991,-0.602579716,0.212407208,-0.35989568,-0.388454144,-0.260157188,-0.172695377,0.759088261,-0.605991644,0.80368043,-0.28869525,-0.156478514,-0.29909223,-0.272467354,0.230637076,0.108710161,-0.015465846,0.001309786,0.070645938,0.342804807,-0.395349821
NCF1C,0.379343818,-1.24433728,-0.262539976,-0.830616675,0.729843036,-0.7744866,-0.924395579,-0.415022345,0.785272521,-0.369738513,-0.898564939,1.158061286,-0.467046248,-0.969933074,-0.349048224,-0.683805743,-0.222957141,-0.658788548,1.183098031,-0.852776828,-0.022246127,-0.815392028,-0.924952275,-0.762030327,-0.138900704,0.100047927,-0.062916011,0.566506045,-0.025630293,-0.165017755,-0.332413983,-0.446177477,-1.086666642,-0.8117722,-0.072832993,1.718425829,-0.276122465,-0.153495091,-0.013728392,0.339040944,0.169012919,0.004511381,0.391691884,0.558255992,-0.405330901,-0.158868605,-0.500708821,-0.803928439,0.573347542,0.52568412,-0.756345528,-0.319246482,-0.296075,-0.176609571,-0.516500161,-0.863913164,0.438078458,-1.096009106,0.356010403,0.187673026
PHF20L1,-0.310890651,0.225712949,-0.413361539,1.260916402,0.848566558,0.949481814,0.599707458,-0.058027275,0.160670561,0.468689191,0.848536654,-0.317476218,-0.715027985,0.67794338,0.24406942,0.408177537,-0.626156823,0.393350909,0.122480807,0.2853137,0.287366939,0.309093701,-0.492736957,0.785098509,-0.486839129,1.623640938,0.930020343,0.31256359,-0.060245275,-0.070545194,0.240611168,0.728584594,0.344386626,-0.635072677,-0.900681288,-0.246788274,1.222530472,-0.046022759,0.089528997,-0.631486941,0.193621228,-0.206605282,-0.536019296,-0.417133195,0.241879013,0.365952964,0.083668057,-0.008221149,0.062094104,-0.245385899,1.718908201,-0.412682258,0.553665733,3.494063557,-0.191188503,0.113615343,0.355520525,-0.252994949,-0.19344326,-0.534114038
NUDT19,0.852502823,0.390565917,-0.257081465,0.252406797,0.097226865,-0.423681101,-0.199980092,0.390437216,0.490186054,0.28183014,-0.007205498,-0.032026279,0.296896803,-0.384077945,0.231386645,0.233435379,-0.197531882,0.414512995,-0.432068174,-0.79661832,0.267639923,1.189624131,0.291973385,0.00170146,0.634054856,-0.035818209,0.038842493,0.184983621,0.512315249,-0.829505023,-0.432943732,0.175180364,-0.529526718,0.230690347,0.321846977,0.634632493,-0.29481451,0.4380478,0.127514975,-0.151065921,0.821483142,0.117557966,-0.345479064,0.168455594,-0.60395858,-0.051916901,-0.178012327,0.132976796,0.849379199,0.47715293,-0.353046531,-0.260236504,-0.321713128,-0.099526269,0.062765862,-0.028409055,0.172651834,0.075749992,-0.243053753,0.026642937
COL6A5,-0.095004641,1.427190998,2.401910503,0.148934028,0.904818847,-0.552876315,1.763971565,-0.372875191,-0.256903432,-0.043041288,0.086145503,-0.198598035,-0.327842926,0.528291448,-0.696026091,0.827719079,1.750570515,-0.247863707,-0.879599936,0.014722925,0.396306026,-0.604582749,-0.492538967,-0.234281478,0.724644293,0.089517855,-0.421670917,-0.085338909,-0.067603801,-0.066674332,1.577426011,-0.807392056,0.643520205,-0.277177433,-0.143010419,-0.64169054,1.150633322,0.307777574,0.122018544,1.322915079,-0.08984439,0.198336953,-0.370117212,0.556228097,1.438460665,-1.074513143,-0.233385613,-1.006365092,0.793902493,-0.02576107,-0.71548699,-0.020822644,1.160963249,0.31352693,-0.935478896,0.423698135,0.922619297,-0.684579921,-1.259555578,0.739157827
MIF4GD,-0.146807062,-0.347418924,0.42831331,0.219844103,-0.370532522,-0.017000271,0.265015047,0.845002952,0.053774009,0.192845069,-0.87640907,0.323796612,-0.135310935,-0.216755252,0.096594037,0.405405428,0.41678491,-0.111075412,-0.717667743,0.819751803,-0.220018793,-0.649699346,0.436388948,0.707235142,-0.076737775,0.083484569,0.342199514,0.203337885,0.085038039,-0.473186577,0.496114643,0.37950588,-0.427411731,-0.767325896,0.188868723,0.730776175,0.289391026,0.360625992,-0.462172713,0.396408711,0.379433004,0.165451771,-0.333690892,0.452191385,-0.198939465,-0.061605489,-0.852679635,-0.468891388,0.260604545,-0.028420025,0.236088326,-0.597690026,0.418892546,-0.236476779,0.370310672,-0.201422649,0.314494092,-0.588668483,0.311282188,0.331433725
MYO1G,1.127849253,-1.403412516,0.456838219,-1.168700973,0.219668293,-1.325734125,-0.546410833,1.103470699,-0.654952263,-0.592556694,-0.960995657,0.116071049,-0.199440651,-1.349520424,0.186581713,-1.082617423,0.021511542,-0.471658585,-0.296085376,-0.583440949,0.381346143,-0.834212572,0.995676082,0.060811973,0.023516493,-0.597684076,0.040118135,-0.452937144,-0.49782825,-0.368266121,-0.715937383,-0.761106211,-1.116778554,-0.568571783,1.10849398,-0.139334349,0.519267765,-0.739077076,-0.29391781,0.102846797,1.266075085,0.175668716,-0.458880697,0.180080107,0.938330142,-0.021476108,-0.429581033,0.245768873,-0.016175886,0.423796949,0.001164165,-0.62891361,-0.068799854,-0.519983657,-0.399798442,-0.534670344,0.713702911,-1.190782518,0.030030369,-0.02265465
MYO9A,0.368104699,0.621980958,0.600009582,-0.458576711,0.125491069,0.651885176,0.149364904,0.747725627,-0.337340077,-1.312530174,-0.515134032,-0.10561413,0.327370592,0.55455396,-0.306998071,0.379450202,0.285004618,-0.433676654,-0.068691672,0.84664349,0.007544476,0.979780943,0.237149498,0.960578651,0.669117576,0.262862749,0.626982368,-0.116155659,-0.349616188,0.1163949,-0.231479047,0.783067969,-0.293579409,-0.233449883,0.380716755,0.668713592,0.258982781,0.475811652,0.239515956,0.192674356,0.540931154,0.468052061,-0.238794573,-0.047002522,-0.499490639,-0.251064655,-0.029570144,0.012681174,0.098353595,0.279245763,0.04894914,-0.173911957,0.439626771,0.09679272,-0.00675617,-0.021954389,0.373229647,-0.225176637,-0.580155591,0.139534512
RABGAP1L,-0.496022442,-0.386061126,-0.056119011,-0.109759883,0.346793905,0.221579468,-0.549655411,-0.432745566,-0.560526769,-1.251929305,0.109860278,0.089675059,-0.328268917,0.074611836,-0.224170167,-0.441249339,-0.820994358,-0.392162938,-0.273253979,-0.166769863,0.380249321,0.206635484,0.595506689,0.29900005,-0.13485563,-0.806107538,-0.02781419,0.026892601,0.7199208,1.672590393,0.858195558,-0.242442812,-1.767707922,-0.364115003,0.278363101,0.116225355,0.273661112,0.603634259,0.074530734,0.691985009,-0.280988451,-0.8116933,0.063419403,-0.601531713,-0.145951304,0.44469082,0.522759178,-0.083160543,0.603872661,-0.068581374,-0.203468602,-0.273962707,0.089790801,-0.25166362,0.581282778,0.474496441,0.033483708,-0.646354245,-0.451449539,-0.41640099
GPR89A,0.757871111,0.045128208,0.494760945,-0.305953349,0.464401141,0.545903748,0.173224346,-0.1689054,-0.51537643,-0.459992138,-0.392044217,-0.105263814,-0.358423563,0.223766165,-0.287471739,0.50947911,-0.688252054,0.365137525,-0.628869445,-0.277680353,0.119034752,0.281283464,0.125649718,0.862277002,-0.308534249,-0.160789439,0.176830897,-0.715373496,0.282550434,1.021683032,0.801444559,0.448602027,-0.645537681,-0.007296433,0.250085029,-0.123923758,0.746222819,0.776364306,-0.226624642,0.106278835,-0.024429329,-0.1422338,-0.183623558,-0.593026029,-0.262034948,-0.496634081,0.425747085,0.106738985,-0.571264662,0.138396768,-0.199772696,-0.010495274,-0.046020826,-0.042436732,0.405460684,-0.307002114,0.59787741,-0.673327105,-0.339087623,-0.94667723
IGLL5,-0.70181009,-1.958816191,-2.176996015,-0.790485361,0.223628619,-0.875421125,2.110433264,-1.339282608,-0.504083714,1.046053303,-1.592280751,-0.082148234,0.879037096,-2.036452856,6.339263877,-1.819719762,-0.840008363,-0.787865264,-1.719633779,-1.097236025,0.569273703,-1.373562908,-0.764140379,-2.47331793,-1.205259755,-1.344748828,1.161614074,0.834905451,1.15710315,-0.822441258,-1.360828678,-0.704437256,-1.961485426,-1.90778448,-1.673387245,1.372360692,-1.804264158,0.158713609,0.556970785,-0.094987664,0.910079945,-1.137038221,0.464524442,-0.154401532,0.089632942,0.280208748,-0.270195517,0.789262402,-2.12807342,3.255923087,-0.902484816,-1.354391726,-0.945342147,1.414560402,-1.285007088,-0.29574897,-0.899534986,0.171921089,2.617762688,0.712403133
TMEM238,-0.951856699,0.272018783,-0.089677297,-0.273296178,0.041569811,0.321781129,-0.033106739,0.171744986,0.208535541,0.062602842,-0.35048003,-0.054453069,-0.052056331,0.336050884,-0.162121651,0.063849384,0.025028202,0.087595792,-0.118001385,-0.17613659,0.108954009,-0.068726355,0.381208015,0.004750541,0.110392341,-0.445877463,-0.332516203,0.022191073,0.28799541,0.041956176,-0.142213596,-0.254916849,0.341855738,0.394115648,0.530480287,-0.013837685,1.512009164,0.023562379,0.360712297,0.190310906,-0.388220475,0.501500382,-0.294693326,0.412717306,-0.051889928,-0.076500221,1.315954893,0.16742287,-0.101252908,-0.309770469,-0.122611892,-0.629665097,0.012888391,0.070337528,-0.15144007,-0.437712472,-0.291638349,0.997960949,-0.07800492,0.129513281
MCRIP1,0.087460012,0.293945565,-0.112781967,0.332156361,-0.420478412,0.256383247,-0.428862055,0.162839376,0.774858991,0.318757368,0.531281133,-0.354428089,0.313315542,-0.801246996,0.327907599,0.190814279,-0.495197894,0.271489808,0.689743281,0.415031048,-0.33121252,0.151844997,0.468246033,0.185362223,-0.308445463,-0.100631356,-0.2834686,0.937583043,-0.379510233,-0.592323387,-0.27135932,-0.549497991,-0.340786887,-0.309541688,-0.491639156,-0.34573496,0.432793085,0.108067174,-0.080605551,-0.33515949,0.179806064,-0.901701487,0.411920366,0.400657371,-0.020566475,-0.066494057,0.09594071,-0.09615861,-0.016055538,0.168767921,0.033695232,0.102029147,-0.125284476,0.442621685,0.476824817,0.691996339,-0.237272417,-0.481037035,0.004564381,0.121136383
CROCC2,-0.490301165,-0.819712424,-0.095579411,0.002897611,-1.058159515,-0.751446316,0.491391154,0.867931776,-1.29657218,-1.161534249,2.097772053,-0.619167683,-0.417912996,0.179076037,-0.625244136,0.541523691,-0.250408444,-0.897790049,-0.162494249,0.050927781,-1.225801491,-0.220361701,-0.340957223,-0.527682533,2.810067575,-0.926168846,0.401503233,-0.722809293,0.657643007,-0.843201261,-0.34526904,1.114597016,-0.765855384,-0.695768261,-0.988073932,2.969277964,0.520628419,0.272159566,0.356725116,-1.189201076,0.415575841,-1.21553236,-0.868559997,-1.728631506,-0.004793259,-0.728144891,0.085822831,-1.245314268,-0.196256918,1.355144994,-0.708594672,-0.918539869,-0.531263599,-0.355935994,-1.80180661,-0.358978676,-0.597501352,0.701056094,-0.526907204,2.120133864
SMIM22,-0.185642619,0.821264075,0.375082246,-0.344622175,1.041420616,-0.015783063,0.534723165,0.306868479,0.835124455,0.303892664,-0.039006697,-0.845303656,-0.241656217,0.505387294,1.016567925,0.430325718,0.064249112,0.383385291,-0.423517473,0.693046967,-0.618720926,0.319541294,0.661287539,0.320779624,0.121800712,-0.37232505,-0.223185301,1.058849879,1.453168923,-0.082501101,0.647778271,0.43850105,2.234891649,-0.048893647,0.009064696,-0.176704314,0.365688919,0.127253172,0.93162702,-0.093754204,0.306261038,0.487379617,-0.059026512,-0.575311958,0.267257298,0.683211823,1.557988181,0.269010363,0.007594439,0.525047641,0.91743142,-0.087683308,0.165999084,0.93962941,0.27732916,0.480556768,-0.20599018,0.859272751,-0.512719758,0.612152796
SLC35A4,0.067105872,0.449756931,0.211920227,-0.519437124,0.079907584,-0.537387807,0.30958535,2.112128175,-0.205430964,-0.931908404,-0.143235925,0.571921565,0.366773653,0.676229251,-0.076484124,0.324969498,-0.350973754,-0.344222925,-0.461145599,0.891869716,0.381620028,-0.125284749,0.416247116,0.174881065,-0.030444022,1.33177898,0.615465695,-0.877687582,-0.028050519,0.259405971,0.135796552,0.265422598,-0.048547486,-0.529736195,1.398831744,-0.061874756,0.369349701,1.596238226,-0.38523047,1.214720666,-0.177562257,-0.085511851,-0.519828618,-0.222746974,-0.328796029,-0.259359587,0.027260851,-0.040096822,-1.028493688,0.135201425,-0.122783152,-0.279590534,0.761402826,-0.333571559,0.489537287,0.507663591,0.438527879,0.501362174,-0.185108422,-0.157488634
ASDURF,0.292507461,0.096948296,-0.239981026,0.131156856,0.222612467,0.079238635,-0.35510994,0.648292202,0.057809565,-0.480552525,0.372608855,-0.105882445,-0.067514864,0.308274161,0.323299601,0.222343437,0.00722194,-0.40447243,-0.80049802,-0.271745292,-0.157468065,0.173846094,0.013467122,-0.057174629,0.034375196,-0.27585808,-0.225797807,-0.39360673,-0.006680339,0.041505514,0.651777746,-0.398189093,-0.070585593,-0.028132191,0.112391076,0.326953528,0.029298449,-0.081479065,0.082489987,0.138892612,0.18499764,-0.490064924,-0.639709358,-0.073618996,-0.106921174,-0.025952314,0.025212477,-0.356240957,0.540211705,-0.13761898,-0.635752816,-0.107541337,-0.471949897,-0.11571908,-0.305124036,-0.410994545,0.052095352,0.535963508,-0.051635084,-0.396363398
AGPS,0.344242088,-0.461955614,0.394855206,-0.203568235,0.227510522,-0.262575212,-0.84205306,-0.382025001,0.096684633,0.620306612,-0.406628299,0.183660643,0.300026994,-0.328164671,-0.298888401,-0.221573445,-0.012625879,0.91420779,0.22428282,-0.58100967,0.106007389,0.754795527,-0.74581869,-0.091124128,0.175911633,0.26824442,0.184661494,0.560574635,0.466776614,-0.146560023,0.225608796,-0.395387974,-0.194411304,-0.111957238,0.079397445,0.08528932,-0.364569649,0.103411793,0.05901501,-0.630637057,0.351599801,-0.329166408,0.607154249,0.18190239,-0.832396882,-0.475113021,-0.063653234,-0.206915496,-0.161139617,0.108751424,0.226621893,0.15590245,0.10153737,0.017689308,0.967909115,-0.407367045,0.255089303,-0.566360201,0.303560161,0.087686225
KIF2A,0.30697402,-0.282656064,-0.129377436,-0.270661501,0.081386217,0.182695042,0.133882469,0.22506446,-0.157445912,0.156305378,0.260605232,-0.356177539,-0.168932747,-0.15294322,0.091261897,-0.150970299,0.026469098,0.147531984,0.212350167,0.325455291,0.349357678,-0.300684318,-0.3537718,0.192234295,-0.007462538,-0.542199002,0.946739131,0.542411863,-0.201060585,0.566098225,0.212600995,-0.326218627,-0.167740282,-0.62354015,0.309114146,0.905345606,0.064492823,-0.104570441,-0.048555272,0.074924306,0.155549443,-0.329722843,-0.08934039,-0.13861592,0.097216644,-0.347999502,-0.459000193,0.151429088,-0.304500298,-0.479940776,-0.203919228,-0.057921332,0.173739121,-0.47135919,0.381059321,0.596362467,0.381500314,0.1612688,0.17133508,-0.422785925
TK2,-0.235062293,-0.44666644,0.626848802,-0.410697245,-0.420734881,-0.502566297,-0.11018371,0.691442201,-0.558355226,-0.476706342,-0.134619302,0.213580471,-0.129822357,-0.226323373,-0.400961604,-0.199171046,-0.366680921,-0.283215787,-0.208955038,-0.476704308,-0.295542031,0.18590101,0.441008499,0.244058389,-0.131281388,-0.005892247,-0.205198142,-0.343849437,0.054807588,-0.253158634,1.542664295,1.215087102,-0.60039655,-0.666898126,1.088793553,0.074551189,0.557477425,0.6362864,-0.149620999,-0.048150267,0.518282994,0.204094972,-0.657767648,0.114512663,0.173458824,0.26753284,0.430749355,0.236543504,-0.150176071,0.398069298,-0.228398069,-0.381664536,0.046078259,-0.099191025,-1.18488253,-0.034826358,0.498916246,-0.421532192,-0.368643539,0.273741391
DDX39A,0.602092612,-0.249057498,-0.07330366,0.287045898,0.43969939,0.764998434,-0.017208548,0.219017437,-0.058765784,0.344956668,-0.405678015,-0.308414104,0.058870006,-0.119644424,0.384245793,-0.225148058,-0.23806489,0.352555328,-0.488997066,0.542343682,0.219089532,-0.179088894,-0.446099748,0.240709994,0.173266629,-0.100831577,0.382449692,0.284581272,0.160651136,0.148894102,-0.534323521,0.106379373,-0.595972129,-0.090738822,0.281066473,0.386187029,-0.255461051,-0.087589086,-0.288998097,0.26591557,0.232539366,0.291463,0.519906356,-0.304742572,0.458408368,-0.068864992,-0.186540005,-0.123472159,0.457780393,0.020757491,0.456474955,-0.530512576,0.352212528,0.114382481,0.372497718,0.250169302,0.406671895,-0.596419252,0.008648515,-0.197133149
PDLIM1,1.128608574,0.48437865,-0.10296593,-0.750841953,-0.598981283,0.923582841,-0.162532618,0.237645001,-0.282366087,0.263116488,2.115613131,-0.23509989,0.111065862,-0.108485098,0.19700345,0.931702029,1.370563128,-0.353100766,0.476413166,0.042409857,-0.234972264,-0.349106377,-0.579025672,-0.727809548,0.092067125,0.030921151,0.672651853,-0.787647562,0.64419891,0.36392863,-0.149775981,0.940614483,-0.850845391,-0.557816686,0.276435283,0.40211532,-0.262676769,-0.312946728,-0.334820462,-0.262220938,0.629533856,0.189648223,-0.3321192,-0.294782681,1.052074685,0.357176682,0.042888406,-0.498504517,-0.246794141,0.224340675,-0.388307353,-0.111104854,-0.278984,0.061620522,-0.498712773,1.290733614,-0.377511609,-0.310421436,-1.424893232,0.968137067
ACOT7,-0.357759541,-0.392092409,-0.441428638,1.991608776,-0.514462869,-0.297904963,-0.412372238,-0.885581845,2.359969022,0.581372748,1.037359964,-1.313064525,1.335399887,-1.472051758,0.08580803,-0.396597567,-0.437260214,0.90021859,0.37787112,-1.386164133,-0.713367929,0.084572263,-0.80664813,-1.346122848,-0.453874866,-0.740006976,0.238222457,0.413666979,-0.12197764,-0.076737811,-0.76701696,0.106164567,-0.341577291,-0.718078249,-0.981380045,0.057815226,-0.745291186,-0.743974105,-0.463166255,-1.191899842,-0.247391927,-1.268785565,0.03752159,-0.206119792,-0.10479712,-0.595483635,-0.59567864,0.009179748,-0.118288294,-0.941576518,0.417947864,-1.377139886,-0.433888383,-0.033134029,-0.261769606,1.149824072,-0.900335171,-0.612855677,0.390131902,-0.253084439
MYO1C,0.072774088,0.889733062,0.892058779,0.111312013,0.059365928,-0.536077265,0.587642023,0.525965827,0.012394431,-0.863475016,-0.394122146,0.5153406,-0.21473252,0.739758309,-0.177599433,0.372274316,1.141985623,-0.139014132,-0.092257541,0.685310644,-0.44816545,-0.270888129,0.347087703,0.247985527,0.650944603,0.034599753,0.745970097,-0.395805563,0.291253297,0.113522127,0.735412276,0.502360865,0.746512852,0.36442557,0.255304163,-0.384830876,0.33996456,0.364547446,0.390938279,-0.078777612,0.249037194,0.350279385,-0.899833692,-0.169147172,0.662904346,-0.09292907,0.783932791,-0.560925765,-0.661550011,0.320974067,-0.062116669,-0.462352271,0.834650049,0.364250118,-0.689601539,0.462572888,0.468319438,-0.41061731,0.088962004,1.052731171
MYO1F,0.368268551,-0.720931662,0.14746199,-0.773353258,0.068284345,-0.673685147,-0.464696277,0.350996263,0.42810547,-0.448134305,-0.686994163,0.768734407,0.015209888,-0.502684789,0.00448613,-0.701641934,0.078282266,-0.636907243,-0.058312703,-0.166683,0.447543109,-0.78980264,-0.784419612,-0.285776219,0.08794383,0.293740665,0.23991021,0.162980402,-0.083482014,-0.645481673,-0.130524798,-0.367077352,-0.689006628,-0.786693091,0.048935595,0.493238418,-0.247998037,-0.347118601,-0.10748439,0.168257188,0.061319552,0.00141824,0.233767521,0.673966278,-0.084754777,0.057623832,-0.4446709,-0.612182862,0.449180163,0.536323781,-0.538209922,-0.287849678,-0.007849692,0.032995493,-0.313976945,-0.25439511,0.648043511,-1.045112949,0.402314967,0.292552792
SNAP23,0.173123355,-0.323463963,-0.05736411,-0.656543433,1.084947626,-0.512613602,-0.365911966,0.234810999,0.230085958,0.126696601,-0.520015663,0.416420295,0.234261554,-0.1575068,-0.358398377,-0.300929067,0.384089631,-0.962972804,0.138673819,-0.250416902,0.070992689,0.085222585,-0.216880934,0.136213827,0.717016071,-0.228073623,0.332650702,0.263957796,0.398536466,-0.083763221,-0.185671355,-0.116506182,-0.062069723,0.034468658,-0.191978447,-0.061989529,-0.034935952,0.047597455,-0.268670801,-0.190685509,-0.431693472,0.214555283,0.672709993,0.805490678,-0.025369109,-0.072978912,1.07350464,-0.595970982,0.297629131,-0.081147864,-0.218410736,-0.547943776,-0.100180139,-0.249089546,-0.610214961,-0.380053384,0.511265298,-0.636838766,0.010558858,0.006298806
HAX1,0.026824871,0.106574608,-0.122682072,-0.352076867,0.11975155,0.076499359,0.103560976,0.432079877,0.139870868,0.274228603,-0.254249519,-0.299896772,0.025773002,0.540407911,-0.249152176,0.220770319,0.128817725,0.070143777,0.113379606,0.079237128,-0.320690276,0.762472962,1.098870082,0.552290484,-0.147004788,0.011017436,-0.197725712,0.86421046,-0.404359625,0.079817664,-0.022440985,-0.166680923,0.01887807,-0.317391288,0.670508937,0.098058427,0.09739128,0.580649805,-0.128934933,-0.269773068,-0.180600456,0.081093382,0.043419414,-0.075954007,-0.100004119,-0.054369082,-0.184567106,0.203766432,1.112854871,0.118898176,0.662052844,0.136251461,0.187412955,-0.060528829,0.605492469,-0.153477636,0.139576041,-0.021568899,0.056058547,-0.034274234
AIP,0.11322364,0.121993517,-0.695269851,-0.30339375,-0.36908285,0.771178522,-0.635147844,-0.113585061,0.043356026,0.152148502,0.773333262,-0.8806979,0.226556624,-0.592221342,0.654568019,-0.489768545,0.086379966,0.571682105,0.52636764,-0.909269056,-0.553650499,-0.478506146,-0.058420533,-0.317873705,-0.477037377,-0.185332753,0.060645395,-0.683191756,0.070969927,-0.451759468,-0.57641168,0.294208421,-0.239511752,-0.673901648,-0.38606585,-0.274044983,-0.772140968,-0.766400499,0.223935468,-0.268025084,0.494315599,0.009703519,0.401847378,-0.142989091,0.091670967,0.20579984,-0.013386976,0.117252232,0.608601289,-0.151086122,0.679659013,0.671910873,-0.11277316,0.243393846,-0.109217225,0.291865652,-0.240765593,0.314355834,-0.35186723,0.114442252
GTPBP1,0.148589141,0.413462281,-0.014375655,0.12819078,-0.189121868,0.295752608,-0.033718983,0.007100555,0.021148189,0.071069571,-0.046205279,0.016967989,0.067138233,0.238937222,0.400051147,0.146303121,-0.101548988,-0.367946841,0.223065791,0.183089336,0.226566234,-0.256953,0.328881645,-0.006491804,-0.110637979,0.131956208,0.57656402,0.154003981,0.282036797,0.11481684,-0.122689062,0.027909389,0.252783162,-0.139989512,0.073213998,0.085644511,0.148921602,-0.424523443,-0.373168494,0.063167084,0.005144429,0.20465086,-0.175108163,-0.052415224,0.525237778,0.305070692,0.165756772,0.129213014,-0.078270574,0.370172387,0.050013773,-0.308452976,-0.053451352,-0.243059194,-0.169521283,0.173030279,0.376733085,0.329337526,-0.118415986,0.210880704
LGALS9,-0.011730176,-0.641895744,0.518961478,-0.569859752,-0.926505808,0.419529731,-0.923219714,0.09300492,-0.81327971,-0.386786094,-0.041136142,0.966753734,-0.254446706,-0.669869003,-0.24911145,0.364807328,0.1868389,-0.752819698,-0.004186763,0.011696019,0.87871339,-0.487104768,-0.513544141,0.872614879,0.471797213,0.972914052,0.930464454,-0.622145556,-0.186540905,-0.297472619,-0.671562681,-0.995991362,-0.732579556,-1.029611731,-0.517237188,-1.281546256,-0.375867264,-0.584582761,0.037168283,-0.159888904,-0.357987356,-0.235111715,0.264387692,0.737342283,0.407701979,0.190172892,-0.362614998,0.039900886,-0.578403115,0.204780624,-0.338078652,0.970525781,-0.075214282,0.01267241,-0.996466837,-0.135812227,0.073427032,-0.800184202,-0.478393824,0.11621209
STXBP3,0.00745119,0.161027614,0.598818741,-0.16781538,0.024042908,0.143467144,0.530570264,0.559259796,0.090221494,-0.283489378,-0.206409383,0.151249038,-0.060649779,0.205272516,-0.275285338,0.27511308,-0.34709496,-0.253368322,-0.015674107,0.832637447,0.066440297,-0.247298531,0.150201488,0.025059118,-0.016571038,-0.018526215,0.413408494,0.296967634,0.328598986,0.173304298,-0.229444407,0.115105014,0.289793588,-0.0920938,-0.170849323,-0.050405771,0.431692023,-0.033352973,0.135116798,-0.009793639,-0.098052619,0.373184426,0.153507279,0.078561949,-0.208061925,-0.417162525,0.92122403,-0.086694926,-0.119600921,0.118185888,0.052539879,0.23720925,0.302082595,-0.037586803,-0.138146576,0.292228071,-0.06007622,0.01577609,-0.083469479,-0.051081612
AP4M1,-0.042138726,-0.04046785,0.082278237,-0.301132072,0.263019573,-0.003215817,-0.562961458,0.266036054,0.197460236,0.279555159,-0.294175854,-0.299033684,0.048671981,0.173167478,-0.14497045,-0.145367484,0.312375446,-0.072576,0.288427725,0.100940399,-0.069396919,-0.17200565,-0.176385546,0.690496214,0.386437286,-0.118215598,-0.171129871,-0.018026031,0.145535857,-0.451209545,-0.267777998,-0.187259125,0.142489244,0.284706507,0.530786884,0.361847948,-0.149952325,0.208288856,0.335851086,0.067343659,-0.182732391,0.211524187,0.395160276,0.125929876,-0.015646552,-0.153701673,0.010119307,-0.404861287,0.537504124,-0.210528515,0.172596523,-0.227602891,-0.33206459,-0.124349628,0.204342189,-0.13013834,0.122120629,-0.320904816,-0.122140089,0.120869783
ARVCF,-0.004497102,0.089368532,0.398052537,0.655790488,0.052988751,0.687800352,0.308589959,0.727771179,-0.40888905,-0.483532547,1.05348586,0.104813967,-0.329553335,0.526213406,0.08843101,0.882572659,0.455770653,-0.21149412,-0.516636425,1.312035938,0.229926552,0.376984448,0.57783127,0.107873035,0.294068646,0.097889795,0.684689367,0.441070506,-0.003029808,0.426516274,0.037739374,0.379284155,0.39259529,0.192938198,-0.401409822,-0.276202207,0.910461502,0.099494847,-0.339754773,1.472421789,-0.071070304,0.34029853,-1.273644681,0.902237079,0.720142142,0.20813228,0.098010205,-0.688239154,-0.567857285,-0.436474803,0.103515571,0.479737963,0.475857841,0.099365107,0.143937907,0.235053341,-0.172239171,-0.677249935,0.440285304,-0.16048352
SMAP,-0.547569163,1.920060042,-0.596768721,0.37550923,-0.502915094,0.185232068,-0.28071842,-0.084923275,-0.124650238,0.460414018,0.791451486,-0.450612207,-0.171767806,-0.15049845,1.280839977,0.070528924,-0.791008858,0.619148309,1.265034257,0.149743209,-0.701034809,0.069123406,-0.349550926,-0.431788813,-0.985102487,-0.211987664,0.122388777,-0.292122614,-0.218103693,-0.413248906,-0.312928057,-0.179187718,-0.825741404,-0.2569613,-0.274934062,0.266126949,-0.423694869,0.109074582,0.161794527,-0.437464225,0.831536759,-0.977469908,-0.046726511,-0.20485655,0.108826388,0.698932715,-0.446753188,-0.03762259,0.448408369,0.113582926,-0.443762039,1.451960645,-0.207300682,0.455596369,0.486798382,0.289737494,-0.073905492,0.788715141,-0.743688535,0.282309582
RAB27B,-0.863837705,-0.716813828,0.67554612,-2.338915627,-0.231044451,-1.217487218,1.743427961,0.969457414,1.145067086,-1.523296162,-1.543300551,-1.98105798,-0.695535257,-1.67059204,-1.122605283,-0.486165689,0.893992534,-2.1996908,-0.944741032,-0.889456311,-1.97102163,-0.732349925,0.059472132,0.993723473,-0.789706035,-0.89999509,-0.331446864,-2.551867232,1.483099485,-1.013672884,-0.483105997,-0.866380336,-0.334228868,1.391714484,5.045025816,-1.945850505,0.285491082,-1.180986506,0.888923134,0.546847238,-0.316508509,0.400901926,0.92803135,0.393560443,0.307740459,0.171494211,4.171954711,-1.163972635,-0.503692556,-0.83150337,-1.779621524,-1.320220255,-0.495768259,0.32814263,-1.544537296,-1.026806675,-1.768276995,-1.187593597,-2.09185105,-0.351089293
AP3B1,-0.071412598,-0.145060227,0.214743969,-0.638389483,0.041580991,-0.276932599,-0.190104285,0.228370719,-0.095413054,-0.229077123,-0.241031863,0.509294713,-0.106521936,0.347887926,-0.157726371,0.071721737,0.129988664,-0.277024246,0.081584518,0.172519019,0.012349914,-0.194815926,-0.09233318,-0.099138058,0.234669859,-0.313337553,-0.009052079,0.201232932,0.40832341,0.071372067,-0.014315486,-0.193526748,0.150810165,0.557119603,0.472106844,-0.1230111,0.27788193,-0.068832913,0.146513397,0.323541326,-0.003354991,0.554319812,0.13832348,0.175194915,-0.398802442,0.092498755,0.264191414,-0.193981595,-0.200832982,-0.091067241,-0.150038359,-0.214819674,0.12013282,0.001121657,0.009657235,-0.221905773,0.381394011,0.591862879,0.162818671,-0.145927574
SULT2B1,0.235562186,-0.836026783,0.447399938,2.609537235,1.607979774,-0.061010425,-1.5427819,-0.136693442,0.25504456,-1.083395175,-0.848543711,-0.630991319,1.783159617,-1.062040892,-0.043321046,-0.782974267,0.761472388,-0.49569284,-0.481094291,-0.656261392,0.093355469,-0.404820381,-0.555458823,-0.302878048,0.293216276,-0.030191959,0.122257413,-0.50866932,0.059059998,-0.613040904,-0.282898531,-0.06629294,-0.658934264,-0.099685231,0.75962079,0.872570441,-0.773052104,-0.446924789,-0.073790356,-1.252608734,-0.026973316,-0.279565962,-0.736816102,-1.611016494,-0.083916102,0.136693255,0.512222772,-0.430467412,2.203089173,-0.0243271,-1.565916457,0.092870939,0.807724949,1.139651409,-1.275254207,-0.07257466,1.542414244,-1.717984887,0.304968123,-0.257512692
APBB1,0.25462453,0.40698762,0.731105141,-0.882397779,-0.407326036,0.291233721,0.921827847,0.3999178,-0.081027759,0.190404517,0.238860276,0.209072144,0.125468445,0.444735345,-0.511177173,0.646286274,0.326883992,0.862880907,-0.261670924,1.347126879,0.513891776,-0.093121401,0.292580725,1.599042144,0.178708686,0.320513179,0.186154767,0.03980772,-0.127007151,0.33695922,-0.023669557,0.585486967,-0.269787026,-0.760061833,0.014466142,-0.038495453,0.337474132,1.161305801,-0.407664875,0.487464298,-0.165749276,0.156113787,-0.39460082,0.422150067,-0.038553821,-0.131380628,-0.240993523,-0.02179547,-0.291336029,0.174113686,1.268420343,-0.66668061,0.22534798,0.389148214,0.336635894,0.326248985,-0.7396576,-0.580908249,-0.510995656,0.394932126
LGALS8,-0.508833197,-0.260840794,0.255069501,1.506674692,-0.096257114,1.29603397,-0.98609353,-0.008910117,-0.298097849,-0.088203499,1.041994461,-0.362720683,-0.376095287,-0.391130745,0.170816777,-0.605344521,-0.352282053,0.296077568,-0.554083507,0.03889268,-0.42713676,-0.44525374,0.463031444,0.524676762,-0.546719691,-0.241127446,0.855411299,-0.449576538,-0.215862516,-0.175292532,-0.164109191,-0.426528234,-1.64678191,-0.358799048,-0.117938091,0.124573161,-0.385991533,-0.009369989,-0.293586079,-0.024038973,0.157827021,-0.883639845,-0.490500372,-0.429088543,0.395321961,0.292052835,-0.55308068,-0.502767013,0.67492841,-0.42912001,0.676130223,-0.51541079,0.202726289,-0.069850991,0.829305957,0.834864201,0.071738655,0.795994394,-0.099519146,-0.582434222
NDUFS8,0.438082169,-0.402178213,-0.230628783,-0.124544166,0.332729829,0.739528793,-0.049300467,1.608582975,0.029149357,-0.179824545,-0.055632755,0.101560423,0.246509651,-0.491270153,0.222267632,1.119504356,-0.198757919,-0.041318846,0.387924816,0.042789094,0.548823373,0.124498885,0.89017318,-0.062456356,0.358679729,0.184739683,0.817309754,0.392636873,0.410239326,0.204373272,1.018045994,-0.03094352,0.253346951,0.570382669,0.16069447,0.048624233,0.194335915,1.4417352,-0.025679054,0.397794398,0.218622051,0.41502049,-0.253620854,0.244200147,-0.355843607,-0.084215915,0.45099472,-0.012444836,-0.20318445,0.343750417,0.539899414,0.037109304,0.302895425,-0.462821287,0.417798501,-0.0868118,0.535749092,-0.03975512,0.580654143,0.018820705
NFKBIE,0.897505842,-0.431907113,0.269199515,-0.16647276,-0.434615293,0.882994391,-0.365794669,0.062299953,0.62687037,-0.627140598,0.471579433,-0.162467326,0.086950649,-0.756129459,-0.236599123,0.416884418,0.001918369,-0.36100021,0.453333315,0.436442756,0.58474506,0.330698483,-0.228468246,0.79662099,0.459324182,0.980002907,0.567524644,0.050123294,0.065523279,-0.035630323,-0.086087995,-0.308362985,-0.559216655,-1.294965306,0.697369288,-0.697721159,-0.36274936,0.511659867,-0.130117884,0.175590364,-0.646032167,0.594342141,-0.224094348,0.311201552,0.26713931,-0.370194095,-0.285794164,-0.228607169,-0.80139101,-0.453807239,-0.040484885,0.149959681,0.599827238,-0.032918368,-1.025233843,0.610017118,0.562489112,-0.67472836,-0.131040027,-0.030317713
PSMD11,0.263699509,-0.057749088,-0.082233696,0.538226059,0.031378068,-0.181119125,-0.272640003,0.052944692,0.009097796,0.29871141,0.392115786,0.062232875,-0.238465486,-0.014169708,-0.26686994,-0.131292339,-0.180150098,0.08135642,0.196212808,0.330335464,-0.170388288,0.301961283,0.262431078,0.249356744,0.106330393,-0.233775751,-0.134141985,0.746371349,-0.145805155,-0.178811126,-0.072377663,-0.6376009,-0.049834837,0.317211027,0.242034915,0.237334594,-0.148090164,-0.274522513,0.258776949,-0.149419368,0.038823754,-0.069869371,0.275435442,-0.090014948,-0.619655232,-0.390222954,-0.305027892,-0.066027313,0.109445463,-0.336047949,0.379655463,-0.099965631,-0.284291955,-0.53470607,0.362753853,-0.126305457,-0.215365747,0.052456345,-0.026174584,-0.204232554
PSMD12,0.113100157,-0.222970447,0.080054983,0.455171869,0.077195366,-0.110772912,-0.238028326,0.101649642,-0.18433127,0.216121833,0.389659361,0.102026683,-0.144679076,-0.107071546,-0.315882198,-0.084976759,-0.062904535,0.035091445,0.021601815,0.422918834,-0.127287497,0.048517171,0.171415616,0.323695691,0.188566332,-0.268692291,0.049476387,0.828511751,0.010258358,-0.204185719,0.000818621,-0.603464439,-0.09304903,0.364899697,0.140698289,0.208502578,0.00553467,-0.34128201,0.007132871,-0.164619434,-0.070141146,-0.042808758,0.134879328,-0.251851253,-0.482770468,-0.221967206,-0.199765937,-0.210517807,0.098567105,-0.46430408,0.026671064,-0.281961199,-0.158430212,-0.454974679,0.349873805,-0.030938638,0.127332789,-0.023938754,0.154146363,-0.150436802
PSMD9,0.707077918,-0.262951502,-1.021600011,0.718498393,-0.600068478,-0.14548402,-1.373126102,-1.050894827,0.206937331,0.187846383,-0.389873734,-0.551286004,0.6216867,-0.768833633,0.911387212,-0.340486466,-0.636301277,0.77309692,0.674175557,-0.637246092,-0.37442284,0.124265967,-0.392744063,0.094974206,-0.417170598,-0.094209721,-0.2883653,-0.433052226,-0.510452512,-1.025825154,-0.221119939,0.316982154,-0.716478726,-0.030823178,0.0792132,0.420983586,-0.350781702,-0.271268718,0.152441648,-0.670271116,0.921648664,-0.036721245,-0.658164437,-0.149959898,-0.060717457,0.240908939,0.002323671,-0.142020644,-0.256512691,0.50778507,-1.257385685,0.328108809,-0.128628587,0.457271821,-0.290628815,0.939684459,-0.447900693,0.06273861,-0.52700339,1.129666041
ATOX1,0.06757226,0.692304214,0.371426419,0.084377418,-0.672443538,-0.724349978,-0.633889698,-0.219739893,0.702807353,0.237855164,0.906663682,-0.427441052,0.420993961,-0.667181237,0.543458218,-0.149103926,-0.603654576,-0.377852297,0.378626414,-0.02457556,-0.366503853,0.227427058,-0.138678113,-1.072455132,-0.400279709,0.174335144,-0.04049814,-0.073174264,-0.314645844,-0.526982649,0.521172664,-0.081928807,-0.723751794,-0.706599007,0.815664117,0.698410378,-0.098715163,0.071657194,0.181993947,0.120323034,0.786416201,-0.286235206,-0.273246138,0.356109645,0.485602327,-0.37728231,0.26145811,0.541349316,-0.482352938,0.227615615,-0.857483316,0.735970251,-0.693433835,0.183011839,-0.826471594,0.490788006,-0.070217617,0.310538961,-0.517891962,1.33954114
MEN1,0.054616035,0.224455849,-0.062276491,0.715288471,-0.406427941,1.164435552,-0.161944367,0.474867984,-0.149536785,0.026914401,0.001718538,-0.317402105,-0.481343661,0.253073976,0.204257046,-0.225098988,0.42252915,-0.007555462,-0.219227651,0.190196762,0.741282134,-0.095700461,0.298480456,0.239872701,0.20814294,-0.029540753,0.142640318,0.076639455,0.241501171,0.102846742,0.217777607,0.645153152,0.326450513,-0.770107712,0.055475974,0.149206509,0.536571482,0.131477185,-0.115810487,0.164658602,0.496424613,0.586505345,-0.017028497,-0.267785391,0.854457852,0.280561049,-0.298281821,-0.314187728,0.537279813,-0.840711546,0.39899596,-0.921672469,0.529241476,-0.528239412,0.371791638,0.235232161,0.374527825,-0.090194469,-0.449004931,-0.361851657
CBX4,-0.543158432,0.00646252,-0.11340595,0.401249215,0.595302801,-0.203870367,0.095899473,0.297286867,-0.005122448,0.320239764,0.025498177,0.473746625,-0.139573529,0.561773026,-0.050129211,-0.215010993,-0.62836374,0.544941607,1.160854096,0.048975118,0.23874908,0.077989024,0.289431639,0.182689565,0.244866021,-0.766691298,-0.277079304,-0.017386768,-0.346409025,-0.158718188,-0.163807365,0.424692536,-0.030435654,-0.517258822,-0.068690316,-0.350736377,0.156165982,-0.696487211,-0.14529716,-0.100907722,-0.063359951,-0.127320828,0.193800678,-0.103963978,-0.019508877,-0.085058164,-0.095406431,-0.03703513,0.202281194,-0.352083707,0.375963469,1.262382914,0.018691696,0.539124573,0.479284832,-0.012275346,0.306275501,-0.026771843,-0.044765816,-0.011893645
PGRMC1,0.22661016,0.126525971,0.343575846,-0.481566802,-0.0367392,0.48706757,-0.520483128,0.685381811,-0.39855299,-0.342054246,0.03572277,-0.178230551,-0.213293658,-0.274644182,-0.399003305,0.445551563,-0.166603768,-0.07676014,0.00811019,0.410516147,0.54727572,0.507105625,1.129781487,1.204066951,-0.023681663,-0.003401242,-0.006758357,-0.437633907,0.049714632,1.178706405,1.06747886,0.38718077,-0.134954024,-0.604642378,0.339177814,-0.426308196,1.741612636,0.505486742,-0.406350862,-0.338731371,-0.438695136,1.109263573,-0.331404933,0.029057232,0.621787995,0.217083097,0.350980165,-0.104335655,-0.86034045,-0.258141084,-0.736652367,0.951568372,0.502584483,-0.594283815,-0.2329617,0.815876438,0.186901672,0.54798793,-0.330559979,-0.845515307
SUPT5H,0.237943125,-0.024756501,0.037367058,0.66004642,0.588010562,0.697890753,-0.176199973,-0.356693692,-0.180699527,0.386494732,0.112279944,-0.210989184,-0.019835302,0.100730113,0.219000915,-0.169167148,-0.130411542,0.21141775,-0.135607769,-0.015392527,0.295396485,-0.184290729,-0.029159413,0.251793823,0.259586109,-0.119908876,0.093508815,-0.059513849,0.145775668,-0.117676788,-0.406192904,-0.053869736,-0.247568112,0.315421249,-0.046060236,0.151742402,0.070468967,-0.071858612,-0.307645565,0.167704657,0.037262065,-0.178382306,0.224929838,-0.274838007,-0.11855059,-0.131259835,-0.116434701,-0.068177808,0.415890448,-0.328861381,-0.122675452,-0.14438609,0.086878973,-0.002657462,0.124780692,-0.012219754,0.125480537,0.668614388,-0.09607466,0.041643052
TAF4,0.002124782,0.336298108,-0.100696277,0.365424664,-0.153409571,0.77336599,0.619468225,0.082609838,-0.168639,0.303974349,-0.389294773,-0.31795234,-1.095170328,0.709734738,-0.022928114,0.536565925,-0.020085343,-0.552939201,-0.083323792,0.275241505,0.245194381,-0.877601303,1.033189018,0.462542663,0.008962941,-0.420503862,-0.289892089,0.323301714,0.08248358,-0.055763768,-0.90694261,-0.802360002,0.052710261,-0.380054205,-0.001817411,0.605123619,1.460274602,0.024817384,0.023218813,-0.078648603,0.030264732,-0.347315089,-0.040968364,-0.239767435,-0.026580428,-0.428549159,-0.123060056,0.84509796,-0.024465026,-0.333974713,0.93229854,-0.409222436,-0.400122931,-0.26062343,0.778921509,0.352357563,-0.089764439,-0.063430308,-0.360089409,-0.615954361
DFFA,0.128578313,0.37132863,-0.401347517,1.554542765,-0.054985567,0.773986696,-0.225036103,-0.038125553,0.13001589,0.293863044,1.411356462,-0.328668935,0.538835733,-0.151950117,-0.026080251,0.36985344,0.120904086,0.177727427,0.058111021,-0.067429015,-0.675717412,0.101743685,0.046451963,0.107895396,-0.229246108,0.307893927,-0.057088383,-0.383286807,-0.223949408,-0.148346055,-0.7239426,0.262364547,0.08140279,0.348903489,-0.086807871,0.432192839,-0.134139689,-0.160995083,-0.140716496,-0.380726947,0.589290252,-0.729110695,-0.705203494,-0.154037451,0.504350422,-0.265817575,-0.307235531,0.21398165,-0.108262341,0.042745277,-0.349684462,0.748042532,-0.340227095,0.396696187,-0.123624564,0.192393129,-0.16275739,0.497900632,-0.37528473,0.394026905
HIP1,0.326486234,-0.176621671,0.607986674,-1.026009554,-0.440291458,-0.720594535,1.079774619,0.782823835,-0.63786303,-0.931975005,-0.652535075,0.31414143,0.149864696,-0.449969593,-0.538813366,1.372895484,0.863051415,-0.842458257,-0.409086939,0.399382179,-0.40392208,-0.983784139,0.746237829,1.59005014,-0.005304805,0.305131095,-0.074161235,-1.128301482,-0.471931034,0.518307431,1.897354591,0.941381612,0.052601907,-0.584472768,0.921167851,-0.65973503,1.124850838,0.960799659,-0.600316721,0.487851705,0.563720675,0.299423668,-0.213269278,0.191826911,0.099744325,-0.038638646,-0.424089505,0.04584906,-0.733122276,-0.139825916,0.194895859,-0.459235192,0.310585735,0.066600907,0.023039979,0.261005708,0.017662446,0.633923256,0.001709224,-0.022962548
CLIC1,0.016721337,0.766143433,0.693045508,-0.218528384,0.439477884,0.219948896,-0.743047808,-0.51697402,0.959851997,-0.425713564,0.189442521,-0.552909471,0.034379145,-0.110549229,-0.12838131,-0.130100572,-0.0982429,0.126212177,0.675709635,0.061227115,-0.196298415,-0.227983186,0.017344927,0.731616231,-0.478279844,-0.383430403,-0.390535235,0.371461967,0.401201547,-0.509306936,-0.286468923,-0.303505239,0.63463633,-0.500973,0.566911414,-0.254715742,-0.351982786,0.299553626,-0.589590244,-0.3197266,-0.344228842,-0.131695553,-0.65660825,-0.103518073,-0.288567045,-0.573840953,1.438694465,0.021274006,-0.514185645,-0.389675649,-0.338416116,0.109650797,-0.024562832,0.066740562,-0.142157602,0.055431645,-0.450089117,-0.142989883,-0.26625014,-0.145148494
EIF3F,0.204636366,0.306199009,-0.298929554,0.253316164,-0.06245697,-0.067950345,-0.767353942,-0.192193814,0.290567067,0.633458329,-0.055202806,-0.014530969,-0.034287517,0.263411361,0.169675701,-0.081323846,-0.02284726,-0.013082136,0.448041717,0.167911592,0.189263634,0.363474834,-0.165077224,0.22985686,0.316031746,-0.268098312,0.043108779,0.57217591,-0.03836136,-0.206358014,-0.553128007,-0.277728753,0.078539659,0.279050216,-0.146076052,-0.057344091,-0.368606621,-0.144296349,-0.094885343,-0.353305984,-0.077465313,0.131340795,0.137922528,-0.043794395,-0.166960238,-0.397633906,0.02509672,0.026610884,0.002312573,-0.191777826,0.097513778,-0.00898834,-0.294140201,-0.240185457,0.37650143,0.045390574,0.180548006,0.1144038,-0.03514347,-0.032036861
WWP2,-0.448284659,0.459434821,0.670673063,0.314537211,-0.002478593,-0.368756614,1.079716552,0.092155385,-0.167491316,0.567425139,-0.415019245,0.110938815,-0.39447502,0.536291274,-0.993188786,0.59426578,-0.365004775,0.740972643,-1.04017017,-0.56403748,-0.462290574,0.797593401,1.050989621,0.787471979,0.450611404,-0.411855489,-0.981860846,1.68308797,-0.09751593,0.447888136,0.086929931,-0.481226734,0.62778845,-0.054588453,0.600142408,-0.041707696,0.672008103,0.97176049,-0.014615691,-0.346596582,0.034895015,0.546687089,0.210080923,-0.425149509,-0.145386751,0.280037888,-0.18627151,0.801247081,-0.320934773,-0.070805845,-0.06650386,0.507712911,0.748189421,-0.2464571,0.414889946,0.038513121,0.121515876,0.014795146,0.235589865,0.201162702
PIK3CD,0.125711941,-0.77135347,1.141512779,-1.269696323,-0.412452632,-0.345358578,-0.09908977,1.082909003,-0.046884573,-0.75476476,-0.672889733,0.450007387,0.135158231,-0.38072013,-0.010796346,-0.275574465,0.313699201,-0.664213957,-0.201184986,0.098674944,1.005031977,-0.818248465,-0.226619152,0.005285916,0.691919275,0.378618259,0.663604677,-0.224274455,0.102905531,0.101135001,-0.315644534,-0.206573457,-0.581262654,-1.028657178,0.081082135,0.215434695,0.011136118,-0.38505824,-0.604700129,0.538350941,0.135955563,0.298294165,0.148371925,1.294106956,-0.071234937,-0.502141712,-0.31006021,-0.558474259,0.187433188,-0.134804164,-0.188863392,0.318832721,0.533156776,-0.325835923,-1.291346666,-0.581013151,1.488516254,-0.74189735,-0.265007446,0.069604882
PDHX,0.17869893,-0.047782633,-0.717766354,0.112924839,0.0181525,0.39598942,-0.748951278,-0.172067342,0.781927014,0.389746506,-0.045836567,-0.219043558,0.409032306,-0.46337586,-0.145289082,0.392042671,-0.631024575,1.206067834,-0.331482819,-0.21766517,-0.67636801,0.957597635,0.701293439,-0.462677028,0.17582445,0.381376888,-0.43944021,0.728310197,-0.360185318,0.536096097,-0.051955506,0.222714421,-0.599140309,-0.063763385,1.126139692,1.025821033,-0.059249943,2.04632014,0.188134005,-0.533858895,-0.075690233,-0.565137994,-0.59778792,-0.349975942,-0.409100942,-0.138113742,0.041849902,0.541573268,-0.449761761,0.096102871,-0.388275298,-0.134556345,-0.230528271,-0.515911931,0.120266061,-0.282312783,0.175151877,0.146534974,0.182442273,-0.58182349
SULT1C2,-1.824666269,-1.330324089,-2.952673902,-2.302166119,-0.248818107,-1.961457986,1.442324728,-1.984100084,-2.037966733,-1.533358977,-1.231644404,-2.022796771,-1.574660888,-3.584853947,-2.512795483,0.205880926,-2.014716711,-0.763669401,-2.198933914,-1.318324398,-1.422195571,0.472418327,1.242180957,1.437450526,-1.684355549,0.411845508,-2.992875784,0.50763203,0.660731845,0.401476393,0.27284027,0.122170663,-2.066692562,0.310328008,1.298768338,-1.233058871,-1.057297764,0.952793064,-0.546550221,0.621601063,-0.545252272,2.200841442,-1.353282216,-3.275952672,-0.389082153,0.510484175,3.920644122,0.311471044,-2.724788433,0.87858022,-2.030302026,-0.125758351,-0.191304813,-0.344497549,-1.408870607,-0.853801198,0.316909856,-3.142446996,-1.099751459,0.494308927
MATN2,-0.507989129,-0.551887817,0.368585947,-0.653717795,-0.987521924,-0.440782528,1.676791839,0.496476919,-0.889777204,-1.326740743,2.025070381,-0.300313537,-1.547345622,-0.828501511,-0.544989883,0.203784562,0.144129245,3.574918903,-1.64817845,0.677149067,0.781764732,-1.072637915,0.132477276,2.511543284,2.125994853,-0.26376558,0.465513579,-1.066168768,-0.686579732,2.646496487,-0.453642254,1.869419525,0.531890914,-1.802648056,-0.905049817,-0.335002007,0.778044452,-0.007356276,-0.906819128,-0.603242898,-0.644899764,-0.626316308,-0.232859837,0.066579164,1.230839627,-0.525381643,0.531124836,-0.507815607,-1.3718961,-0.14760952,-0.615815535,-0.324685287,0.354732365,0.215894357,3.133626141,-0.255145078,0.845959094,-1.357955405,-1.625697545,-0.137220806
QSOX1,-1.179653085,-0.023995128,0.971505252,-1.124141263,0.645046146,-1.107823137,-0.770115424,-0.711681686,-0.949030883,-0.429187834,0.026454879,-0.783055649,0.842737846,-0.36269125,-0.080281627,-0.403316103,1.187152826,-0.467961568,-0.407231156,-0.521725541,-0.50178481,-0.969246396,-0.301667488,-0.394140536,0.36936791,0.080224675,-1.371927002,1.026761222,0.121525399,-0.916382777,-0.931124988,0.587240369,0.874476846,0.525393461,-0.657807792,-0.112140583,-0.099909728,-0.510406996,-0.810645159,0.418464004,-0.321378511,-1.097298153,-1.086375316,-0.384062145,-0.713112369,0.310182859,0.445045781,-0.846443738,-0.310432399,-0.054743811,-0.829233094,-0.249292479,-0.007580187,2.77564428,-0.243084736,-0.132763556,-0.270518826,-1.552012639,2.032128794,0.652115206
DCTN6,-0.75582992,0.97130882,-0.436776602,-0.384150561,-0.214256312,0.07633633,-0.780709774,-0.404434295,0.139703991,0.213582098,1.239007797,-0.180801055,0.34296196,-0.091533446,0.688433838,-0.311374083,-0.055802097,-0.477186383,0.544634931,-1.1484492,-0.656948145,0.064703239,-0.574706875,-1.713924246,-0.341126801,-0.273186203,-0.211676161,0.630863659,-0.201227373,-0.354145381,-0.574552843,0.142417856,0.205634254,-0.666773609,0.056986434,-0.21215191,0.024458327,0.090845408,-0.101191967,-0.462947284,0.359916228,0.492958457,-0.219205921,-0.403363119,0.179579489,0.109814616,0.089229613,-0.455069068,0.108017427,-0.220710926,-0.969802089,1.447565645,-0.66258848,-0.259505133,0.450417938,1.632007664,-0.964603181,0.431585824,-1.084241273,0.326470855
SLC33A1,0.130845502,-0.821099469,-0.74662114,0.126577638,0.532972666,0.040411933,-0.063875153,-0.2813602,-0.836082425,-0.105915212,0.112330345,0.738012694,-0.22422773,-1.028851085,0.366917389,-0.426229955,-0.29091611,-0.210822581,-0.47055636,0.163342136,0.415677819,-0.076862131,-0.657409913,0.530173505,0.085080001,-0.036541377,-0.274947539,0.420336481,0.8649827,1.189580098,0.181091909,-0.327938906,-0.118242816,0.178162252,-1.057262982,0.394311824,0.23904678,-0.400117371,-0.262610469,0.603696806,0.24529866,0.302249239,0.866128089,-0.975906647,-0.765098483,0.149500257,0.390977889,0.000679299,1.330027389,-0.060052716,0.439361716,-0.424742301,-0.24765468,-0.175085616,-0.055532505,-0.910988039,0.950245624,-1.142666104,1.017540148,-0.499095709
WASL,0.199251124,0.04740917,-0.297513028,0.334482111,-0.230250854,0.141365382,-0.243642099,0.536538893,0.254506273,0.127067943,-0.123130224,-0.05411048,0.365653999,0.156401433,-0.019689541,0.07841597,0.302601464,-0.240397007,0.147706057,-0.594109441,-0.798114394,-0.24496525,0.13652917,1.09226688,0.137190059,0.033955287,-0.581974493,-0.32659029,0.240061691,-0.119523989,0.437136354,-0.012008018,-0.005327121,-0.137270576,-0.107502429,-0.748448358,-0.122758011,0.091294761,0.153935309,0.460233043,0.209524254,-0.463197091,-0.211737328,-0.423371875,0.192946705,0.103237544,0.774475471,-0.491046609,0.056137431,-0.489822896,-0.259441808,0.17848962,-0.32644683,0.256379617,0.378034719,-0.225497815,-0.415457763,0.731550251,-0.202520888,-0.287646352
IPO5,0.384481601,-0.349808058,0.036194903,-0.010817483,0.059679165,0.656785259,-0.478213918,-0.194598003,0.062732711,0.802370915,-0.266055873,0.035767001,-0.486649218,0.123896682,0.095818558,0.035261786,-0.152819089,-0.229607392,0.174004349,-0.067445826,0.307993569,-0.028136891,-0.015766871,0.261072476,0.345988972,-0.448792902,0.274089645,0.43279202,-0.042411516,0.646370168,-0.553334662,-0.536798731,0.047712193,0.144217412,0.31339836,0.427221196,-0.150243484,0.154101363,0.115463218,-0.346851906,-0.218582289,-0.205062739,0.926704246,-0.290897222,0.009144785,0.130290632,-0.266716998,-0.44092733,0.025295118,-0.187902708,0.222407483,-0.069273962,-0.415113267,-0.24242934,0.331718381,0.558012604,-0.175301726,0.004811654,0.125569934,-0.445586651
POLRMT,0.322720378,-0.34782512,-1.003272348,0.060163355,0.279721445,-0.359826758,0.476417767,-0.149109432,0.135338162,0.658660727,-0.954429843,0.02973873,0.005157376,-0.583126889,-0.566811427,-0.295249567,0.319266193,0.878730507,0.010943464,-0.191502408,-0.618937531,0.539089504,-0.832893279,-0.188812811,-0.270702456,0.33317372,-0.687074287,0.715321026,0.013692098,0.033293796,-0.690601888,0.318834754,-0.645738395,-0.360837241,0.24591917,0.703982052,0.056090468,0.833803247,-0.586852333,-0.84289971,-0.286644798,-0.395005929,-0.30766677,-0.341368895,-0.280188239,0.211695041,-0.140090664,-0.340230591,-0.210084587,-0.297821514,0.721953254,-0.501082949,-0.408789292,-0.189516002,0.460848856,-0.310257356,-0.166669584,-0.523836957,-0.063651748,-0.433765819
EEF2K,0.293072486,-0.668155799,0.726014965,-0.620360177,0.161168959,0.014737791,0.485964002,0.125165957,-0.560706232,-0.563034715,-0.034075266,-0.410905352,-0.546483853,-0.297171394,0.616303216,1.391486714,-0.692118401,-0.444538857,-0.712141618,0.493012786,0.45647218,-0.546616649,0.330654083,0.216393921,-0.256211828,-0.081319481,0.475799099,-0.44329044,-0.39368931,-0.837434782,-0.086332985,0.57677804,-0.664451521,-0.034064942,0.082680914,-0.210828427,0.723785962,0.421048754,-0.833902907,-0.398893114,0.299593666,0.112129287,0.972285914,0.720326622,0.596712189,0.657675482,0.375433132,1.005754919,0.264240925,-0.257353611,1.461709989,0.271479481,0.19831447,0.209073539,-0.131681792,1.140858766,-0.026351518,1.015362997,-0.79688813,-0.164165148
SAP18,-0.748401787,0.374477379,-0.533110247,0.998511459,-0.456014497,1.689493404,-0.578159655,0.055966925,0.04388928,0.04462931,0.637343561,-0.96339932,-0.20773193,0.26661323,0.922711601,-0.248247818,-0.377679019,-0.705105448,0.418287008,-0.190080427,0.197732759,-0.361718544,-0.13768697,-0.549394428,-0.294118807,-0.928751352,0.711893668,0.276998849,-0.069260714,0.300872334,-0.363414011,-1.025442505,0.642648346,-0.663053249,-0.904475874,-0.132134788,0.047258279,-0.973564501,0.22700693,0.081234348,0.096914186,-0.281340051,0.175319543,-0.641698107,0.768586224,0.450741867,-0.17679907,-0.604621211,1.33315008,-1.027592787,0.012010667,-0.07585986,-0.549919085,-0.985442513,0.249625015,0.49535851,-0.367151821,0.284540017,-1.201399966,0.078505291
EML1,0.271874938,0.30417318,1.044857328,-1.090001569,-0.58890801,-0.692670306,0.82526251,0.585187243,-0.292207993,-0.97124457,-0.640941426,0.088842272,0.285909357,0.712742554,-0.521717708,0.307456997,0.770604405,1.987109497,-0.32306604,0.217107654,-0.262295995,-1.41105501,-0.337968341,0.116869948,0.26100137,0.478920958,0.510679613,-1.3973191,0.250332246,-0.273792215,1.191444732,0.596337495,0.994756822,0.069475872,-0.172135645,0.477593504,0.233043679,0.055463772,-0.174284773,-0.231941598,0.563696012,0.664416155,-1.190886907,-0.468454019,0.61705944,0.85884132,0.33385006,-0.907367082,-0.277374201,-0.012011246,0.166108253,-1.060765279,0.582436187,0.13624363,-0.641848975,0.664558218,0.178417658,-0.631163258,-0.113697126,1.382597548
IGF2BP3,-2.847884436,-1.17178908,-1.391394696,2.762454351,0.35506042,0.913216412,-2.177359921,-1.553847074,1.515165314,-0.771870459,2.154844553,-0.500671678,-0.335101548,-1.23806456,-2.671415274,-1.652742533,0.347705007,-0.463016725,-2.57823737,3.669438606,0.91299727,-1.365753763,-1.893016403,0.055820625,-2.333587276,-2.123255597,-3.071175619,2.659217203,1.158727369,1.512887434,-1.882870539,-2.005764957,-1.210147054,-1.834146986,-1.922070995,1.337260709,-1.367008366,-1.71058825,-2.077797519,-1.851673496,-1.678805581,-2.772066296,0.873560522,-1.939468707,-2.776342409,-2.323566684,0.285380988,-1.156930493,-1.29582224,-1.089263009,-2.195738445,-1.401345442,-1.740243751,-0.854776114,1.735224193,2.146438604,-1.975164874,-2.032074751,0.623158562,-1.485416112
DNM1L,-0.034533205,-0.403194159,-0.062081028,0.105735798,0.061101,-0.309746233,-0.292848105,-0.00331433,0.493894586,0.389040283,0.008629098,0.113336232,-0.030725177,-0.352205441,-0.419467915,0.299072803,0.580879702,0.824492978,-0.297019972,-0.282635651,-0.275773344,0.42567688,-0.48574247,0.255882545,0.264226747,0.006611849,-0.331320756,0.54672155,0.238993145,-0.338572312,0.260497786,0.11684008,-0.525359315,-0.098500995,0.317959957,0.164464277,-0.033067854,-0.433080524,0.056778626,-0.032175415,-0.005728974,-0.086208355,0.223995896,-0.00444711,-0.300692465,-0.041842596,0.450999372,-0.060799677,-0.086247715,-0.095821557,-0.07715875,-0.396679585,-0.167182013,-0.227569341,0.714364452,-0.102742326,-0.139851596,-0.260310978,0.354746029,-0.153117729
RTCA,-0.436910584,-0.391546483,-0.668793857,-0.057170197,0.497669169,0.012168203,-0.421973068,0.056162877,0.345017911,0.184644422,0.266685695,0.32292934,0.234752211,0.061455606,-0.062823528,-0.665485401,-0.195789638,-0.050761928,0.552021727,0.240192968,0.116491024,-0.217687027,-0.270250963,0.101254543,-0.263455675,0.043655215,-0.703735993,0.072382992,0.526114902,-0.169235362,-0.500669953,-0.567129267,-0.223212846,-0.181614957,0.093562711,0.57626368,0.174689198,-0.50317596,0.175830445,0.058342605,0.047716719,-0.623859389,0.244237588,-0.306642591,-0.382827546,-0.365818616,0.340762737,-0.179265225,0.094108331,0.281716683,-0.396124331,1.056780136,-0.299535313,0.054932554,0.322481201,-0.380081944,-0.03139605,-0.64659401,-0.304468184,-0.542024228
PIK3C2A,0.181873164,-0.308939201,0.0054367,0.24543829,0.252659198,-0.329925786,0.219489812,0.346127604,0.141287845,0.362680953,-0.076224318,-0.0907057,-0.387909865,-0.060436435,-0.195939556,0.1409652,-0.277761502,0.075721067,0.148895234,-0.098398716,-0.392847454,0.187153957,0.341571591,0.558328764,-0.090341093,-0.236594842,-0.307566639,1.417361259,-0.151244932,-0.110306523,0.41869714,-0.334964354,0.028482894,0.313440893,0.280629079,0.394237805,-0.329142565,0.150164372,0.496814092,-0.034641866,0.217926166,-0.151584002,-0.369311903,-0.113506027,-0.510878568,-0.341227281,-0.013958528,-0.205581237,-0.050901902,-0.311905222,0.205930013,-0.233426564,-0.310214063,-0.142747487,0.463824076,-0.403703943,-0.086273455,-0.056063591,0.301036393,-0.127359039
PIK3R2,0.579817222,-0.315080896,0.079937626,0.113109263,-0.069697668,0.223731378,-0.172074732,0.222164312,0.033918634,-0.000153323,0.099820652,-0.006164473,0.058771792,-0.678782255,-0.028872751,0.312747586,0.285902369,0.082318032,-0.039931344,-0.343491759,0.142810449,0.015147087,-0.111484496,-0.157412009,0.15987842,0.244949284,-0.240747224,-0.273547523,0.373953252,0.026993773,0.177270768,0.331389663,-0.358510969,-0.677500061,-0.286575876,-0.323421011,0.146186043,-0.414223853,-0.141646935,0.197267915,0.016179854,-0.111251531,-0.201780339,0.457195574,0.130153246,0.199734919,0.625270597,-0.218156416,0.03643543,-0.188021942,0.133124647,-0.008696232,0.144486309,-0.396090368,-0.103687683,0.011956635,0.159196967,-0.341969437,-0.211386725,0.073254623
GOLIM4,-0.094450817,-0.83811277,0.195147162,1.183477245,-0.648215408,-0.539522301,0.089170949,-0.171394574,-0.484146219,-0.544736507,0.585512697,0.233946275,-0.0936398,-0.663544648,-0.562408184,-0.277528977,0.012765262,-0.378289069,0.235690952,-0.301728626,0.414095062,-0.40855719,-0.033429019,0.536217969,0.003435507,-0.318371551,0.151519173,-0.452888678,-0.301593178,0.700234738,-0.211991157,-0.4162177,0.051060439,0.137621125,-0.885280786,-0.182743469,-0.045111806,-0.92891811,-0.2128856,0.517689615,-0.259220974,0.062075551,0.489156481,-0.214419701,-0.507477089,0.221797054,0.046642991,-0.485577494,0.054370769,-0.03470341,0.237940721,-0.085940331,0.111015423,-0.037801563,-0.412714396,0.22874672,0.293366605,-0.741246115,0.05569248,-0.600410008
MANBA,-0.020139086,0.202165186,-0.421977409,0.813147383,-0.500887148,-0.682465678,-1.072570814,-1.073245016,-0.335580445,-0.329024165,3.21689151,-0.368869725,-0.017252614,-0.861026349,-0.809866627,-0.516670642,-1.267968767,-1.342891998,-0.492425283,-0.199525438,-0.727138001,-0.098364959,-0.636115276,-0.518030062,-1.308988677,-0.330604988,-0.459868454,2.941601882,-0.459267171,-0.544501319,-0.125860947,0.11711592,-0.321932652,-1.295506616,-0.63505871,-1.081654269,-0.19746311,-0.450702049,-0.79881335,0.015871364,0.287828288,-1.043661288,-0.833489163,-1.188379092,-0.46205262,0.803724768,-0.321706974,-0.716359949,-0.172125236,0.087338375,-0.985106772,0.418035496,-0.784751674,0.049943498,-0.645437879,1.356355918,-0.151479022,-0.565138046,-0.489036607,0.279977834
TRAF5,0.457200054,-0.027522451,-0.116365456,0.297590531,-0.274761869,0.000707212,0.141953136,0.540213191,0.056509885,0.421254789,1.07443525,-0.048891818,0.054260441,0.255740638,1.051014713,-0.797576979,-0.259549098,0.720930883,-0.129159734,0.060908632,0.704867582,0.913994903,-0.021143813,0.071806991,0.512107754,-0.001879302,-0.82320432,-0.019211387,0.653359473,0.520933861,0.949100123,0.424170946,0.161593261,-0.071349553,-0.036420546,0.180261705,-0.852399156,0.081063848,-0.343955178,-0.323033552,-0.09774478,-0.060522816,-0.241659256,0.037732368,0.211641523,1.65226858,-0.608947352,0.14827252,0.291481551,0.036210121,1.261029175,0.046944844,-0.064478718,0.045064989,0.241746096,-0.029741338,0.18879113,-0.044506872,-0.07880605,0.161134122
AGRN,0.137541379,1.128429089,0.782262165,-0.687023715,0.707916108,-0.841819574,-0.359674491,-0.168938683,0.275241009,-0.771612244,0.293914348,0.531044326,-0.426349374,1.250258773,-1.076507783,0.030858911,1.193639087,-0.11761981,0.479010269,0.195475053,-0.693781672,-0.536815634,-0.34601782,-0.057727794,0.42720054,0.068085946,-0.231970831,-0.609508553,0.538302584,0.391336296,-0.051133521,1.678669495,0.092881708,0.079276252,-0.527101069,-1.003981506,-0.852790791,-0.023989168,-0.08374496,0.314867599,-0.152763702,-0.419700537,0.095392955,0.620173536,0.017435768,-1.150765422,0.106351458,-0.015495128,0.559418939,0.611274479,-0.801136234,0.048672493,0.410026085,0.739789237,0.251897371,-0.322360903,-0.261014397,0.147246807,-0.842380507,0.916646903
PLOD2,-0.715493191,-1.552373701,-1.827200308,-0.174448805,-0.141545655,-0.514760994,-2.001070511,-0.56239753,0.113373847,0.733117998,2.459582227,-0.985182115,0.25036202,-1.513847602,-0.468562123,-1.743122152,-0.263648133,1.041104121,3.038980806,-1.689248607,-1.34516853,-1.061974036,-1.712991706,-1.269166148,-0.917445927,1.50325085,0.949467635,1.622577187,0.629064824,-1.993676436,-2.128338968,-1.849186157,-1.4341559,-2.215715984,-2.042481778,1.413613562,-1.148429943,-1.883248223,-1.473499017,-0.419379886,-1.625645768,-2.122486839,-0.120308305,-1.858665819,-2.300168719,-0.490595065,-1.489728798,-0.057722161,0.405158143,-1.092837736,-0.37617606,-0.834640648,-1.494561988,0.686981507,0.140800343,1.377567937,-0.617119856,-1.629813998,0.883166825,-0.814789731
EXOC5,-0.171213745,-0.063316699,0.110828585,-0.181925556,0.039651742,0.154171723,-0.03039872,0.329389336,-0.121035865,-0.582580616,-0.121796713,0.286662246,-0.076308259,-0.084342406,-0.260884391,0.163288158,0.204992883,0.294829789,-0.268968228,0.759669775,-0.073212229,0.03851577,0.476336932,0.601710387,0.019476416,-0.201552668,0.106905156,0.128924675,0.340445563,0.228784149,0.485281039,-0.523789768,0.298450437,0.301736571,0.388668755,0.469160939,0.07434831,0.308928645,0.022617775,0.323876381,0.038074653,0.243894369,-0.410972609,-0.014815308,-0.102721633,-0.041601344,0.539421077,-0.212698992,-0.140706246,-0.215934835,0.115335833,-0.466026947,0.211337695,-0.326365239,0.370349209,-0.149435013,0.167027605,-0.106946148,-0.153252572,0.185063476
BTN3A3,0.490702445,-0.196261533,0.229259604,-0.559752149,-0.959344113,-0.005117046,-1.011752242,0.543596643,0.160346543,0.166985305,-0.170854541,0.42243195,-0.60629196,-0.099862403,-0.178370919,0.899133165,-0.21900026,0.02800305,0.207609143,0.017946216,1.444260567,-0.424401961,0.361984675,0.449210773,-0.317673954,0.19714366,0.466450486,-0.663317692,0.342308445,0.926997442,0.542755614,0.150240169,-0.471729415,-1.117572264,-0.002106636,-0.197266053,0.546402308,0.314872038,-0.219303711,0.051117938,0.20011923,0.311572303,-0.874744514,0.362168093,0.150974615,-1.269401049,0.208511254,0.601597123,-0.097768353,0.702236395,0.141705762,0.506439203,0.93988644,0.003912224,-0.110397638,0.379095382,0.884684819,-0.270850218,-0.359623392,0.825619743
HMGN4,-0.578513845,1.332057825,-0.174353022,-0.70389873,0.243816138,0.242323986,-0.075047098,0.607428631,-0.112691958,-0.729277261,-0.553288305,0.856436611,0.752029061,0.508708374,0.811818975,0.081780326,0.09109001,-2.022306596,-0.324714591,0.881957716,0.876270928,-0.276084664,1.505276794,0.981086116,0.521744435,-0.85200799,-0.639687218,-1.9518563,0.054016692,0.086635988,1.094194591,-1.095023113,0.01696234,-1.96095937,-0.940721675,0.075252411,0.838325808,0.150045237,-0.348450612,0.665241612,-0.188925042,-0.10494674,-0.628832735,-0.4756668,0.473070927,0.045033159,0.471966557,-1.192671837,-0.484789803,-0.212342569,-1.063812043,-1.191209363,0.750547656,0.443929252,-0.303977235,-0.402620863,0.8541168,-0.040035992,0.444393804,-1.800341327
BTN3A1,0.221270079,-0.679067867,-0.014952334,-0.539774803,-0.44509113,-0.303760643,0.239366766,0.579617737,-0.085230528,-0.067945078,-0.356288694,0.392186332,0.19619787,-0.721857222,0.204304567,0.08385717,0.132372348,-0.798316159,0.334068643,-0.013626009,1.652851001,0.099242713,-0.202215069,-0.142644473,0.361854608,0.110162942,0.869578907,-0.759085364,-0.102832992,0.9077658,0.254773319,-0.16447009,-0.600586869,-0.965379244,0.307663961,-0.070272406,-0.102686972,0.407790452,-0.278792074,0.78106087,-0.134977774,0.315702811,0.32695138,1.369168242,0.423982926,-0.090880168,0.77254519,-0.070933965,-0.531433172,0.018253785,-0.293512003,-0.082206634,0.646052614,-0.381110993,-0.678212669,0.021794562,1.029723153,-0.81847093,-0.06746117,0.195015075
NDUFA4,-0.149240165,0.079658469,0.991758952,-0.254183346,-1.113012895,0.091710772,-0.408770052,-0.749798966,-1.295471072,-0.238584353,-0.114428575,0.464708818,-1.305777751,0.462849393,0.132397986,0.129054319,-0.876134659,-0.307542048,-0.900985652,0.600613335,-0.12741264,-0.716941151,1.138526853,0.572881128,0.58786347,-0.410203723,-0.21967324,-0.280413353,0.031685971,1.701179105,1.024914018,-0.176575361,1.917546078,1.085943674,1.302253667,0.31672791,-0.021165222,1.344223316,1.458451736,0.225882385,0.449701813,-0.298262599,-0.862846131,-0.182920327,0.378978232,-0.813092487,-0.062378121,0.442046513,-0.981824959,0.252991901,0.412708823,0.374399221,1.107680275,-0.861366891,0.110425671,-0.145210909,-0.226528112,-0.399464409,0.294865656,0.765357296
PSMD14,0.092465895,0.07847793,-0.078757652,0.290908401,-0.149622328,0.109548335,-0.174223849,0.031808558,0.288956375,0.368041663,0.492105377,-0.288985648,0.02575783,-0.127105896,0.033175991,-0.002928167,-0.228487136,0.078163892,0.160207495,0.153596481,-0.167110723,0.267759356,-0.057747879,-0.269538993,-0.001145338,-0.091631373,0.144634489,0.394518112,-0.051321144,-0.060780071,0.058998221,-0.301893809,-0.076839908,0.314613508,0.178436933,0.252192174,-0.103293783,-0.193461292,0.155724451,-0.155362343,-0.042015371,-0.162948177,0.137505221,-0.190628681,-0.107782126,-0.051588056,-0.064625833,-0.076793054,0.12960789,-0.026546935,0.224799613,0.043046381,-0.434114923,0.005305397,0.386928529,0.154345004,0.067361085,0.079571654,-0.214067327,-0.029263058
BIN1,0.160985577,-0.849080586,0.309536311,-0.144699947,0.015791902,-0.450381118,0.435942799,0.314625951,0.214950957,-0.140500546,0.000838651,-0.059163426,-0.00141307,-0.857386511,0.32301233,0.251277737,0.192831718,0.425729391,0.562074378,0.119332972,0.315601586,0.081727846,0.355700855,-0.126058106,0.622050296,0.835432991,0.081926189,-0.059461299,0.526839172,0.376136433,-0.038924372,0.55836998,0.172896674,-0.397544919,0.656252828,-0.470132697,-0.698472544,-0.099129296,-0.581492999,0.53123231,0.463038525,0.572320876,0.123500334,0.187736595,0.312157263,0.704258442,0.159881149,0.285159828,0.001624146,0.112025022,0.062255423,0.626560651,0.419349208,0.089410776,-0.965688306,-0.01726265,0.414241496,-0.623845269,-0.538453257,0.437624158
KPNA3,0.622357266,-0.309360198,-0.156096368,0.640674006,0.166997277,0.2690728,-0.815367058,0.33264093,0.002455736,0.138280236,-0.230542794,0.062208277,-0.050592861,0.088478709,-0.662011902,-0.235844737,-0.003051845,-0.206206623,0.518373374,0.341290835,-0.083275054,0.659544092,-0.213929644,0.111257767,0.406301492,-0.26564719,-0.544644156,-0.287788478,0.308103594,-0.375707957,-0.48166159,-0.732817897,-1.01611791,0.275822129,0.06822943,-0.585510734,0.048517088,-0.133560668,0.421004393,0.137950626,0.034760145,-0.503723021,0.23160086,-0.449253056,-0.41670411,0.092808001,-0.128133469,-0.000586462,0.477879243,-0.289059056,0.362832205,-0.221371341,-0.147985992,-0.19485424,0.480090506,-0.150584824,-0.099053764,0.311930886,0.000802342,-0.131722054
STK25,0.318916628,0.67292723,0.334449406,-0.200017521,-0.551489071,0.049231099,0.377933876,0.064160217,-0.580628809,-0.447380439,-0.220818123,0.156617423,-0.144098677,1.103929078,-0.05242069,0.704399751,0.33071611,-0.099832308,-0.212398648,0.601191194,-0.455565297,0.952112652,0.21510487,0.35151005,-0.063342721,-0.022887026,0.260623755,0.2559505,0.589538456,-0.036761564,0.789595039,0.167802352,-0.17784398,-0.098849776,0.057625384,-0.109759172,-0.467608799,0.480059747,0.587676261,-0.29508375,0.962044558,0.047287466,-0.418510523,0.612640532,-0.963184281,-0.310414838,0.34515672,-0.063568315,-0.504321628,0.074014693,0.269188414,-0.517456031,0.359025247,-0.285849614,0.51494063,-0.542343604,-0.317962444,-0.412207559,-0.065519967,0.023550363
USP9Y,-0.010106501,0.678857858,0.318266615,-0.376601318,0.200391213,0.395199393,0.437687453,-0.225354946,0.14391093,0.017257424,0.446769616,0.076776742,-0.218347263,-0.030499144,-0.382403269,-0.164475157,-0.586647878,0.677694086,-0.32484009,0.0062802,0.628027597,0.282470794,0.267141175,0.90667188,-0.369965849,0.205512145,-0.768333904,0.531800375,-0.451967427,0.318634518,0.675554963,-0.253472239,-0.228143353,0.014706396,0.189845808,-0.514548249,0.302682705,0.966179937,0.158815434,-0.659880209,0.167597018,0.036211857,-0.30606659,0.168559706,0.079230031,-0.109130909,-0.09968676,0.30761217,-0.35931026,0.129017925,0.527797575,0.154369047,1.723301743,0.156495639,0.23803053,0.58075358,0.295714364,-0.15608918,0.788753769,0.165270363
LAD1,-0.299329526,-0.195334513,-1.071084444,0.192070021,0.314743757,-0.585515526,0.881696684,-0.759820444,1.390810786,-0.249733885,-0.182704793,-1.338881969,0.368649208,-0.839898804,-0.442537901,0.668919633,-0.45870385,-0.852182847,-0.249583733,-1.234852065,-1.957863251,1.202116688,0.902103649,0.424466649,0.472542317,0.472164509,-1.041550624,-0.924038336,2.615853904,0.061356375,-0.413569197,-0.014583826,-0.795045845,-0.727850089,0.541210355,-1.410863414,0.457978072,0.528547686,-1.228176638,-0.371344543,-0.55921873,-0.488586707,-0.181353682,-1.388185857,-0.170389561,0.277451036,1.779251399,-1.18154253,-0.696945672,-0.401154399,0.305459717,-0.377009918,0.068782791,0.990486769,-0.225316571,-1.217934458,-1.319653857,0.180965076,-0.970008096,-0.756182256
FAAH,0.009164232,0.194043082,0.60034484,-0.885327123,-0.223109145,0.913522991,0.41208765,0.64043038,-0.894125765,-1.504096428,-0.583133353,0.292654668,0.58750401,-0.100635284,-0.596833702,1.151132758,0.647481414,-0.203395369,-1.469493953,1.893149745,0.237157569,0.104628674,2.339996577,0.798601437,-0.013821617,0.472498328,0.19682193,-0.908079705,0.066867064,0.458706151,0.754993703,0.127865964,0.816448397,-0.167030056,0.670352281,-0.251989797,1.719980101,0.892022312,-0.554935409,-0.532788782,-0.513862885,1.359041788,-1.054628678,-0.552529113,-0.165822718,0.504271171,0.308017795,0.897555038,-1.056465514,0.673564039,0.024816106,0.231503353,1.673471461,0.108759571,-0.505133775,0.095501131,-0.202155179,0.013992997,-0.204552739,0.025512778
KRIT1,-0.405804209,-0.299353677,-0.250977376,-0.260078376,-0.024124465,-0.665001079,0.466168147,0.176287095,0.328179907,-0.467564368,-0.043835375,-0.092187099,0.098002394,-0.255390953,0.219011563,0.302606178,0.53767425,-0.750333404,0.337609166,-0.454211601,-0.157496982,-0.519599522,0.825173244,0.253122575,-0.046853416,0.222835196,-0.516775828,-0.277048828,-0.351606855,0.066266716,0.706871731,-0.473681445,-0.254434548,-0.773967961,1.283883654,-0.236930156,-0.431156537,-0.240600178,-0.013063855,0.243485279,0.969352858,-0.297300813,0.347248411,-0.183025582,-0.049867013,-0.190399986,-0.44260072,0.400226973,-0.289873766,-0.095523901,-0.31792563,-0.47755902,0.106344617,-0.378232511,0.066592005,-0.897546132,0.172154109,-0.351071158,0.089357707,-0.588270393
CHL1,0.155034318,-0.47370658,0.393571831,-0.443863917,-0.096379769,-0.072708217,0.858021645,0.366949928,0.313549738,-0.197387556,0.854506275,1.845414616,0.308573743,0.011232132,0.352741969,-0.316757926,0.086694786,-0.036617723,0.255434606,2.660989663,0.865706712,-0.223369279,-0.234787774,-1.224396611,0.222271489,-0.115953931,0.164056231,-0.457674757,-0.069811054,-0.231410349,0.186442408,0.088270638,-0.245038667,-0.498278906,-0.264980313,0.24275733,0.087281267,-0.321946692,-0.073759764,0.216233882,0.171432277,0.01381523,0.090617526,-0.21061331,0.474184204,0.186371919,0.206183106,-0.202695728,0.722231306,0.439935757,-1.266656176,-0.240875341,-0.560285342,0.152158074,-0.183713065,0.406434078,0.196806078,1.18709855,0.684600226,0.586320136
VWA5A,-0.17462925,-0.237428973,0.239770615,-0.964991038,-0.252676109,0.214719775,0.440110816,0.543236094,-0.344296027,-0.554895426,-0.030587349,0.362803658,0.505006523,-0.442792881,-0.099423099,0.132296435,-0.28479872,1.030330631,-0.249109565,1.57543601,-0.018051935,0.011931527,-0.412274563,-0.221299082,1.090043847,0.319448589,0.239849513,-0.547913648,0.686571971,0.061985151,-0.126916706,-0.160041363,-0.570494995,0.628182667,0.727610665,-0.079956636,1.093123468,-0.241467196,0.128482,0.493252064,0.186002162,-0.362257747,-0.027781625,0.106726323,0.966389233,0.074542163,0.385114091,-0.426838722,0.012993877,0.171766958,-0.059499368,-0.018692265,0.410900938,0.020131607,-0.253350909,1.266742562,-0.113659305,0.069763969,-0.468657347,0.812510396
PES1,-0.177751571,-0.522966744,-0.721889948,0.674748719,0.372987426,-0.044774284,-0.283676345,-0.312170169,-0.361529281,0.205993091,0.102675988,-0.602291383,-0.470164837,0.215344744,-0.444850609,-0.299748511,-0.235060118,-0.169572564,0.139773808,0.264491071,-0.308680772,0.447601303,0.255491438,-0.247665838,-0.087875379,-0.265893365,-0.68770891,1.206487017,-0.316556284,0.184710299,-0.913551113,-0.654004425,0.121341446,0.119164622,-0.052242904,0.115023442,-0.163986125,-0.337846051,-0.694901039,-0.240528824,-0.579781606,-0.768139405,0.515414492,-0.634895728,-0.743315089,-0.346818869,-0.50291722,0.289633816,0.66438516,-0.687436634,1.253913375,0.100855208,-0.223245697,-0.631559999,0.512314514,-0.692764067,0.092876319,-0.235770194,-0.221730098,-0.46913904
EBAG9,-0.4426073,0.262725566,-0.451546949,0.427184786,0.364835152,-0.3087656,-0.282803751,0.023214089,-0.142569007,0.680040905,-0.293351241,0.326996041,0.115441713,0.781430859,0.360161447,1.02385486,-0.08475867,-0.022971774,0.065119017,0.274498507,0.532625197,0.701098556,0.440200472,0.358399192,-0.04444958,-0.337797039,0.001419894,-0.350501088,-0.470178205,0.267939839,0.211106126,0.145414795,0.583957359,0.017897567,0.201967576,0.239681861,-0.181142712,0.406123768,-0.323870094,-0.399063648,0.294916973,0.263689199,0.523000445,-0.136829067,-0.331649404,0.497752775,0.088953649,0.706705231,-1.56681,0.426995445,0.597810197,0.157442389,-0.199231098,-0.173366084,0.769423882,-0.379071897,0.503877303,0.697387395,0.344193612,-0.226930557
SDCBP,-0.314069253,-0.227982054,0.137266505,-0.327390231,0.110921936,-0.328873003,0.205870188,-0.276125767,0.330652158,0.070974016,0.074858028,0.207018352,0.041333895,0.069009942,0.01484077,0.153607684,0.129662032,-0.430951181,-0.088400291,-0.099370568,0.26349644,-0.483147889,-0.210238059,-0.161797542,0.087600088,0.152928107,-0.349428809,1.738672088,-0.132623708,-0.239861787,-0.772889004,-0.122106038,-0.242473103,-0.580141674,-0.016836633,0.018364891,-0.240856436,0.307484214,-0.396090201,-0.302343644,0.351930084,0.153319372,-0.159524914,0.504077074,-0.877248974,-0.247961758,-0.25614662,0.242936517,-0.030253286,0.279090066,0.402283856,0.020340356,0.094172905,0.62517131,-0.082999399,0.62776269,0.061208817,-0.49419574,0.413666469,0.13165195
PITPNM1,-0.043976026,0.006979333,0.356588656,-0.609897296,-0.012312532,-0.079573253,0.217621518,0.34139542,0.688315793,0.169570886,-0.323133964,-0.148016407,-0.130848379,0.1017872,-0.273655417,-0.352613768,0.574312606,0.468806107,-0.230385687,-0.042013768,-0.097669168,-0.731968355,0.067181537,0.016788048,0.237760991,-0.560078448,-0.250845207,-0.61466782,0.219894021,-0.062703496,-0.362873662,0.179590902,0.201920356,0.042646165,-0.112450528,1.268330411,-0.104023412,-0.454973304,0.588596371,-0.232189814,0.031892422,0.406956622,0.786105505,0.284720275,-0.207753589,-0.014314435,0.068720636,-0.669550753,-0.135441915,-0.51089856,0.067832755,-0.838053266,0.072158218,-0.424511836,0.710411819,-0.326052709,0.21850074,0.212557786,0.20980579,-0.240535299
MPHOSPH10,0.410608199,0.038797983,-0.410827417,0.998492459,0.089469682,-0.413181076,-0.212385156,0.131111745,-0.388019465,-0.349899186,0.197726267,-0.502927064,-0.350195647,0.144188865,-0.117903531,-0.328824107,-0.10733043,-0.035012833,-0.117158956,0.616152131,-0.292670731,0.194071056,0.186947565,-0.079875262,0.130164779,-0.074099781,-0.639243548,0.010900233,-0.281720343,0.379078783,-0.440415459,-0.347024159,0.075707182,0.476288257,-0.094906562,0.0068834,0.057612789,-0.499387016,-0.853716885,0.107896344,-0.549110098,-0.709370188,0.021277038,-0.35747093,-0.295544956,-0.884144211,-0.835382138,0.261219736,0.296767516,-0.515678213,0.975911825,0.25845386,-0.146579301,-0.233521633,1.015294379,-0.591594758,0.351401275,0.318149347,0.125108838,-0.320990137
NOP56,-0.112758834,0.799699852,-0.193222254,0.342123193,0.245437576,0.713050737,0.388913713,-0.146409667,-0.656960481,0.227092729,0.114768222,-0.34097109,-0.021007201,1.171661339,0.497445062,-0.14932134,-0.033610049,-0.032982662,-0.06568365,0.36876048,0.026602791,0.222681979,-0.079584165,0.127460309,0.106966725,0.02842565,-0.141137059,-0.160753425,0.098191269,0.378511272,-0.408851128,-0.01638567,0.435156263,0.468879995,-0.408373022,-0.037951712,0.188467008,-0.140153105,-0.279883912,-0.025028858,-0.234009788,-0.055058159,-0.153315081,-0.405044133,-0.126771942,0.019078733,-0.279857334,0.066330364,0.26648484,-0.321460096,0.718076751,0.014776621,-0.036955167,-0.120038064,0.532222941,-0.490410065,0.210920818,0.552117257,-0.179712262,-0.174512778
DDX3X,0.292729948,-0.388561053,-0.194025291,0.290055036,0.315893346,0.12447077,-0.055920171,-0.076064454,0.439491517,0.796451375,0.422022495,0.117883258,-0.071319047,-0.232826206,-0.179429732,0.461019283,0.456133939,0.343359924,0.031688827,0.182765814,-0.039721117,0.340706955,0.16299554,0.458366942,0.196345429,-0.092536575,-0.170220717,0.649158299,-0.092395876,-0.146585848,-0.233763012,-0.217623668,-0.251189515,0.298589305,0.039315615,0.439751794,-0.303121902,0.055162503,0.296495518,-0.156492207,0.214887808,-0.37641203,0.803159781,-0.038501355,-0.329041495,-0.281821114,-0.210641673,0.270445545,0.339919344,-0.401046657,0.385768605,-0.200956294,-0.389942458,-0.586648379,0.410481851,-0.074493328,0.028482054,-0.695653587,0.273566655,-0.333381131
MFNG,-0.934243063,-0.736959845,0.658479892,-0.626123554,0.354435528,0.115829989,0.430597372,0.638044029,-0.86476257,-1.434782707,-0.595628251,0.421321729,0.869091686,-0.516578011,0.836217879,0.579415286,2.028516349,-0.72268118,0.169715953,1.793000598,-0.054868135,-0.948221055,0.050503465,-0.254239852,1.148512843,1.359931816,0.364549379,-1.327157618,-0.08018718,-0.274358772,0.779994888,2.368698492,-1.526694488,-0.943754747,-0.6047429,-0.531478171,0.812481486,0.188087959,-1.323556735,1.267614446,0.049529007,-0.748675003,-1.093786205,0.63000418,-0.120070015,-1.654827818,-0.556123879,-0.22798338,-1.23248405,0.823921835,-0.191663389,-0.177900525,0.213483059,2.899453067,-0.501267262,0.55463486,0.518714141,-1.545291745,1.736743898,0.92593014
PODXL,1.497506026,1.383367761,-0.767071509,-0.81295636,-0.70951532,-0.359091879,-0.051645337,-0.026859067,-1.320336438,-0.79804949,-0.434516121,0.167011646,-1.47395514,1.688478352,-0.704357602,-0.065163979,1.526049023,0.558625601,-0.364840707,-0.267499131,-0.570832125,-0.819292758,-0.538636211,0.035698231,0.502012913,0.117683669,1.331421475,-0.307189629,1.692729177,1.412290257,1.219180148,0.180598912,1.82724412,0.583228361,-0.143666211,-0.078644731,-0.253858754,0.564471621,0.166496081,-0.959565778,0.369023893,1.015769765,-0.344087027,-1.409191443,0.410765753,-0.977989112,0.171402442,-0.490147131,-0.20044687,0.127549472,-0.564272722,-1.135881853,1.023174688,-0.027349934,1.228159571,0.353053434,0.370910449,-0.265579128,-0.254403591,1.988753653
FCN1,1.717443429,-0.660136006,-1.464848548,-0.742749926,0.101306864,-1.910969735,-1.044266789,-0.9797786,1.362267534,0.167455428,-0.571355449,0.276091937,-0.799360761,-0.844684313,-0.553490667,-0.983398459,0.031017073,-0.403505138,0.188905698,-1.278769729,0.156537554,-0.574592617,-1.076816141,-1.047896719,-1.281309837,-0.93036052,-0.285897293,1.181619753,0.005029633,-1.500637675,-0.269644918,-0.757000425,-0.241587502,-0.018701301,-0.89972664,1.654817589,-0.376762628,-0.434362327,0.605730864,-1.445458405,0.39731402,0.199212635,-0.216170867,-0.101002955,-0.267948445,-1.058608231,-0.185183351,-0.674046786,0.486459344,0.719890759,-0.704482172,-0.420169145,-0.355661678,-0.037596018,-0.446530787,-0.582918299,2.114350458,-1.094368777,-1.49785432,-0.155756809
CYR61,-0.165753316,-0.437239988,0.845832969,1.046778302,0.028089376,-0.167170487,-0.862115544,0.214460823,0.301210289,-0.478428423,-0.058792835,0.430570129,0.579491766,-0.728223658,-0.056955668,-0.554741923,0.203951009,0.008487359,0.627062375,-0.168844667,-0.521322734,-0.571183579,-0.715665584,-0.321709401,-0.161049993,-0.455832076,-0.043781586,0.153960762,-0.222223451,-0.536569829,0.01824361,-0.033578304,-0.188411263,-0.953554379,-0.182896525,-1.086342168,-0.267342061,-0.9170377,-0.344870167,0.759629145,-0.194621109,-0.413154745,-0.877580842,0.111286009,-0.164569731,0.241593905,0.387145259,-0.637628794,-0.46744769,0.792441202,-0.464117233,-0.20664136,0.23110621,0.573543857,-0.310844455,-0.037161556,1.010180867,-0.629581352,0.972594332,-0.304700558
PIR,-0.849080715,2.604279436,-2.531690468,3.445994508,-1.787247533,-0.929420198,0.055564139,-1.247222291,1.75150339,-0.553165492,3.063317028,-1.65033937,-0.496359338,1.253980644,-1.795393298,-0.953229114,-3.047433408,1.38429087,1.175787906,-0.249670718,-1.019551137,-0.221007892,-0.700685137,-1.463644393,-1.834441841,-0.496314022,-0.558943979,2.341831753,-1.757648051,0.963821134,-0.433171451,-1.093119648,0.172852605,0.742039312,-1.777308494,-0.707590156,-0.454130429,-2.594107561,-0.456083767,-1.803034656,-0.078436573,-1.97255531,-0.465183967,-1.4521508,-0.200985394,0.673095019,-0.229128095,-1.492916758,1.583482387,-1.100923645,-1.156950738,3.494996655,-3.094280224,0.771149465,-0.074629684,-0.19677941,-1.05610214,1.219405694,-0.447467665,0.362667298
KPNA4,0.348107528,-0.514606528,0.226808268,0.21889681,-0.16830677,-0.063150413,-0.325386489,-0.284449316,0.123872624,-0.096600767,0.723479351,-0.118577685,-0.582070898,-0.826351879,-0.142984129,-0.147141069,-0.190891514,-0.336947983,0.385244905,-0.220037936,0.170837327,0.46271586,-0.214378351,0.84542193,-0.1068619,0.34800385,-0.384127527,0.410825524,0.451723635,-0.10027145,0.179289588,0.189145415,-0.410343892,-0.000318936,0.048759811,-0.214707129,-0.534857538,-0.155933439,-0.097469746,-0.502212157,-0.071951842,-0.08268229,0.332791453,0.24024114,-0.22949217,0.084300145,0.215644409,-0.032887011,0.442438986,0.000931598,0.092220392,0.322760467,0.016387397,0.285335519,0.21331199,-0.800038589,0.43345175,-0.034089369,0.25874608,-0.232166705
TRIM38,-0.30378286,0.846941611,-0.061237278,-0.357840493,-0.592523441,0.169736409,0.200324601,0.182937688,-0.503699897,-0.547263317,0.21749158,0.173947252,0.540211661,0.267913407,-0.596540013,0.486640963,0.168285693,-0.805989202,-0.116324812,0.270303084,0.150076153,0.061194647,0.192397682,0.711694636,-0.076519785,-0.019195735,0.23651602,0.243697183,0.169885409,0.13277226,0.681096593,0.034224155,0.483691649,-0.318342747,0.387281406,-0.3363294,0.851207792,0.299010165,0.087673269,0.890022601,0.188571877,-0.084281976,-0.49377654,0.065020096,0.613183885,0.03586901,0.329098442,0.185971215,0.127613365,-0.123757466,-0.165285441,-0.042558887,0.234492254,0.016164066,-0.075152099,-0.012764244,-0.06779435,-0.015301992,0.031720789,0.023205177
NFIB,0.400050365,-0.228782031,0.379091775,0.054230738,-1.290932622,2.322959516,1.156099999,-0.018215257,-0.433722587,0.10184108,0.949276924,0.247837772,-0.132547695,-0.116682971,0.173595416,0.581601939,0.070096643,-0.522579528,-0.453551404,0.667763948,1.311800158,-0.032376412,-0.367951109,0.054923589,0.122708121,-0.130653989,1.061832284,-0.575823257,-1.151011682,0.035260142,0.132286874,0.50468399,-0.104145722,-0.291939053,-0.435463424,0.042381735,0.664623098,-0.185275851,-0.129875479,-0.018406241,0.32556628,0.256030963,0.18259531,-0.050340343,0.797386449,0.066536626,-0.128853302,0.454170121,-1.032383285,-0.02517731,0.588896028,-0.017401699,0.844623932,-0.003466505,1.115052435,-0.066234465,-0.147536832,1.152948376,-0.388456214,0.580775554
PPP6C,-0.272117605,-0.142917522,-1.06519121,0.319286711,-0.311228282,-0.527544322,-0.685180734,-0.091391612,-0.044789553,0.484821449,0.948608231,-0.785423855,-0.355892824,-0.553123157,0.565724018,-0.558898236,-0.250515658,-0.084373168,0.300729039,-0.832982179,-0.691311442,-0.41410452,-0.502766718,-0.608689895,-0.588249319,-0.530719193,0.198888657,0.65811681,0.090356133,-0.265627082,-0.26482177,0.095146686,0.611360291,-0.602792588,-0.48302155,-0.318213649,-0.396353157,-0.30992659,0.068926639,-0.54235538,0.342312601,-0.346473633,-0.012874782,0.132485158,-0.44449324,0.565804908,0.047277122,-0.654123914,0.35032336,-0.164450641,-0.308598215,-0.105003611,-0.012188447,-0.153437445,0.768994161,-0.21014999,-0.214381227,0.175650147,-0.889765355,0.607725851
CES2,-0.40823541,0.328581731,0.167909979,0.335926979,-0.30644093,0.190868457,-1.337821044,-0.131294455,0.317933623,-0.113285097,-0.28389737,-0.031897783,-0.035060628,0.031346462,-0.176091501,-0.388610634,-0.854420753,-0.12454224,-0.664989884,-0.014398104,-0.474308498,-0.409662276,0.328718034,0.172836032,0.021908807,0.170445838,0.205492224,-0.223164499,0.225732184,-0.156021649,0.034845205,0.623341031,0.085593729,0.217540446,0.616145723,0.127978825,0.361301371,-0.227734325,-0.764890103,-0.921408465,-0.503097716,0.290641517,-0.446903114,-0.033678174,-1.142150596,-0.741080211,2.075386913,0.1588971,-0.405077856,0.220336307,-1.076725963,0.17840552,-0.575169444,0.270401844,-0.30765595,0.368513977,-0.030187276,0.500402584,-0.229060723,0.278637191
PIK3C2B,-0.531105033,-0.474542134,0.280935354,-0.092363998,-0.028547619,-0.70043368,0.206213439,0.363114252,0.284252265,-0.400918817,-0.757865565,0.076348087,-0.328546344,-0.679895277,-0.512612576,0.353516061,-0.479388393,-0.251236533,0.310032576,-0.8659559,0.072003485,0.056191907,1.828934916,0.9487233,0.297937358,-0.669334541,-0.490458682,-0.040260852,0.513941336,0.040654323,0.510836029,-0.295777538,-0.016871209,0.010731956,-0.436591304,-0.328152038,2.918279707,-0.626669177,0.597814664,0.25223634,0.700558855,0.964817514,0.366613249,-0.171964409,0.503921165,-0.170472744,1.659670553,0.214244242,0.08157358,0.158443108,0.427879092,0.330272264,0.188971831,0.170227817,-0.51903911,-0.692279815,-0.275089111,-0.749223807,-0.952697563,0.271359686
MAN2B1,0.052867637,0.185497801,-0.418139703,0.72724856,-0.208351154,-0.167343976,-0.321894479,-0.23486523,0.119739229,0.162768668,1.335389961,-0.497654962,0.623036084,-1.490039659,0.939761545,-0.486589824,-0.611897447,-0.679433964,1.059899616,-0.928601566,-0.637945286,-0.698430096,-0.6259744,-1.062092247,-0.834820554,-0.478703822,-0.281557749,-0.42519996,-0.159938201,-0.649003663,-0.842731805,-0.246810806,0.238390559,-0.892280457,-0.599458405,-0.713018312,-0.19324266,-0.282662333,-0.291485973,-0.008561203,1.169620012,-0.755858564,-0.095364262,-0.308877454,0.293730526,1.258589424,-0.385868684,-0.210298401,0.028558814,-0.061091352,-0.455678895,-0.094108539,-1.040733923,0.045458477,-0.052218776,0.47903128,0.256497411,0.266119325,-0.825892647,0.650696304
FBP2,-0.422353674,1.341935484,-0.555854806,0.117012094,-3.736389301,-0.913900109,-1.723890345,-0.463465863,0.099029242,0.178699967,0.951866293,-2.052137304,0.752245558,-0.364968854,-0.278577905,0.179817802,-0.345800749,-1.685634663,0.850068777,-1.795514341,-2.751853347,-0.525363466,-0.048741489,-2.008160461,-0.654409869,-1.637539952,-0.680889044,-1.00263679,-1.753161701,-2.988252304,-0.814607789,0.539370335,0.940439999,-0.367752643,0.293996246,-0.574463192,-0.766883538,-0.42794577,-0.606301272,-0.578731266,0.660692504,-0.603150053,-0.532165964,-0.494658543,0.214843487,0.364758613,0.287228579,0.552912507,-0.501576843,-0.015472978,-1.3197191,-0.253193745,-0.475456037,-0.605185261,-0.246958195,1.665429019,0.316328876,0.148154669,-2.461976147,-0.225108478
UBE2C,-0.081145661,-0.929176853,-1.682621869,0.758574504,0.17784284,0.816617801,-1.572718361,-2.057739759,-0.083428554,1.285631643,0.196663741,-1.013969329,-1.793846964,-1.234735765,-1.128676896,-0.900121215,0.029422525,0.251806215,-0.503184656,-1.470775738,-0.553080798,-0.708749332,-0.768521117,-0.911502551,-1.809410459,-1.619664905,0.416177435,0.789594701,-0.150862187,0.467313997,-1.341021702,-1.16711959,-0.786629328,-0.931790755,-0.741078235,1.687728416,-0.479962729,-1.470972757,-0.938867608,-2.049621306,-0.676735021,-1.224535767,0.512047203,-2.030552476,-0.751059949,-0.936748669,-0.834030409,-0.949510226,0.331300061,-1.319269579,0.856727721,-0.640938284,-1.40744752,-0.863588847,0.57724082,1.51387711,-0.1929817,-1.755465757,0.264681375,-0.932893454
PDXK,-0.612210219,0.176661749,-0.529129586,0.395163242,0.131071116,-0.513140365,-0.449645307,-0.849679326,-0.019913206,-0.281417927,2.33123441,-0.556365081,-0.080466385,-0.6136958,-0.136367116,-0.532607191,-0.263496007,-0.958192259,0.353421566,-0.978372806,-0.2302486,-1.008363024,-0.613920251,-0.649203991,-0.755525656,-1.094829245,-0.512090921,0.575785985,-0.230516035,-0.801951469,-0.078106994,-0.651202427,0.378864467,-0.775484254,-1.072978223,-0.651538809,-0.393739602,-0.654757271,-0.307521901,-0.708694325,-0.582833191,-0.183064366,0.058063265,-0.103104957,-1.170507607,0.045836851,-0.112111358,-0.268773468,1.030995428,-0.434814347,0.225743686,0.409849254,-0.576553072,0.049442773,-0.336267692,0.567347426,-0.345613528,0.607995491,-0.144732743,-0.62606595
SCD,1.308914286,-2.030367075,-0.570876254,0.932108537,0.105907093,-1.198006794,-0.774532038,-0.422408423,0.154912585,1.255978172,0.29492786,-0.593167566,-0.857291538,2.784423024,-1.099284343,-0.572917369,-0.276036179,-0.31798542,1.082649322,-1.140566991,-0.141072535,0.386335207,-1.632701173,-2.156337652,-0.074756856,-1.545322154,-0.180404812,0.914031769,-0.219236528,0.262242939,0.413934747,-1.360024944,-0.174276393,3.165836933,0.06554336,0.645567049,-1.931479056,-0.747927863,-2.501700369,-0.560769422,-0.967082346,-0.436161161,-0.478435987,-0.553353469,-3.413426613,-1.90699819,-1.274678858,-1.379210769,0.276228668,-0.610152425,0.628127914,0.050089196,-0.751573152,-0.208375,-0.211272317,0.170881061,5.9e-05,-0.43041022,0.725675617,-0.452763925
CLDN4,0.220907745,0.386707418,-0.325747276,0.50845054,0.531399833,0.130118251,0.126372176,0.227536837,-0.608750723,0.164046169,0.206297553,-0.234204281,-0.54744463,0.65757962,-0.073023232,0.118982655,0.027507638,-0.308931054,0.000677882,0.341096091,-0.602357691,-0.458617028,0.33260323,0.833331674,-0.192086289,-0.033406552,0.264877722,0.35558306,0.747279045,0.156046039,-0.271085184,0.267146082,0.225112547,-0.478441659,-0.115894436,-0.353194427,-0.06099704,-0.528210997,-0.204754522,-0.034988935,0.119585387,1.263140751,0.013949068,0.079033353,-0.012176686,-0.896258903,-0.142294376,0.016694446,0.878379855,-0.157689479,-0.797914397,-0.061101945,0.003787717,-0.323633463,0.030281296,0.371964366,-0.016315874,-0.527832387,-0.199506461,-0.14533799
PLPP3,0.266909293,0.565382852,1.70366275,-0.643951211,0.291533543,-0.182988605,0.190201787,0.147577816,-0.134313769,0.182216571,0.031905369,1.191537537,-0.1735073,1.01339926,-1.005994514,0.069877958,0.038545105,-0.596911994,-0.117020543,1.331167627,0.542437085,0.359447499,-0.213855352,0.453233487,0.520833571,-0.097104302,0.848035672,-0.204911017,-0.330149884,0.259283416,0.795726979,0.075801748,-0.0134531,-0.349629561,-0.447296221,0.661411549,0.537953518,0.034364739,0.355609882,0.509964383,-0.248874646,0.248023774,-0.115457483,0.09505338,0.553095077,0.080929141,-0.027703259,-0.223345293,-0.426886231,0.341894438,-0.286422424,-0.568918878,0.469624782,0.1425013,-0.003738112,0.275469572,0.197818031,0.119268842,0.414739284,0.205571769
ARID1A,-0.246654331,-0.037118729,0.271646346,0.559554035,0.082941969,0.946218787,0.232168412,-0.026420171,0.036271055,0.284614449,0.603529216,0.006106476,-0.203240869,0.526509722,0.034053132,0.454659792,-0.344299929,0.350619227,-0.228264267,0.42360189,0.521394241,0.107934563,0.144622406,0.365874326,0.170154883,-0.102466457,0.061972237,-0.017533666,-0.129410293,-0.022268076,0.079027247,0.011445074,-0.159991279,-0.22731513,-0.235318235,0.248014536,0.483831369,-0.269049579,0.229342603,-0.041263645,0.427844636,-0.024507168,-0.139498179,0.185068766,0.339063365,0.101910917,-0.360132345,0.370138091,0.348750457,-0.341555518,-0.375351473,0.080442716,0.337545286,-0.223442402,0.606995944,0.270302489,0.219579839,-0.034448614,-0.033803427,0.106791383
ISLR,0.370696779,-0.003076725,0.155154143,0.049336121,0.24187442,-0.569444809,-0.710040618,-0.374916951,0.359025582,0.33669481,-0.065334554,0.010658648,1.681657703,-0.453601041,1.124789611,-0.443718471,0.787437466,0.229828733,0.15000576,-0.109361577,-0.737823101,-0.556679749,-0.56816831,-0.148947102,0.042157031,0.295560696,-0.317487106,-1.84763285,-0.692202445,-0.938650092,-0.168747053,0.09292642,-1.725158119,-0.563100044,-1.00548708,1.203812547,-0.132866414,-0.628075886,-0.5253468,0.511688548,-0.752325085,-0.198350204,-0.320886662,-0.482037095,-0.573236581,0.987273698,-0.426484111,0.682140384,-1.126755436,-0.344113142,0.211236672,-0.015050088,-0.338586496,0.818757493,-0.232355864,0.004736509,0.529539459,-0.048558258,1.234935703,-0.18751659
C2CD2L,0.06197016,-0.227560373,0.66408314,-0.914800806,0.080912106,-0.672200535,0.722315312,0.798448665,0.287824411,0.344686853,-0.581502283,0.074664744,0.001406911,-0.561767246,-0.116203511,-0.057430213,0.088184861,0.588033842,-0.234959784,-0.214583969,-0.060917964,-0.131897266,-0.057731431,-0.155367198,0.592880806,-0.102438337,-0.037588571,-0.230965356,-0.317510045,-0.434118096,0.213556203,0.108046319,-0.862175351,0.286558932,0.164622518,0.295236087,-0.258987463,0.152405106,0.098087793,0.204758462,0.268364113,0.731406701,-0.656488029,0.43638977,0.208219814,0.134331013,0.101746765,0.06589142,-0.52331347,0.476927778,-0.431759366,-0.054111375,0.342626954,0.264411142,-0.031098949,-0.508976598,0.492149882,0.209224241,0.000242547,0.804753811
NEMP1,-0.551398683,0.89259625,1.047040344,0.460970465,-0.07368662,-0.069759761,-0.457982297,0.0011471,-0.350238026,-0.780883448,0.475858322,-0.040703485,-0.313786386,1.813922396,-0.454809752,-0.810126961,0.565717909,0.086642768,-0.374360077,-1.186018276,-0.835591464,0.081586837,0.532310175,0.87771517,0.578500359,0.425519118,-0.783248137,0.575433283,-1.392561396,-0.39133764,0.326931695,1.038583795,0.355819969,-0.016052286,-0.254670731,-0.109514514,1.514419304,-0.053859906,0.324228222,0.220575805,0.101169172,0.780378482,0.355198615,-0.299164749,-0.128460855,-0.037739127,0.205683986,-0.36018824,0.122763196,0.116668529,-0.079795753,0.076868273,-0.256642611,-0.64933423,-0.259690007,-0.555472595,0.004524616,0.103851308,0.174696148,-0.549119326
TXNDC9,-0.655483605,0.371231275,-0.414624789,0.974000278,0.174559318,-0.554984773,-0.378111704,-0.409690085,0.460904594,0.048973539,0.9546081,-0.682781344,-0.220299299,-0.245966352,0.212673322,-0.422973218,0.121502966,0.287642043,0.898148119,-0.816864462,-1.203758518,-0.067851322,-0.813909355,-0.532622598,-0.383251457,-0.543092981,0.60449728,0.198777512,0.326813663,-0.418609758,-0.062972733,-0.028201754,0.131047945,0.053886449,-0.135403335,-0.563745325,-0.314803603,-0.562647474,0.119388598,-0.483046529,0.260044798,-0.909173511,0.392783607,-0.260402844,-0.243322416,0.406916265,0.220761491,-0.240348811,0.522869665,-0.235027027,0.311891767,0.675837008,-0.637588529,0.15759032,0.187089642,0.024670465,-0.26632428,0.133517593,-0.100083326,0.244343277
DPYSL4,0.154792538,0.2598578,0.007291922,-0.227215959,-0.573810563,0.316491449,0.577232022,0.201422282,0.05397445,0.091019995,0.321530754,0.324793294,0.798071407,-0.437348322,0.87033622,0.456856026,0.232722144,1.206944851,0.147143309,0.667368247,-0.788180965,-0.877540027,-0.409927753,-0.24075732,-0.024468795,0.057345358,0.1491808,-0.068920749,-0.107244029,-0.728093566,0.024513208,0.413658408,-0.507906253,-0.247777314,-0.339118867,-0.256210133,-0.047116749,0.011073944,-0.828835315,0.263195928,0.160287059,-0.61782032,-0.586176101,0.055676576,0.342954505,0.921657687,-0.262331213,0.025509102,-0.177897028,0.169019024,-0.484794584,-0.101374891,0.216044041,0.916882573,0.257641792,1.245437742,-0.174920841,0.335340062,0.187828943,0.779829554
TRAFD1,0.589270563,-0.014721118,-0.631087397,-0.075328574,0.013357393,0.01646608,-0.154835194,0.017527524,-0.337756075,0.448950963,0.50032795,0.61510543,-0.505652242,0.166232165,-0.023659906,0.172634649,0.293944236,-0.090779275,-0.76378048,-0.200427807,0.510287983,-0.180804149,0.043450216,0.459790651,-0.007848078,-0.132299461,-0.329630074,0.259181834,0.144773432,-0.135054139,0.14139483,-0.173116734,-0.124054791,-0.525994607,-0.077358401,0.039297722,-0.251295283,-0.013361838,-0.311510116,-0.616167542,-0.025787637,0.12697512,0.640944668,0.717042481,-0.581204833,0.594633451,-0.100148498,0.76103056,0.708069777,0.274783919,-0.14684534,0.199879082,-0.084484159,0.244284765,0.000239775,0.270343118,0.544416138,0.149854482,0.366764695,0.182770157
COX7A2L,0.115629008,0.477131625,0.087306572,0.079786641,0.041626949,-0.158550605,-0.407165755,-0.385202659,-0.37302768,-0.276420099,0.043684217,-0.112369203,-1.042009718,0.306764875,-0.374581178,0.564730596,-0.543318525,0.874108181,0.00471558,0.439146327,-1.173045363,-0.096739908,0.868380001,-0.016174176,0.37717047,-1.575362702,-1.059890473,-0.316919393,-0.171563004,1.07835176,0.558469571,-0.49836726,1.722308805,0.874619166,1.799329434,-0.071576908,-0.685178659,0.603633635,1.225527813,-0.993768863,-0.075354932,-0.289661953,-0.580223327,-0.312614118,-0.409612717,-0.331000253,0.036040375,1.314063253,-0.50365102,-0.070372621,0.871551809,-0.245626657,0.497010396,-0.484138462,0.01837325,-0.443949924,0.091392405,-0.566152219,0.696553729,0.540326844
HSPB6,0.654461493,0.111810957,2.683670975,-0.137729716,-0.267346682,0.498014736,1.083181952,0.103411429,-0.640491723,-0.356912655,0.040345845,3.055805759,0.464969114,-0.166121747,0.32426805,0.655696731,1.229203136,-0.692141841,-0.953642811,1.087815385,1.055287736,-1.044541491,0.083953233,-0.474138581,0.77868125,0.79555572,0.550303968,-1.549121671,-0.151240938,0.104372618,0.048032138,0.71197058,-0.232586245,0.087650324,-0.041466872,-0.411091342,0.914875734,0.252859861,-0.638061588,-0.298125271,0.979052781,0.910663835,-0.815820424,0.699617664,1.259762945,-0.125901881,-0.231748933,-0.349004167,-0.139187446,1.645156418,-0.791124026,1.091810245,1.15953411,1.698269258,-1.50818702,0.155274713,0.91650909,-0.401748642,-0.468672559,1.038786371
NDUFAB1,0.216031696,0.103829763,-0.855651787,-0.284087197,-0.456516584,0.298388072,-0.740327554,0.616602597,0.559379722,0.22257762,0.668578307,-0.659979504,0.517062802,-0.457835648,-0.375575581,0.788997348,-0.863096309,0.75305458,0.650835748,-0.530460225,-0.353348156,0.607465,1.094060052,-0.495911392,-0.651274515,0.030352032,0.495129116,1.619453806,-0.373855121,0.210110466,0.257184433,0.766220566,-0.262148126,-0.395736716,0.585876347,-0.423239149,-0.194057864,1.125889039,-0.091726853,-1.401138309,0.132849273,-0.141247216,-0.354453406,0.398563979,-0.328533959,-0.42309603,0.603604156,0.726093789,-0.392908784,-0.211589409,0.182585194,0.83658666,-0.07060213,-1.407429892,0.459090735,0.396054331,-0.047317886,-0.193756848,0.170068431,0.225730027
UBFD1,-0.275428002,-0.643838361,0.182125544,0.60807961,-0.17338311,0.132172102,-0.156032301,-0.137457719,0.825922084,0.89451211,0.680785542,-0.711758099,0.228023786,-0.170990359,0.051400001,0.325323518,-0.736588399,0.450808703,0.494243571,-1.049903331,-0.022793396,0.775832461,0.483243715,-0.037678141,-0.756665151,-0.357428544,0.25631644,1.119555175,-0.30708224,-0.73838015,-0.084820499,0.274223241,-0.928345005,0.275841051,0.53513192,0.107450944,-0.565812035,-0.320394984,-0.203024433,-0.531060373,0.157571818,-1.322166608,0.141591412,-0.482222592,-0.370033461,-0.460081187,-0.408493466,0.893903686,0.391508402,-0.303127652,-0.095766446,0.988139235,-0.084880416,-0.005908029,1.017195534,1.498072626,-0.146030753,-0.457480911,-0.424964657,-0.926715837
CIT,-0.608914479,3.150227437,-1.230696829,-0.045834561,-0.648546341,-0.358882165,-0.983864925,-0.763842493,-1.904067432,-1.27508728,-1.571189269,-0.516659272,-0.650550458,3.454495391,-0.620314736,3.792779087,0.140289631,-0.817389363,-0.367152637,-0.007380973,-1.760306692,-0.24657129,-0.77983524,1.282759823,0.175999987,-1.415627371,-1.711994331,0.291827529,-0.888273312,-0.580018961,3.403494639,-0.36339313,0.980934794,3.738213318,-1.107749674,-0.19848628,0.188861291,1.568345135,-1.194671594,-0.154295505,0.808181873,1.649077883,-0.470384719,-1.977288824,-0.688594387,1.435628026,-1.178405995,1.601647626,-0.514679158,-0.947772159,-0.858985067,-0.580909482,2.218520257,0.353824696,-0.517027194,0.089873597,1.707412524,-0.501770075,-0.658990107,-0.935323795
COPE,0.152177735,-0.000627221,-0.202263501,-0.240453245,0.470343127,-0.339938974,-0.226419314,0.157447638,0.200407051,0.530761911,-0.175893862,0.190358509,-0.18342524,-0.098651301,0.254493774,0.09066131,-0.115279373,-0.362564864,0.086396089,0.067987757,0.151390516,0.140906195,0.138417531,0.204815061,0.124612535,-0.362868831,-0.047713669,0.070202844,0.079930828,0.300565111,-0.455323033,-0.4420419,0.260908308,0.519651531,0.190089324,0.563524775,-0.509703844,0.151005352,0.747050158,0.0647593,0.208800607,0.028636866,0.405984448,0.031439736,-0.467658976,0.332667898,0.422399404,0.140690852,0.295625302,0.012661878,0.036258752,-0.225624616,-0.148178548,-0.479694178,0.125156495,-0.072131903,0.084736538,0.334075999,0.313610689,-0.156633692
RFXANK,0.411057592,0.249252463,0.089175508,0.265591887,-0.158706799,0.228472338,-0.014620882,-0.449105638,0.118575084,0.209216883,0.234089449,-0.097691539,-0.172169495,0.016570062,0.513642603,0.028042397,-0.184721889,-0.182848184,0.668124904,-0.121156073,0.176373345,0.456674022,-0.35395543,-0.135308475,0.147848525,0.532534444,-0.221669273,0.18989303,-0.163130529,-0.092574834,0.160915431,0.096646072,-0.748887365,-0.133559382,0.403996507,0.484783511,-0.062857096,0.195636546,-0.212776271,-0.621237795,0.624270426,0.341731903,-0.087673197,0.01036682,0.305617344,0.272871793,0.016721274,0.448390694,0.142233785,0.649786345,0.006740597,0.225530859,-0.118455821,0.733864124,0.186865743,0.269071068,0.690413009,0.028919909,-0.140631712,0.114565972
AP3D1,-0.077204037,-0.264870003,0.270604164,-0.535103464,0.244546743,-0.160486747,-0.043917152,0.230400327,-0.162715312,-0.2151825,-0.261679987,0.377885993,-0.065253768,0.298164591,-0.032767585,0.356090763,0.065700232,-0.140924318,0.072131038,0.12770243,0.109363061,-0.178754251,0.053939242,-0.034223112,0.210205884,-0.123063995,-0.019113307,0.087063884,0.547937558,0.026067799,0.019763437,-0.107910201,0.065313998,0.562173113,0.505512676,-0.064934948,0.24341336,0.022753786,0.229680978,0.22989186,0.140779245,0.494401554,0.005529814,-0.022007046,-0.237962039,0.102976387,0.308006958,-0.109559307,-0.268358925,-0.044497268,-0.131204866,-0.238603741,0.037999594,-0.090961336,0.160937369,0.169168792,0.232323127,0.483504231,0.27882525,-0.151375292
CCS,0.113252435,0.791266107,-0.671152109,0.607725293,0.342415852,0.89075668,-0.325066358,-0.057894707,0.209106075,-1.300457471,-0.032089372,0.102687596,0.156829171,-0.325417514,0.347286018,0.122799968,-0.81656156,0.609480535,0.855884887,0.465168607,-0.091816862,-0.0726456,0.444284155,0.185811281,-0.702965369,0.06807515,-0.302834863,0.156581332,-0.26300546,0.028295158,-0.910975994,0.18598878,-1.198814371,0.050876032,-0.255270823,0.462265988,-0.127172238,0.128124586,0.037283524,-0.010384735,0.639950473,-0.214537872,-0.412250188,-0.591869494,-0.088407951,-0.326819562,-0.233557861,0.432229179,-0.285453206,0.356214773,0.412922501,0.765284272,-0.269383643,0.574298549,0.305397698,0.537066171,-0.362715203,1.073667529,0.047492066,0.716898804
ABLIM1,-0.159381474,-0.549889073,0.113943365,-0.924766359,0.351648967,-0.287870608,0.330936123,0.211103956,0.643819921,0.237614664,-0.465904637,-0.374073369,-0.313062609,0.533321059,-0.519555852,0.142358469,0.502283135,0.109982365,0.151996972,-0.563432039,-0.36520733,0.819036472,0.025760052,-0.229201178,1.362548888,-0.201547302,-0.072513365,-0.734770108,0.59155587,0.333706536,0.439053472,0.650200202,-0.558905932,1.616057986,-0.213789233,-0.621068816,0.133344341,0.52433973,0.954044704,-0.195146662,0.209951827,0.34726868,0.264507995,0.280363192,0.3950848,0.152818975,0.843979544,-0.773970916,1.97664754,-0.010280377,-1.218166938,0.163674622,0.125276669,0.133760361,-0.083089768,-0.285325208,-0.265146154,2.476031512,-0.782854014,0.331931799
DVL2,-0.198774213,-0.177991122,0.227789647,-0.073836008,-0.142547138,0.239727682,0.00837094,-0.097181945,0.163526934,-0.381826295,0.49530583,-0.154487601,-0.125950328,-0.261240538,-0.048999279,0.550765833,0.676542611,-0.344345873,-0.084856005,-0.179031705,-0.409340496,-0.42747048,-0.016689076,0.147272929,0.141544144,-0.267495081,-0.323061126,0.362312703,-0.130733347,-0.33235357,0.156366571,-0.319057089,-0.227688127,-0.599762344,-0.122344648,0.092893854,0.250147558,0.189255149,-0.597843106,0.110413753,-0.123669286,-0.272513467,-0.766890335,-0.418187986,-0.039243138,0.061507468,-0.346004486,0.04098307,-0.399147692,0.314076069,-0.182864644,-0.673562323,0.168238113,0.409933479,-0.806195333,-0.370491132,-0.696792772,-0.700442921,-0.11413548,-0.186344478
DNALI1,-2.169057563,-1.474132232,0.161898288,0.138853082,-1.78471952,1.792225916,0.99102209,1.506913194,-0.975271453,-1.264093478,1.400878303,0.061788315,-0.624279269,-0.146383334,-0.624808675,2.294396824,1.648713523,-0.860001138,-1.197812397,3.180533992,-2.045299998,-0.633242863,-0.377891844,0.553389207,1.025290377,-0.57532112,2.464744007,-0.612736964,0.986092032,-0.161909259,-0.220050689,1.453413925,-0.716138636,-1.222997003,-0.156299416,3.702059898,1.276012318,0.257819699,-0.334641388,-0.642181695,0.581241272,-1.738595759,-1.33325555,-0.802564188,0.843411806,-0.419769532,-0.243791029,-0.265444082,-0.660175431,0.629630571,-1.108405483,0.117389928,0.079978377,-0.839957102,-0.965537155,1.86299927,-1.861825789,-1.040641164,-1.890542116,1.394674837
CHD1,0.402011647,0.056548023,-0.546408118,0.203401025,-0.312847357,0.185690099,-0.444041077,-0.033866828,0.304114161,0.089559661,-0.108993133,-0.359159323,-0.257414882,0.062965049,-0.350209708,-0.532030371,0.273785323,-0.144044086,-0.007944522,0.768766956,0.001418069,0.154777464,-0.762037803,0.337266972,0.087916088,-0.813056446,0.183950714,0.069133856,-0.232341869,-0.40898968,-0.099916813,-0.331066405,0.333915409,-0.008977658,0.4897945,-0.342060866,0.145291207,-0.333533355,-0.022683135,-0.526450579,0.010311479,-0.370531939,0.206946371,-0.947412926,-0.129969604,-0.139148442,-0.162289653,-0.10921614,0.724198786,-0.88806161,0.349901384,-0.003321444,0.266085931,-0.344751023,0.54904037,0.086485481,0.298223234,-0.41710791,0.225860658,-0.173071296
CHD2,0.14377936,-0.001114972,-0.01765679,0.254135177,0.054331067,0.374435512,0.248422399,0.344541413,0.096973455,0.381277976,-0.206056586,-0.316352211,0.013505811,0.477406801,-0.089767624,0.369487301,-0.234548585,-0.293511111,-0.177663553,0.473683502,-0.138840919,-0.04436231,0.068643791,0.469004414,-0.134269533,-0.085213598,0.075207944,0.061321118,-0.169098656,0.141792475,-0.17477548,-0.331686931,0.027005066,0.295145174,-0.195953528,0.229190506,0.181713503,0.042227677,0.058911897,-0.082640339,-0.018273059,0.310762119,-0.186657158,-0.170091271,0.172000252,-0.059588009,-0.191355948,0.306350601,0.052229888,-0.189750822,0.647402555,-0.015017428,0.407554005,-0.178176362,0.157058882,0.080077777,0.45395143,0.050370443,-0.523488834,-0.114229927
GOSR2,-0.093249517,0.027182632,-0.533683775,7.9e-05,-0.126042679,-0.017602885,-0.427979146,0.349018311,0.283363342,0.660321345,-0.474786637,0.574387848,0.217719176,-0.164364557,0.04784666,-0.005845263,0.197381878,-0.164730555,0.348019323,-0.565640915,0.572779257,-0.052622771,0.332177635,0.46973553,-0.107117919,-0.144031645,-0.002746494,0.099189802,-0.446009955,-0.163289854,-0.539988202,-0.079918496,0.113238882,0.275239349,0.406691959,0.07997227,0.29181322,0.315993541,0.577412866,0.218555971,-0.087286044,0.113413797,-0.362216202,0.305377075,-0.582298829,-0.455132512,0.495274843,0.313034473,-0.145600339,-0.167023962,-0.704961275,0.081454016,-0.274321018,-0.667691666,-0.142566023,-0.393847957,-0.062935205,-0.259645655,0.353901678,-0.473653566
TOR1A,0.126655398,-0.568613763,0.137556229,-0.284847747,-0.19448328,-0.01940357,-0.224462597,0.123413008,-0.234397814,-0.568082676,0.022336374,0.18078978,0.192003635,-0.583215613,0.179500829,-0.331203386,-0.220885428,-0.529788088,-0.089994406,-0.132084204,-0.029149151,-0.125968791,0.266055615,-0.057352254,-0.164121889,-0.140746823,0.234354476,-0.141258393,0.148771509,0.187098175,1.279723883,0.133633608,0.260991682,0.278349485,0.548431504,-0.014563181,-0.17399979,0.032354456,0.386881741,0.256496599,-0.224805592,0.256550114,0.331781339,0.004557517,-0.151707641,0.190588796,-0.20137216,0.084233689,0.51861639,0.066457805,-0.48144372,-0.07199312,0.385495632,-0.355147744,-0.173666462,0.006456122,0.432254462,-0.469988321,0.314041814,0.076178268
TOR1B,0.170065527,-0.110172439,0.138764678,-0.495241321,-0.196531253,0.140889371,0.145109526,0.33697777,-0.313071565,-0.950603049,0.319916713,0.046083478,0.552182395,-0.562890344,-0.052703831,0.330356141,0.544650759,0.13512323,-0.159745925,0.165478476,0.028560492,-0.901881662,-0.059561951,-0.187040785,0.090378748,0.115534012,0.153519754,-0.247071439,0.721858086,-0.315675318,0.409554785,-0.017408068,-0.211965206,0.216066711,0.974718057,-0.18749244,-1.085897721,-0.218667594,-0.251808506,-0.057099403,0.16536071,0.253396376,-0.171373615,-0.367427431,0.049055191,0.042000435,0.511126325,-0.486558408,-0.362149046,-0.657384404,0.220742883,0.277775686,0.135981237,0.39335049,-0.549712361,0.111145151,0.014466666,-0.346255092,0.866123025,-0.727617351
STX16,0.097803336,0.038048064,0.093115751,-0.021153644,0.134662428,0.317324164,0.26020002,0.449680306,0.325821723,-0.073313898,0.014904028,0.170356332,-0.037028797,-0.339321221,0.084368632,0.299331752,0.152960415,0.339186352,0.378219095,0.041042877,0.277828457,-0.366495611,0.482862778,0.439406981,0.087567604,0.073650602,-0.244908533,-0.089910361,0.85831404,-0.263985783,0.115325198,0.326736901,-0.293851682,-0.318947229,0.516619482,-0.013209221,0.610243379,0.637105103,0.418377165,0.289010505,0.104609377,1.186420753,-0.324486513,0.030541456,-0.180826379,-0.235111549,0.174279545,0.752199393,-0.076581205,0.319321823,0.158305353,0.408377275,-0.13483766,0.222455986,-0.311784091,0.494498549,0.118892224,0.793183331,-0.163326537,-0.227155055
ADAM10,0.094404742,-0.108214264,-0.158900628,-0.07825554,0.861940899,-0.13349842,0.019812777,-0.005944387,0.001874663,0.119967407,-0.049709855,0.00010305,-0.177697659,0.324986553,-0.380031818,-0.215004519,0.445948285,-0.264132171,-0.07703333,-0.178220419,-0.517844747,-0.025032078,-0.52842732,0.265537046,-0.095848212,-0.793646058,0.300039525,-0.323253549,0.927986072,-0.213759626,-0.333978001,-0.23580682,0.365414906,0.257287074,0.156924105,-0.316245914,-0.283382663,-0.026472235,0.336823211,-0.509730603,-0.356059484,0.226095303,0.097621447,-0.112864095,-0.091750009,-0.179944763,1.873675226,-1.162509965,0.389023542,0.273700291,-0.365098011,-1.07099905,-0.077648056,-0.10387416,0.221142427,0.253243331,-0.408318486,-0.181975035,0.015786913,0.175442131
ABCD4,-0.089489853,-0.268884504,0.792438963,-0.385076978,-0.519862434,-0.099431435,-0.517848841,-0.345613894,0.023271936,-0.310914931,-0.083366714,-0.099878281,0.356660961,0.022362432,-0.266385911,-0.693231569,-0.611307283,-0.219034016,-0.642511142,0.30159738,-0.226056077,-0.269521044,2.168514793,0.472449541,-0.22956517,-0.300214907,0.530515269,-0.31247483,-0.039946823,-0.848979956,-0.341095714,-0.447574352,-0.490729896,-0.633922622,-0.231597886,-0.87317961,0.873804363,-0.312614712,-0.677790062,1.167281337,-0.233403356,-0.585843438,0.578689708,0.943795729,0.074501428,-0.282391957,-0.112837981,0.302757102,-0.163810768,0.126459383,0.906131753,0.313007304,-0.627993602,0.050362802,0.635271007,0.465260172,0.656793488,0.336338422,-0.202439715,0.261892989
TP53I11,-0.056523796,0.081716273,1.823921652,-1.301106099,-0.585201573,2.10278945,-0.308943439,0.093945844,-0.522186536,-1.48549573,-0.136504391,-0.035102588,-0.468253518,0.122903665,-0.631141219,-0.153451993,0.348215199,-0.908510872,-0.106303315,-0.072207314,-0.666170662,0.166617673,0.672773977,-0.1960096,0.425950926,-0.37319776,-0.060751685,-0.352076291,0.655320058,-0.114313291,0.258853937,0.041579321,-0.171184774,-0.324372633,0.877364047,-0.216787913,1.612473936,-0.101677856,2.153381818,0.827539688,0.919141377,0.250578258,-1.524480089,0.257201158,1.082972277,-0.747525227,0.144073017,0.304089454,0.364432349,0.024763171,-0.351234925,0.620595732,0.210350839,-0.25349604,-0.710925345,0.39573567,-0.358389195,0.775206726,-0.326398317,-0.351062819
KMT2D,-0.215598959,0.203523148,0.086696595,0.049645532,0.391952838,0.277127902,0.875737566,-0.318476884,-0.008983843,0.047640768,0.367007338,0.109234378,-0.206280287,0.8054593,-0.210131889,0.926517935,0.084496363,0.523842162,-0.205847382,0.246767783,0.383507447,-0.015409457,0.329959068,0.413988732,0.14593569,-0.145094866,-0.371269504,-0.415790329,0.34045418,0.18663192,0.290379129,0.272824055,-0.180916912,-0.072564028,-0.052678186,-0.270443422,0.865097128,0.089856832,-0.559491181,-0.259360948,-0.21035001,0.168508511,-0.154748944,-0.253119922,-0.05332926,-0.286817087,-0.235282288,0.34625986,-0.160918535,-0.307926032,0.097410216,0.079265995,0.484450346,-0.023551977,0.646205652,0.146021108,0.468815521,-0.144347389,0.190554948,0.199808098
ITGB1BP1,0.033152264,-0.218296574,0.465396058,0.38411283,0.578059866,-0.29026911,0.031357728,0.430111905,0.245439638,0.377422334,1.319255883,0.420921116,-0.025545344,-0.298568407,0.734403055,-0.276474182,0.565521788,-0.455156473,0.583528074,-0.006255431,0.046348618,-0.209824126,0.071077264,-0.014937285,0.34068225,-0.275512654,-0.050431742,0.67092434,0.311591034,0.591476109,0.034646,-0.465080232,0.472846424,-0.821583616,0.24051233,0.771266679,-0.349285654,0.140125354,0.023584392,0.969037992,0.141135029,0.221640798,-0.171397419,-0.166978883,-0.049056512,0.12033451,0.121253832,-0.291460149,1.026366419,0.503512352,0.490591355,0.019308091,0.156496752,0.054937597,0.037190204,-0.100923068,-0.108098958,0.227945857,0.068220089,-0.100133188
APAF1,-0.379131628,-0.045916223,-0.594631198,-0.245349823,0.56050585,0.149087469,-0.89054068,-0.004242325,0.48757912,-0.346192792,0.011995692,-0.271749287,-0.60529478,-0.178273684,-0.802806884,-0.422612365,0.275162443,-0.603070685,-0.067670404,-0.52044752,-0.249331642,-0.360765785,0.077310611,-0.02750706,0.009541196,-0.387068513,0.440549038,0.098272283,0.451897287,-0.20970316,-0.512652907,-0.83796028,-0.499295291,-1.116216919,0.003519724,0.857538254,0.158842743,-0.843221031,0.197225561,0.095210468,0.283784111,-0.254023065,0.481520565,-0.107155693,-0.266764342,-0.365988426,0.464188352,-0.379957074,0.728692236,-0.251788982,-0.497306717,-0.417225355,-0.344434854,-0.632602339,-0.14066034,-0.15123689,-0.000620728,-0.947658906,-0.455176645,-0.155102154
RIOK3,-0.380019261,-0.20261354,-0.292849772,-0.510245667,0.196770101,-0.220070922,-0.108249025,-0.324435181,0.22086176,0.4170575,-0.294034179,-0.507578177,0.051897073,-0.966398944,-0.618431776,-0.416229925,0.724372055,0.582135347,0.308400866,-2.081264312,-0.634804236,-0.107950418,-0.103520412,0.039482256,-0.025780018,-0.077191843,-0.995698484,-0.202207321,0.71411502,0.111805757,-0.853242745,-0.389373996,-0.19476164,-0.160243404,0.048537297,-0.357746958,-0.173290097,-0.165607826,0.180843767,-0.244362603,-0.030162654,-0.717257356,0.356794128,-0.209955963,-0.271202846,0.655443536,0.931058005,0.253476215,0.539014354,-0.185924904,-0.367006276,0.364355791,0.025308158,0.080652927,-0.123792848,-0.544932203,-0.093644018,0.140598358,-0.268537116,0.099280272
IMPA2,-1.401636039,0.403855304,-1.538651369,-0.225985794,-1.247608057,-0.157804645,0.119876066,-0.382351436,-1.08982093,0.951898637,2.486005386,-1.772423883,-1.379375263,0.191362575,-0.187235976,-0.06993112,-1.826939439,2.511795776,-0.340695642,-1.731792884,-0.832052422,0.195073163,0.11022469,-0.799055158,-1.89365741,-2.150192193,-0.874652179,1.67021484,-0.75073341,1.06990209,-1.487703669,-0.12182501,2.833940116,0.405169945,-1.776986504,1.335277318,0.868854993,-1.80699354,-0.491481075,-1.742336898,1.57652363,-0.571693277,0.743731174,-1.066909033,0.145947097,-0.363761523,-0.218974036,-0.683690137,1.562942084,-0.921139134,1.4795587,1.154737864,-0.424579124,0.397582829,0.934900875,0.201958998,-0.977741469,-1.069441934,0.750849069,0.984035044
MAP2K7,0.419895836,-0.290490515,-0.37964973,1.427728814,0.148662556,0.723482855,0.607585215,-0.046335643,0.159409164,0.055678052,-0.464616986,0.066655767,-0.217838662,-0.276768419,-0.353434761,0.70469768,0.17670231,-0.503851578,-0.724720348,0.065490643,0.083225632,-0.391418012,0.288261057,0.80340766,-0.063531687,-0.209825996,-0.192073379,0.654510046,0.467974637,0.221741817,-0.119790654,-0.132864099,0.269204898,0.210154735,-0.091098262,0.294550087,0.175775352,0.156375128,-0.006300691,0.335913112,-0.06225123,0.034579148,-0.180286176,0.009412086,-0.468426937,0.664832615,0.358144963,-0.169281261,-0.34982201,-0.043941161,0.084679145,-0.113257521,0.194998358,-0.470742908,0.474207419,0.57469042,0.283373732,-0.458135,-0.006043042,0.020386628
ACOT8,0.188322709,0.080418197,-0.047215355,-0.44970461,-0.019234783,-0.179557138,-0.156116725,-0.602950229,0.226349533,0.479379124,0.004604919,-0.051847047,-0.354079317,0.000445434,-0.110622031,0.002009627,1.452896162,0.341063773,-0.108306665,-0.305632693,0.219238855,-0.259005345,-0.344548543,0.7314137,-0.96463614,0.09143564,-0.816028082,1.303319616,0.020512524,-0.320575969,0.259842241,-0.40718332,-0.876580082,-0.140525371,-0.077574334,0.408132633,-0.525971653,0.816897702,-0.083238151,-0.531691701,0.418207956,-0.52776497,-0.252269364,-0.41856456,-0.619267619,-0.573651002,0.199272032,0.988438898,-0.251773727,0.306471383,0.712097466,0.358728389,-0.615650723,-0.309537521,0.440730302,-0.665710553,0.200213112,-0.998951443,-0.434307083,0.612193805
CDIPT,0.044855689,-0.321845699,1.009810857,-0.427651787,-0.279532495,0.449185868,0.728233853,0.463603569,0.209075576,-0.468788243,-0.900319385,0.936777768,-0.239763863,-0.249716549,-0.391300289,0.52687906,0.188062042,0.189987541,-0.691482364,0.631969108,0.902269494,-0.265501319,1.545906674,0.103864963,-0.045154227,0.191607914,-0.109588302,-0.011294953,-0.133694394,0.049468381,0.698075094,0.471684957,0.181933713,-0.185664785,0.250055678,-0.615987005,1.872948236,-0.19252956,-0.413547779,-0.002975544,-0.218329994,0.628512242,-0.667094608,0.045159621,0.085622961,-0.545690921,-0.028289195,0.19941416,-0.008549384,0.3375678,0.096445611,0.209765207,0.466487248,-0.305839305,0.121448505,0.298327397,1.026295593,-0.434193478,-0.474287948,-0.122199128
PDCD5,-0.23272923,0.939413858,-1.0269833,1.206729915,-0.080358365,0.61576515,-0.815521021,-1.055316317,0.390322449,0.557235205,1.915766932,-0.955538206,0.534506646,-1.617954534,0.430870939,-0.198143974,-0.913753801,0.322113137,0.362556125,-1.494027933,-1.193861772,0.188410829,-0.773308004,-1.074982485,-0.886575835,-0.853375045,-0.324854305,0.259884905,-0.20918873,-0.585631612,-0.77580139,-0.181745365,-0.63361023,-0.791332297,-0.15462383,-0.53659665,-0.880558941,-0.640140163,-0.675792857,-0.503199996,0.230748787,-0.782239703,-0.134905727,-0.820052993,0.518249006,0.421057259,-0.202234411,-0.8948483,0.199224491,-1.387889178,-0.736990474,0.266591002,-1.342557729,0.85455783,-0.429462476,0.520406408,-1.143620336,1.157104654,-1.088072665,-0.02219124
PRMT5,-0.055240695,0.4977327,-0.819868178,1.010764099,-0.123012003,0.707791479,-0.418964183,-0.706487666,0.152499647,0.713848063,1.316705384,-0.756822942,-0.178441566,-0.080722943,0.080951408,-0.611223769,-0.254743074,0.01521146,0.871669597,0.383546194,-0.589755331,0.344426246,-0.599787484,-0.598769615,-0.460131175,0.052026653,0.80369327,1.239294081,-0.086818719,-0.785467282,-0.485885745,-0.64508044,-0.287820704,-0.642408696,-0.769113851,0.249768416,-0.098793128,-0.145072948,0.234393667,-0.297220105,0.006966351,-0.219346493,0.69317867,-0.66559902,-0.232162159,0.719471045,0.034672311,0.169690758,0.518616171,-0.209636875,-0.182404214,0.429194567,-0.500856972,-0.500572018,0.398879953,0.510371967,-0.566553936,0.038967634,-0.860241776,0.271034443
SLC9A3R1,-0.366186095,-0.655025925,-2.26708061,0.507397481,-0.972476732,-1.19936195,-0.988677474,-0.548845128,-0.431151505,1.035586118,2.535123589,-1.267577422,-0.088802379,-0.789779217,1.291667896,-0.326592312,-0.636905754,-0.578059162,-0.5920293,-1.184517767,-1.411587989,-0.860427644,-1.43174851,-1.610791841,-0.943629393,-0.402886006,-0.447716172,2.56962649,0.595772156,-0.655828799,-0.23769016,1.82477402,0.015463126,-0.526282497,-1.296857109,-0.772314366,-0.501206865,-0.008128931,-0.536231106,-1.136134609,0.687662098,-0.368887431,-0.469943581,-1.026433647,0.493521173,0.573394037,1.017032456,-0.563878838,0.340429115,-0.193345331,1.032306946,0.242521279,-0.721904547,-0.614570637,-0.711886491,-0.170843707,-0.595472962,-1.188953989,-1.165263957,-0.331812226
HSD17B6,0.326930487,-1.937138277,1.216824291,-1.159014201,-0.628277742,-0.706506791,-0.593368868,0.62223847,-1.037499538,-1.104596916,-0.854839033,-0.733917338,-0.08196979,-1.349624123,-0.629914585,3.592412142,0.340448585,-0.613497591,-1.194783206,-1.513666255,-0.072497631,-0.64646732,2.38944332,-0.779326175,-0.23736807,-0.458748681,-0.098134292,-0.871193392,-0.376476306,0.156523476,4.318138411,3.400268483,-0.155644863,-0.110376499,0.994236939,-0.514708601,5.418486192,0.897240043,-0.875645883,0.437699995,-0.341132459,0.482116311,-0.723158135,0.198437953,-0.475416026,-0.572322874,-0.574827473,-0.643190453,-0.459039845,0.558063966,0.475413971,-1.021531332,1.591624013,-0.410379352,-0.360139859,-0.209588209,2.464409835,-0.688435704,-1.752722353,0.180770553
FPGT,0.156782328,0.319911341,0.586495371,0.211704157,-0.047162145,0.436645743,-0.700377027,-0.433024371,0.134253782,-0.50620035,0.405370057,0.130365582,0.169286453,-0.273205523,-0.376385162,-1.12057378,-0.625146169,-0.09201412,-0.673601067,0.092022515,-0.562418432,-0.353918526,0.697246987,1.58618395,-0.575462986,0.259888913,-0.176885678,0.729262573,0.120378595,-0.614759745,-0.042808973,-0.043471212,-0.732726129,0.371862355,0.40564551,-0.012296933,0.407430554,-0.703572683,-0.39030032,-0.011469284,-0.520121298,-0.270055441,0.045301488,-0.459529301,-0.410271854,-0.012187229,0.839130585,0.499152218,0.125904375,0.268677969,-0.431170144,0.478366672,-0.213003324,0.236228507,-0.424386188,-0.32368412,-0.128574423,-0.009063461,0.147214348,0.007357968
TPP1,0.208980987,0.145723323,-0.315972717,-0.261785044,-0.184195471,-0.324635285,-1.178541902,0.213727408,0.186450349,0.273149154,0.191052967,2.278562155,0.350344116,-0.398565496,0.708666095,-0.718085692,-0.306742691,0.684921216,0.155035038,-1.319268123,-0.289816927,-0.067888871,-0.894175146,-1.500119472,-0.598844996,-0.460352254,0.016675108,-0.399811164,-0.141442325,-0.755882799,-0.030140859,-0.231661627,-0.417692746,-0.95807487,-0.080729806,-0.189615821,-0.508298582,-0.396006863,-0.367845361,-0.097429564,0.256329449,-0.236224362,-0.231778133,0.450427508,-0.236029994,0.059507943,-0.283020471,-0.388148754,-0.325416128,1.081964755,-0.341218292,0.244996895,-1.108821511,0.643522772,0.676011522,-0.168713063,-0.27545129,0.001090899,1.065605701,1.839776006
TCERG1,0.220198783,0.05178693,-0.161779134,0.400071048,0.011748694,0.775629665,0.086887808,0.339330226,-0.269807967,0.285274914,0.091946403,-0.249729705,-0.334452323,0.198310623,0.284309195,0.431737105,-0.285269121,-0.143685377,-0.02754383,-0.116698989,0.203955015,0.166691654,-0.003474463,0.179798859,-0.165711417,-0.148816886,0.291346691,-0.200058525,-0.059570434,0.346349028,0.322319317,-0.162308166,-0.119381588,-0.264231606,-0.043038841,0.500074574,-0.238823336,0.036301087,0.176516171,0.159623543,0.171068634,-0.275094148,0.134219636,-0.241805618,0.137494659,-0.123479354,-0.277695896,0.244923193,0.009526614,-0.422063193,0.100014708,0.136852534,0.000733967,-0.144164692,0.53906316,0.038336538,0.574779171,-0.015994664,-0.31192583,-0.303491358
NDC80,-0.239137464,-0.059513654,-0.341640161,1.386708227,-0.049547504,1.123793021,-0.559495255,-0.184942851,-0.121609232,0.745459991,-0.034282323,-0.32199501,-0.440817179,0.113243767,-0.873879447,-0.327340437,0.169459929,0.351176468,-0.035925955,0.176681627,0.500636084,0.01221487,0.127270116,0.319446185,0.199484956,-0.081535179,0.743753994,1.124440169,0.386023886,1.11016819,0.125905059,-1.497939597,0.15633075,-0.564038793,-0.10755713,-0.005970825,-0.76301936,-0.982236645,-0.302425566,-0.792178552,-0.021935004,-1.522517556,0.862030972,-0.423086317,-0.037073369,-0.355765726,-0.370532047,-0.235442682,0.429618064,-0.674597246,0.671274549,-0.251084196,-0.534734472,-0.376819733,1.903158108,0.836494475,-0.06004762,-0.179648682,-0.281891416,-0.738108876
NRP1,0.605928443,-0.179307379,0.279410572,-0.622603552,0.230520008,-0.754071321,0.519711968,0.292623556,-0.321993882,-0.162200764,-0.387794924,0.318013133,0.41254199,-0.101673178,-0.401977058,0.14306722,1.394064327,-0.015068462,0.661838115,-0.675927827,-0.241288683,-0.554016568,0.351677008,0.234737006,0.192924223,0.167863663,0.05191669,-0.562105851,0.052569317,0.14692015,0.590985245,0.863920339,-0.612061988,-0.519176889,0.020932894,-0.088299497,0.160151232,1.152487402,-0.095943447,-0.327826048,-0.328303907,-0.222667105,-0.446808177,-0.201145156,0.198079378,0.193347751,-0.357749344,-0.264845267,-0.200606485,0.411029468,0.208201936,0.107158464,0.779626475,0.22022986,0.188862846,0.201751589,0.492736651,0.473656266,0.425703746,0.161260089
TNPO2,0.46390149,-0.521546251,0.042319305,-0.002465885,0.028714096,0.206103529,0.083665076,-0.226725617,-0.5996988,0.274226956,-0.043165104,0.187766519,-0.273966369,-0.20723099,-0.063235054,0.461738314,-0.074471614,0.45378358,-1.215879978,-0.026257762,0.117878446,-0.346961379,0.56131164,0.487261271,-0.156933056,0.187609396,0.190806926,0.136936428,0.126049545,0.139852326,0.940856293,0.064600046,-0.219160938,0.11734132,-0.373641458,0.364574807,-0.228427315,0.089407914,0.082784011,-0.456674549,-0.501333129,0.209437814,-0.498171106,-0.489919548,0.562378133,-0.037667572,-0.149153377,-0.593821717,-0.022757053,-0.191918043,-0.274004836,-0.725323127,0.189172648,-0.571826095,0.458490413,0.171545926,0.079509409,-0.577977574,0.040189399,0.135494956
APOL1,1.229214324,0.037784312,-1.019822171,-1.027440189,0.669140999,-0.737601251,-0.966230293,-1.20160125,-0.193874016,-0.850240318,-0.70149254,-0.073431015,0.425533454,-0.382766923,-0.157091179,-0.614498265,0.189667431,0.042190483,-0.479771418,-1.406497737,-0.552894131,-1.054385506,-1.433134876,-0.912635751,-0.009118571,-0.208386264,0.564420482,0.152396155,0.90729417,-1.078935328,0.116374805,0.272557857,-1.495830355,0.239571121,-0.850902585,0.163936119,-0.869228505,0.708190753,0.867695801,-0.619359449,0.494636665,0.320595465,0.055088384,-0.230806396,0.567988543,-0.804030011,0.046086468,0.526312342,1.785721724,0.997150814,-0.708058373,-0.544322237,-0.249845315,0.965572563,-1.043896915,-0.048458445,0.095263108,-0.180258758,-1.172769864,-0.15371266
UNC13B,0.021626127,1.2893942,-0.040686587,-0.666384643,-0.398644689,-0.122782955,1.166452835,-0.214540788,-0.590508432,-0.46703078,-0.371993384,-0.160942543,0.027375366,2.061139352,-0.411198759,0.748266554,-0.082701513,1.152651478,-0.891023707,0.158886572,0.332276063,0.028665935,0.433285146,-0.331771014,-0.621695654,-0.100379779,-0.288134096,0.620378881,-0.268096758,0.403493269,0.562819127,0.737848447,1.113975807,1.036586647,-0.226588898,0.56433816,0.300128727,0.558810676,0.628600786,0.232192432,-0.111515052,1.042467129,-0.283180231,0.81276502,-0.756074583,-0.408527543,-0.228847113,-0.528491556,-0.315982332,0.015942338,-0.062115797,0.056915122,0.972830797,0.147321668,1.81127401,-0.250136127,0.272758436,0.44890301,0.379635304,0.942433065
POLR3A,-0.034917955,0.263307177,-0.368678594,-0.517558579,0.596568484,0.136336604,0.085327869,-0.001186466,0.340453919,0.38077893,-0.325770625,-0.133863273,-0.01359088,0.464267963,0.074938079,0.164388296,-0.41461618,0.510985527,-0.286918137,0.454123354,-0.01661765,0.774681258,0.600786939,0.593217729,0.313504667,-0.034287729,-0.416554042,0.722618448,-0.307438762,-0.273123564,-0.165695815,-0.281220847,-0.006812555,1.009540513,0.270693539,-0.033339362,-0.039928785,0.186295764,0.471863461,-0.448176442,0.624268868,-0.204586786,0.418116153,-0.298766657,-0.135427979,-0.145017762,-0.263894038,0.670689323,0.241467843,-0.153328799,0.946848505,0.284105966,0.249297771,0.057765772,0.71627756,0.12414251,0.160829937,-0.330723824,0.268964327,0.016691861
MRAS,0.12762818,-0.22275995,0.890605666,-0.627487676,0.730323958,0.543089355,0.62024564,0.277346276,0.225793439,-0.186187613,-0.209872551,0.748212413,0.359715237,-0.154579693,-0.043535699,0.704467036,0.522716264,0.493303837,0.157060017,-0.063373819,0.172704736,-0.566971506,-0.802809551,-0.100119271,0.46681492,-0.216350391,0.400765967,-0.683559785,0.922633559,0.664046606,0.224059324,0.796874863,-0.85746939,-0.84432609,-0.304197673,-0.028880649,0.408023141,1.076317819,-0.122063231,0.136778661,0.151397076,0.495486588,-0.126046583,0.935970241,0.201092936,0.213522997,-0.055915098,-0.46303333,-0.073596076,0.59891972,0.122263636,-0.103437783,1.057184025,0.833964389,-0.107981526,0.197562979,-0.212141613,-0.216655376,0.357328608,0.579061937
PSMA7,-0.024278771,0.562331478,-0.305449175,0.272787341,-0.298785748,0.389385121,-0.24134914,0.189785574,0.042098626,0.125847992,0.445674582,-0.723386296,0.076581628,-0.176550088,0.412648071,-0.242312537,-0.206612856,-0.022396371,0.685988431,0.041021474,-0.40781742,0.103938735,-0.13808586,-0.097033533,-0.301576284,0.076360425,0.551511445,-0.293042837,-0.115342657,-0.394273653,-0.781013095,-0.42178645,-0.168544826,-0.257861777,0.45362113,0.119248988,-0.298890689,-0.062662677,-0.231470472,-0.028642721,0.18172251,-0.103103041,0.413895188,-0.623162874,-0.098979221,-0.024206227,0.08351817,0.042708703,0.123742727,-0.337712691,-0.3596109,1.159918326,-0.554211111,-0.469300081,-0.101101333,0.336781106,-0.145376108,0.231178699,-0.878445236,0.110214779
SCAMP3,0.118538948,0.584766069,0.152742716,-0.627181636,0.277178126,-0.265015777,0.064302188,0.024096476,0.103225381,-0.130468809,-0.173236155,-0.043645652,-0.031599901,0.458392075,-0.345157467,0.50518081,-0.16734163,0.05257237,-0.320069831,-0.104293382,0.068387749,0.09281753,0.103857859,0.240566861,-0.171031586,-0.098747608,-0.355045282,-0.00910147,-0.373566533,0.696100962,0.223813687,0.000210467,-0.328770917,0.548761712,0.211922392,-0.312738391,0.236018537,1.095097437,-0.176752975,0.259021588,-0.096379583,1.068575179,0.052837235,-0.069217955,-0.416685256,-0.373607672,0.039781099,0.062644438,-0.115331278,-0.053024383,0.713787924,-0.168076425,0.357129631,0.195831402,0.121580119,-0.301870098,0.393256271,0.555072302,-0.126652566,-0.208203433
PHYH,-0.154781776,-0.687845793,-0.516357343,-0.039245164,-0.126807232,0.480113882,-0.029041248,-0.592309718,0.053382129,0.161475862,-0.886839812,-0.533893302,-0.123996387,-0.70874208,-0.296203164,0.571403493,-0.656544281,0.948414361,-0.409435547,-0.914216274,-1.296206658,0.744358175,-1.171611238,-1.10891871,-0.588216336,-0.872786974,-0.095477326,2.636272351,-0.63241773,1.729410669,-0.162015925,0.00395498,-0.424836221,-1.416982635,-0.876944349,1.815160591,0.030539564,2.008414313,-0.059449232,-0.915859847,0.049667139,0.204215804,-0.079827629,-0.469053895,-0.264105392,-0.035078973,0.018880104,-1.228628385,-0.153234573,-0.451179488,2.466996283,1.470783678,-0.455643141,0.208999894,0.188601917,-0.044271694,0.596980566,0.03568041,-0.681016376,-0.030108676
OPLAH,0.743110839,0.865067544,0.152211492,0.825767487,0.21780186,0.346809655,-0.439024793,-0.971482506,-0.147954576,-0.701548514,1.636520046,-0.462359826,-0.215088965,1.506475547,0.041941913,0.795524197,-0.596017856,0.071510316,-0.047456514,0.199655144,-0.659502311,0.743029864,-0.262890638,-0.536984704,-0.946655047,-0.570002195,-0.596185098,0.461247076,-0.394843903,0.334002532,-0.576275149,0.054725807,0.927924733,0.877848906,-0.403289321,1.272376784,-0.433194203,0.571974411,-0.307786824,-1.473632226,0.122288521,-0.2201073,-0.536023381,-0.248585387,-0.230487311,-0.200850629,0.516950743,0.640275165,-0.028021374,-0.482875316,0.292799855,-0.483345292,-0.564684164,0.049043039,0.699682739,-0.376352955,0.067401119,1.163673644,-0.12102271,0.12902972
BACH1,-0.092174783,-0.118649888,0.599543015,-0.206396754,0.418321337,0.113577019,0.221537806,1.012526949,1.57302667,0.170683405,-0.365285899,0.149820876,0.010965065,0.008206933,-0.30015074,0.343879106,0.080477846,-0.631389081,0.451666178,-0.102659356,0.073441522,0.020659957,-0.412419432,0.489215032,0.295310658,0.003726445,0.014835638,0.64254201,0.697889216,-0.286607778,0.534982704,-0.440434117,-1.166306336,-0.241323558,-1.013154331,-0.243076913,-0.125981211,0.104814634,-0.482450607,0.087605504,-0.027176593,0.16142772,0.420398924,0.4834616,-0.229018669,-0.244696153,0.449049165,-0.372373992,0.280872321,-0.82767443,0.189514219,0.461898066,0.208388599,-0.628883139,-0.108622509,1.022109291,-0.038934436,0.200007133,0.06173803,-0.666681871
BCKDK,-0.390807929,-0.902418142,0.048662291,-0.426061302,-0.216953512,-0.284626212,0.283973231,1.13560371,-0.24158765,-0.09405441,-0.069488241,0.064514199,-0.068510331,-0.766996616,-0.618661314,0.858170732,-0.336042039,-0.185445624,0.124846817,0.411452412,-0.064169304,0.21154597,1.135119904,-0.20746427,-0.62727217,0.239907812,0.199780135,1.055453059,-0.158142863,-0.106378468,1.080242424,2.10735394,-0.197446779,-0.569577196,0.06377305,-0.031083764,0.149267439,1.098851112,-0.167955593,-0.137952935,-0.057485921,-0.275939695,-0.342991019,-0.778749822,-0.824971699,-0.459389859,-0.680404616,1.548105574,-0.06285643,0.099974503,0.642244228,-0.378888012,-0.342109686,-0.146395859,-0.053199427,0.843573846,0.545808796,-0.338072735,-0.074728534,-0.534745243
IFIT3,0.101982393,0.217972355,-0.065475094,-1.126241863,-0.228553422,-0.191505638,-1.103238162,0.047279095,-0.41860927,-0.63660842,1.357863939,0.152421721,-0.298599716,-0.636307866,-0.642559641,1.227686241,0.234705137,-0.860294737,-0.168046629,-0.445870911,0.761025139,-0.27704233,-0.577944762,0.131748602,-0.966718704,1.539204478,1.956533705,-1.047208534,0.196488646,1.177116402,0.266859903,-0.551699153,-0.894400669,-0.630320432,-0.071563941,-1.282039272,-0.885515245,0.071982447,-0.739245688,-0.840174843,-0.205516892,0.675277496,0.000109363,0.860425229,0.496571909,0.370731773,-0.168673561,0.543961436,-0.19131373,-0.316326777,-0.449842877,0.003267775,-0.029452002,-0.363694756,-1.06175847,0.064888244,1.342581264,1.437291631,-0.519226425,0.019555711
MGST3,-0.802822182,-0.38987495,0.196892113,-0.679342813,0.455763914,-0.56902128,-0.770457086,0.438108228,-0.082544461,-1.642161785,0.090629061,-0.07349158,0.075548448,-0.225185936,-1.071222248,-0.366583294,-0.481841475,1.099223752,-0.704719584,-0.332918003,-0.040500002,1.885093932,0.520045328,0.050092692,0.812837642,0.02582465,-1.345392363,1.2922504,-0.031668508,1.345114506,0.071564678,-0.204430732,-1.171284739,-0.029259237,0.741427155,-0.581910145,-0.513608354,1.702535252,0.648273764,-0.562133994,0.550336648,-1.298346404,-0.618930595,-1.283839196,-0.800175085,-0.734255207,0.941819816,0.174946471,-0.537034769,0.010636863,-0.422246041,0.096842322,0.574515253,-0.457275679,0.542842767,-0.954979453,0.308733711,-0.659974317,-0.004451067,-1.620552603
GEMIN2,-0.538017212,-0.27306531,1.090199382,1.100816211,-0.224104041,1.103018216,-1.142267099,-0.628028509,-0.564677918,0.073596382,0.234112279,-0.548098973,0.106633284,-0.061941515,-0.357576539,-0.561561029,0.689815414,0.480594676,-0.264043598,0.134971099,-0.158572994,-0.086773716,0.043526624,-0.119178434,-0.460022497,-0.220288505,0.244487737,1.580867439,-1.364424567,0.012011454,-0.734116857,-0.965748833,-0.419876211,-0.354936344,-0.299611383,0.747971539,0.009681237,-0.300803894,-0.552894242,-0.297060272,-0.537388001,-0.611409683,0.496188169,-0.767255669,-0.575916716,-0.579933628,-0.872649634,0.147158771,0.576690182,-0.681720652,0.641240212,-0.327074002,-0.643076032,-0.559937918,0.649894638,0.279148688,-0.251667036,-0.442427684,-0.309181769,-0.426262428
IRF6,-0.475631302,0.346342409,-0.882110098,1.152072172,-0.999761036,0.658289187,-0.287974405,-0.996576217,-0.36970912,-0.30735584,2.667463878,-1.190430159,-0.117839349,0.809053652,1.056839764,-0.617019288,-1.21232281,-0.24800382,-1.118929331,-0.456245572,0.069698495,0.053785278,1.088271634,0.008326653,-0.014979907,-0.928113429,-0.280158814,-0.06643116,1.46514516,-0.015785661,-0.432866856,-0.757732226,-0.220006758,0.982919949,-0.508880083,-0.015933895,0.50051656,0.21931029,-0.044035645,-1.609417099,-0.285563638,0.790373899,0.255127201,-1.502128787,-1.000388189,-0.779339791,1.8464861,-0.659536566,0.653952975,-0.719293113,0.057412158,-0.332029254,-0.313543585,0.309619026,1.645845182,-0.259216236,-0.755180595,-0.040162663,-0.28621184,-0.16289261
WNT9B,-1.938788972,0.017517162,2.877726345,-0.875282294,0.658089034,-0.67530599,-0.320703747,0.427397668,-1.015383722,-1.795539773,-1.036953608,0.835657831,1.973194802,0.0383583,-0.951724728,-0.031237808,1.821592255,-1.180441995,-0.725323374,3.70200438,-0.15783303,-1.072889404,-0.880722331,0.30473214,0.271241509,1.836599201,-0.57080468,-0.656072534,-1.101636838,-0.950672815,1.252662133,2.058138475,-1.028385491,-0.841454056,-0.761461478,-2.160512366,-0.832095505,0.406540245,-1.902062879,0.005605116,-0.252317673,-1.538464949,-3.540624336,0.560681427,-0.195101155,-1.847847878,-0.812124857,-0.578698312,-0.769883297,1.008117336,-0.217768259,-0.063367453,0.2803572,2.840413672,-2.411972634,0.270121188,0.474265933,-1.529252893,0.617284026,0.930050039
TAX1BP3,-0.033044807,0.201723117,-0.009944488,-0.152959934,-0.595125702,0.562346684,-0.22936183,-0.237993177,0.661096261,-0.733201762,1.441642059,0.03178573,0.614268796,0.304506482,0.46142451,0.625277779,0.564306963,-0.274547697,-0.299127233,0.089920191,-0.474368296,-0.877862381,-0.266783903,0.222783064,-0.632576505,-0.408576883,-0.174915242,0.010833868,0.640516629,-0.525003929,0.141144822,0.676502033,0.318868249,0.326213797,-1.259749287,-1.191502448,-0.415552911,-0.591836907,0.094117586,-0.438092904,-0.264495359,0.471920784,-0.98021249,0.33353663,0.376368591,1.681787156,1.194673512,-0.160915904,-0.075069686,-0.31792804,-0.394725438,0.371079578,0.311884546,0.814045098,-0.615164003,-0.223672217,-0.12637069,0.343365381,-0.107742211,0.156119913
GIPC1,0.728306168,-0.136144897,-0.113916247,0.144759626,-0.131052813,0.365396298,-0.114408908,-0.204765128,0.06847737,-0.377198703,-0.297332172,-0.764065411,-0.362982323,-0.561589584,-0.560876352,0.249044677,0.519733678,-0.273003541,-0.311100479,-0.556644443,-0.176793238,-0.393738397,-0.423668596,0.571685289,-0.031067344,0.066799922,-0.171981071,0.543858695,0.785235333,-0.171274635,0.48095423,0.271677926,-0.571569866,0.69752444,0.11386511,-0.377934147,-0.861298347,-0.370158381,0.294395236,0.059107218,0.531912967,0.600684019,-0.497155031,0.360745977,0.680137522,0.450867542,0.965864832,-0.278167341,0.961424466,-0.246134431,0.292547718,-0.512512078,-0.189697478,0.036157062,-0.296711005,-0.228989043,-0.555241985,0.240273869,-0.967745935,0.217977336
IKBKB,0.02960063,-0.433303858,0.550760108,-0.63077502,0.195483678,0.674294403,0.113128956,0.273882846,0.052299961,-0.553926279,-0.378101132,0.090450706,-0.296979948,-0.671602917,-0.394881732,0.931758549,-0.275570295,-0.637199956,-0.58892652,-0.576779602,0.349356849,-0.069427,0.633762689,0.368228071,0.086795017,0.332364658,0.334719855,-0.148728586,0.293159678,-0.154858982,0.172471088,-0.309949063,-0.44412767,0.387670932,0.508317863,-0.296459631,-0.032963328,0.987106421,0.12880633,-0.485780072,-0.061041682,0.589150805,-0.203454328,0.191642991,0.356773864,0.099570965,0.16626707,-0.128872255,-0.310514481,-0.162422228,0.628708028,0.094664933,0.487545296,-0.203908957,0.105504482,-0.230027461,0.429504119,-0.536895292,-0.307677179,-0.06440439
TIMM23,-0.10255962,-0.182550994,-0.081193404,0.059347832,-0.013064753,-0.161275598,-0.147069894,-0.110100767,0.014292035,0.048996151,-0.333323569,-0.378288594,0.286018552,0.07618647,-0.254322756,-0.041309712,-0.238477876,0.468746892,-0.176776829,-0.478743546,-0.5547511,0.861864547,0.277175789,0.002014018,0.103999242,-0.563019787,0.065432719,0.206913034,-0.18031643,0.449868883,0.031475194,0.149910218,0.120245718,0.677978593,1.519324917,0.200386172,0.16120935,0.50779239,-0.309270073,-0.539043976,-0.245372738,-0.586227574,-0.003158564,-0.17344305,-1.050983228,0.030627303,-0.11311858,-0.350303494,0.189719522,-0.427417743,0.38866638,-0.17639685,0.226450919,-0.113952147,0.35539588,-0.278443648,0.434661454,-0.296482599,-0.306365981,-0.502047536
HAT1,0.187080644,-0.635262072,0.381264807,0.960836822,-0.277551119,1.617676816,-0.101151028,-0.057153402,0.049402243,1.248573395,0.656366322,-0.65925255,-0.273495773,-0.960808685,-0.245315448,-0.088180514,0.076853779,0.238566539,0.194485959,0.66223188,0.791073428,-0.110830366,-0.306907949,-0.417680138,-0.06083281,0.359596765,0.483741451,0.708936695,-0.059803775,0.118966691,-0.333992186,-0.551070824,-0.333124048,-0.753441149,-0.030147909,0.550399822,-0.43907249,-0.818750482,-0.502887061,-0.655440677,0.152771447,-0.761682986,1.146837802,-0.484242095,0.037708577,-0.172227395,-0.630872103,0.20875419,0.230114847,-0.519775149,0.409793795,-0.272444591,-0.212130024,-0.625224112,0.894370243,0.581132055,-0.56498975,-0.335256419,-0.378686994,-0.159055979
UBE2L6,0.196834429,-0.733680142,0.623860051,-0.831149182,-0.345043507,0.336886017,-0.387407028,0.418939387,-0.10432331,-0.078356106,0.396927978,0.120660879,-0.058930954,-0.957051722,0.327056267,0.637233332,-0.050236009,-0.294658786,0.772716983,-0.166924053,0.555254221,0.437014817,0.138248157,0.618035125,-0.420878763,0.45959099,0.702404072,0.129489922,-0.002107138,0.323710421,-0.250822416,0.181709462,-0.471824818,-0.927427,0.16967806,-0.560494216,-0.579570064,0.041247653,-0.914158027,-0.132509849,-0.262387325,0.165217055,0.459413311,0.732380929,-0.172017583,-0.337905292,-0.207482076,1.117261973,0.091814127,-0.035347519,-0.020057304,-0.038527817,-0.444468013,-0.262382762,-0.645674417,0.149493267,0.459273818,-0.610938681,-0.37551625,0.140219271
CASK,-0.106384805,-0.20976475,0.092852258,0.126900088,-0.122034668,0.442612498,0.545864322,0.403075084,-0.041089263,-0.443166857,0.393576968,0.152101977,0.191923454,0.068429185,-0.454528135,0.290240733,0.475129743,0.821631305,-0.442206065,0.717436117,-0.48969902,-0.250728506,1.118317473,0.413865136,-0.155636089,0.063402758,-0.229548603,0.25568609,1.218552604,0.165037637,-0.285467424,-0.054381456,0.719963457,0.100552131,0.038163902,-0.243014041,1.332598581,0.198173591,0.571584028,0.205620033,0.624868046,0.316713886,-0.080405113,-0.238765274,0.423636741,0.187322965,0.995023699,-0.171221006,-0.629306842,0.088985193,-0.535613048,-0.48969833,-0.299983107,0.021031616,0.232429017,0.447694348,-0.359741426,0.443668957,-0.147041469,0.166000476
PLD2,0.39197369,0.183020653,0.537486704,0.178938405,0.042930922,0.342168545,0.165291997,0.035242631,0.599711052,-0.247290745,0.345815406,0.594100873,0.031034839,0.19958807,-0.291875305,0.309234115,0.122542763,-0.305521145,-0.135614819,1.247386261,-0.233468229,0.360145113,0.693048805,0.20149478,0.452799097,0.412650879,0.284807336,-0.690766855,0.130082696,-0.030708338,0.788546338,0.066578255,0.676866225,-0.282216363,0.221245948,-0.002464315,0.192245599,0.472352094,0.544214542,-0.1337132,0.748547133,0.481466856,-0.329416992,0.646259866,0.755999696,0.994557441,0.69870113,-0.120568287,0.335507749,0.480795907,-0.553897289,-0.058902093,0.19749499,0.557910242,-0.591598705,-0.049947523,0.213518817,-0.314556844,-0.002271873,0.280487127
UQCRQ,0.112251067,0.062301191,0.215554545,-0.175312926,-0.31942197,-0.104412363,-0.119886079,1.203981153,-0.241214565,0.017797037,0.528541316,-0.10002319,-0.879947954,-0.024503668,-0.194453779,0.568594378,-0.385182768,0.901745168,-0.583617173,0.495725867,-0.150998499,0.14023642,1.34181879,-0.142386277,0.149987731,0.012083576,0.179465022,-0.198404872,0.348177615,0.760160108,0.942784843,0.241409561,1.442001689,0.601435142,0.511755627,-0.111311694,-0.012111736,1.017498924,0.881946838,-0.713864174,0.210240645,0.162648304,-0.290767232,-0.672553847,-0.547517,-0.53667014,-0.104646512,0.473664009,-0.471021037,-0.420298661,0.777926398,-0.128374516,0.670363347,-0.797112634,0.399633291,-0.60732179,0.369531283,0.076721989,0.16865372,-0.00332356
MYL12B,0.174769744,0.292964935,-0.359807872,0.169876516,-0.28886843,1.072991535,0.613791117,0.624076779,0.569723322,0.551981733,0.539095994,-0.192282144,0.8818927,-0.280752008,0.239169189,0.596338576,0.884982001,0.488071157,0.522324455,-0.046361088,0.070921395,-0.593557001,-0.233589964,-0.373591018,0.836545083,0.697493432,-0.484192823,0.586775028,-0.426691562,-0.581040673,-0.114829051,0.308560457,1.044144981,-0.508559896,0.107511314,0.335055648,-0.554946611,0.488022738,-0.020412183,-0.124877329,0.00604705,0.113814642,-0.04705944,-0.329026228,0.503261144,0.718391706,0.26608949,-0.0297193,-0.568471788,0.126251816,0.596449879,0.518978883,-0.351585174,0.407853436,0.403416437,0.037652943,0.048983677,0.851621589,0.38433026,0.650654223
HGS,-0.156881843,0.027326942,0.231904444,-0.146993704,-0.147187462,-0.351529359,-0.113671748,0.034382256,0.03422787,0.260752638,-0.47049836,-0.038359822,-0.099908444,0.076713122,-0.113789511,-0.009573187,0.027566785,0.04905692,0.287842145,-0.081751048,-0.215691874,0.008639249,0.273203739,0.478466549,0.023810864,0.086024749,-0.052039987,0.093055659,0.598826398,0.315393359,0.408369265,-0.110518216,-0.194313051,-0.187728214,0.005987606,-0.039196298,0.329192546,-0.395242505,-0.161291194,-0.13775084,0.186487272,-0.095047177,0.047396585,-0.068185914,0.081136309,0.084600337,0.154444956,-0.340550792,0.045321419,-0.073672593,-0.015637091,0.193551011,0.132775292,0.09281499,0.295354609,-0.167741667,0.220251384,0.050748372,0.041844985,-0.003752373
RAB29,0.242181888,-0.705530828,0.454662072,-0.855706392,-0.50291236,-0.127056538,-0.063577179,0.150181833,-0.933041011,-1.024201747,-0.607842158,0.829548321,-0.187545374,-1.103236982,-0.522791452,0.41821024,-0.307650341,-0.504825972,-0.701769633,0.472491426,0.32298557,0.413948866,0.753934692,1.218852502,-0.096511382,0.245880008,-0.053934918,0.782497136,-0.100073705,0.142144696,1.441285528,0.178548629,-0.752794456,-0.851825517,0.661902217,-0.569017604,1.711009114,1.254884882,0.431733637,0.294930541,0.19706568,1.237126967,-0.228566702,0.050848034,0.12456031,-0.334583977,0.480095167,-0.717495431,0.375766684,0.316115391,1.130091795,-0.702140807,0.142858766,-0.408740508,-0.742327552,-0.65707199,0.636328541,-1.84566306,0.102260743,-0.630125065
CLGN,-0.36814935,0.125565799,-0.970898581,0.422779436,-0.950167063,0.414072996,-0.174049679,0.158893922,-0.43657271,0.235133254,0.400776698,-0.20196804,-0.021069549,0.17821628,-0.402490889,-0.805703557,0.112470935,1.060637879,-0.156446162,0.114733918,-0.20910524,-0.156042679,-0.150284918,0.042052813,-0.2302004,-0.171716013,2.216802368,0.266393468,-1.030747737,4.920195354,0.11145366,-0.352457974,-0.023233768,-0.319287015,-0.005584753,0.174272046,1.196912735,0.10375524,0.06705711,0.281782141,0.033092999,-0.549997237,0.689974985,-0.987996495,0.400549011,-0.093979069,0.002302074,-0.034046428,0.526661916,-0.404735312,0.017646662,-0.416458977,-0.632272129,-0.202275208,1.507559007,2.076700791,0.270304339,-1.098489309,0.054425996,0.260104449
DSCR3,0.168406166,-0.133206661,0.139712347,0.003617906,0.073419664,0.099539465,-0.836484143,-0.058867666,0.027163311,-0.166229517,0.165418992,0.484439586,-0.37477255,-0.052183906,0.260430262,-0.089368255,-0.160389296,0.094690301,-0.11296996,0.142082386,0.013492994,0.213919415,0.558433291,0.382791963,-0.46177721,0.214497461,0.67257976,0.655361673,-0.294164074,0.156055295,0.477336896,0.194287855,-0.061024769,0.050389702,0.180436344,0.207631525,0.368732179,0.279137888,-0.177639956,0.319249509,0.109007708,0.424092039,0.336220666,-0.231214991,-0.184517306,-0.395099431,-0.419683472,-0.09773408,-0.347553182,0.298066941,-0.038367824,-0.040435647,-0.566583063,0.233684486,0.155193233,0.028592221,0.411895612,-0.463738648,0.284138399,0.008324957
PPP1R12A,0.08539503,-0.038651923,-0.151720858,0.043376952,-0.000641803,-0.185055011,-0.022142846,0.513935869,0.092395849,0.039766727,-0.45875307,0.172989042,0.128880349,-0.397825754,0.119353328,0.23049526,0.24077447,0.401581494,0.027731256,-0.397354029,-0.160940898,-0.441080476,-0.216927279,-0.069650477,0.561532451,0.109881018,0.178640109,-1.081547784,0.297721171,-0.198050368,0.083334468,0.002665407,-0.556383272,-0.603319948,-0.745112723,0.037859898,0.13346661,-0.649459125,-0.230034125,-0.229541229,-0.002960875,-0.570079008,0.16455993,-0.045371454,0.414950415,0.093784191,0.173589207,-0.234058281,-0.224132044,-0.271201811,-0.363447988,-0.053128683,0.329538329,0.409586189,0.31628373,0.152694487,-0.096811493,0.699581582,0.246737739,0.293510534
SLC27A2,0.193275529,-1.342394122,-0.788180169,-0.331441451,2.480165067,-0.805309315,-0.943437576,0.507517211,-0.663098085,0.538556412,0.155719459,-1.192439558,-0.99259606,-1.240088639,-0.47429541,-0.78937924,-0.26377167,-0.481206701,0.227198743,-0.971898955,0.1190869,0.308665646,-1.327748858,-1.068549475,1.553383773,-0.876285255,0.981258756,0.254164326,-0.68784766,2.170299159,-0.521857773,-0.519407969,0.355065169,2.285128363,0.538463937,1.615379359,-0.602076691,-0.420320965,-1.219927137,-1.847922836,-1.053633954,-1.958108387,1.20748896,-1.245315543,-0.745822973,0.380511647,-0.47425937,-1.18576406,-0.162745651,0.306965637,1.025403947,0.454635514,-0.438794669,-0.320217121,0.208417332,1.139379894,1.945450843,-0.542449457,-0.434554424,-0.03684977
GAK,0.175182213,-0.055559239,0.342831664,-0.520079367,-0.18315865,-0.227751273,-0.178310236,0.077298055,0.028969394,0.185866912,-0.309463478,0.023415375,0.032803587,0.12422995,-0.224279327,0.17179483,-0.252768935,0.029858793,-0.191248256,-0.258258627,-0.009813099,0.516089647,0.529674077,0.214837502,0.214639166,0.060437416,0.012113733,0.104938582,0.207993265,0.190101194,1.758463846,-0.030384323,0.440966931,0.304932341,0.027990784,-0.262894627,0.144566346,-0.233208386,0.662899807,-0.035824414,0.164285368,0.196757767,0.129400921,0.39582075,-0.172149331,-0.268473102,-0.119297128,-0.525763609,0.480716101,-0.060126827,-0.386328337,0.073370876,-0.305313328,-0.232311357,0.181410675,0.003782106,0.255047932,-0.125357447,-0.058211259,0.07216157
HNRNPDL,-0.363209091,0.306076337,0.167670576,0.721810029,-0.307881163,1.13487311,-0.165825318,0.044805272,-0.13014654,0.378264467,0.344127345,-0.785206553,-0.791626604,0.784416286,0.707135092,0.023635133,-0.995839938,0.370558575,-0.247157668,0.687698382,0.243082102,0.112538666,-0.203265359,-0.517536003,-0.22389987,-1.10925376,0.703616897,-0.436239309,0.229847046,0.690742689,-0.50124291,-0.334811148,-0.161358076,0.699283495,-0.363970269,0.238317268,-0.35028994,-0.520176672,0.06907649,-0.487204805,0.164366151,-0.01526201,0.285189465,-0.622123802,0.937584616,0.009842843,-0.293781824,-0.816056356,0.174049827,-1.0294374,0.628751741,-0.714344571,-0.095550949,-0.622194805,0.999108283,0.116501684,0.437507637,1.026356787,-0.358436525,0.158485021
XPO1,-0.022655372,0.290420153,0.26426672,0.178788437,0.042710442,0.229181763,-0.172353123,0.089781696,-0.144705521,-0.200955155,0.540344785,-0.062297707,-0.388211592,0.326520567,-0.093125965,0.024937725,0.006776664,-0.078981273,0.012013959,0.283308905,-0.096695263,0.172395869,0.515975591,0.274389722,0.118386417,0.026542991,-0.08188801,0.837510753,-0.1293081,0.0397885,-0.08613989,-0.522211537,0.237266898,0.249644032,0.088408038,0.053052661,0.225217523,-0.322040985,-0.085370325,-0.386216899,-0.086810586,-0.227658953,0.015527653,-0.204591608,-0.283371327,-0.468549436,-0.357493421,0.130638802,0.226213206,-0.302560687,0.35581987,0.045828428,-0.171380601,-0.268112838,0.493390035,-0.148448238,-0.037979237,0.642782671,-0.120538339,-0.329499345
BTAF1,0.208379987,0.34831031,-0.199699863,-0.19443826,0.044378969,-0.030063259,-0.25596625,0.024994944,0.233945383,0.45428843,0.020250541,0.098553515,-0.376768947,0.336917154,0.148163098,-0.09721337,-0.127372359,0.285578061,0.18190719,-0.139916411,0.062112395,0.408697493,-0.18152223,0.184185248,0.324892233,-0.301445649,-0.72927195,-0.254900526,0.040306544,0.14105364,0.015346188,-0.287129944,0.015323188,0.246066466,0.255049862,0.691546265,0.094559901,0.103528248,0.558983131,-0.324859552,0.122372351,-0.425380107,0.521477664,-0.087441429,-0.407321439,-0.708117815,-0.091583387,-0.032791639,0.049169095,-0.0881513,0.248738272,-0.425559395,-0.210832949,-0.266415212,0.563703299,-0.368420375,0.333618959,0.062868931,0.135323087,0.415909862
ATP2A1,-0.043886934,-0.1638179,-1.946046608,0.239857371,-0.031344548,0.080406433,-0.883127402,-1.130014065,1.687999883,1.364583692,0.653040349,0.040022146,0.078308665,-0.653707714,0.258678916,0.124146709,-1.098511911,0.611499508,1.530715508,-1.207446086,0.133329752,0.382832773,0.341324172,0.15706503,-0.516445909,0.884299091,0.240892595,0.228676994,-0.847175621,-0.837381824,-0.262081335,0.006882116,-0.115713874,-1.193516894,0.846429277,-2.362101819,-0.718860144,0.090216856,0.7413684,-1.087136813,0.490250293,-0.384490401,1.092816973,0.209046035,0.336444723,0.082904765,1.940507553,0.978838608,-0.077719725,0.597756812,0.029789279,0.31636301,-1.040778387,-0.31244552,0.712476304,0.258120867,-0.520642784,-0.32993467,0.41620585,-0.55025906
ARHGEF10,0.756471492,0.345557428,-0.111636097,-0.390147926,-0.408998901,0.492487217,-0.365691042,-0.049266215,-0.25835637,0.517899119,-0.033611379,0.312754643,0.2625851,0.300731452,-0.56331722,-0.078567483,0.28547524,-0.031097507,0.086405289,-0.890386835,-0.558086691,-0.836950253,-0.585463701,-1.256452888,1.086392021,-0.009847888,0.214828088,-0.434085119,-0.047004255,0.181139671,-0.293290101,-0.238533747,1.192149054,0.484118474,-0.06917355,0.354561538,0.149142644,0.350936908,-0.017831483,-0.832001637,0.231025381,-0.121402796,0.13595224,-0.270713525,-0.320372188,0.150709498,-0.0520368,-0.299091079,-0.277112963,-0.265609347,0.147458714,-0.801637527,-0.044742869,0.214666815,1.197828216,-0.497164308,-0.013555549,1.648716182,0.726312908,0.574442007
ZNF609,-0.062610397,-0.308738178,0.07822817,1.341454893,0.716275851,0.553629793,1.102752748,0.173225842,0.008536545,0.486270521,0.066940763,0.077120214,-0.388104613,0.075189078,-0.565610042,0.206715518,0.16322466,-0.405329505,0.310609104,0.072211037,0.750751408,0.061078429,0.614006146,0.621559922,0.159241422,-0.025923772,0.189112656,-0.061872188,0.129174932,0.471118812,0.216212162,-0.169883798,-0.292856259,-0.235702423,-0.70833769,0.215436741,0.060425271,-0.455673842,-0.510899524,-0.019927781,-0.550955263,0.245307569,0.25584895,0.009825932,1.014849418,0.233806666,-0.629672785,0.107744766,0.431034167,-0.280402355,1.09995777,-0.070699166,0.540131474,-0.244293776,0.66263932,0.512505647,0.20241152,-0.482759806,-0.278104567,-0.672835696
SPTBN2,-1.079756035,-0.133837518,-0.211087158,1.393775688,0.115163108,0.69682026,0.478188301,0.065172752,-0.200711023,-0.076659936,0.569518804,-0.569408057,-0.172674068,-0.054920294,0.417397939,-0.05171206,0.746263106,-0.225609806,0.368749158,0.828732418,-0.032882189,-0.101446904,0.337605676,0.246390581,0.061885697,-0.43474536,0.425389032,0.265308623,1.047566581,0.26305866,-0.47806642,0.253708827,0.354530555,-0.013295184,-0.136762999,-1.03354091,0.148184765,-0.061283738,-1.030660193,-0.788003227,-0.986657023,-0.82001465,0.321115426,-0.263347014,-0.178857155,-0.289193515,0.160011062,-0.791949985,0.439686487,-0.586706001,-0.034147874,-0.492504583,-0.247489277,-0.187081609,0.24061212,0.059105438,-0.553488468,1.272655636,-0.202372326,-0.758261751
MAST4,1.450658286,1.026508218,0.261891683,-1.925336477,0.207121094,0.393379397,0.534686862,0.680995433,0.230923695,-0.440688446,-0.146242778,0.198907955,0.426880062,0.005287954,-0.356445729,0.403205808,-0.070401656,-0.907902999,0.177590751,0.292678168,0.754971335,0.047789866,0.17596907,-0.035636744,0.82687814,-0.132535318,0.399924828,-1.315247259,0.38928078,-0.099833984,0.392101855,-0.082225212,-0.789716848,-0.208273362,0.386106776,-1.150454675,0.44709833,0.78698051,0.265302027,-0.096845256,-0.297258804,0.162013727,-0.410361569,-0.288522366,0.856271525,0.14036707,-0.020052547,-0.281298867,-0.703562138,0.362575065,-0.477103208,0.769324366,0.453565936,0.155718154,0.682354542,0.175506446,0.038037273,0.554942341,0.195630515,-0.274160955
SEC16A,0.196181159,-0.378032966,0.174788805,-0.724535053,0.054324569,-0.11353897,0.037402754,-0.350248578,-0.366277916,0.494837543,-0.537205313,0.321148759,-0.007630937,0.229877147,-0.258116605,0.056877155,0.177898918,-0.095937883,0.021286609,-0.529412333,0.13138324,-0.268780894,0.060525915,-0.370282667,0.487803461,-0.352604296,-0.410831046,-0.116952487,-0.274289971,0.261698114,-0.062529727,-0.400019577,0.534726773,0.822312939,0.490667899,0.368879484,-0.363118372,0.590302838,0.393630944,-0.184530946,0.134335757,0.238007551,0.696644101,0.128553002,-0.252023077,-0.267319806,0.25151975,0.442130515,-0.204370444,0.017073986,-0.151826218,0.382205925,0.291250003,-0.198375856,0.336179887,-0.095301282,0.2145871,0.70533621,0.258283039,0.29552453
PLXNB2,0.10232933,0.026599876,0.374940864,0.251301447,0.003031725,0.337053055,0.428292502,0.38258694,-0.067011414,-0.347908133,0.352155494,0.67106896,-0.232269654,0.257821461,-0.079750459,0.238674913,0.081331252,-0.343702794,-0.152262973,0.931699209,-0.066238234,-0.577539178,0.444792406,0.078395072,0.247739621,0.29456559,0.526681008,-0.096145604,0.619452386,0.172565071,0.034527406,0.192220063,0.184334196,0.119498017,0.305266782,-0.131359206,0.407690347,-0.134987621,-0.271703896,0.389470169,-0.073176863,0.461970358,-0.136851161,0.133056692,0.649524361,0.045054901,0.62223094,-0.38409852,0.073447375,0.335317224,-0.126318245,-0.272910356,0.218447687,-0.027099532,-0.079353316,-0.119472254,-0.141441831,0.010096422,-0.147944507,-0.0452358
KHNYN,-0.248726137,-0.580124155,-0.080430939,0.286068865,-0.278355553,0.521365389,0.158032535,0.24563243,-0.204103859,0.254317522,0.555244741,0.086854523,-0.03336371,-0.384256487,-0.04520227,0.079327151,0.01009955,0.083895693,-0.193676197,0.179537008,0.617695703,-0.081401885,0.052237975,-0.317698953,-0.080675735,-0.356523652,0.310266999,0.554515827,-0.342293485,-0.663320824,0.130334865,-0.460827719,-0.053182211,-1.16728781,-0.74116477,0.707434015,0.253134692,-0.17996537,0.249483999,-0.320020261,0.063343204,0.104751263,-0.006012044,-0.411717461,-0.246277266,0.155879087,0.267089303,-0.231585586,0.051802404,-0.005185336,0.018724986,-0.609519916,0.260264596,-0.406133392,-0.072276442,0.094039023,0.323695467,-0.942814034,-0.016743303,0.170501583
TECPR2,-0.181604984,-0.117627193,0.686619085,0.588308451,0.171954097,0.99439078,0.093359647,0.369459457,0.260557472,0.407705118,0.678480544,0.058577588,0.134435771,-0.340207293,0.356283523,0.092942781,0.005990529,-0.005486166,0.614685519,0.775177516,0.490146718,0.047270673,0.306695887,0.49923903,-0.033001847,-0.655842433,0.673642725,0.509723112,0.085041495,0.027077764,0.070959741,-0.580745803,-0.4963673,-0.296125695,-0.604982659,-0.1015425,1.034376751,-0.037691514,-0.096991827,0.234712777,-0.725420523,-0.268906266,-0.009367549,0.245787642,-0.577573736,-0.366498173,-0.30760265,-0.610843085,-0.160737892,-0.464348871,-0.159017161,-0.440893843,0.015723342,-0.244478543,0.532874327,0.430891242,0.082306734,0.152296087,-0.451075151,-0.151256446
U2SURP,0.01479134,-0.351817583,-0.169405329,0.683445537,-0.200512247,0.632952866,0.102032012,0.135243297,-0.359526186,0.618061816,0.110233285,-0.269847567,-0.475905163,-0.150638543,-0.353066803,0.231464634,-0.433013286,0.197341893,0.019231214,-0.050121436,0.220432896,0.256243505,0.093132135,-0.147257234,0.007927531,-0.435463644,-0.115432326,-0.022761707,-0.023106683,0.305445743,-0.3076221,-0.398379771,-0.066881964,-0.435354679,-0.367263055,0.118893216,-0.005680653,-0.295105732,-0.092173816,0.052569452,0.184215784,-0.348836975,0.51687295,-0.311705602,-0.121846535,-0.029533343,-0.145124108,0.165713568,0.661945976,-0.499625623,0.901470227,0.032964861,-0.031064973,-0.540050798,0.392910747,0.05818775,-0.024780616,0.381497124,-0.393384507,-0.278835608
SETD1A,-0.061873756,-0.161470028,-0.034683812,-0.195594791,0.08035579,0.683473934,0.39263105,0.659052664,0.066835031,0.314300137,0.110785722,0.381470694,-0.015478445,0.255790911,0.248967019,0.579826025,0.675289149,0.01586475,-0.417234836,0.041064021,0.589634296,0.276165641,0.444090792,0.342974843,0.358531635,-0.174882785,0.128778661,-0.030710933,0.182361797,-0.0588069,0.395315228,0.411183447,-0.146367307,-0.50695339,-0.37266646,-0.282337588,0.614954923,0.07201399,-0.635742988,0.485956579,-0.025974505,0.038314494,-0.199434221,0.018309081,-0.025403654,0.128773074,-0.183347047,-0.23129555,0.328459385,-0.03942209,0.389743392,0.289170605,0.028929612,0.055463501,-0.016306099,0.584933755,0.454873095,-0.197134855,0.000764334,0.210774685
TRANK1,0.053809288,-0.402738551,0.153201235,-0.835584886,0.071188325,0.285488624,0.186030714,0.67564949,0.162406419,-0.189566103,-0.04468158,0.156354305,-0.584448267,-0.385532327,0.695340144,-0.047097514,-0.090533121,-0.29609799,0.015772826,0.259753126,1.390473479,-0.374204749,0.082843188,0.375537717,0.647604042,0.04392818,0.409270585,0.037806392,0.297743049,-0.009185381,0.036879745,0.386065498,-0.526613342,-0.453606452,0.023762487,-0.169853751,0.320760198,0.084744437,-0.093458969,0.596788565,0.024646475,-0.013312691,0.11804825,0.479853656,0.531393149,0.38112268,0.315401036,-0.388097626,0.114185433,0.052644828,0.263162233,-0.248449889,0.296256203,-0.146603028,-0.278415988,-0.120635619,0.603786667,-0.071864086,-0.350974592,0.148898475
SYNJ2,-0.337715478,-0.558875904,0.053553991,0.009256922,-0.074377886,0.144191174,-0.21784463,-0.833987961,0.26197376,0.268061227,0.585810419,-0.035255276,0.184071684,-0.705601512,-0.211701918,0.115834743,-0.288756395,-0.293206417,0.341078174,0.044779914,-0.01827731,-0.137056263,-0.613454605,0.120546577,-0.134015334,-0.707374615,0.064915455,0.139007707,0.907010832,-0.052209648,-0.096216019,-0.475847657,-0.671051807,-1.229439572,-0.778347323,0.202957008,-0.377002399,0.125712342,-0.415847825,-0.225391496,-0.43379434,-1.009973441,0.042373491,-0.397114533,0.02870029,0.043889667,0.762785726,0.134030195,0.084229528,-0.482160342,0.757278464,0.365425998,0.050008877,0.123580998,0.206557892,0.825193984,0.33815123,-0.359198817,0.508234124,-0.646812586
SYNM,-0.29611149,0.6060449,0.499189258,-0.117678471,-0.165969615,-0.341842879,-0.1813503,0.055527758,-0.680797252,-0.518925147,-0.014870542,0.621418193,-0.172970846,0.990123937,-0.780935453,1.109522853,1.717804928,-0.264469346,0.05711222,1.187709473,0.016940688,-0.914158617,-0.734533497,-0.021403677,1.956079206,0.478326311,2.058300795,-0.78610954,0.013052026,0.161737449,0.236443677,0.713707328,0.409966594,0.098547943,-0.292983113,1.328033274,-0.375057117,0.066396035,0.107294172,-0.423760083,0.151343775,-0.149561094,-0.742044659,-0.016987696,0.178895633,-0.774054226,-0.2768256,-0.440825384,-0.580658179,0.274709641,-0.151175087,0.197882982,1.57699575,0.687560283,-0.076027805,0.017679174,0.57039946,-0.665942571,-0.486603027,1.588491579
KIF3B,0.037070362,0.054858957,-0.052930145,-0.138650364,-0.021193259,-0.011891836,0.598997825,0.02720243,-0.205242263,-0.04761397,0.176686458,-0.350548094,0.037832144,-0.184480337,0.064445843,0.293753428,0.551893273,1.463032547,-0.26964934,-0.242100627,-0.269568031,0.238301446,-0.107493639,0.351867509,-0.062136519,-0.131200959,-0.268283384,0.54996576,0.33570389,-0.01706869,0.073302178,0.084941328,-0.195772466,-0.208663996,-0.011205819,0.751250146,0.327329879,-0.143169501,-0.041634844,0.480581749,0.015283086,0.269920749,-0.246883933,-0.105988118,-0.361893621,0.302740041,0.116616693,0.530503976,0.31733885,-0.357185405,0.639588091,0.499328795,-0.247661668,-0.104082005,0.993535875,0.192150188,0.320899253,0.191901298,-0.064118871,0.31619605
PFAS,0.265162374,0.879098584,-0.702861448,0.079440264,-0.860693441,0.710610689,-1.101820125,-0.811523271,0.180684102,0.561655733,1.701951136,-0.501048159,0.476382627,0.387954563,1.023295504,-1.277924012,0.374990425,-0.029442678,0.758332552,-0.314982412,-0.120500624,0.707126648,-0.363749183,-0.476035013,-0.302465861,-0.370945419,-0.795605073,0.190713091,-1.124991925,-1.111587059,-0.478209931,0.36724902,0.292978452,-0.343726522,0.52694876,0.060579228,-0.157284685,0.456825357,0.083559801,-0.448433146,0.298834729,-0.32759578,-0.375300069,-0.680703595,0.465481635,0.528943664,-0.293312477,-0.129023394,-0.155329602,0.448649891,-0.545305632,0.318898929,-1.13087053,0.416039763,0.025435919,0.959418383,-0.15283256,0.367573262,-0.746453157,0.565448893
MCF2L,0.31284221,0.325690545,-0.076155386,-0.505203974,-0.029985144,0.621600087,0.485279913,-0.297011581,-0.040932021,0.442138657,0.221180468,-0.276086917,-0.035631211,0.030371797,0.874874454,-0.150997576,0.628708387,0.54190071,-0.36048707,0.602679564,0.331502906,0.5276994,0.04940674,-0.150426961,1.255854145,-0.100443952,0.837240645,-0.217934165,-0.752432013,0.888436699,-0.13990642,0.140880561,0.82853937,0.28804511,0.395872653,-0.260504501,0.288155072,0.494501668,-0.008124948,-0.572138076,-0.30514295,0.253647927,-0.348938636,-0.708912238,-0.097354233,0.467628201,0.185379055,-0.118736735,0.562890677,0.258145078,1.067838569,-0.264511585,0.527000387,0.634307352,0.960950899,0.670232739,0.142034929,0.311333224,0.153443713,0.407325068
DCLK1,-0.887779745,-1.282668576,-0.911901776,-1.105321207,-1.071427635,3.215811872,-0.022295895,-0.615402725,-1.39910971,-1.245805657,-0.480872425,0.522669829,0.631594437,-1.803100442,-0.721165672,0.260375716,0.720215643,1.969801556,-0.107177528,1.923656456,0.454886026,-0.615524334,-0.24236918,1.635232106,-0.50675619,0.841412841,1.251579587,-0.849871573,-0.82781228,0.109685415,-0.230974877,-0.608048955,-1.176920461,-1.727388543,-0.579884364,-0.025390729,-0.434648263,-0.695408763,-1.362276019,0.720686848,-0.727563724,-1.015781299,-1.048814004,0.191223434,-0.585655843,-0.28711033,-0.727412756,-1.289307041,-1.500335849,-0.748148988,-1.284064226,2.524415749,-0.713597458,-0.589877433,0.916123524,0.197456694,-0.92587785,-1.386408045,-0.033434899,-0.76634881
CEP290,-0.128765376,0.01752037,-0.163187475,0.36769222,-0.131571904,-0.201628284,0.060160684,0.058985176,0.292479726,-0.314264887,0.162542516,-0.003791759,-0.251211198,-0.077346971,-0.111665881,-0.007194906,-0.468400439,-0.144353652,-0.37384722,-0.239023326,0.239487388,-0.279098506,-0.160635411,0.076013118,0.440538813,0.112736268,0.003144075,0.027078047,0.286106377,-0.186328548,-0.254848363,-0.465035033,-0.375371067,-0.545492035,-0.416500073,0.377520779,0.910294839,-0.266537183,-0.12909388,0.356949767,0.017645696,-0.478237007,-0.239487101,-0.154434054,-0.158745806,-0.039068686,0.021744768,-0.770688381,0.264599616,-0.097464987,-0.2788593,0.001989816,0.088858033,-0.024304663,-0.289398145,0.199287197,-0.051392611,0.143962423,0.073077995,0.086793446
ANKRD28,0.334271036,0.267251883,0.345874219,-0.228370858,0.187095918,0.511528966,-0.352993226,0.01194841,-0.642036291,-0.871187867,0.358160824,-0.147698045,0.14739131,-0.011839657,-0.391989109,0.034413299,-0.136873778,-0.420109765,0.590233742,-0.159751505,0.118401464,0.134416273,0.274396429,0.747917318,-0.123036167,-0.087472426,0.288259944,0.462935931,0.178369309,0.407372887,0.724920135,0.175901036,0.427172452,0.082302532,0.212523921,0.188058423,0.194267959,0.069840799,-0.033719352,0.099289261,-0.72701296,-0.378627929,-0.19366652,-0.434747597,-0.120244181,-0.697526567,-0.613165778,-0.701007081,-0.456832894,-0.065984833,0.760818118,-0.608352065,-0.338776887,0.466825914,0.372654538,0.00022152,0.681743564,0.297242714,0.068797142,-0.306774748
ARHGEF11,-0.006519752,-0.042730053,0.637364684,-0.391359335,-0.056601832,-0.014754439,0.284552816,-0.190715338,-0.00237697,-0.470994056,-0.305271461,0.243478023,-0.217736046,0.344429821,-0.229381284,0.643968127,0.21896228,0.174818805,-0.531997326,-0.198534111,-0.075656832,0.146337,-0.077748797,0.365540451,0.049599522,-0.414297681,-0.125990149,-0.149581917,-0.033851055,-0.067720882,0.243644553,-0.037684827,-0.615597977,0.368869885,0.232507836,-0.222189389,0.420217508,0.513387976,-0.075797266,0.043452658,0.066377327,-0.215201317,-0.141750452,-0.018199399,0.055140057,0.04356904,0.256959669,-0.343149229,0.00973604,-0.202968427,-0.232794982,-0.705449973,0.016436577,-0.039515462,0.446981369,-0.244829401,-0.489229547,0.109873559,-0.167655782,0.121771071
KIAA0391,-0.283230346,-1.10794866,1.911251907,0.093550158,-0.530619048,-0.562292695,-0.579311425,-0.202680053,-0.491226824,-0.490308275,0.252762971,-0.795301787,-0.693352763,-0.722725855,-0.173852872,0.102704139,-0.007123872,-0.136971438,0.030964523,0.673741956,-0.670376484,0.864480125,-0.457412455,-0.050418091,-0.805537687,-1.128809397,-0.302437987,0.86165017,-0.430544599,0.452006876,-0.578606119,-0.39616074,-1.111990044,0.082418496,-0.037106026,2.254278361,-0.255696936,1.851260483,0.455620538,-1.100007127,-0.940660643,-0.453714658,-0.159763205,-0.750176922,-0.647263932,-0.795109073,-0.253247333,2.125244265,-0.11954543,-0.348254779,-0.32551061,-0.403233145,1.230920273,-0.482242974,2.392197266,0.584570763,1.86703113,-0.388678777,2.54286335,-0.868429383
CHUK,-0.044067917,-0.231019012,-0.127793192,-0.300646671,0.075999648,-0.18177887,-0.08212888,0.161730067,0.32718047,0.082537906,-0.155944407,-0.459580021,-0.221531964,-0.444804288,-0.234494386,-0.269177712,0.013498598,0.228885818,0.022517914,-0.613632688,-0.096298351,0.019190549,-0.043968515,-0.362923114,0.062386134,-0.013015116,-0.124707861,0.081519688,0.166887812,0.172299556,-0.249923443,-0.09165405,-0.483795243,-0.90463061,0.97537422,-0.370121893,0.557421341,0.159953404,-0.359494853,0.119162697,-0.06539266,-0.048886796,-0.356279668,-0.084457898,-0.36689636,0.135215455,0.393134611,-0.411994621,0.434389099,0.402760357,0.210457026,-0.107903707,0.118090767,0.105607438,0.155247227,-0.425636107,0.746440605,-0.815373609,-0.066751475,0.501162732
LSM1,-0.225249641,0.388072227,-0.931272165,0.877472616,0.056049584,0.556501209,-0.316032543,-0.320751834,0.09082831,0.470781123,1.180380438,-0.398702119,0.241701634,-0.862195035,0.31791086,-0.091462063,-0.09320886,0.08116811,0.307936486,-0.87918926,0.379595234,-0.656628454,-0.643496079,-0.745853552,-0.646280683,-0.374890115,0.152475234,0.520338183,0.323153152,-0.129046007,-0.249189877,0.253711943,0.166751587,-0.392534465,-0.361095193,0.176480689,-0.35058385,-0.281798235,-0.566971253,-0.561525256,-0.575965711,-0.249922986,-0.344155771,-0.239997969,0.530354273,0.145356978,-0.118524164,-0.133486333,0.445454208,-0.160854758,0.233380035,0.568968657,-0.349767209,-0.077983842,0.384812972,0.433010748,-0.090631786,0.202609316,-0.297661128,0.28489475
FYB1,0.189398012,-1.705387359,-0.025400189,-1.761802512,-0.459053482,-1.018690472,-0.09370655,0.879661422,-0.058461848,-0.394959956,-0.847747394,0.243912388,-0.057083107,-1.146797279,0.334789764,-0.553655085,-0.510009878,-1.398594537,-0.003292851,-0.348096524,1.356628809,-0.964865114,-0.77297332,-0.648671116,0.558279235,0.52409436,-0.053378418,-0.937292053,-0.68212729,0.092731897,-0.81912281,-0.461347021,-1.26662759,-2.08238564,-0.328945663,0.006500328,-0.500622319,-0.535871075,-0.577762605,0.678959647,0.485832687,-0.272975035,1.101919773,1.486137261,0.529899869,0.112240599,-0.829572986,-1.373211568,0.036440172,0.033258639,-0.86912166,0.091280085,0.696802638,-0.589757228,-1.538228854,-1.074650855,1.023430563,-1.491881374,-0.308827204,0.285548249
NPC1,0.183769628,-0.552435682,1.400886395,-0.831642005,-0.530334493,-0.405030114,0.192963844,-0.077477325,0.347263423,-0.343457125,-0.698379841,-0.337845641,-0.654019303,0.141601283,-0.891663461,-0.229677398,-0.089447234,-0.443856824,-0.339288096,-0.099328797,-0.405919749,-0.277195,0.256073785,0.4539649,-0.421235831,-0.099501573,-0.934554518,0.848374574,0.091511889,0.353088142,2.998318577,0.17988974,-1.207023832,0.074997248,0.447236917,-0.171707452,1.072636846,0.580219381,-0.331747554,0.686258761,-0.201753343,3.008499082,-0.136954906,-0.241080931,-0.140398678,-0.03799119,-0.775685679,-0.22054378,-0.153090582,0.369884387,-0.081095313,-0.311002922,0.123304288,-0.27253556,0.221475559,0.341590126,0.879335282,-1.451492785,0.252493194,0.078494151
AGPAT2,-0.081516637,0.386700186,0.472975614,-1.305788639,0.339431565,-0.229437855,-0.131075375,0.231080823,-0.009931124,-0.239479873,-0.302111778,-0.148981843,-0.12760642,0.017663627,0.362836572,0.03684359,0.104381914,0.86839145,-0.176937987,-0.399076145,-0.16027502,-0.154613192,-0.57898335,-0.890960409,0.245027266,-0.634910848,0.263683515,0.203037867,-0.460031583,-0.203599844,0.8710898,0.509589183,1.710383462,-0.268900635,0.913004322,-0.00194523,-0.443641285,0.953228033,-0.205605684,-0.015049015,-0.539328842,0.996344323,-0.935472433,0.262134392,-0.004249382,0.166991979,0.077049406,-0.613868632,-0.339060564,0.163533594,0.785930922,0.087486177,1.334541553,-0.348779682,-0.74593621,0.15321116,1.003909425,0.316054189,-0.654752837,0.271616245
DEGS1,0.779934514,0.36653182,0.159144813,0.262311715,0.37514026,0.266835465,0.43722491,0.11799233,0.169913893,0.241345525,0.149160591,-0.178495093,0.354048918,0.401532745,-0.112868541,0.227888022,0.589299983,-0.066002222,-0.011995772,0.043660858,-0.046692354,-0.101419414,0.225458356,0.354591077,0.137375846,0.238893058,-0.10228691,0.140719488,-0.167083144,0.336402885,-0.049653573,0.313221144,-0.045989255,-0.059425332,0.000279109,0.072833535,-0.215231995,0.001519357,-0.260178101,0.204116419,0.833931519,0.117674896,-0.445856352,0.10466934,0.273930537,0.008621215,0.016459813,0.306657133,-0.177639403,0.441284099,-0.276428685,-0.115425221,0.115041482,0.527519019,0.398155878,0.063515608,0.575931535,0.095223363,-0.048697176,-0.094403311
SCAMP1,-0.063056636,0.821433959,0.724501252,-0.530016862,0.129229154,-0.43988529,0.298926074,0.324935347,0.104412423,0.11201538,-0.037912248,0.362822232,0.257698433,-0.110662383,-0.04912722,-0.210542358,0.239812212,0.046083035,-0.242796692,0.619249187,-0.031021369,-0.186292158,-0.242596813,-0.197118101,0.631276331,-0.31719703,0.026590153,-0.308951815,-0.02502527,-0.076505057,0.279097829,0.420872027,1.190163623,0.345732126,0.662179853,-0.099302821,0.632652087,0.214650553,0.266798089,0.115021783,-0.191349754,0.056148995,-0.203461678,0.079827279,-0.103349478,0.002300952,0.231365752,-0.075870405,-0.368310168,-0.19419753,0.362948224,-0.276122053,0.083533076,0.00279277,0.390762031,-0.01419991,0.646435372,0.610411872,0.171373742,-0.055993623
SCAMP2,-0.270096931,0.276564872,0.499042828,-0.536359216,0.695553335,-0.028047644,0.207295326,0.435441344,0.411369706,0.23532713,-0.163026577,0.3947899,0.22783802,0.162724506,-0.085057158,0.033781286,0.347122668,-0.109013318,0.136043139,0.122419576,0.413797369,-0.019176876,0.081889942,0.286643794,0.123054607,-0.139773921,-0.054742553,-0.413788851,0.183051213,0.094028407,-0.025669116,0.20048433,1.51463539,0.673618118,-0.019630166,0.288360863,0.067123029,0.125549279,0.369616644,0.378653751,0.03733467,0.695360489,0.509983045,0.565118738,0.278406212,0.22764312,1.000081587,-0.190673986,-0.049288502,0.039302726,0.625910157,-0.264596813,0.111101852,-0.243458815,-0.448749057,0.163580879,0.285907441,0.244324536,-0.240606873,0.266198904
ARPC1B,0.123985843,-0.510388715,0.38135344,-0.681236708,-0.465976334,-0.694417311,-0.824746675,0.219885311,0.202237987,-0.311448472,0.159118896,-0.034884305,0.072130182,-0.571035385,0.432021072,-0.420200918,0.062742252,-0.500720063,0.425476983,-0.604112308,-0.136814016,-0.44712292,-0.313593505,-0.716869976,-0.083203192,-0.15126806,-0.068803975,-0.278289892,0.533732541,-0.348561588,-0.39172376,-0.491880339,-0.595187661,-0.624429459,0.15078971,-0.439469843,-0.579461783,-0.104899707,0.053080126,0.005411989,0.39642533,-0.058053044,0.316721811,0.331367178,0.063405595,0.162669499,-0.090429418,-0.355404679,-0.016427233,-0.154010496,-0.449424539,-0.306682089,-0.230203605,0.023625825,-0.362149906,-0.037304724,0.437555159,-0.157937042,0.122914536,0.286253004
ARPC2,0.266989928,-0.239871216,0.192605221,-0.682212162,-0.025488442,-0.369483531,-0.307408464,0.138660847,0.244433714,-0.080588727,0.249049422,0.347196896,0.116562589,-0.207767026,0.184455584,-0.083842226,0.228593782,-0.289895887,0.194834574,-0.13149145,0.175892024,-0.122561938,0.036973843,-0.315414279,0.172740617,0.087278476,0.390952641,0.118348308,0.543615525,-0.366780888,-0.19157944,-0.16532244,-0.432990741,-0.582931325,0.334127322,0.11808793,-0.301223498,-0.335720764,0.101166096,0.046424347,0.177910056,0.018047155,0.560728611,0.449809439,-0.110615483,0.335587446,0.230507631,-0.193282779,-0.040873017,0.073591982,-0.037470884,-0.292259821,0.096009029,-0.174275151,-0.020438665,-0.07660085,0.212359535,-0.191833937,0.179386522,0.236191115
ARPC3,0.016206501,-0.234647762,0.357143375,-0.534682367,0.06432083,-0.135202349,-0.116154999,0.439232368,0.127817866,-0.118169301,-0.074908497,0.324583178,0.129144965,-0.370727654,0.289458883,0.051942204,-0.101519238,-0.479999187,0.21812378,0.005524562,0.0483164,-0.217986269,0.060423899,-0.317790234,0.120192644,0.113829736,0.149885004,0.202535123,0.532161666,-0.026268113,-0.207842884,-0.407379548,-0.464720176,-0.668320945,0.455699183,-0.019923809,-0.105132324,-0.227168218,0.034950786,0.389421523,0.05257441,-0.062822934,0.287669187,0.455692609,0.011165052,0.411524776,0.221867582,-0.253399705,-0.02161828,0.152046069,-0.334227201,-0.475900244,0.092735212,-0.224896149,0.037397635,-0.360825608,0.200926319,-0.288730525,0.224641926,0.168886384
BET1,1.411189979,-0.755555661,0.581460222,0.19611194,0.260363695,-0.935882537,-0.389529114,-0.145398481,0.421838305,0.115936685,-0.482567809,-0.353519605,-0.116760996,-1.381766066,0.293453097,0.637534989,0.136983002,-1.596681859,0.148174407,-0.868343895,-1.055814513,-0.44871163,0.673425047,0.757193019,-0.521942202,-0.714562378,-0.950218554,0.075318861,-0.210376997,-0.303264203,2.052783909,0.980362579,-0.107875305,-0.051485279,0.241905661,-0.389268219,0.047173644,1.882525177,-0.233312946,-0.179981479,0.074158542,-0.498550683,0.088763116,-0.631593119,-0.174191631,-0.006767946,0.100128503,-0.886561545,0.367317776,-0.113835684,-0.490049694,-0.36784823,-0.259880342,-0.492989532,-0.068398669,-0.476766983,1.810984706,0.115397474,-0.121539283,-1.124420499
POLR1C,0.618407307,0.495230064,-0.169875386,0.00032585,-0.058504131,0.381964019,-0.106121857,-0.380403725,0.172141923,0.475223639,0.151825825,-0.193887764,-0.006293375,0.144650862,0.097342872,-0.222326066,-0.373529198,0.221244479,0.272489841,-0.000646042,0.160936573,0.14493202,0.144605039,0.334028087,-0.105651015,0.171739053,-0.458795686,0.424135275,-0.392219365,-0.458998116,-0.354567694,-0.056890428,-0.287122139,0.379701443,-0.023183419,-0.151079965,-0.238530232,0.030710317,-0.114782948,-0.55587608,0.140252073,-0.187851901,-0.092171529,0.160179211,-0.163344973,-0.089506781,-0.07711443,0.465740374,0.506473859,0.186243899,0.685067698,0.470671284,-0.363436949,0.301800341,0.46952384,-0.063617011,-0.029450006,0.228819586,-0.050300377,-0.134226941
PLSCR1,0.225989464,-1.454722824,-0.310343846,-0.444568653,0.065201174,0.214145081,-0.146817693,-0.13843132,0.153474903,-0.800211682,0.331166925,0.428622553,-1.816245133,-1.117963604,-0.429708313,-0.042256579,-0.596599662,-0.524763564,-0.121041053,-0.514163743,0.118461573,-0.296340857,-1.299596085,-0.897377988,0.401316688,0.495855095,0.364437951,1.186490814,0.529226628,-0.268603664,-0.315737819,-0.552381016,-0.083267939,-0.965014141,-0.479162521,-0.996978175,-0.076924409,-0.187360437,-0.641074919,-1.636972486,-0.321508831,-0.028434144,0.102821941,0.030282918,-0.553763339,0.814971756,0.164880123,1.16582886,0.835842362,-0.607311707,-0.582683057,0.379248015,-0.013495702,-0.444406465,-0.632018974,0.650594425,0.191120359,0.767650487,0.48081748,-0.154817502
TRIM24,0.265746192,0.198937731,-0.18034854,0.34989068,0.103986784,1.139608509,0.188224748,-0.486183443,-0.256491096,-0.016078652,0.574877059,-0.361735938,-0.79620618,0.566925669,0.733640857,1.172703207,0.066680993,-0.106860803,-0.824003619,-0.248458831,0.10019479,0.139178616,0.188532396,0.64561314,0.049244082,-0.292873199,-0.354184802,-0.061084822,-0.637024469,0.448413146,0.108020608,-0.482682437,0.272158295,0.366122132,0.217371628,0.199262221,0.504151555,0.145846953,0.039349533,-0.123602063,-0.009088806,0.179876897,0.069760967,-0.509557813,0.118929292,-0.230583943,-0.185011484,0.312430355,-0.258497091,-0.371666846,0.221245613,0.343125987,0.021704974,-0.208291894,1.95147817,0.135155094,0.497884244,-0.503818412,-0.330946754,-0.034172596
PGRMC2,0.033193094,-0.059341979,0.621023521,0.180085369,0.309660066,-0.654069995,0.165479856,0.013560246,-0.047194372,0.077523417,-0.664627249,0.460294421,0.119014658,0.24320564,-0.154788459,0.135043172,0.116401036,-0.031641146,-0.120355486,-0.084082473,0.464214079,0.516208893,0.37530589,-0.259589469,0.35519747,-0.214280709,0.178563298,0.131207686,0.084334909,0.711418815,-0.091727546,-0.124658116,0.157205595,-0.231639608,-0.258968692,0.316133855,0.467179249,-0.061393442,0.149704274,-0.006073825,-0.101941731,-0.015214416,-0.119878395,-0.162876695,-0.220855564,-0.16305057,0.320447138,-0.26337896,-0.899661724,0.468407455,-0.25912278,0.272222097,-0.020122018,-0.28322723,0.157755345,0.161386976,2.07359046,-0.033905075,-0.219262414,0.071016117
VILL,-0.639724722,-0.479958058,-1.833965334,-2.164220414,-1.20508367,-0.01539374,-0.356593741,-2.121954757,-1.229932699,-1.408846812,-1.589932667,-0.617227579,-1.723862136,-0.463104416,-1.082089483,-1.190306362,-2.341414812,-0.934817733,-2.251273625,-0.359363748,-2.500997866,-0.425540902,-0.409761838,-0.718974376,0.065384923,-1.472035188,-0.646009912,-2.412497477,4.360486762,-1.299490052,-0.620219032,-0.866592952,1.802256787,-1.251175422,-0.985728318,-1.624046262,-0.75329912,-0.779359499,0.299705167,-3.46222837,-0.398160307,-1.110981317,-0.912521696,-1.902278425,0.178504477,0.224538194,4.120905155,-2.422958164,-1.372431096,-0.54781753,-2.322936781,-2.606542985,-0.30855606,-0.985862138,-1.732175005,-1.239692011,-1.326640025,0.905494289,-0.31016654,-1.244230254
RGL2,0.115004601,0.630754273,0.544600823,-0.095812128,0.07455613,1.319231376,-0.026580225,0.435717295,0.100773901,-0.02560653,0.432705897,-0.034714525,-0.106465131,0.386680378,-0.250352126,0.953140942,0.321876849,-0.057583202,-0.04834849,0.605032823,0.239498588,0.160710087,0.226182975,0.89710742,-0.098737295,0.065755253,0.020473819,0.524999649,-0.180407053,0.261662854,-0.071262087,0.454265158,0.512136775,-0.107985882,0.059838126,-0.421699928,0.349983392,0.147423759,-0.065453663,0.242708376,0.14957018,0.631723808,-0.524116202,0.145945777,-0.051304496,-0.205895866,0.026920824,0.174468612,-0.222049302,0.138700344,0.125171794,0.127075868,0.103301347,0.084915652,0.106045257,0.39254385,0.506332474,0.38662132,-0.311814013,0.497001813
PFDN6,-0.091830815,0.926370556,-1.114811734,1.331389143,-0.319801705,-0.081617602,-1.173254271,-0.720076102,0.462802996,0.589838985,1.143559997,-1.214659945,0.543796141,0.128938543,0.580892594,-0.248700637,-0.408772967,0.47953338,0.375768589,-0.825059827,-0.671793755,-0.157682143,-0.693333106,-0.429956579,-0.878150297,-0.971077245,-0.167788458,0.688667829,-0.16450518,-0.561186357,-0.787024586,-0.206071425,-0.15896023,-0.549853458,-0.357102737,-0.350378031,-0.926475748,-0.551547406,0.013979975,-0.56446909,-0.102236511,0.207789899,-0.445539468,-0.854975873,0.204652828,0.104375163,-0.170686957,-0.098071957,0.476430122,-0.74856561,-0.821005861,0.809176411,-1.018217082,0.031971697,-0.297885931,1.100070562,-0.592259675,0.736516345,-0.870997568,0.149706598
WDR46,-0.262803308,0.409247925,0.182406962,0.849268682,-0.128467805,0.291530043,0.104670931,-0.229863851,-0.36456222,-0.021763917,0.461884811,-0.163466107,-0.531350048,0.596280686,-0.355186566,-0.201037893,-0.071670303,-0.616551964,-0.228149702,0.220740569,0.489369304,0.150365305,0.393061574,0.481842427,0.164063868,0.131723565,-0.81617086,-0.034971855,-0.329746477,0.312933092,0.127782654,-0.418645793,0.394597545,0.62499352,-0.236473282,-0.374591809,-0.075744219,-0.04763854,-0.759902697,0.244490538,0.152400465,-0.318861226,-0.43129361,-0.00805522,-0.006897741,-0.558893613,-0.321771436,0.382958736,-0.095819709,0.166486158,1.238684608,0.18522718,-0.221489521,0.020999269,0.779880441,-0.727660772,0.22901759,0.380533513,0.269808126,-0.338253472
NKRF,0.527891741,-0.711451371,-0.442988206,0.663770938,0.738836625,0.16960732,-0.534255241,-0.212450696,0.135249198,0.98999109,0.124278098,-0.310713609,-0.748009114,-0.846526559,0.183365851,-0.670037151,-0.198964613,0.041083065,0.781962063,-0.893979308,-0.057429291,0.791833319,-0.17492741,0.387926044,0.158904679,-0.625499995,-0.515638914,-0.11590992,-0.580409233,0.168570718,-1.06467355,-0.262562479,-0.372572044,0.208759817,-0.406267026,-0.082459519,-0.096818313,-0.737111467,0.054864264,-0.679675554,-0.746924236,-0.285611165,0.442161084,-0.350831646,-0.276922192,-0.471780864,-0.186337629,-0.125298273,-0.165710205,-0.558252029,0.465550404,-0.54969468,-0.246638105,-0.321673557,0.684338242,-0.232228902,0.0843882,-0.032118217,0.104212002,-0.169965332
GNPAT,0.207578059,0.07276104,0.398662635,-0.58252768,0.165990539,-0.364680764,-0.717118051,-0.350227102,-0.228690447,-0.46206154,-0.66746472,0.018285338,0.636685094,-0.21800475,-0.109613727,0.017103449,-0.227463047,0.928744879,-0.644844614,-0.783913507,0.028480266,1.019592522,0.099703034,-0.064338297,-0.182265792,0.040499933,0.115275647,0.021712496,0.547023855,0.482791395,1.055325505,-0.434419762,-0.809547369,0.357299632,0.143529803,0.431277616,-0.619718073,0.93939414,0.045167419,-0.434668314,0.371899075,-0.265678238,0.327685497,-0.200648979,-0.45034812,-0.284168576,0.157121637,0.199938505,-0.243282824,0.029850808,0.736840031,-0.367476856,0.708151273,-0.099248951,1.227926173,-0.612935723,1.085550944,0.125481655,0.139232139,0.088370884
KMO,0.503378578,-0.782294723,0.344454138,-0.798865904,1.241294321,-0.593254255,-1.044718167,-1.151124589,-0.577667217,-0.944642238,-1.09163805,0.421721494,-0.651386362,-0.819797535,-0.252933929,-0.500693921,0.261651717,-0.600616851,-0.356619839,-0.750303188,1.22654434,-0.35462556,-0.641148999,0.119917088,-1.129054245,0.2832982,0.132820612,1.913217482,-0.697059592,-1.442416743,0.900696446,-0.398104141,-1.047221853,-0.793455444,0.078954995,-0.079135058,0.293554128,-0.483515678,-0.539994377,-1.055310885,0.52948674,-0.029985012,0.812048717,0.754541571,0.709875953,0.096489253,-0.828614319,-0.581762645,0.465079525,0.414527395,-0.929139248,-0.202614381,0.363671137,-0.092608077,-0.675080954,-0.00296031,0.43462559,-1.207603639,0.266956256,0.729779608
LAMA5,0.166531534,1.405463289,0.724990292,-0.627470317,0.195998726,0.060265267,0.163505642,0.227818319,-0.292840671,-0.975424361,0.002694252,0.957915157,-0.557116384,1.503748877,-0.649152492,-0.159033933,1.832013763,0.299545389,-0.25020761,0.451410223,-0.0133284,-0.816712182,-0.215028916,0.101581124,1.653746257,0.333487666,0.778237741,-0.083566044,0.311034366,-0.019040254,0.609917083,0.917396795,-0.460589473,-0.133539918,-0.02712638,-0.451276303,-0.123679264,0.10508505,0.359781811,-0.532421981,0.042535104,-0.008031234,-0.702590473,0.540875654,0.205166862,-1.113652483,-0.097266273,-0.537649346,-0.164780022,1.189977552,-0.580114189,0.25573956,0.836649519,0.618671705,-0.402085401,0.425578319,0.354445849,-0.608598749,-0.772980182,1.741036375
ZNF185,-0.337387473,1.629628994,-0.078612236,-0.021434093,1.371790565,0.625214403,-0.149863876,-0.197877353,1.279495221,-1.224760325,-0.637454598,-0.102671682,0.046669698,0.280026353,-1.269079776,0.125616775,-0.056476798,-1.039084299,-0.018157638,-0.329050729,-0.894583591,-0.836539214,-0.534557306,1.018636133,0.559268242,-0.464184769,0.468574965,-1.512416779,1.905007976,-0.008608332,-0.762528869,-0.0374592,-0.104988767,-0.022727786,-0.12104198,-0.651828231,-0.453934942,0.272305155,-0.828995218,0.12806312,-0.348639087,0.068948287,-0.493962265,0.340501964,0.059921808,-1.079360597,0.419033596,-1.193468302,2.177661443,-0.516563454,-0.927452331,-0.667975827,1.172905155,0.331987379,-0.609216995,-0.520349161,-1.155650662,1.149447845,-0.637810822,-0.797322563
CASC3,-0.121164656,-0.03287413,-0.526866593,0.616154213,0.207282018,0.203547597,-0.172579325,0.314868248,-0.217437419,0.769242095,0.066302384,-0.344150498,-0.1950146,-0.124064186,0.146577316,-0.160535401,0.386904351,0.156885148,0.390926022,0.224127154,0.347866344,0.121399873,0.161369417,0.157683834,0.122107363,-0.125190241,-0.555933869,-0.303614765,0.096049197,0.070865493,-0.166087599,0.130619512,-0.191422995,-0.326482419,0.179980649,0.284415094,0.093754981,-1.189773474,-0.179554417,-0.16632423,0.181904513,0.037708756,0.26501382,0.017923022,-0.028098104,-0.089266891,-0.14686934,0.300797342,-0.015145713,0.119050913,0.261759906,0.678824003,-0.221441469,0.039344889,0.499544325,0.065422326,0.389889963,0.299623123,-0.367385088,-0.296030623
CLIC2,0.356628077,-0.455121754,0.666667059,-0.665386311,-0.491005728,-0.497725442,0.815414224,-0.272005739,-0.729038527,-0.816560388,-0.624172561,0.020840619,0.254091122,0.059620281,-0.145937815,-0.096735678,0.184640612,0.145547907,-0.394633554,-0.055155179,-0.137339478,0.444494454,-0.348226266,0.001939575,-0.441123186,0.879377331,0.551598546,-0.001305902,0.225399977,0.714727347,1.219766738,1.480652557,-0.800860536,-0.474229886,-0.155846189,-0.240189795,0.514569611,0.507532016,0.057082401,0.712038402,0.632778652,1.048849217,0.630106655,0.861413181,0.880862182,-0.315085231,-0.295975715,-0.553382232,-0.340822535,0.439283338,-1.264035105,0.719920609,0.079886764,-0.073338306,-0.146706689,-0.151969958,0.378450329,-0.062874473,-0.344816672,1.538249034
ACOX3,0.376891826,1.44488562,1.233677509,-0.58743207,0.443056371,-0.381207997,-0.826481022,-0.978682793,-0.131047499,-0.224926395,0.205064752,-0.018759758,0.459735774,0.6871877,-0.156053504,0.964523894,-0.464945598,0.510095729,-1.032982636,-0.797462367,0.168425586,0.941529928,0.017374595,-0.803111651,-0.497763721,0.09131023,-0.286501237,0.584548014,0.560496681,-0.354861665,0.4301894,-0.078386371,-0.488844018,0.149996982,-0.249499402,0.162697885,-0.043373279,1.242025565,-0.417378314,-0.48727832,1.155271078,0.590034348,-0.414227124,0.961851418,-0.234188029,-0.368785174,0.527555272,-0.181495933,-0.215294058,0.280875729,-1.019754056,0.2776889,0.427532391,0.437962976,0.16335075,-0.667941864,1.065973018,0.583621463,-0.24547555,0.801063033
RER1,-0.039348936,0.134033921,0.270661347,-0.054058467,0.352882152,-0.284453435,-0.015811063,-0.09437073,0.341142237,-0.134667147,-0.234291289,0.288790053,0.443658635,-0.262936061,-0.106274539,0.416449207,-0.161681878,-0.537638299,-0.503166502,0.021946859,-0.026569844,-0.010955099,0.558086709,0.20079907,-0.079793028,0.12959797,-0.010774973,-0.236641673,0.256919118,0.707271601,0.049855166,-0.712213491,0.576788242,0.651385417,0.548830669,-0.349940912,0.625649297,0.038686816,0.450765183,-0.401472145,-0.147219577,-0.004065726,-0.395029726,-0.059333416,-0.241610793,-0.261647091,-0.205182596,0.881800401,-0.016140004,0.054552713,-0.444155977,0.244291857,0.126492079,-0.388301235,-0.346591157,0.195100401,0.359039223,1.270011153,-0.272704437,-0.366321033
SURF4,0.190338574,0.058537325,0.513298793,-0.434482247,0.223201232,-0.105508428,-0.120000519,-0.160177477,0.009746156,0.109278305,-0.228830141,0.333166431,0.392382313,0.220321815,0.137782445,0.127253742,-0.011406477,-0.445674024,0.50016924,-0.066430661,0.000155754,-0.209855068,0.367469707,0.114462954,0.190960199,-0.279496777,-0.101568446,-0.440325756,0.137542886,0.041305122,0.45435539,0.214436658,0.857087267,0.365479087,0.351672496,0.029481568,-0.008370446,0.673176406,0.47106146,-0.019989082,-0.033447503,0.465914336,0.237671851,-0.183017241,-0.067764203,0.110965631,0.031751534,0.444817825,0.100083304,-0.148881979,-0.23735978,0.288990813,0.09053619,-0.332598829,-0.015326542,0.00210384,0.428084551,0.58249401,0.073701845,-0.173325851
MAPK13,-0.570717513,1.037722147,0.789245553,0.676223703,-0.405421422,0.568536521,-0.031118799,-0.753750055,-0.142472715,-0.100553566,0.748176204,-0.314353794,-0.525332748,0.957257696,-0.677902407,0.556929387,0.268662854,-0.181146727,-0.68366409,0.818676701,0.127701169,-0.729497046,0.84041722,1.272703932,-0.901504149,-0.127848349,-0.644722663,-0.210636777,-0.317585185,0.051708497,1.100236478,-1.093691502,0.00554522,-0.239869855,0.718205468,0.489511353,0.922065014,0.24495911,-0.352070235,0.137419894,-0.809223159,0.710741044,-0.739198835,0.384291968,-0.603709656,-0.590176561,0.136117373,0.809527148,-0.495779818,-0.352904719,0.046457864,-0.028283973,0.350215888,-0.462412993,-0.138742328,0.233589242,0.043608646,-0.359134246,-0.399088308,-0.252363909
SPTLC1,0.434691075,0.086960099,0.550250617,-0.288973443,-0.273106816,0.466496592,0.073283463,0.272481998,-0.648828712,-0.054166274,0.084145516,0.136681961,0.000216589,-0.254706795,-0.460731251,0.308910245,0.178975072,-0.052650487,-0.140863758,0.301048568,0.05537209,0.034499138,0.409546124,0.247899281,-0.059781911,-0.048354159,0.242515722,0.584295336,0.22846733,-0.259134941,-0.367894496,-0.12233174,0.226151963,-0.312067019,0.538592138,-0.183271246,0.255258938,0.356785256,0.102984203,-0.071305147,0.07312561,0.425503782,-0.079034096,-0.128294997,-0.123823711,0.113561815,-0.080582358,0.26768737,0.64859857,-0.14745342,0.223817318,-0.351580494,0.078117387,-0.323487936,0.322140926,0.318885305,-0.147622691,0.187680451,-0.028806814,-0.129245919
SPTLC2,0.42224945,-0.673598844,0.306684999,0.20281731,0.250336687,1.020615266,-0.002178589,0.60549548,-0.740464872,-0.686961172,0.614044096,-0.513745909,-0.532856674,-0.803662508,-0.305761454,0.027295211,-0.532291806,-0.458247052,-0.367751254,1.121924,0.062672827,-0.077798652,0.601976574,-0.505638348,0.004721529,-0.377184627,0.391313966,0.111790198,0.748163974,0.230996687,-0.260765804,-0.434744475,0.561477287,0.210731272,0.170854286,0.282275485,0.518513416,0.221405174,0.449863109,-0.237278968,-0.184223698,-0.219361355,-0.187869688,-0.454596835,-0.226116698,0.293890476,-0.066314429,-0.473693277,0.074886177,-0.644576572,0.290670817,-0.258742646,-0.145010377,-0.651446021,-0.087530951,0.377539203,-0.296970245,0.476505001,-0.475829369,-0.033644078
OGT,-0.143437901,-0.113351018,0.183909284,-0.129544544,-0.195405754,1.018562075,-0.510517621,0.110465808,0.212907911,0.329068458,-0.061300371,-0.070000577,-0.204149937,0.173827175,-0.31420961,0.095989385,-0.083340378,0.061296702,-0.080868772,0.237397478,-0.007364779,0.397961937,0.038266142,0.791281861,0.153770584,-0.352774705,-0.142834344,0.336783953,-0.155177899,0.152977767,-0.025691118,-0.112120095,-0.502916935,-0.184490164,0.197600947,0.064991273,0.486775058,0.628957372,-0.258645295,0.131250798,-0.090551887,0.105996287,0.092698367,-0.272339998,-0.209238281,-0.26526231,-0.235175192,0.078843885,-0.219915061,-0.199604185,0.665546915,0.077984156,0.447009014,-0.170461134,0.889575763,0.12623392,0.273407225,-0.055621797,-0.211179279,-0.18705836
ALOX15B,2.230887679,2.080954144,4.694224474,-1.063267015,-0.218552236,-0.433845104,0.963863999,0.893508437,-0.544917956,-1.190903509,-1.240721958,-0.447279632,-2.089403888,0.065563276,-0.665735933,3.096540342,-2.230652973,-0.267168674,-2.260937182,-1.265403189,-0.368481933,-1.11903859,-0.702691859,-0.511566225,-1.940463067,-0.743642463,-1.339408849,-1.291918513,-0.573776188,-0.193543846,1.047459706,1.073905817,0.801338452,0.950334272,0.400237464,-1.746303113,0.705741617,3.120528674,-1.831379879,-1.985892941,0.865958635,1.867353077,-1.055170604,-0.79294751,-0.491881046,-1.372904523,-1.18807595,0.717284795,-1.230048475,0.445015474,1.191225316,-1.270568892,1.778171177,-0.07637076,-0.520121677,0.463373302,1.333295565,-1.249889699,-1.126729343,-0.703636017
PMM2,-0.231330558,0.426846751,-0.271848119,-0.916325537,-0.467802801,-1.088611486,-0.931714855,-0.601602899,-0.1639026,0.449336674,1.925126024,-1.172317159,0.687278447,-0.360122058,0.096096237,-0.682552141,-1.095704138,-0.040796781,0.841083133,-0.849254206,-0.387212586,0.202161417,0.386793002,-0.535239158,-0.698444357,-0.422104091,-0.662407971,1.758140022,-1.32347483,-0.606302626,-1.057432838,-0.317182721,0.514878306,-0.277095736,0.641626077,0.359104287,-0.382212627,-1.051431941,-0.271380573,-0.086848341,-0.062065646,-0.987495519,0.431533766,-0.457653354,-0.881641047,0.030236716,0.110819561,0.444120646,-0.727609758,-0.075136444,0.061920183,1.272742245,-0.157687889,-0.191046133,-0.397483986,-0.480090157,-0.129835822,-0.031446756,-0.216372753,0.131674963
TM9SF1,-0.28287341,-0.354382277,0.083563728,-0.281230464,0.378336667,0.441007837,-0.184601746,0.098508317,-0.48388636,0.230817538,-0.109786312,0.240106259,0.038702005,0.560239911,-0.435947787,0.583618753,0.06041659,-0.665055342,-0.201565287,0.591541436,0.631365685,0.186160282,0.753992372,0.352599585,-0.517862377,-0.17511364,0.510742818,0.530107141,-0.692424526,0.185228898,-0.112047095,-0.804698176,0.945170626,-0.166912526,-0.647080999,0.792196184,0.004409313,0.233232711,0.629479943,0.397031887,0.157633592,0.145282687,0.488460345,-0.161834739,0.199839384,0.822361657,0.21574367,0.164514034,-0.052386879,0.079131437,0.367160691,-0.470677249,-0.594039559,-0.087706154,-0.133394783,0.10547422,-0.152496275,-0.044006824,-0.005085366,0.203072111
INPP4B,0.311737375,-0.756084403,-0.11013342,-0.78982597,-0.594905656,-0.182603119,0.100633308,-0.399359373,1.097528467,-0.1185861,0.420853589,-0.433414597,0.823932751,-0.762476527,0.815681087,-0.230854012,0.202404603,-0.656833291,0.712284496,0.832378834,-0.299853589,0.414244636,-1.402291782,0.0312941,0.308860932,-0.192453854,2.748244141,0.773997089,3.387431206,-0.471473283,-1.150596072,-0.513829825,-0.865449916,-1.74739485,-2.393075564,0.365834983,-1.596665821,-0.452336797,0.29915972,-0.869040158,-0.861535539,-0.982638344,-1.215649001,-0.80882945,-0.621278046,-0.309472217,1.476760348,-1.841632254,-0.13184812,-1.028118598,-1.371632647,-1.340997616,0.299384361,0.495345532,-0.066983678,1.088618273,1.343752176,-0.605206328,-0.044615578,-0.831022111
MID1,-0.35874837,-0.587047339,-0.163275029,0.887241978,0.111658175,0.818786296,-0.50611486,0.670237093,0.483898212,1.343403894,0.774831478,0.006982011,0.088128816,0.252526483,-0.212246506,0.036527186,-0.663206847,0.104100927,-0.311967546,1.176359404,0.153490537,0.365807225,-0.298346845,0.374605485,0.736888283,0.025177718,0.154194902,-0.062206745,-0.271864472,-0.231827627,-0.238669599,0.520966426,-0.710029664,-0.835484279,0.484815651,-0.14383123,0.113857446,-0.2019601,-0.535082744,-0.175788401,-0.326538771,0.087690245,0.146984182,-0.520988801,0.599420132,0.105024411,-0.077491936,1.609643923,-0.421331259,-0.051778947,-0.546327155,-0.106761684,0.55534423,0.175011416,0.426868935,0.810679578,0.186336567,-1.30363743,-0.468063272,-0.041916536
HMGB3,-1.849992176,-0.281590229,0.318618873,-0.771394322,0.823462519,0.412785855,-0.901031883,0.746526352,-1.222067759,4.396094774,-0.900731887,-0.903149044,-0.744957282,2.14035832,1.142362057,-0.965736635,0.906420932,0.04868835,0.561726753,-0.200472873,-2.587483127,0.321505439,-1.527583815,-1.454807643,-0.938115384,0.794881328,-0.458982225,-0.197649324,-1.843951761,-0.864208255,-0.764257431,-2.17656137,1.716230818,-0.738211915,0.287245877,4.376366876,-0.550068961,-0.520291006,0.548020821,-1.36406296,-1.242840164,-0.873062545,-0.302114907,-1.085479275,-0.050921308,-0.770623354,-1.241126359,-0.195491331,2.042139679,-1.236445458,0.048656009,-0.159908014,-1.833690839,0.955986282,2.404241645,0.76038808,-1.20067637,1.597348211,0.580745528,-0.440162215
PPM1G,-0.16904055,0.413671107,-1.203651663,0.708117362,-0.859950763,0.20758448,-0.427553075,-0.381705056,-0.278096559,-0.084094352,1.487289635,-1.63671491,-0.470281098,-0.121065135,0.720392115,-0.316992543,0.127909912,0.940668147,0.478244213,-0.341040715,-1.119458274,-0.072711766,-0.46324105,-1.069352144,-0.51127172,-0.43548169,0.565273453,0.930776608,-0.029461243,-0.20632176,-0.601993294,-0.10503191,-0.00139003,0.134618954,-0.431838736,-0.354648139,-0.714389197,-1.023549154,-0.122875979,-0.651231588,0.597761238,-0.684906975,0.013256729,-0.417928231,-0.174573401,0.158403912,-0.375506793,-0.110974057,0.191862854,-0.734950039,-0.017198362,0.793743836,-0.614927886,-0.056716326,0.504745351,0.822874354,-0.105093038,0.497392927,-0.583417248,-0.070207409
INPPL1,0.000519718,0.187737395,0.323933687,-0.623112314,-0.099235412,-0.201019891,-0.106890992,0.404770845,-0.125678961,-0.052707324,-0.294702731,-0.133458502,0.128257782,0.239586705,-0.281221126,0.544773025,0.056542597,0.244577979,-0.001184993,-0.377489826,-0.431622637,0.209181314,0.229420773,-0.019593319,-0.225476661,-0.028334873,-0.357042043,0.079498637,-0.524744403,0.067482878,0.089433642,-0.382302147,-0.019117458,0.095691851,0.049644723,0.059110055,-0.027341843,0.149401862,0.068433969,0.161251422,0.230096919,0.310058758,0.463347002,0.187598115,0.003758407,-0.008369023,-0.351036797,-0.185022292,-0.098173677,-0.290009953,0.342367039,0.313225314,0.178064514,0.033531168,-0.220711065,-0.041036107,0.58207885,0.062041891,0.014957202,0.062239364
EIF3D,0.044486971,0.113886739,-0.335381831,0.24433989,-0.190727739,-0.14947513,-0.249921398,-0.211217101,-0.151291388,0.558005413,0.084415111,-0.201469814,-0.156909851,0.052378551,0.39182242,-0.26338259,-0.131787441,0.03059355,0.522081619,-0.099504556,0.012270253,0.385996704,-0.04443806,-0.08795858,0.240443628,-0.286374801,0.150135338,0.186400258,0.053902428,-0.082199255,-0.561838493,-0.498588096,-0.206312415,0.123933125,-0.019124508,0.270056226,-0.20088294,-0.124943817,-0.086156126,0.014655413,-0.24402538,-0.370200565,0.405825627,-0.242981574,-0.589233819,-0.308416779,-0.274235839,-0.125691241,0.017108839,-0.097161581,0.451164102,0.000822733,-0.227808248,-0.263128888,0.318306118,0.137678752,0.069165184,0.32224264,0.068628179,0.100158845
EIF3H,-0.105139033,0.288962943,-0.413109242,0.262383183,0.080971684,0.140927293,-0.415134853,-0.136562746,0.205449093,0.555363558,0.155124204,-0.357318192,0.016752201,0.042902786,0.352811304,-0.128206457,-0.219755486,-0.074474399,0.55852491,-0.083706037,-0.430417138,0.230687339,-0.28785057,-0.27232929,-0.207779158,-0.511659937,0.175138205,0.218110873,0.178468331,0.122478023,-0.281336128,-0.453015658,-0.119932665,0.122956058,-0.381744198,0.116032289,-0.325557465,-0.332311706,0.131322582,-0.151033668,0.135840318,-0.233190523,0.565773745,-0.014432138,-0.152108174,-0.1455514,-0.036310186,-0.087414016,0.228349558,-0.361374136,0.240050088,0.060116928,-0.291756344,-0.167696667,0.296943509,0.214112743,0.06764559,0.39984565,-0.167481126,-0.025865892
HDAC3,-0.050970693,0.311636397,0.060735409,0.770437372,-0.25124864,0.641432145,0.060887896,0.267044203,-0.168674425,-0.15344604,0.100897404,0.037720246,0.004260688,0.311515963,-0.329094064,0.124327133,0.064466211,0.024237726,-0.571706794,0.658179641,0.405660428,-0.124395081,0.532136803,0.770787879,0.006580764,0.001287542,0.189342037,0.57814487,-0.041845029,0.055793803,-0.214588138,-0.395550637,0.211013215,-0.104108778,0.340324434,0.085346782,0.301097549,-0.189894245,-0.056147912,-0.070660297,-0.18344432,0.109597794,0.007311892,-0.427247629,0.298595147,-0.19551951,-0.365015708,0.448491716,-0.522059103,-0.426676152,0.342706293,0.118276626,-0.137554947,-0.543707602,0.568931553,0.24906248,0.392170376,0.09736047,0.037137458,-0.135716729
NVL,-0.016257297,0.384025315,-0.031775548,-0.487126749,-0.077008974,1.317315603,-0.178966412,-0.260324107,0.021298269,0.460542719,0.33349924,-0.281966098,-0.451124478,0.380712556,0.112477296,0.31609459,0.449442323,-0.23568185,-0.213112604,-0.566377115,0.734672258,-0.094772942,0.525995616,0.439490655,0.086824392,-0.228599209,0.053691741,-0.278677177,-0.335489845,0.485801734,0.045555018,-0.156987684,-0.821034732,0.862395776,0.359403957,0.690562241,-0.154131671,-0.248292676,0.090066784,-0.137571202,0.05738277,-0.161056061,0.818503415,-0.145684437,-0.117105959,-0.106992875,-0.86351609,0.406944949,1.301034576,-0.279108158,0.703349508,-0.253633732,0.209165372,-0.423944911,0.753584213,0.680804657,0.009229996,1.09102791,-0.412454886,-0.288397578
BCAT2,0.87454715,1.420555857,0.599931776,-0.26542302,-0.585167078,0.249544842,0.147988081,0.456619153,-0.931100654,0.009975199,0.829657679,0.076066065,0.104272281,0.120752465,-0.345793181,-0.145055727,-0.256978877,1.493683803,-0.741739126,-0.43569427,0.37738918,1.148079096,0.481525419,1.026917088,-0.606316085,0.396836084,-0.093764954,-0.157904361,-0.306996176,-0.469474881,-0.057529156,0.240088071,0.58895978,-0.083772025,1.010072039,-0.047969287,-0.142330876,1.364596885,0.546607443,0.042698272,0.492991496,0.282003178,-1.127671037,0.241319639,-0.360965532,0.13729167,-0.252414617,0.326339961,-0.35608368,0.585780193,0.449586768,0.372905828,0.22675098,-0.154249255,-0.591516433,-0.474125766,-0.251554193,-0.298103301,0.370320403,0.601120172
YY2,0.238314802,0.582979485,-0.247134399,1.122914719,-0.030821454,0.765983863,0.108647078,0.127531442,-0.178513759,0.182458575,0.316875643,-0.248829827,-0.402659688,0.398516013,0.181143991,0.13677509,-0.101961205,0.530728248,-0.14877198,0.745568572,0.269565523,0.066946583,0.649626796,1.025362615,0.00287659,-0.214520941,0.498312053,0.053260936,0.067396014,0.112844391,0.004551581,-0.276112275,0.518598675,-0.342463736,-0.063857167,0.150108291,0.421600945,-0.120591436,0.07680977,0.051913511,0.12543756,0.385360506,0.109349993,-0.120571514,0.222932301,-0.058541481,-0.16851938,0.067626353,0.695890823,-0.256374724,0.430690349,0.18781879,0.041601295,-0.150370954,0.213805547,0.12730197,0.205271185,-0.200140913,0.210333999,-0.067849171
NCAM2,0.322078333,-0.428159349,2.477961945,-0.47900459,-0.792957037,0.151412492,0.909802103,1.18619207,-0.529100652,0.002163901,-0.691745426,2.023258598,2.193244542,-0.140904082,0.49922475,0.953540501,1.439685306,-0.175081742,-0.527828275,1.105851134,0.757357302,-0.702524086,0.295586916,-0.390658665,-0.049628024,0.561193454,0.767134811,-0.832709744,-0.471492569,-0.383422475,0.351263925,1.685369801,-0.294990353,0.350459713,-0.997259187,-0.79343928,1.17781678,-0.513325378,-0.400404099,1.71023539,0.465740456,1.036593262,-1.004821821,0.827738381,0.795329848,-0.087814336,-0.22886653,-0.364777847,-0.6946467,1.418622456,-0.336731223,-0.265770114,1.138449364,0.108144719,0.01455631,0.124716491,0.540976611,0.01100134,-0.178596632,1.188240415
IPO8,-0.102562338,-0.405309681,0.249132849,0.300937468,-0.031609061,0.061861152,0.206150476,-0.150568195,-0.232728873,0.052687483,0.497305752,0.136497408,-0.434396107,-0.538648666,-0.116321885,0.192106364,0.798125501,0.443218945,-0.260217528,-0.301545513,-0.239083187,-0.154977946,-0.101073194,0.192503236,-0.087892801,-0.35525168,-0.016490247,0.465252587,0.248886762,-0.43117686,-0.091447316,0.407134124,0.054606042,-0.331225502,-0.475471799,0.02859434,0.096335579,-0.289291768,-0.080566271,-0.112921108,0.369167057,-0.212300239,0.088726039,-0.1625072,-0.104469861,-0.250553946,0.321615371,0.106394141,0.471281236,-0.412480853,-0.145898482,-0.420687981,-0.028888631,-0.233667026,0.855667725,-0.212779271,-0.156804938,-0.408005663,0.309826564,0.006160851
STX7,-0.371834816,0.262884276,1.544712958,-0.505381858,-0.319923758,-0.701546507,0.335114687,0.109562375,0.424653708,-0.345206011,-0.784964614,1.072969215,0.418713568,-0.036152991,-0.613180716,-0.228307158,-0.012520283,-0.36873082,-0.53086241,0.339167007,0.11887797,-0.029476757,-0.363288298,0.002538116,0.502659715,0.06362659,-0.550553126,0.189932485,0.637215599,0.414520498,1.65872995,-0.27749977,-0.027175749,-0.30141307,-0.625007546,-0.385789782,0.73611968,0.058170271,0.404239488,0.543108818,-0.201748446,0.671252374,-0.450460429,0.774344245,0.047428066,0.050574618,0.409178177,-0.927585533,-0.199128321,0.276074333,-0.404513951,-0.288422149,0.19366522,0.169327766,-0.003714383,-0.170611748,0.264957503,0.526588901,0.541845525,0.437363327
TNRC18,0.253210068,0.164184024,-0.269970648,0.123667711,0.300951838,0.787003593,-0.470303276,0.53491612,0.502495626,-0.142390149,-0.069379063,-0.338422137,0.474785762,0.322186188,-0.070277568,1.089020598,0.116046418,-0.070852469,0.041040884,-0.011890203,0.375479188,-0.000853529,0.348098928,-0.067860985,0.353427053,0.076292238,0.151278274,-0.367914932,0.380836085,0.31104421,0.323156586,0.27498886,0.31922738,-0.03599954,0.180165019,0.407353894,0.908317659,0.889532031,0.103583601,0.631163904,0.087854793,0.259131433,-0.704967855,0.118073578,0.177089262,0.039475995,0.169444151,1.207549958,0.158845931,0.354869419,0.276062696,0.847653191,0.223533556,0.445062145,0.191606745,-0.065888729,0.584761063,0.016373057,-0.506641094,0.635941475
SLC16A3,-0.44947724,-0.769457262,-0.903255194,0.018098278,0.540611385,-1.162137973,-1.161096352,0.051095683,-0.111999146,-0.001656971,-0.614966116,-0.506155591,0.011584198,-0.992825661,-1.349300715,-0.710352489,-0.044972494,-1.082004535,0.46139407,-0.040099606,-1.746224971,-0.710425619,-0.751263758,-0.824296683,-0.752058582,0.480886435,0.497996293,0.268858929,1.464888455,-1.296897983,-0.908478338,-1.734332113,0.586828248,-0.873677491,-0.38440077,-0.189407749,-0.614178217,-1.924559838,0.100599672,-1.419389488,-0.573280854,-1.875964983,0.842959131,-0.454465766,-1.995603896,-1.186922275,-1.209715441,-0.52665551,0.799071475,-0.90499102,0.391618688,0.364118441,0.164703764,-0.254270389,0.244019172,0.014625389,-0.455756593,-1.095267518,0.629103929,-0.887308272
ABCC3,-0.513959716,0.317327831,0.100336073,-1.525685499,-0.315034907,-0.667378913,1.4344565,0.587257887,-0.40695423,-1.28583107,-0.489997562,-0.637760993,-0.460044966,1.103956601,-1.174555558,1.195664508,-0.265211696,-1.191226174,-0.268243314,0.39988241,-0.972386048,-0.297786722,1.013082051,0.307913749,0.132295468,0.836199986,-0.710006868,-1.521564174,0.222228293,0.916371807,1.205309651,1.755103052,1.477791218,1.426134484,0.453559197,-2.335643969,-0.35493808,1.131326057,-0.430372965,0.822306396,-0.591421718,0.316630086,-0.441427842,0.622061627,0.414878182,0.585955531,1.154185872,-0.475177729,-0.846553511,-0.4544043,0.716403625,0.662556455,0.444727349,0.173028487,-0.269524041,-0.998893874,-0.476001443,1.793898147,-0.924023372,-0.348205464
ABCC4,-0.059483918,0.226616275,0.298511492,-0.849943977,-0.094919592,0.493432437,1.119024459,-0.051328002,-0.052893071,-1.027152181,-0.357757307,-0.326242762,-1.01745935,0.684331055,-1.202851409,1.119926294,-0.666867709,-0.503538493,-0.857730601,-0.500462411,-0.190827277,0.119737535,0.030619181,-1.341867402,-0.157544444,-0.278351789,-1.620836512,0.404156679,-0.647778583,0.865975438,1.257375624,-0.130179412,0.51547207,1.791705717,0.426330742,0.435681708,0.58018802,1.169444182,0.852017777,-0.211581763,-0.444882056,-0.1503225,-0.514711786,0.127632959,0.041470467,1.088789408,-0.909871719,-0.128685758,-0.481743328,-0.112902526,0.31329594,-0.110151096,0.071914884,-0.011346715,0.36712619,-0.337452785,-0.080937751,3.54269613,-0.563899576,-0.136737799
CD3EAP,0.891340498,-0.265421407,-0.671354484,0.573070579,0.295820782,0.921682803,0.323486975,-0.290845127,-0.583918934,-0.033068335,0.19452777,-0.876680758,-0.163285557,0.10250669,0.595766106,0.205533534,-0.206926935,-0.201469628,-0.053481006,-0.093258979,0.292755068,-0.126788603,0.243697218,0.019002199,-0.339472612,-0.025542169,-0.378327576,-0.049638703,-0.207177457,0.28118661,-0.112384338,0.247370869,-0.787584862,-0.001560736,-0.304523338,-0.409407905,0.167787618,0.093197561,-0.794504634,-0.294325998,0.013884566,-0.045457174,-0.212968673,-0.331664491,-0.26512926,-0.97151793,-0.69664685,0.250871118,0.440448306,-0.073239767,0.595050175,0.197985864,0.118220486,0.692870104,0.494329698,-0.527634212,0.594960952,0.097653864,-0.026301983,-0.248973746
TLR3,0.462243769,0.253856284,2.086897502,-1.975006693,-0.228736146,-0.220004672,-0.027648541,-0.18943496,-0.168532994,0.009948709,-0.041247068,0.699205139,-0.659722501,0.593171894,-0.105094342,0.207809149,-0.595944619,-0.498210214,-0.87433099,0.192217546,0.606603897,-0.311260623,1.047767688,1.067767623,-0.566193459,0.859798632,0.251388452,1.194203695,0.671554978,0.288294902,-0.214610301,0.386304331,-1.829406169,-0.090884107,0.586405453,-0.894493164,1.685252893,0.443214302,-0.455390405,1.77508034,-0.021671808,1.188072953,-0.257960644,-0.410413374,0.654308733,-0.135632796,0.743368046,-0.029758397,-1.05885353,0.264310757,-0.676910374,-0.163590243,1.427653399,-0.251482323,-0.96869645,0.372609487,2.721851845,0.290135755,-1.347547341,0.377456535
P4HA2,-0.802620188,-0.901896131,-0.552292006,0.320628286,-0.434656259,-0.322504653,-1.565172547,0.139495173,-0.427304433,-0.211385425,1.237921134,-0.314027561,0.660199366,-1.144443686,-0.731720005,-0.05982016,0.57767477,-0.358376166,0.682249208,-0.473529133,-0.874798735,-1.030861724,-1.440608535,0.013694453,-1.161984032,1.875476309,0.851839463,-0.223407857,0.162316162,-1.530514087,-0.287226207,-0.99831766,-1.026045311,-1.576814726,0.028051587,0.677413015,-0.35645033,-0.051273277,-1.078660693,1.104364688,-0.378172096,-1.33234111,-0.61390581,-0.728309235,-1.248063094,0.034052656,-0.957390568,0.648843304,-0.701084245,-0.211104704,0.048791093,-0.027522377,0.358436765,0.446279251,0.365070477,0.324334895,0.273038128,-0.946645886,0.587744437,-1.011593205
CAPN5,0.218491029,-0.757111461,0.210003046,-0.112592564,0.552415339,0.392905263,1.199577386,0.901279398,0.082509484,0.677127516,0.314900386,-0.006429245,-0.6467829,0.258912224,1.50176184,-0.409400706,-0.357935313,-0.341061358,-0.733380745,0.626782718,-0.26526373,-0.158369532,-0.604401648,-0.699244962,0.825567798,-0.553115031,0.051841693,0.245545242,1.406700672,0.450503362,-0.293501396,0.023624787,4.236270242,0.992252065,0.222391252,0.823573284,-0.193265397,0.139538842,0.883371342,-0.195919977,-0.222718723,0.466351684,-0.505696791,-0.376116553,-0.102018907,1.171018899,2.403995067,-0.315351287,0.465787193,-0.537024746,0.049463915,-0.308709064,0.264207188,0.174711679,-1.251571028,-0.312069775,0.053219405,1.393027697,-0.504897253,0.592023447
GYG2,-0.268865675,1.098716577,-1.620878665,-0.68024996,0.011354694,0.314702549,1.650645886,0.515180234,-0.189193827,0.40484295,0.398951807,-0.248759663,-0.698194781,0.236883671,-0.373924596,2.711951478,-1.489691284,-0.372815059,-0.117015615,-0.23640324,0.207639631,0.394346934,1.449491733,0.531385504,-0.902901153,0.538526439,-0.466354234,-0.029831605,0.068329431,-0.082546791,0.991591875,1.178783471,0.32156252,-0.261103674,-0.107924605,-0.45490297,-0.109427574,2.527432808,0.579016203,-2.198471581,-0.468488463,-0.567695125,-0.085053418,-1.00740552,1.113088385,0.174860678,-0.791954075,0.126081518,-0.150621936,0.026236565,1.600860994,0.606164059,0.219463064,0.625906569,-0.085700542,0.7050016,-0.48715709,1.507283489,-0.408691693,0.109081798
YKT6,0.068342695,-0.132145731,-0.224612989,0.169254467,0.032962381,-0.06886089,-0.162778075,-0.281502975,0.132327194,0.181097801,0.051636167,-0.389232686,0.079144984,-0.95441644,-0.266352642,0.246967374,-0.528524358,-0.447178322,0.448028508,0.248110299,-0.082122078,0.085162115,0.214851726,1.004121508,-0.659931084,-0.203043518,-0.188215661,0.351562374,-0.498458529,-0.333165848,-0.277003912,-0.055915252,-0.627735673,-0.277976004,0.507316805,-0.130643852,-0.064991142,-0.043826617,-0.389586146,0.325132446,0.584948718,-0.703051723,0.088931087,-0.578542001,-0.690525762,-0.37121119,-0.037106187,0.022317117,0.17743805,-0.143520333,-0.1935709,0.480930856,-0.170107059,-0.120938688,-0.022685022,-0.099775104,-0.625047901,-0.328449548,-0.146623889,-0.380754447
NUPL2,-0.185028014,0.39494105,-0.21412449,0.124085721,-0.15220494,0.688708045,0.215497145,-0.054091494,0.141890565,-0.309923231,-0.075938895,0.413327212,-0.338896671,0.438163185,0.513964232,0.076178573,-0.154844609,-0.376994106,0.106175019,0.134110234,-0.264534109,0.019056586,0.385987037,1.038360158,0.001663094,0.267345493,-0.260252389,-0.238391771,-0.321690196,0.280438416,0.274556341,-0.304504174,-0.468802932,0.065114767,0.240167672,-0.104653656,0.317431167,0.465697032,-0.103573582,-0.3646205,0.486717924,-0.263706265,0.669889997,-0.123132673,-0.188279756,-0.1732307,-0.151589103,0.4434002,-0.090452788,-0.090916443,0.044158017,0.363946455,-0.340885582,0.536112099,0.782057528,0.101549181,0.028227661,0.704415906,-0.319521638,0.160591283
ARPC5,-0.076903918,-0.406394644,0.267558518,-0.559363971,-0.125225637,-0.381347995,-0.530293589,-0.091624338,0.1895207,-0.384075913,0.2928799,-0.000633085,-0.037339377,-1.090027597,0.595323641,-0.344366002,-0.492143585,-0.388195384,0.098443522,0.022370563,-0.376904029,-0.340799835,-0.082223099,-0.532908188,-0.187279146,-0.058672417,0.284150099,-0.173209683,0.689598635,-0.211606522,-0.611866513,-0.409174255,-0.877722238,-0.445890671,0.23686514,-0.199042824,0.01719053,-0.421207774,-0.358708011,0.171551948,0.301911258,-0.798466823,0.26585828,-0.185022698,0.085723743,0.319561134,-0.123751998,-0.594708167,0.00062088,-0.099681656,-0.398607161,-0.226776902,0.021735645,0.308995716,-0.293200321,-0.107754999,0.02626413,-0.174108432,0.27888356,0.357269657
POLR2D,-0.106122935,0.309908657,-0.458041559,0.862990355,-0.152991803,0.773218413,-0.446337812,0.32157693,0.263302539,0.2311648,1.146126086,-0.580490224,-0.205018154,0.45124448,0.973809174,-0.149489189,-0.566371871,0.037903228,0.277374546,0.116063382,-0.448988835,-0.08639876,-0.259740948,-0.269860442,-0.523485379,-0.231380741,0.368692329,0.072286515,-0.116809782,0.545760813,0.406671706,-0.25015595,0.664105217,-0.039788692,-0.233136125,-0.439862657,-0.549964216,-0.329659621,-0.003025987,-0.53179625,0.796066675,0.072772308,0.002632075,-0.289422822,0.658829714,-0.058263788,0.231255182,-0.058820654,0.509530904,-0.600059574,-0.082333463,0.621317911,-0.392809448,-0.070118196,0.361756011,0.815067959,-0.108435171,0.323809538,-0.579548868,0.067943858
CFLAR,0.437091872,-1.037972811,0.778636905,-0.344184417,-0.459765954,-0.312618926,0.075883418,0.101105093,0.426907228,0.123960428,-0.565367809,-0.204630052,0.105086479,-0.842124075,0.130331856,-0.057087928,0.138854411,0.434238293,-0.065179025,-0.232914346,0.152393032,-0.686720779,-0.092034869,0.1212471,0.751769574,0.26592242,-0.025886282,0.815459307,0.634127861,0.360197249,0.71738866,0.938030965,-0.498163741,-0.480113128,-0.082915462,0.024096097,-0.270431064,-0.151536697,-0.361044729,0.582059815,-0.238425393,0.885513787,0.246311098,0.060524873,-0.39677968,-1.542917946,0.026467666,-0.225897582,-0.116474648,0.110183799,-0.600569146,-0.204490099,0.582551549,-0.143869003,-0.19465453,-0.365845554,0.492287369,-0.645274194,-0.126113949,0.180583618
DDX3Y,1.985788442,0.457488492,1.676903803,1.819299833,-2.534821319,0.623517849,-2.505362954,-3.10966679,-1.544090366,0.037264945,-4.616245849,-1.608491039,1.646391083,0.636920197,1.234484731,-2.460074475,-3.209969865,-1.351496063,1.431604814,-3.139211803,2.576099544,-1.210968259,-1.717594336,-1.91400895,1.006948264,-2.177488976,-2.297687157,-0.665447524,1.19436391,1.569393511,-4.508004833,-2.191217426,0.776208272,1.546063057,0.217938472,-4.839562667,-1.888708042,1.991409697,-4.896169445,2.34983922,-4.411792943,0.744482849,-2.607586765,1.420393157,-3.252896551,1.149335445,-2.302078275,-1.930995748,-3.727745428,1.261503654,-3.585622669,-0.117793687,1.350321377,0.941919577,-2.78587527,0.148174351,1.085062564,-2.549968511,1.818382865,1.182212884
PDPK1,0.052379003,-0.25476746,0.535019625,-0.545690163,-0.628098937,-0.004413388,0.292690668,0.104967706,-0.321890222,-0.36851058,-0.188637029,-0.115793596,0.147440735,-0.466379485,-0.235432856,0.846776652,0.023714332,-0.11978615,-0.553167235,0.079769829,-0.229743485,0.16904706,1.199291022,-0.029812072,-0.358647149,-0.080528214,0.053250361,1.070526567,0.623046217,0.302447682,-0.154068268,-0.149600114,0.369139972,-0.071304233,0.371958569,0.297778086,0.522221337,0.547814201,0.03045957,1.224358229,0.401252842,0.421656808,-0.393888694,0.083366444,-0.249570032,-0.214655751,0.437738731,0.520156086,-0.911734498,0.176851087,-0.122103351,-0.116728337,0.582480441,-0.122926711,-0.68849948,0.550401552,0.254130761,-0.101747368,-0.306031611,-0.009093677
TAPBP,0.299222177,0.001441755,0.084519214,-0.872147686,0.015598514,-0.319384811,-0.586126943,0.115917976,-0.063302994,-0.058832594,-0.559016874,0.434771159,-0.929619431,-0.477860295,0.043953827,0.05307117,-0.6845416,-0.373664575,0.554042032,-0.834823414,1.140253623,0.667786021,-0.360350299,0.474002757,-0.508724869,-0.057116066,0.61540212,-0.575301531,0.556840072,1.568599018,-0.564161421,-0.570884705,-0.723804223,-0.981952918,0.216959241,-0.942612015,-0.70664464,-0.242742021,-0.383226993,-0.344191732,0.285378822,0.279137572,0.368430436,0.864167458,-0.017168923,-0.812374516,0.109020389,0.723785194,-0.042443522,0.461280134,-1.566111255,0.628455193,0.228630678,-0.38897536,-0.809447857,-0.03888371,0.514909698,-0.570328258,-0.635115967,0.435010749
PER1,0.781911262,0.512331169,1.525666073,0.145848479,0.175779068,-0.455299614,0.282182377,0.359726529,0.003566522,0.760793016,0.227717504,0.668994892,-0.036906993,2.84661158,-0.278185965,0.369437366,0.233900658,0.082594935,-0.135450549,-0.091297492,0.436106698,-0.159140375,0.03301443,0.642162753,0.1968475,1.155661273,-0.637218198,0.194953052,0.181520357,0.09219835,0.071765043,0.136869849,0.624220012,0.726378539,0.383446865,-0.103918247,0.749493548,0.17084551,-0.103958814,0.132597123,0.023451707,0.451328099,-0.321961289,0.787955551,0.487442611,-0.103773047,-0.065860604,0.851945135,0.112483169,1.345456262,0.208454195,1.121941223,0.274255027,1.368068781,0.04951571,-0.591086384,0.467836157,0.640107034,0.118002236,0.48584745
RNF113A,0.454955765,0.041518148,-0.292826018,0.485872112,0.456627697,0.510218209,-0.355417334,0.194254466,0.00561628,0.436074672,0.22297038,0.061263653,-0.368082851,0.098615923,0.522200094,0.404533553,-0.095354452,0.206261971,0.980973633,0.119138535,0.271323434,-0.105683451,0.609278182,0.899612271,0.004842226,-0.872909669,0.321923254,-0.105681532,-0.137239834,0.154748817,0.109679142,-0.615996526,-0.018016091,-0.660772147,-0.828099077,0.32222975,-0.034930465,-0.088963811,0.044767534,0.271707178,0.319548295,-0.19753881,0.522211691,-0.520129706,0.842838681,0.129500596,0.486869134,-0.134251099,0.217958646,-0.4246016,-0.575801163,-0.046025834,0.054010593,-0.593337614,0.04531344,0.543745546,0.219398505,0.467571946,-0.382463518,-0.216446548
KDM6A,0.229443453,0.328542258,0.067002963,-0.052717797,-0.339566505,0.142137917,0.308394152,0.452200996,0.438639029,0.715492051,0.414570485,2.119970894,0.280482737,-0.304047379,-0.090455545,0.176688186,0.30150963,0.020436249,0.025389033,0.252305735,0.340147638,0.027699849,-0.030316153,0.789301003,0.213817713,-0.325373321,0.259541755,0.867999769,0.155638534,0.118654389,-0.194217194,0.210247095,0.540218029,-0.097801988,0.023034485,0.033219621,-0.034539436,0.451379845,0.020566152,-0.238936599,0.020575874,0.178015002,0.090579514,0.189009713,0.114334683,-0.066076423,0.093896527,-0.089798159,0.236118477,0.187565566,-0.182325747,0.033598466,-0.168099318,0.104680177,-0.097746302,0.140562707,0.148759649,0.0975924,1.001979377,-0.501424764
CLDN3,-1.082828393,-0.687673195,-0.831219245,0.763253722,0.510255907,0.346758862,-0.281449867,0.380249867,-1.007646416,0.339424452,0.64586483,-0.72539183,-0.894180583,0.29402343,-0.358803111,0.57089523,1.533778519,-0.665747184,-0.865117665,3.582580798,-1.989459547,-0.186395463,0.345772272,1.968179003,0.669815193,-0.201734112,0.557424645,1.50648149,-1.073669953,1.999299573,-0.316421172,-1.012684834,1.432787454,-1.670463901,-1.396079772,1.074792336,-0.41530751,0.417172725,0.242208704,-0.234533189,-0.872378988,0.744746434,-0.571745421,-0.661285736,-0.320369389,-0.946308259,-2.421821911,0.504628795,1.777216425,-2.009441279,-1.059519743,1.369623594,1.135589279,-1.005201548,-0.205237511,1.559318404,-0.222222829,-1.345400317,-0.510870847,-1.311319959
DHX15,0.069578419,0.115100962,-0.16547567,0.205810749,-0.104260584,0.568501787,-0.029214614,-0.415314346,0.188702119,0.380055668,0.397588454,-0.524701886,-0.094821842,0.047791338,0.491541898,0.420994292,-0.403695878,0.534118755,-0.221447853,-0.034392776,-0.032541805,0.420388391,-0.267096813,-0.195601772,-0.330167987,0.01201228,0.270986893,0.435232768,0.04806029,-0.279557673,-0.267296658,-0.09761645,-0.050815138,0.320668295,0.128011245,-0.080371236,-0.147093151,-0.164509322,0.430344579,-0.572139012,0.49695353,-0.286810844,0.335735868,-0.244101478,0.194075693,-0.115756118,-0.11531542,0.28873264,0.218633795,-0.377688526,0.236840154,0.251018545,-0.157494862,-0.140980638,0.481982687,0.409382061,0.041684339,0.24077101,-0.482774915,0.275921621
RNMT,-0.032834361,0.104396815,-0.65702526,1.169478102,-0.780938927,1.203932777,-0.814571575,-0.711631706,0.248525803,0.925372243,1.09708707,-0.99062151,-0.381945569,-0.483581589,0.914451665,-1.015330268,0.11963077,0.556241135,0.323112121,0.053568548,-0.83022089,0.486486641,-1.236080214,-0.208427491,-0.511007967,-0.474080641,-0.235713327,0.741750043,-0.274116763,-0.741991445,-0.886779096,0.100314956,-0.464219993,0.438607502,-0.322920633,0.532445439,-0.431516329,-0.736955293,0.150332805,-0.361343301,0.474311223,-0.673797742,0.413785817,-0.760816037,-0.097121328,-0.376597438,-0.14384774,0.135743294,0.236301942,-0.43064968,-0.651684368,0.077222013,-0.67566475,0.255454694,0.547600659,0.516716033,-0.545956301,-0.070284791,-0.463064386,0.083283078
ZZEF1,-0.055845736,-0.237652628,0.439711985,-0.827826261,-0.064723511,-0.015912911,0.003946724,0.502992353,-0.076587058,0.027894068,-0.257670026,0.435128683,-0.00569991,-0.097469335,0.081872165,-0.564358201,0.186085293,-0.301058315,-0.128248126,0.148219352,0.182110882,0.265117583,0.435416732,0.157386819,0.339834865,-0.149806454,0.067028705,0.238913187,0.179794521,-0.057369278,0.143608953,-0.007792358,0.135008278,-0.367360469,0.360575897,0.030711826,0.011299762,-0.073442788,0.244825238,0.254042617,0.007290412,0.27905296,-0.069832849,0.174047002,0.086473074,0.175631845,0.654233716,-0.583062956,-0.157507187,0.282775757,-0.499911689,-0.392943478,0.373227998,0.045897317,-0.26140554,-0.055112401,0.308706978,-0.534592925,0.088838205,0.13555059
ASAP2,-0.366191368,0.486040929,0.26173955,-0.370341312,0.248029292,0.782417517,0.996199787,0.017170623,0.952049482,-0.974269389,0.5332364,0.180545365,-0.258565801,-0.039450615,-0.618334673,-0.208718433,-0.346368578,-0.623958442,-0.442597323,0.563488293,-0.241145843,0.214783175,0.589649692,-0.188932016,0.561222759,-0.099738024,-0.128502332,-0.344928104,2.21574247,0.208082893,0.243483046,-0.161779448,0.21693509,0.114026716,-0.743800205,-0.593638437,-0.067849097,-0.43602281,0.234340798,0.743733948,-0.070109042,-0.533340734,0.072249386,-0.244474959,0.368660931,0.10929977,1.943976313,-0.720252962,-0.103004582,-0.304567826,-0.433623517,-0.148674127,-0.423794766,0.27151813,-0.042200253,-0.154356977,-0.193704148,1.187807122,-0.493566717,0.014624446
TTI1,-0.057312784,-0.533828696,-0.437167614,0.177065893,0.115820876,0.606272887,-1.219989441,-0.349700844,-0.077705328,0.535911442,0.264159781,-0.188871209,-0.992655295,-0.434111391,-0.484492623,-0.228584843,-0.223562823,0.220798014,-0.554197954,0.0270688,0.2313594,0.416068411,-0.317948796,0.471887861,-0.375661876,0.410450442,-0.128014732,1.155211219,-0.344386824,-0.481915214,-0.261524104,-0.492395215,-0.33472917,-0.12199356,0.046969061,0.619336204,-0.211871113,0.519818585,-0.008118659,-0.35439986,-0.102588832,-0.34965835,0.949250732,-0.280956878,-0.462616768,-0.285203787,-0.144454537,-0.387794883,0.271486717,-0.95227206,1.210292092,-0.366979323,-0.70647202,-0.292208453,0.706679627,0.270524885,-0.34631229,-0.366919749,-0.05107263,0.012552404
PLXNB1,0.147272748,0.425670956,-0.016085003,0.243656892,-0.241668357,1.183774661,0.239340453,0.038816658,0.404423361,1.192668104,1.159898239,0.830657351,-0.085609818,0.14937466,-0.140714089,-0.005353173,0.045162141,0.262053328,-0.013905349,0.335574598,0.367235121,-0.307398855,0.530301666,-0.126746239,0.085772933,0.164374925,0.090078564,0.151367574,1.280858689,-0.003653577,0.955512273,0.964232217,0.190308347,0.994187899,0.262405772,0.290403975,0.105613803,0.415849714,0.943143792,-0.149133206,0.015733473,0.413161997,0.099602775,0.119078266,-0.119651111,0.009327522,0.449803457,-0.550356819,0.164289372,-0.039228091,-0.000468767,-0.4984623,0.500694841,0.180715812,0.592621912,0.139881456,-0.416395382,0.072220976,0.087120516,0.056057008
RRP8,0.225936352,0.145222136,-0.234697161,0.350322147,0.28376197,-0.22946187,-0.388022538,-0.013134748,-0.003069761,0.534535755,-0.11689849,-0.453975101,0.288710488,0.639615994,0.400981429,-0.150852706,-0.150851607,0.701698268,-0.05389182,-0.323601943,-0.21446031,0.553503951,0.357108112,0.52291195,-0.339710133,-0.158481455,-0.418336874,0.530553397,-0.107415597,0.11204271,-0.049141635,-0.329183298,0.199916789,0.308679634,-0.366774313,0.273730408,-0.139958845,-0.179614268,-0.291163106,0.407364747,-0.21135772,-0.201176175,0.100628873,0.062419866,-0.268503457,-0.239353606,-0.140518798,0.020948986,0.182169222,-0.388264304,0.653210613,0.597561794,-0.37733239,-0.254885058,0.772497344,-0.48840367,0.05917484,0.717008128,0.127323948,0.103096346
PJA2,-0.215156938,0.16506523,1.488150856,-0.359867141,0.162103255,-0.232931735,0.186530635,1.156570296,-0.300774018,-0.233514788,0.266874815,0.046774805,0.630652183,-0.216264326,-0.194884448,0.86344431,0.453682626,-0.041052293,0.411156854,0.190611038,0.188771458,-0.056474695,-0.020186816,0.855283387,0.396667944,0.243541267,-0.177812752,-0.541116375,0.180332072,0.220156682,0.39143139,0.447549555,-0.961247334,0.166204922,0.146709212,0.254627498,0.848187532,0.169745152,0.054295036,-0.108276935,-0.066674528,-0.086971111,-0.005561477,0.142267744,0.086043069,-0.006678862,0.001056849,0.045225263,-0.09899094,0.451478187,-0.157892934,0.373863928,0.358577146,0.559817472,0.07637166,0.051776391,0.946698533,0.518819732,0.34020736,0.165808883
SIPA1L1,0.466636869,0.170239872,0.027563055,0.652092262,-0.106035396,0.538094356,0.113907714,0.106024981,-0.063010461,-0.146448277,-0.219748425,-0.112977092,-0.146372459,-0.495365225,-0.432349084,-0.086671473,-0.100287162,-0.559607291,2.287918572,-0.367601027,-0.064522831,-0.03896696,-0.400646454,0.282424374,-0.336522811,-0.366715086,0.033555525,0.149521988,-0.239996829,-0.135562893,0.162762397,-0.071336307,-0.165187076,-0.586370027,-0.309227968,0.41822102,-0.221608518,-0.325522257,-0.041742941,-0.402427759,-0.21477231,-0.660756025,-0.46494027,0.050711377,0.165846343,0.277540312,0.139022393,-0.386145777,0.414066218,-0.445631993,-0.095424802,0.083395955,-0.221154037,-0.072457051,-0.504361159,0.013229067,-0.379456668,-0.554258972,0.250920105,0.205871461
CYB5B,0.086237652,-0.073253295,0.953337296,0.719324029,-0.241953286,-0.269882816,0.138220037,0.809179756,-0.078427444,-0.00301801,-0.554356374,0.288010958,-0.390156151,-0.278600796,-0.452192153,-0.319344385,0.054143053,0.124424717,-0.535766953,-0.061000857,-0.128924636,0.535167206,0.845519582,0.234316638,0.355079568,-0.194731557,0.370970643,0.42297516,0.291401285,0.730177634,0.57218904,0.139322816,0.242655138,-0.105692914,0.542927286,0.077488642,0.316791446,0.601667259,0.064286889,-0.037945616,0.227237398,0.919632986,-0.044311007,0.021596687,-0.445893098,-0.361947799,-0.340120199,0.340610755,0.254633643,0.374888809,-0.333856942,0.497062926,0.245820926,0.16424654,-0.053299124,-0.04346377,1.480669641,0.117726638,0.29826268,-0.002265521
PRPF4,0.224951155,-0.008399212,-0.521048638,0.40333167,-0.0902284,1.277354456,0.549258575,-0.037916086,-0.368316492,0.387329615,-0.162793016,-0.655830913,-0.380533847,0.040459141,0.250093933,-0.114175705,-0.263720681,-0.24563905,0.174914855,-0.195159688,-0.345539113,-0.062981711,-0.114757327,-0.429157477,-0.181142009,0.001460509,0.446773073,-0.326495868,0.019775999,0.132774068,-0.599223822,0.015005075,0.00697469,0.025250718,-0.195101006,-0.141817955,-0.458410163,-0.23131079,-0.197009721,-0.045356866,0.223629313,-0.091757083,1.019474962,-0.260025244,0.065220535,-0.218395552,-0.194815343,-0.005246009,0.43644226,-0.790913452,0.967283421,0.020288751,-0.164686285,-0.511346428,0.81567583,0.022261188,0.137735787,0.295843892,-0.295895968,-0.228213984
PHGDH,-1.460415901,-1.622467887,-1.478036161,-0.532510151,-0.24019498,-0.18971254,-0.362394028,-1.190606874,-1.213435711,2.484163063,2.070953654,-0.148657449,-0.522941581,-1.350076009,1.397422329,0.019478859,-1.116114792,0.175052617,-0.306434904,0.944430174,1.488787604,-0.176224888,0.4691502,-1.010892267,0.644374665,0.987373682,-0.284230517,0.860733003,-1.075201882,2.971228719,-1.708639829,-0.537545649,-0.946668125,-1.67875813,-0.475068744,-0.438166327,0.988644157,-1.541615799,-0.375448943,-0.711536173,-0.701469432,-1.441055947,2.066446371,-0.777702051,-1.255657218,-1.137429102,-1.576830194,1.885801923,-1.266353462,-0.162104676,-0.707207935,-0.251916631,-1.21825075,-0.706375906,-0.369709267,0.985905023,-0.158608433,-1.458517417,0.381005595,-0.478367746
NDUFS4,0.217362542,-0.049252589,-0.365404652,0.239034584,0.129821445,0.341004074,-0.742408908,1.166990791,-0.936210437,-0.067056798,0.681281391,0.492266929,-0.281934829,-0.665876805,0.510119224,0.759469407,-0.643870861,-0.494450658,0.71593713,-0.096345888,0.534524878,-0.600723228,1.282671034,-0.643602443,0.178474635,0.015255288,0.655068947,-0.537319309,0.43589089,-0.730403354,0.171169073,-0.236398774,-0.337488434,0.854759576,-0.422533935,0.490942861,0.068838311,-0.584004201,-0.175247205,-0.320463989,0.295360164,0.01232532,0.036309957,-0.146088751,0.118423369,-0.16849674,0.549987604,-0.580546814,-0.828359998,0.113770641,0.585757333,0.54108873,0.407199811,-0.536132095,0.52556061,0.780304568,-0.027962339,0.257922157,0.511076177,0.566446688
ARHGAP6,0.724135745,0.880208022,1.395602527,-0.680990238,-0.14066212,0.233377369,0.433143407,0.906329043,0.053360627,0.194982355,-0.33489906,1.515175954,0.34995983,0.688389504,-1.036162851,0.421212573,1.172364904,-0.064877708,-0.291715485,0.534118208,-0.003375515,-0.748291406,-0.123933857,0.242294325,0.749730415,0.506574301,0.699611037,-0.671021965,0.103037177,0.093343402,0.833520505,1.723799296,0.053744356,-0.134247505,0.203300289,-0.509323301,1.16858435,0.146680205,-0.179558256,0.132489309,-0.089808018,1.150334022,-0.413931297,0.540716964,1.512842398,-0.092133572,0.90152401,-0.54944458,-0.364996496,0.661561709,-0.384511547,-0.004149553,0.680341536,0.457084086,-0.698821369,0.561287064,0.821824493,-0.02469479,-0.303407158,1.808530806
PHF1,-0.666931227,1.924727684,-0.221895645,-0.118513966,-0.750007307,0.015687691,0.059398927,0.141690379,-0.454429716,0.29326023,0.001161683,0.136989041,-0.161186391,0.772290913,-0.196876905,0.237164088,0.140556125,-0.272463415,-0.436054702,1.140202187,1.086506015,0.214904492,0.644634625,1.428234126,0.072907452,0.137484099,-0.863066438,-0.017196374,0.092470786,0.242151227,0.593031608,-0.059090874,0.305234414,-0.661999917,0.068302765,0.302734446,0.570879302,0.206175096,0.270041646,-0.094605441,-0.316861707,0.161680649,-0.178846847,0.067866069,0.587642353,0.067624656,0.514092366,0.693744518,-0.13508401,0.237980458,-0.142164241,-0.039653248,-0.026020173,-0.097670063,-0.140895812,-0.038993961,0.737538814,-0.257335758,0.2819184,0.099722438
GPR39,0.057818832,3.20936763,0.355295178,-1.268482156,-0.886073448,-0.0270076,-0.404063935,0.691971263,0.087001734,-0.646096502,-2.399926375,-1.120327356,-0.273781515,3.43069138,-0.22294181,-0.093728074,-0.363995935,-0.49966492,-0.558633475,1.043265823,-1.677557844,0.660033583,0.414232075,-0.391069429,-0.35416293,0.338298246,-0.031928908,-1.295135633,0.280031348,0.091713485,0.356475296,0.518372425,0.479513066,1.2531165,0.908694541,-1.053691442,0.525698925,-0.197128271,0.4656355,-0.312496701,0.00828382,0.88786093,-1.795814084,-0.489736271,0.245118399,-0.115917766,-0.178587351,-0.238464952,-0.580416204,0.191808449,-5.443831892,0.221027844,-0.867271978,0.800166121,-0.13122782,-1.957252843,0.1595742,1.463019962,-0.997167939,0.129499107
SEPT4,-0.136195207,1.314120851,1.828577372,-1.049457935,-0.411270934,-0.250247003,1.608949777,1.169579728,0.577081049,-0.313943453,-0.269891534,0.6575394,-0.061088537,1.149953621,-0.190386818,1.19846434,0.883761835,-0.53653243,-0.561371997,0.54154847,0.399340705,-0.429505813,0.436557959,-0.079081654,0.232541212,0.564799069,-0.525257161,-0.654649054,0.109987771,0.343318847,0.168730431,1.179022711,0.885213038,-0.012081546,-0.258439008,-0.824088091,0.444360023,0.519159763,-0.201209351,0.696892771,0.130102158,0.370966524,-0.464037925,0.566334424,0.454450391,0.247509805,-0.145661081,-0.19485283,0.019108888,0.945346147,-0.179378816,0.38226221,0.798277942,1.053554384,0.307157354,-0.061225584,0.063435892,0.272829535,-1.136818269,0.690634152
DYNC1LI2,-0.350254894,0.431309159,0.688359661,0.795901226,-0.191716054,0.737129084,-0.381963433,0.272790078,0.073193576,-0.220648245,0.173581884,0.036303599,0.318346653,0.133583255,-0.244606383,-0.124920974,-0.30881394,0.231891811,-0.075770859,-0.194902072,-0.576020194,0.877759699,0.985279895,0.265939709,0.105668452,-0.600234746,0.261887731,-0.154480662,0.221658162,-0.308669288,0.182345783,-0.272879831,-0.68778487,0.098698311,0.406588831,-0.038703542,0.600503231,-0.121979888,0.193333005,0.117081545,-0.154105823,0.126222959,-0.587799815,-0.383212895,0.06216177,0.054982039,0.259148281,0.150307763,-0.045249666,-0.233235767,-0.247784481,0.281173806,-0.317093043,-0.07706168,-0.155222859,0.763031686,-0.263345793,-0.03206898,-0.16054453,-0.101333911
PSMD3,0.202948442,-0.111111059,0.139642428,0.429828806,-0.141110617,0.000787552,-0.214553757,0.199978362,-0.115881325,0.145418555,0.312435586,0.102109472,-0.215755468,0.042105653,-0.246823555,-0.032717029,0.049992048,-0.136146142,0.106900956,0.357784999,0.023696692,0.076829526,0.271118328,0.072150145,0.173042113,-0.150658282,0.141851725,0.225396857,-0.159506652,-0.225907601,0.157094008,-0.574200312,-0.099774725,0.274390716,0.150441043,0.291615774,0.010414048,-0.09720396,0.241367024,-0.151952213,-0.216893406,0.007367472,-0.015298036,0.019746903,-0.422205037,-0.332850902,-0.127666308,-0.163850918,-0.220544963,-0.223894943,0.207678699,-0.20215832,-0.289278267,-0.481339012,0.222582895,-0.206703851,-0.014994738,0.027571286,-0.00824029,-0.063831958
PAPSS1,0.08827236,-0.171397013,-0.643191111,0.912014395,-0.161727416,-0.216103181,0.040312247,-0.546689909,-0.069669944,-0.694586521,1.813025433,-0.323355383,-0.266335956,-0.657010611,-0.068672784,-0.4326304,0.085636589,0.557782031,0.367577802,0.601998814,0.20291106,0.094739442,0.246705642,-0.624651047,0.045452731,-0.400728301,0.384643405,0.564327385,-0.02759118,0.361140167,-0.668463827,-0.275550833,-0.010060286,-0.607782688,-0.077473956,0.141154792,-0.235182946,-0.572270962,-0.29527279,0.218341042,0.468500378,-0.114128596,0.204522043,-0.796582553,-0.541432787,0.056772608,0.027914041,0.964533673,0.062688687,-0.027417566,0.07622967,0.219042634,-0.238302046,-0.241110758,0.038076621,0.650547961,-0.036215709,0.229854834,-0.196186849,-0.077685057
ZW10,0.121759954,-0.602555044,-0.317426073,0.498015127,0.156169453,0.171784497,-0.823659901,0.028658915,-0.11549089,0.205109384,-0.18894441,0.170617156,-0.302520065,-0.884383057,-0.149868491,-0.083963534,-0.349284075,-0.186306475,0.053763761,-0.378812439,0.1559053,-0.476093638,0.7507319,0.587847635,-0.235200777,0.098816805,0.097406207,0.731724824,-0.174044966,0.35494377,-0.247059085,-0.376956102,-0.399841944,-0.153138869,0.486489783,0.200740623,0.202487838,-0.064704089,-0.128487339,0.89920887,-0.068686686,0.018185024,-0.162468114,-0.300018853,-0.562503292,-0.404272231,0.010076976,0.023302903,0.043931296,0.262496453,-0.397506679,0.141426782,-0.073132727,-0.381031106,-0.324401316,-0.046958617,0.338832458,-0.166558606,-0.244520228,-0.428994327
PRODH,-2.042180194,-0.34170148,-0.235806442,-0.789100826,-0.520717565,1.311492848,2.516171154,2.058102826,-0.503136086,-1.696805875,-0.064856967,-1.319612696,-0.512355508,-0.829617441,-1.157687965,-1.752639429,-0.30533626,-1.357478115,-0.965940162,-0.888447316,-1.785204327,-1.735300999,3.031352769,-1.838356612,1.642513059,-0.468445119,-0.216533104,3.653631469,-1.12320356,1.623272539,-1.366323681,1.162522452,2.635876732,2.718060978,0.394698224,0.343522658,-1.451071147,1.469300563,-1.768229479,1.163386127,0.120383704,0.010177115,-2.010203309,-0.428551769,-0.874607093,-1.442954271,-1.699734955,-1.338840799,0.371830263,0.091437977,-0.078657102,-1.215194264,-0.58978234,-0.37033737,-0.820243254,-2.021596801,-0.760731432,-1.067189426,-1.949865221,-1.424605399
SPINT1,-0.467101281,0.35172931,-0.41633499,0.31915429,2.753962346,-1.008189996,-1.311615063,-0.199319341,1.80359955,1.170220278,1.411012813,-1.250019098,0.367614819,0.663614567,-0.289226974,-0.908027398,0.386898118,-0.734004011,2.155088334,0.141751055,-0.884723745,0.396243607,0.080432389,0.037707517,0.317209602,-1.381204661,-0.566168835,-0.729333883,1.278720053,-0.487987616,-0.403503434,-0.962439628,1.023577474,0.41304548,-0.326905872,-0.356526671,-0.869084745,0.502470425,0.886856584,-1.549858245,-0.439009094,-0.29398145,-0.657047196,-0.866058884,-0.61249113,0.042690229,0.617099384,-0.85892327,-0.470917956,-1.514256822,-0.474791283,-0.576184793,-1.043414423,-0.342346856,-0.369706584,0.003294757,-1.241708404,-0.455205797,-1.241942925,-0.566506506
SART1,0.197543704,0.015180434,-0.170551208,0.306700573,0.245000254,0.65563813,0.518616536,0.120280869,0.029987052,0.184967191,-0.138892674,-0.137263146,-0.101950162,0.054175368,0.284644356,0.110333597,-0.119417052,0.001064592,0.160826621,0.038732111,-0.066531689,0.045826546,-0.047675829,0.138410813,-0.18973349,0.000327393,0.136224035,-0.338929073,0.04073967,0.221201697,-0.419161056,0.175724543,-0.182164252,-0.144942783,-0.015580372,0.0333379,-0.031270936,-0.079759954,-0.119282407,-0.010335494,0.084279863,0.09096646,-0.044127725,-0.055211891,-0.041075305,-0.16342582,0.001279228,0.199765738,0.346577043,-0.357271205,0.717417314,-0.145813489,0.167695989,-0.113940249,0.440981538,-0.007835115,0.259925165,0.102639148,-0.141994174,0.06791522
SPINT2,-1.30219295,-0.860088805,0.230159818,0.589183006,0.459426962,-0.468204678,-0.386879861,-1.643012618,-0.35283679,0.790813739,1.50975897,-1.423304804,-0.380510942,0.342473158,-1.183747208,0.192941047,-0.463826923,-0.572617216,-0.648623165,0.126228913,-0.453300738,0.182910162,-0.508389045,-0.38401529,0.276687642,-1.365332005,-0.527183417,0.467488688,0.630309203,-0.941658903,-0.367251073,-1.127626684,0.663299074,0.107892021,-1.153738138,-0.547175166,0.353635416,-1.222988947,-0.095288082,0.92525021,-0.280625166,0.936718947,-0.734035249,-0.166138199,-0.483934624,-0.216367723,-0.017468647,0.083731854,0.171301408,-1.908459938,-0.122597568,0.431806346,-0.838141733,-1.027686069,-0.363605348,-0.537054816,0.175193557,-0.06680834,0.106456209,-0.604709923
GPAA1,-0.064915248,-0.292356755,0.537525421,0.248346611,-0.107193402,0.199776185,-0.32653233,0.134643899,-0.071628866,-0.562735832,0.669389466,-0.259098925,-0.167724138,0.152255109,-0.454755107,0.234468369,-0.21698111,-0.460159332,-0.440090543,0.436309199,0.281739841,0.094531164,0.283916761,1.184894923,-0.163804981,0.071898493,0.008256652,0.820987014,0.522102547,0.532572805,0.706285045,-0.129163843,-0.265337474,-0.100916993,-0.063028951,-0.245859794,0.09068298,0.156181747,0.221382865,0.038180584,-0.000592727,-0.250230916,0.117519607,-0.497516523,-0.122475433,0.355839719,-0.526367168,0.435247184,-0.090332357,-0.173133932,0.003295535,-0.077854593,-0.225303881,-0.249288312,0.002857568,0.375541795,0.112609927,0.265706217,-0.121833856,-0.755066392
DAPK3,0.651113196,-0.437798981,-0.209513209,-0.384520031,0.087733696,0.122941501,0.068060786,0.870455142,0.167874765,0.044383204,0.00252921,0.414066561,0.964578701,-0.430291981,0.402910363,0.028412871,0.793343308,-0.277783941,0.313154597,-0.192770726,-0.847717687,-0.413633539,-0.337822674,0.930881029,0.402204548,0.371547741,0.366458216,-0.619062729,-0.24236271,-0.371821712,0.484028235,0.757626381,-0.254413461,-0.678087089,-0.276711253,0.374571138,-0.12063097,-0.21492713,-0.036192293,0.178110864,0.008007122,-0.235588247,-0.490719,-0.383010203,0.159275372,0.493224861,-0.227943795,-0.475023551,-0.134698379,-0.442998781,0.180829406,-0.299611394,0.001682116,0.208551291,-0.068972656,0.289842333,-0.111190945,-0.065431972,0.634111875,-0.035664546
TGFB1I1,0.551060266,0.546945139,0.35413324,-0.732340769,-0.017601696,0.315287062,0.287599248,1.784476748,0.575012659,0.475815167,-0.546397995,-0.215236011,1.854604472,-0.129514086,0.76424024,0.263258206,1.320460892,0.076365012,0.873812624,-0.242404787,-0.741633146,-0.9962996,-0.445293658,-0.601985258,1.462503,0.801766707,0.97546678,-1.179226523,-0.193032167,-0.619150666,0.371541999,1.268373116,-0.220141677,-0.973738947,-0.689896232,0.137411662,-0.136250041,-0.508303553,-0.185837456,0.247625444,-0.420675742,0.329826736,-0.59772772,-0.639251914,1.08879302,1.773262231,0.059782711,0.11865764,-0.585708116,0.014174258,-0.162881427,0.045980417,0.71940988,1.859588535,-0.070824752,0.37819861,-0.075037835,-0.623417749,0.645809966,0.868987592
AP5Z1,-0.110438005,-0.2791739,0.531573398,-0.469295187,0.155437862,0.036776233,-0.476690873,0.369844519,-0.083397724,-0.338683291,-0.251057309,0.778766022,-0.040447884,-0.122090997,-0.551646299,0.161153318,0.090380294,-0.810382387,-0.022276101,0.186465577,-0.048385263,-0.012325009,0.338500924,1.985247821,0.019992867,0.23012762,-0.108344742,0.484426278,-0.102583653,0.096236985,0.605494469,-0.282188089,-0.396717414,-0.184311252,0.308869094,-0.123384353,0.501251532,0.640327497,-0.136038781,0.275541082,0.066836458,0.484314316,-0.275194256,0.669324048,-0.182122326,-0.34498184,-0.149549806,0.662329671,0.001450071,0.589546724,-0.112357611,0.149091356,-0.201963778,-0.094912755,-0.393697408,-0.03992677,0.585246193,-0.97924477,0.153459735,0.389345021
HSPA12A,-0.338426125,0.646613592,1.025833095,-0.616835487,0.022562732,-0.054006443,0.956904479,0.731611232,0.109000612,-0.722207267,-0.386611783,1.429231515,0.654270305,0.263976084,0.380794836,0.432119338,0.89003218,0.355045193,0.117742371,0.748791902,0.391433571,-0.559786181,-0.02009813,-0.353234773,1.64417374,-0.090527438,0.680774621,-0.358033646,-0.341525164,0.247899401,0.446038508,1.138829228,-0.531953534,0.703790773,-0.898811049,-0.437254927,0.655722008,0.269720865,-0.691081492,1.185989168,0.069270114,0.497252069,-0.439752278,0.012176913,0.344650015,1.011393647,-0.079400287,-0.59212229,-0.712559885,0.490837231,-0.087431673,0.018455887,0.934518382,0.682362054,-0.876105611,-0.228515576,0.748359387,-0.126107956,0.118680016,1.395659988
CCP110,0.077696309,-0.343796271,-0.203286701,0.025909658,-0.03961164,0.483682467,-0.125486556,-0.802839368,-0.208317607,-0.105600279,-0.032613902,0.28332611,0.701536385,-0.467619933,0.043934267,-0.108713046,-0.016786724,1.820015493,0.103129982,0.77593947,0.730938513,-0.032708985,0.135437933,1.059034617,0.974189494,-0.13957393,-0.036012721,0.480799782,0.189070684,-0.00726922,-0.071394379,0.496564603,-0.295085386,-0.3492789,-0.170320503,1.095963405,0.222620289,0.055958921,-0.088011124,0.035803906,0.016335355,0.090819746,-0.247247457,0.08795794,-0.027830001,0.1982521,0.085444235,0.383907067,0.345917358,0.141410448,0.032188729,0.47947751,0.443279172,0.194116126,0.301031695,0.890576225,-0.189209089,-0.278195439,0.483668547,0.058982426
CTIF,0.282659747,0.227622301,0.788300915,-0.047631614,0.062828146,0.349770381,0.263026183,0.350399826,0.242090828,0.232405006,-0.225204139,0.634891591,0.361004803,0.303797212,0.631618378,0.134254143,0.420031896,0.089198488,0.413499822,0.27182805,-0.045215626,-0.167848855,-0.11204239,0.198932486,0.308337896,0.558124979,-0.013944219,-0.319157174,0.567415665,-0.62871893,0.529278766,0.768936358,-0.886894791,0.055613519,0.30107549,0.468810082,0.236447829,-0.237799842,0.335644624,0.338942396,0.258031739,0.269834289,-0.276280373,0.148177477,-0.029187936,0.443204769,0.396722225,0.869328882,0.404815848,1.060821282,-0.081829503,0.990858308,0.217431689,1.301649107,0.284437088,-0.053081678,1.426066785,-0.261347082,0.650592451,0.616147117
MTSS1,0.187512321,-0.08724732,0.647225974,-0.432107251,-0.411577306,-0.150828385,0.232698654,-0.300083252,-0.436767375,-0.482104247,0.36727303,0.064536852,-0.635736119,-0.117258716,0.644078211,1.80058082,0.087041495,1.01140562,-0.96604246,-0.581351608,-0.256872793,-0.409972679,0.446918581,1.66854377,-0.466843337,-0.808924577,-0.49587383,-0.439033814,-1.058804233,-1.202513558,-0.231426477,-0.042316285,-0.212912189,-0.73182222,-0.725474018,1.054848993,0.35607467,0.448921904,-0.961272415,-0.285062317,0.263043738,0.090013805,-0.277638198,-0.257114397,-0.299968407,-1.312365203,-0.556391632,0.686752296,-0.461388207,-0.105529471,2.326679757,-0.145054219,-0.043567981,-0.186122806,2.42378992,-0.029257188,0.08639114,-1.020174921,0.342674765,0.328951686
PPIP5K2,0.298736236,0.143248101,0.408097792,-0.212245723,-0.059880444,-0.014504758,0.393871945,0.181111177,0.312874888,0.046544709,-0.382891922,0.212900101,0.239623379,-0.046029383,-0.086363887,0.23592249,-0.232566003,0.4113533,-0.021706817,0.024645748,0.198408949,-0.220329899,-0.366334751,-0.028254978,-0.299369699,-0.031149193,0.05092334,0.381048965,0.178696707,-0.1348406,0.329622981,0.155058633,-0.206219116,-0.082218932,0.584541951,0.191488676,0.381763218,0.07604299,0.006334436,0.627604097,-0.01906485,0.421963652,-0.094878916,0.212750421,-0.197829989,-0.011704931,-0.068893024,0.177040538,-0.036942131,0.15364246,-0.075314894,0.095321303,0.114191888,0.3504348,0.229197915,0.187573115,0.437809121,0.217727757,0.050454442,-0.03673045
MAP3K7,-0.060334043,-0.311425934,0.019555717,0.537391893,0.011780694,0.246154213,0.246598599,-0.330923971,0.573365062,-0.275186881,0.38362709,0.382709381,0.103624022,-0.498145988,-0.026467879,0.07615843,0.342893983,-0.172166566,-0.100558634,0.296722363,-0.535351852,0.036998074,0.490003525,0.560514999,0.274817998,0.147672903,0.101428164,0.283583858,-0.144640276,0.320028716,0.685682726,-0.058887006,-0.562107346,-0.272066431,-0.51448991,0.344029127,0.232872522,-0.136801672,-0.288117496,0.154417422,-0.060857904,-0.535074579,-0.045170492,0.020366614,0.515840375,0.151630161,-0.123514424,-0.601417985,0.11427052,-0.0676687,-0.481938126,0.365724248,-0.030081431,-0.088165896,0.08048134,0.495161536,0.080824236,-0.383297171,-0.038244839,-0.323813998
EEF1E1,-0.456597567,0.586525858,0.979505495,0.522923143,0.609096077,-0.016115658,-0.493093912,-0.872203937,0.069486798,0.235731398,0.038887455,-0.062333451,-0.229559557,0.763444578,-0.376066137,-0.284299918,-0.208911388,0.436594631,0.570951192,0.465163048,0.06931478,0.744104224,0.01130401,0.37853663,-0.110741461,-0.510877148,-0.220876582,0.949826088,0.13981199,0.635920102,0.45025975,-0.304841638,0.070026207,0.688616115,0.50551656,0.383469287,-0.385889695,0.245500728,0.596984951,-0.476230915,-0.126561664,-0.115309816,-0.816186308,-0.556839585,-0.192889264,-0.188804498,0.093577874,0.455593877,-0.520693358,-0.485183184,-0.43195037,-0.109562799,-0.607997571,-0.547694033,0.628177005,-0.117109824,-0.210849404,0.414342267,-0.325252062,0.05900034
RIPK2,0.281594261,-0.86142701,0.021941856,-0.310893708,0.325236123,-0.474614062,-0.708989108,0.152227357,0.252818498,-0.516160153,-0.639915896,0.164856224,0.161179199,-0.571722051,-0.400062321,0.61268336,-0.06115816,-1.182801693,0.905339407,-0.769011522,-0.001722367,1.259553594,-0.875177519,-0.08222445,0.134774932,0.005549964,0.004418892,0.162919571,-0.229187727,0.386574982,-0.39675036,-1.198247869,-0.360906199,-1.134383548,-0.633518574,-0.171165641,-0.361964973,-0.45388125,-0.196651871,0.062578409,-0.108926021,-0.359394187,0.507802283,0.35189553,-0.778232056,-0.414105277,-0.039738584,0.094859029,-0.572919565,0.011308638,-0.037984622,-0.446510443,-0.099077514,-0.413470224,-0.840085365,-0.19267692,0.690289775,-0.675547038,0.135363766,0.014491288
RASA4,0.85027967,0.183823544,0.453708835,-0.42394433,-0.18632013,-0.39658038,1.521046171,0.125546486,-0.004801194,-0.225346298,-0.50768417,0.43090668,-0.058072355,0.006191782,0.10532529,0.472977153,0.083425233,0.407392574,-0.143459398,0.19490943,-0.355821791,-0.310307451,0.281328718,0.167428253,0.038849712,1.424381613,-0.220713606,0.794235005,-0.327707221,0.824562048,0.032783984,0.024772326,-0.551020875,-0.674520369,-0.42684396,-0.033993095,0.523541866,1.107585318,0.083870845,0.119200266,-0.168531268,0.267974835,0.627619343,0.255635207,0.632175277,-0.349151355,-0.014229768,-0.836654531,-0.221417435,-0.015621188,0.443302615,-0.432994073,0.289869244,-0.159340048,-0.74318657,0.39751895,2.883586148,-0.146249011,0.137625721,-0.727854169
HNRNPR,0.126644292,0.168424971,-0.213335234,0.666626809,0.245914393,0.86270535,0.174820051,0.203385152,-0.030061551,0.351277565,0.093140677,-0.499958766,-0.469255306,0.742987055,0.461198176,0.260581972,-0.120205607,0.301196316,0.072712058,0.479151928,0.195707987,0.335999198,0.197754533,0.083897849,-0.087967768,-0.211445192,0.423175119,0.228154227,0.0568969,0.302018052,-0.234975735,-0.239151831,0.130718225,0.01138179,-0.111915172,0.26359311,-0.145049841,-0.250060544,-0.111098025,-0.186268319,0.085969642,-0.119173152,0.11320575,-0.470675669,0.168398736,0.008148317,-0.349511182,0.101768427,0.010902068,-0.414429666,0.385749381,-0.042222579,-0.009585303,-0.421858505,0.594111019,0.408417816,0.340091368,0.167169255,-0.131312508,-0.164307573
PRPF3,0.14566955,-0.004134624,-0.454130682,0.49780897,-0.093374438,1.245086784,0.592147469,-0.214541041,-0.314723215,0.279290392,-0.320327877,-0.442198923,-0.301258418,-0.060656561,0.341584074,0.289979821,-0.357174945,-0.204714729,-0.038362562,-0.233387152,0.005673139,-0.350257007,-0.004398081,-0.471112525,-0.375098675,-0.209533644,0.488119548,-0.751747025,-0.217098003,0.03395384,-0.652556694,-0.095806722,-0.33961014,0.045524215,-0.055973125,-0.356205165,-0.325341527,-0.131014377,-0.584545626,-0.103663678,-0.083655742,0.04152942,0.972853203,-0.601602087,0.024170523,-0.148455766,-0.07603362,0.119231962,0.417928318,-0.459306072,1.20508897,0.08770343,-0.037489564,-0.425654056,0.613432895,0.292917947,0.039615046,0.290180063,-0.657279831,-0.253255617
TXNL1,0.014450099,1.296804859,-1.166931786,0.573329677,-1.019495144,-0.122564184,-1.703269954,-1.525555766,0.542119509,0.998877662,2.101950747,-1.022432511,-0.380962447,0.063507028,0.819725905,-1.673227709,-0.461245381,1.810179518,1.246519267,-1.292852514,-1.371675225,0.634438377,-1.566410976,-0.647488887,-0.172270609,-1.66716165,-0.45390728,0.943778025,-0.904772646,-1.598003965,-1.486802279,0.099054083,-0.192656663,-0.349929652,0.152996175,0.134541428,-1.285166033,-0.685802241,-0.608542565,-1.365965054,0.165166483,-0.681681934,-0.31062491,-0.648426732,-0.176854251,0.29651356,-0.09960141,-1.470723978,-0.056522577,-0.25355107,-1.697199992,2.93922522,-1.423356129,1.54011956,-0.015815457,0.739467281,-0.585147783,0.001697144,-0.736371743,0.911989095
TPD52L2,0.377121179,-0.064627356,-0.441474843,-0.104951372,0.269049711,-0.023466333,-1.000955876,-0.280787909,0.71050722,0.339070059,0.293508712,-0.516209511,1.435493648,-0.609517498,-0.727002117,-0.134018839,-0.611243996,-0.161450832,1.607043919,-0.686931824,-0.72466102,0.720673002,1.442448549,-0.541638405,0.012904789,0.051977452,-0.876362206,-0.713261799,-0.39525711,-1.143833952,-1.16082114,-0.31055173,-0.181813032,-0.075962059,0.427197383,-0.317366235,0.934346729,-0.037734291,-0.503462151,-0.397254509,-0.05845921,-0.211356386,0.861225887,0.073422635,-0.105662777,0.04081175,-0.059346962,0.255337047,-0.560443533,0.32737733,-0.053266203,2.34447723,-1.16366626,0.274759043,0.187190002,-0.027534481,-0.920301777,1.153597484,-0.295103182,-0.210540485
EMC8,-0.593859293,0.632647559,0.575023487,-0.016630855,-0.127647659,0.160786587,0.060551764,0.241766359,-0.076894036,0.247819266,-0.195862137,0.341439985,-0.009738633,0.201352302,-0.195880203,-0.106250247,-0.325445768,-0.077132666,-0.479563295,-0.066707527,-0.147556303,0.213973794,1.156597276,-0.139358157,-0.260672744,-0.053019134,0.158922657,0.093880673,-0.175378333,0.353753043,0.125829761,-0.164426881,-0.085922311,0.0586399,0.3880729,-0.084206801,0.55756804,-0.005155235,0.647175834,0.011721457,0.510603749,0.048751683,0.202951164,0.054720244,0.011915282,-0.086804525,0.134715174,0.441777832,0.063362593,0.723737077,-0.633422454,0.080487705,-0.188989611,0.049638352,0.318177701,-0.675700583,0.651899365,0.462359303,0.203702441,-0.18261546
THAP12,-0.116586159,0.151802889,0.163755235,0.8719355,0.517784832,0.342592146,0.39107631,0.399974471,0.035444918,0.216283779,0.361221148,-0.046818001,-0.10386997,0.341038672,0.230054062,0.180290006,0.444416834,0.125040905,0.283838722,0.18117678,-0.09409307,-0.101092832,0.129601334,0.281606008,0.042110819,-0.191649137,-0.088239824,-0.057229034,1.204893445,0.095413537,-0.996765276,-0.052702968,-0.106707162,-0.211773559,-0.117496696,0.458573754,0.153654966,-0.570496634,-1.06193287,0.76468879,-0.507054018,0.062895892,0.141839071,0.347291046,-0.633508817,-0.800816759,-0.488716626,-0.018833544,0.784118249,-0.1605339,0.465930266,0.102842188,0.008388261,-0.220790594,0.361904339,0.273893864,0.268136771,0.124066447,-0.131952357,-0.171336708
SYNJ1,0.180293768,-0.262082321,0.354751774,-0.349859476,-0.342580824,0.749031526,0.42895625,0.708102833,-0.176354266,-0.057925762,-0.209299993,0.582485686,-0.101262496,-0.366627966,-0.233001073,0.528957386,-0.037950128,-0.419126807,-0.117734833,-0.168221034,0.549736331,-0.632639019,0.072625649,-0.172854342,-0.152174005,0.057624114,0.448235125,-0.421242644,0.033744757,0.230043121,0.522000302,-0.240156584,-0.551916777,-0.409635025,0.089746531,-0.106582753,0.423820925,0.794779759,-0.355284186,0.05932363,-0.06541296,0.158642517,0.142885021,0.291676069,0.354696549,-0.073004329,-0.075658554,0.424257442,0.140359987,0.281411349,0.261768345,-0.495834567,0.141204124,-0.085966233,-0.190568456,0.326545621,0.780751664,-0.471167393,-0.245419183,0.215240027
FIBP,0.327131292,0.112782292,0.316498815,-0.480896159,0.51856534,0.05391158,-0.142388839,0.082218931,-0.235912716,-0.030896701,0.156845435,0.100476081,-0.494395113,0.107962169,-0.188321627,0.508542617,0.443428922,0.388558991,-0.639334714,-0.357333343,0.029451739,0.125665324,-0.115706343,0.111653576,-0.04028899,-0.227603027,-0.096335664,0.527304704,0.805367792,0.180540974,-0.005470185,0.27233324,-0.403944005,0.072660354,-0.127936259,-0.069936832,1.051063402,-0.302569426,0.439286206,0.197089764,0.020971412,0.444725283,-0.124452444,0.101327414,0.017949067,0.206626762,0.644939811,-0.067765865,-0.174677248,-0.049280494,0.454300417,-1.037505942,0.170901804,-0.286489714,0.559243076,-0.028352135,-0.063527324,0.037239978,0.098359872,0.156079192
EIF4G3,0.24037688,-0.449421301,-0.058959158,0.33089326,0.591165308,-0.137632364,-0.303369084,-0.227376439,-0.129552087,-0.250354959,0.383801009,0.104093956,0.096605447,-0.385911276,-0.330182345,-0.00173994,0.070131666,0.377208967,0.00023276,-0.121200907,-0.157030067,0.450289443,-0.063831054,0.205991457,0.098721127,0.089914766,-0.011648273,0.357765053,-0.250641009,0.032416183,0.346026476,-0.337992419,-0.403782661,0.161426332,-0.258953466,0.336407441,-0.047199629,-0.394347424,0.348063411,0.052941747,0.081367871,-0.233150437,-0.044077608,-0.123969404,-0.180752574,0.090769723,-0.403871251,0.333963158,0.514638832,-0.156712552,0.190078592,0.126611272,-0.381988458,-0.220462485,0.020612616,0.349124383,-0.140344714,-0.122852278,0.302733625,0.064013468
PPIH,-0.56802183,-0.204411134,-0.343132302,0.542923859,-0.632541158,0.654112415,-0.230376322,-0.310623598,-0.198115372,-0.183998717,1.666463486,-0.870135664,-0.326347939,0.113471386,0.033533847,-0.592578379,-0.56675704,-0.083017008,0.043073344,-0.416157342,-0.512032293,-0.175318196,-0.19723963,-0.3708268,-0.572461282,-0.653226406,-0.302114156,1.280229545,-0.339148566,-0.096198165,-0.740277463,-0.622990322,-0.007472364,-0.496293478,-0.192027795,-0.301550009,-0.680340207,-1.128997274,-0.397008532,-0.291089271,-0.318494477,-0.492810899,-0.163237807,-0.860570609,0.357163148,-0.292914785,-0.013237267,0.099241964,0.312746173,-1.144641276,0.337635397,0.403927049,-0.770419782,-0.544527552,0.359706247,0.559304273,-0.024327615,-0.170663133,-0.256467279,-0.386663841
HTRA2,-0.065302243,0.031741029,-0.131730643,0.012823832,-0.12227621,-0.119823642,-0.165108396,1.006218363,0.017983386,-0.349003579,0.329466098,-0.094158935,0.378459126,-0.150092258,-0.32150739,0.639823875,0.216282399,0.088115431,-0.03789803,0.403639189,0.096335319,0.765096901,1.11660434,0.266845657,-0.016184112,0.481744851,-0.08067559,0.515360137,-0.216103997,0.593529343,0.057439284,0.300643191,0.055019681,-0.497907211,0.353379755,0.277738266,0.238816871,0.668574599,-0.304864188,-0.459327126,-0.100381559,-0.093660023,-0.410006049,0.144748799,-0.129224353,-0.217190854,-0.120124132,-0.0910557,-0.504802227,0.196687397,1.018237254,-0.395319149,-0.296567151,-0.04431295,-0.069921305,0.201179183,0.820778026,-0.630829705,-0.19305571,-0.179768086
AKR7A2,0.037429934,1.130732253,-0.372100285,1.108506593,-0.211640396,-0.323455616,-1.017472191,-1.712103127,-0.056264473,-0.020808254,1.647228743,-0.696066323,0.245851766,-0.656439941,0.571608959,-0.44415367,-0.228113152,1.179240729,-0.56849406,-0.685905996,-0.329106063,0.087452731,-0.000693502,-0.552672099,-0.572134229,0.207767792,-0.363854304,0.145777162,-0.504999538,-0.678263391,-0.33376754,1.270319102,0.29236959,-0.846303495,-0.814691372,-0.557286424,-0.516446091,-0.260820972,-0.629371705,-0.942808581,0.337693297,-0.491691246,-0.640368126,-0.62236873,0.09939803,0.457454897,-0.151194628,0.73845122,-0.365567524,0.32063425,0.014079435,1.079700505,-0.209727333,0.796627172,-0.542737036,0.637645936,-0.420841019,0.12880313,-0.498638661,0.66745855
PROM1,-0.824164596,-0.233029794,-0.045958064,-0.554721081,0.247471698,-1.299384987,-0.309201167,-0.114313353,-0.223466265,-0.262353203,0.180900723,-0.342944461,0.650275548,0.218858594,2.058766399,-0.106672427,0.735841381,0.116825184,0.246845118,-0.049289184,-1.063479374,-0.376056387,-0.966359356,-0.407007972,0.017121872,0.029741648,-0.493557449,2.000297645,0.748093647,-0.563159519,-0.867406208,-0.432766772,-0.953107977,-0.981361507,-0.437504691,0.297942375,-0.257811448,-0.124483317,-1.183157266,0.096687305,-0.508704944,-0.766702453,-0.15182764,0.096912888,-0.418283987,-0.856299927,0.432849083,-0.30122692,-0.465298265,0.376420704,-1.298675601,-0.138963444,-0.485402052,0.947229104,-0.111439649,1.038178098,0.38730866,-0.093039088,0.262002909,0.550871672
EPB41L2,0.325014377,-0.34443433,1.149656048,-0.278061631,-0.53806736,-0.100608088,0.41665314,0.381999793,-0.436140248,-0.065748492,-0.25171272,1.289817055,0.414420907,-0.107602183,-0.20539144,0.240015687,0.672926713,-0.226712017,-0.220647341,0.469175898,0.479132364,-0.636731638,-0.221155732,-0.296067821,0.549308361,0.57039488,0.753383305,-0.944844908,0.014650793,-0.216855161,0.148743767,0.627253521,-0.616223001,-0.807418883,-0.387929891,-0.235620986,0.567880329,-0.083951534,-0.264842177,0.814523138,0.236766589,0.238361716,-0.497232689,0.232243124,0.95273146,0.840810949,0.01128677,-0.699945637,-0.571960814,0.533813289,-0.437299022,0.068156558,0.721646925,0.515789298,-0.596154559,0.519255818,0.392282866,-0.741468243,0.192413279,0.718944326
TGOLN2,-0.742351391,0.569668356,-0.569840763,-1.332507891,1.15894424,-1.293716875,-1.366683981,-0.010679298,0.418211129,0.446937747,-0.915440868,0.021807406,-0.117661803,1.905522458,-0.183532911,-0.292349479,-0.060684226,0.270526954,0.152273737,0.457864139,-0.51301295,0.777726016,0.483379968,-0.175483827,0.986991395,-0.702297812,-1.210811337,-0.907825621,-0.230762287,1.109006548,-0.280803888,-0.327225069,1.718872512,1.53910356,0.538499905,-0.943364597,0.338268995,0.112460587,0.212888861,-0.282713073,-0.220350703,0.731109477,0.494207868,0.069681865,-0.41277975,0.00574195,-0.410622028,-0.134504577,0.481090523,-0.65396991,0.183990801,-0.289601653,-0.548173978,-0.380182456,0.19293939,-1.034078885,0.594637587,0.083437271,0.062174068,0.130814569
B4GAT1,0.401196821,-0.080467294,0.213765989,0.236480143,0.03504904,-0.036813769,0.938126467,0.310340485,0.001216445,0.246301712,-0.777924464,-0.020736325,-0.008943773,-0.117390184,-0.057731121,0.158767892,-0.581519204,-0.532408744,0.080996215,0.337353373,0.678155074,-0.200883207,1.155683984,0.720424641,-0.878701739,-0.238976225,0.166077135,0.080304229,-0.050135527,0.322055365,0.464588053,0.042861562,0.903952921,-0.297377175,-0.219594921,-0.257767378,0.035130315,0.000448103,0.48449143,-0.179530905,0.082521188,0.803984363,-0.132570494,-0.066869345,0.36805314,-0.140371372,0.549521868,0.34829707,0.219083536,0.822726966,-0.584323566,-0.121047145,-0.26911528,0.28571332,-0.353684798,-0.483170037,0.509381409,-0.245764446,0.090459518,-0.12972512
WIPF1,0.865719585,-0.337062194,0.062536203,-0.482243413,0.27589689,-0.25477157,0.013642816,-0.411639804,0.524859297,-0.162700815,-0.45424517,1.143833039,0.610525223,-0.809145795,0.902213276,-0.22989,0.040723468,-0.390686248,0.173680031,-0.184538905,0.858525222,-0.865903299,-0.862054662,-0.547330623,0.16051154,0.175171044,-0.018763089,-0.206127328,0.413221436,-0.066153784,0.017115748,-0.046838771,-0.516294136,-1.336200478,-0.520278621,0.593247436,-0.063484112,0.219870201,-0.158865736,0.010313433,-0.008761167,-0.470449463,0.178897304,0.664181228,0.543875365,0.039665825,-0.121996928,-0.46700143,0.043024407,0.097355362,-0.173551142,-0.134031067,0.665540722,0.535470648,-0.742623716,0.196340918,0.080979216,-0.446961578,0.466650395,-0.343733384
ATP8B1,-0.448836045,-0.001945812,0.135910131,-0.230231128,0.371866082,0.522320518,0.351831135,-0.51257943,-0.297589664,0.235354586,-0.542114368,-0.553769901,-0.90022675,0.74473561,0.022955806,-0.646352901,-0.158694324,0.424647895,0.090585548,-0.437709485,-1.03133058,0.047717871,0.422707194,0.006541536,0.529408248,-0.826761913,-0.569527308,0.630668718,0.721790424,-0.638428122,-0.149835825,-0.270066117,2.132347984,0.628455021,-0.256834779,0.81112903,0.527949404,-0.521646847,1.413202835,-0.842284631,-0.442750256,-0.026369758,-0.286983158,-0.612221775,-0.080197077,-0.330059524,2.271205819,-1.335193089,1.151298795,-0.880164183,-0.79719244,-0.250478503,-0.654011989,0.086265453,0.798173279,-0.427144561,-0.688941043,0.029588986,0.526343674,-0.077724713
BCL2L11,0.049120521,0.391222385,0.120517176,-0.534682423,0.880418924,0.063112764,0.4571272,-0.261839844,0.067139983,0.143484662,-0.474698484,0.139925026,-0.541082447,-0.760642844,-0.079604706,0.06272583,-0.166145045,0.003355014,0.451594669,-0.292295135,0.758683343,0.222150011,0.028692987,-0.059182819,-0.299192774,-0.115821573,-0.098966846,0.203934252,-0.384503709,0.437345797,0.133961518,-0.058607698,-0.507801931,0.015159374,0.180784635,0.326539936,0.051308389,0.184914056,0.102310121,-0.0965423,0.05149885,0.045779371,0.238914018,-0.008339494,-0.095837199,0.018604649,0.027058852,-0.107763196,0.267144801,0.032138142,-0.013296294,-0.029510108,0.004069411,-0.116683028,0.012650415,-0.930288831,0.324088382,-0.097071276,-0.601077543,-0.021444823
FOXO3,0.148802876,-0.081053883,0.342622012,0.335489839,-0.060892946,-0.101566056,0.492257296,0.584958683,-0.066147787,0.254052007,0.308124233,0.343250327,0.466561331,-0.101512278,-0.15859351,0.126102663,0.198798534,-0.310109519,-0.16286562,0.131291392,0.705856415,-0.191357572,0.27730498,0.212963058,0.374689908,0.14682217,-0.048761577,0.323807338,0.704628661,0.273105386,-0.55934644,0.360858404,-0.160112574,-0.221041479,0.220698823,-0.088756182,0.255469992,0.2381006,-0.396104499,0.645243784,-0.255744159,-0.303177182,0.126486719,0.341999578,0.135561032,-0.532348524,0.014334157,0.039269962,-0.208759798,0.213605985,-0.26362914,0.197442477,0.324181894,0.171554958,0.306700117,0.248496135,0.347426191,-0.635052857,0.064612686,0.460542067
SGCE,-0.344728976,-0.65559792,1.481567881,0.089781845,-0.39290487,-0.24593918,1.05111293,1.098815851,-0.073503146,-0.672548327,-0.531840454,0.646036241,0.281871562,-0.803062056,-0.076939577,0.814031448,1.382151369,-0.321001627,-0.501711286,0.55963924,-0.139424117,-1.446084371,0.034707019,0.415649573,1.04582414,1.14234874,1.020557382,-0.654841885,-0.586884566,-0.462996428,1.335697332,1.60663385,-0.96802174,-0.773584816,-0.138831726,-0.249123019,1.419946453,0.165967219,-1.325280587,0.276031537,-0.234544306,0.393017931,-1.235957563,0.164203406,1.661414863,1.651057033,-0.127826963,0.013069556,-0.593200979,0.211073803,0.288188511,-0.06092798,0.392798882,1.971145421,-0.41239827,0.048290107,0.125434382,-0.934350664,0.53282196,-0.01619899
RGS14,-0.182793117,-0.77555421,-0.59042305,-0.662724011,0.101294661,0.072007549,0.825089653,0.464420858,0.510953363,-0.225842718,-0.521043034,0.215590963,0.393610153,-0.571012249,0.861739312,0.221732965,-0.642502187,-0.049921253,0.195147547,0.136566894,0.81748356,-0.160560238,0.093092718,0.033320529,-0.239848445,-0.438667833,0.31322463,-0.005750976,0.087669938,-0.095514409,-0.710775433,0.353236903,0.003021913,-0.585450391,-0.1126966,0.743676174,0.231861318,-0.030749666,-0.402221172,0.168008948,0.241239339,0.07238551,0.039978428,0.50823291,0.109319737,-0.106317257,-0.081706561,-0.294892666,-0.160481012,0.057873582,0.542686352,-0.097928816,0.213359076,-0.390266227,0.229780564,0.136661992,0.176051767,-0.725993212,-0.518131906,0.102666201
CA12,-0.237535124,-0.383071353,-0.86310339,0.10601858,2.750130268,0.09593498,2.453381399,-0.569690378,1.010015504,0.245803161,0.211864702,-0.640394897,-0.657567072,-0.408702816,-0.127633574,-1.029724633,-1.155675913,0.762034675,0.640190924,-0.292977909,-0.479790086,3.755393444,-0.614115814,-0.152429794,2.655391008,-1.045761428,-0.126790031,0.729710546,-0.569441283,0.142172569,-0.239887854,-0.470914111,0.120185728,-1.178575673,-1.147694519,-0.290086564,0.237747085,-0.633535705,0.192583313,-1.684888526,-0.192948196,-0.596843995,2.810652298,-1.234002691,-0.762344932,0.645338127,0.089213711,-0.436895331,0.78938128,-0.087715436,0.069435384,-1.121651665,-0.916208957,0.952387224,0.441019436,0.058290609,-0.427148445,-1.13045587,-0.098088924,3.103029257
AKAP10,-0.257017038,0.368003209,0.04984687,0.124193627,-0.597760096,-0.36079409,-0.239510015,0.271476857,-0.03344622,0.052454411,0.073084871,0.595855272,-0.073417452,-0.017163329,-0.223885119,-0.189454241,0.608001196,-0.136323307,0.128464245,-0.201196759,0.220701262,0.148317783,-0.011910964,0.149598501,0.503415223,-0.365206577,-0.01304951,0.368424819,-0.210338987,-0.25296685,0.557709299,-0.309556039,-0.052424298,0.172545949,0.294831795,0.4409395,0.143342724,-0.037060538,0.417553528,0.420868645,-0.223765258,0.190215868,0.252273373,0.300117234,-0.403267499,0.119246967,-0.061134409,0.119028643,-0.146644061,0.010486281,0.515174477,0.473180038,-0.348948048,-0.00585535,0.104806594,-0.141581517,-0.075093861,0.39392686,0.499734856,0.311460151
SYT7,-0.611272239,-0.041362794,-0.122306511,-0.495610529,1.023357548,-0.018040029,-1.204588158,-0.063481156,0.110109253,0.364957738,0.141328074,0.022075532,0.649899088,0.087873043,1.372246403,-1.128634304,1.34834262,0.762718376,1.055175681,-0.149866164,-0.378965433,0.135218467,-0.345928482,0.034471709,0.412416757,-0.161263477,-0.506536216,2.323244933,-1.780789742,0.247137001,-0.233299693,0.084739836,0.542198766,1.324928046,-0.167516424,2.230437962,0.301653931,0.061731135,0.597059083,-1.018939907,-0.137253338,0.133769478,0.18421326,-0.177704573,-0.379628382,-0.373574053,-0.252524362,0.667031679,0.581092692,-0.321300651,1.055885333,-0.378581037,-0.746054889,0.433946281,0.47367288,-0.039928638,-0.385393135,0.133906723,0.129890809,0.094411463
DENR,0.116474489,-0.108348564,-1.201206058,0.336194194,-0.181552537,-0.193456532,-0.711101362,-0.204083481,-0.041184869,0.975798995,0.35047994,-0.571079621,0.095106236,0.585820784,0.314627127,-0.01833374,-0.042615904,0.753629066,0.906483963,-0.397497462,-0.882235502,0.540329508,-0.258734962,-0.276426172,0.191294382,0.231141304,0.394020051,-0.54484095,0.056381744,-0.591603726,-0.453571052,-0.705404768,0.367353473,0.190110601,0.016185495,0.410125438,-0.861814709,-0.061556088,0.00102859,-0.257879994,0.50976535,-0.115760079,0.720996053,-0.252924529,-0.279453364,0.154048184,-0.209073494,0.408178784,-0.340944051,-0.005661766,-0.525102811,0.642185859,-0.734772471,-0.211503564,0.352535499,0.260873689,0.022936503,-0.156742643,-0.019071277,0.071672897
PSTPIP1,0.363411349,-0.525997738,-0.427186868,-1.0738648,0.07358073,-0.52183679,0.603155801,0.537584591,0.537827242,-0.495857927,-0.800042149,-0.100514436,0.025790317,-0.693878312,-0.085946009,-0.460165262,-0.242821628,-1.421415412,0.282781506,-0.623004864,0.656625771,-0.682116882,-0.927313058,-0.315315899,-0.148429546,0.012747126,-0.020345965,-0.383955361,-0.401452068,0.293710894,-0.508087295,-0.2315146,-0.775201882,-1.017702777,-0.417612557,0.167664432,-0.140105783,0.108426435,-0.44947876,0.034288096,-0.023319678,0.102989798,0.111944798,1.346653008,0.304875963,-0.235643341,-0.307200677,-0.192093609,0.549211578,-0.152627257,-0.103196389,-0.428443687,0.198201284,-0.803233186,-1.011291065,-0.64918748,0.935911212,-1.022339676,-0.604574554,0.152563667
XPOT,-0.090461145,-0.543395772,-0.17645778,-0.058660752,0.498121779,-0.373220554,0.126953786,1.023014979,-0.159741693,0.488225075,0.329367129,-0.062187772,-0.329337833,-0.21958085,0.24006931,0.230354371,0.329767547,0.152984751,-0.185028791,-0.701957614,-0.040801701,0.163180708,-0.360552843,0.17729902,0.038333873,-0.269870211,-0.527946163,0.654687741,0.026777756,-0.296014159,-0.011255155,-0.011077524,-0.363382401,0.261502152,0.052146692,0.218377156,-0.047303373,-0.095279866,-0.173604055,-0.073830646,0.09592657,-0.209653844,0.686857531,-0.3876124,-0.388641994,-0.365302727,0.122576074,0.652274031,0.200919525,-0.354169992,-0.153687239,-0.439844516,-0.115951541,-0.051463168,0.470301442,-0.203863239,0.171256823,0.015513391,0.415572021,-0.195432157
DNPH1,0.800921766,1.593998502,0.097989769,0.613382734,-0.02289519,-0.288199595,-0.121948566,-0.65919126,-0.129211489,0.292366362,0.272642206,-0.19723763,0.278069579,0.203320393,0.030051045,-0.187675003,-0.324628435,0.181792196,0.190019056,0.525394272,0.558557708,0.541284197,0.454979881,0.237670644,0.164926213,0.45951664,-0.607249368,-0.207517683,-0.223890546,-0.021866219,-0.628805744,0.402205568,-0.178192303,-0.269286936,0.766878916,-0.441176851,0.047912989,0.901893153,-0.373623355,-0.499854963,0.185994102,0.324746118,-0.468112881,-0.248419176,-0.278465612,-0.140520662,-0.323987224,0.868063416,-0.315249044,0.478655684,-0.33560276,-0.059977921,0.046001162,0.543313137,-0.413939944,-0.155690688,-0.190685168,-0.429470904,-0.365851089,1.75414528
TIMM44,0.498735256,-0.453020596,-0.590995709,1.51973589,-0.322459414,0.167785124,0.28534838,0.324357266,-0.141257153,-0.283154362,-0.37002714,-0.079605502,-0.293375586,-0.821891195,-0.321823907,0.311361752,-0.072356952,0.247733238,-0.346998763,-0.05075868,0.053692821,0.831106061,0.268270353,0.329765983,-0.228200317,-0.079929765,-0.366347991,0.511820906,-0.295197317,0.563699486,0.387404364,0.131896445,-0.636396935,0.302363804,0.404593556,-0.010209606,-0.397891727,0.925196943,0.443176776,-0.314157355,0.049678665,0.014391613,0.114520997,-0.374319404,-0.800554236,-0.25081182,-0.143222659,0.378088516,-0.27369464,-0.295779654,0.588971041,-0.038458119,0.009739985,-0.376740036,0.153863778,0.124326504,0.415479965,-0.621961107,0.310107695,-0.256111838
TRAPPC3,0.202462389,0.227174209,0.33604882,0.222034363,-0.338003154,0.185765587,-0.01866631,-0.116123302,0.016201834,-0.044917538,0.072130802,0.104384464,-0.375913838,-0.005246185,-0.410868419,0.084036685,0.334664632,-0.077814405,-0.400526322,0.699563695,-0.210905821,-0.038399686,0.242656128,0.447562764,-0.221156211,-0.13267446,0.160636212,0.617269916,-0.134852743,-0.044713035,0.017933818,-0.057754499,-0.051541823,0.388555965,0.259016,-0.101997779,-0.101073252,0.018659433,-0.148042653,0.300154588,0.057121771,0.289618943,0.191817301,0.141415807,-0.051951227,-0.065695706,0.395645782,-0.124321743,0.084179028,-0.1339196,0.122391025,-0.39453757,-0.170648503,0.14922003,-0.285075852,0.009232548,0.094774165,-0.241422262,-0.270789566,0.261783528
CHMP2A,-0.196098075,-0.265302909,-0.080017533,0.293511822,-0.037792108,0.236334253,0.116146428,-0.001180533,0.05623996,0.338946185,0.024248808,0.161191316,0.019794762,-0.733965481,0.497671607,-0.015359532,-0.246525184,0.076003123,-0.297111191,0.031080179,-0.161553,-0.66675035,0.384330775,-0.657779569,0.478527078,0.036056057,-0.077062284,0.215012956,0.230488829,-0.303336252,0.260369262,-0.040906488,0.463970871,-0.439889622,0.459246732,0.088699569,0.801992489,-0.237090203,0.139204808,0.817888159,0.00864098,-0.13321822,-0.287320133,0.017368149,-0.472831057,-0.110415047,0.258345575,-0.422350952,0.483299943,-0.113881135,0.166351889,-0.465687436,-0.049501529,0.091203975,-0.320313472,-0.410795897,-0.166656864,0.906271448,-0.0374688,0.015329652
NCK2,0.140542824,0.801391663,-0.119785108,0.278046403,-0.580468544,0.357646052,-0.283651892,-0.106727092,0.526016879,-0.042507334,0.573149619,-0.166181882,0.718854685,0.060295217,0.274670365,0.239424469,0.285062495,-0.058306854,0.087767795,0.490801202,-0.556979829,-0.331137196,-0.4551834,-0.521637344,-0.014044883,-0.391144313,0.588978337,-0.202998214,0.489187981,-0.355943995,-0.201007184,0.428238395,-0.692937016,-0.136775721,-0.387942357,0.087714329,0.040137064,-0.359964905,0.282467049,0.090797412,0.806570927,-0.057236643,-0.539272109,-0.376009949,0.543660522,0.248659305,0.249154957,-0.463050127,0.388348464,-0.351065188,-0.306328533,0.107771785,-0.229649673,-0.103275682,-0.085732778,0.520259021,-0.691084077,-0.367014169,-0.200095337,0.713988723
TSPAN6,-0.019597792,-0.500878345,-0.093092024,-0.032678058,0.428643582,0.276075378,0.293328721,0.196381703,-1.166221325,0.162000134,0.818600419,-0.229368071,-0.818397913,0.077885791,-0.411538865,-0.354753335,0.166779717,-0.089051484,-0.305001892,1.996008476,-0.286750148,-0.772526078,0.772961319,1.912049765,0.041705051,0.155803606,0.067422342,-0.105103894,-0.270220454,0.717321498,0.575385524,0.50263354,0.480620511,-0.052002404,0.070955097,0.615533948,1.112840885,-0.94586112,1.257990096,1.04343387,-0.658276226,0.353026339,-0.535788894,-1.648552116,0.469431148,4.089318581,-0.243839156,0.205377609,-0.103378044,0.047184497,-1.373197027,0.011385956,-0.415478789,-0.064848577,-0.206856638,0.927821649,-0.039405522,-1.360365593,-0.086263564,0.189114112
PLRG1,-0.005873628,-0.103067831,-0.094477132,0.713894466,-0.371531055,1.020608574,-0.030170665,-0.021572832,-0.214780808,0.314521661,0.725031597,-0.280913019,-0.529284784,0.119588154,-0.019077885,0.070882765,-0.366443946,0.300099028,0.142877118,0.466785852,0.510692837,0.202727114,0.421985124,0.21690121,-0.366407162,-0.119764329,-0.01590183,0.051942957,-0.050402817,0.355270142,-0.101431178,-0.139271821,-0.330552958,-0.154387676,0.053890133,0.15705195,0.125447867,0.127348427,0.102717344,0.013251883,-0.109478297,-0.233496027,0.503800444,-0.237979203,0.01330548,-0.325310433,-0.347999835,0.586532879,0.015382237,-0.241719015,0.424999939,0.520404549,-0.294541226,-0.481818842,0.384389055,0.341510058,0.179121694,-0.232213109,-0.374854923,-0.687825081
PRC1,0.097571156,-0.184039287,-0.464708919,0.867227776,0.086486011,0.555358561,0.044374494,-0.550188753,-0.509171924,1.237293074,-0.197985005,-0.194039751,-0.527790227,0.147646747,-0.776336012,-0.392001391,0.559069219,-0.066724629,0.241585488,0.09388069,0.070352024,0.117479041,0.042328222,0.139971134,0.162722104,-0.138412322,0.713870943,1.629588143,-0.90533636,0.206423386,-0.279674686,-0.850033846,0.08568746,-0.206531886,-0.133965096,0.389011953,-0.062848764,-0.449434384,0.090827084,-0.445773086,-0.131242237,-0.494263117,1.16049994,-0.25884309,-0.286957685,0.097208137,-0.293165893,0.116336982,1.043849181,-0.396565758,0.964452978,-0.135675493,-0.531715198,-0.421001046,0.594414053,0.244138621,0.157605756,-0.114780742,-0.216651908,-0.529462848
RGS10,-0.126873568,-0.853657257,-0.257422822,-0.836275718,-0.239725145,-0.623264759,0.342449372,0.703011034,-0.15418703,-0.114900041,0.452538412,0.157943062,0.369304902,-1.222377505,0.644132886,-0.05296939,-0.133633561,-0.892827173,0.010993074,0.344298436,-0.490295801,-0.587145714,-0.976088272,0.04039927,-0.146240332,0.624890369,1.031489196,-0.484528164,-0.312029563,0.107056774,-1.218324615,-0.517446784,-0.384863469,-1.460214945,-0.37248573,-0.524684605,-0.507006696,-0.405919189,-0.300306125,-0.128243739,0.761840838,-0.903110674,0.505011025,-0.03924625,0.325659868,0.538338803,-0.233374901,-0.974177911,-0.343070492,-0.585078026,-0.208757551,0.482821214,0.2554364,-0.444674367,-0.380591729,-0.52310344,0.493921618,-0.710077067,-0.089636464,0.196109786
ZNF207,-0.365755878,-0.081405569,0.028146942,0.416879619,-0.121544998,0.268122652,0.102883062,0.221904855,0.074493558,0.086915457,0.122637113,-0.184168309,0.011951535,0.206349775,0.001587523,0.539444583,-0.283881486,0.030902425,0.044194285,0.32844721,0.013846303,0.064653208,-0.023628042,0.123907646,0.272646598,0.086941575,-0.308566935,0.155055101,-0.26208245,-0.393625313,0.155387864,-0.132063927,0.144012783,-0.178401019,-0.147195434,0.029290641,0.0882294,-0.080704157,-0.161701059,0.145282169,-0.032615612,-0.311500279,-0.114079657,-0.334968667,0.009119433,-0.03229076,-0.032691963,0.248823231,0.177769334,-0.151089223,0.361857089,0.221835001,-0.226632755,0.002904173,0.191268496,-0.000533593,-0.076793528,-0.190956623,-0.067972326,-0.345577893
NDUFB5,0.322771421,-0.046047573,-0.170873663,-0.223722255,-0.340164461,0.028900383,-0.384289461,1.692535508,-0.292432678,-0.010660764,0.030635313,0.449503132,-0.595148475,-0.123372945,0.009729583,0.468844031,0.088005894,-0.281344968,-0.300620521,0.711114455,0.217590127,-0.616819828,1.044119684,-0.116691043,0.692554296,-0.02981636,1.044593565,0.837897192,0.395974475,0.807325313,1.235694337,-0.129363987,0.66266486,0.788293435,0.017399762,0.465299626,-0.013303204,-0.250614374,0.445744467,0.262037435,0.22929168,0.580040916,0.202768625,0.177155103,-0.519305018,-0.203375091,0.334482555,-0.494901451,0.497677047,0.055108877,0.317250982,0.041545764,0.448440282,-0.909733176,-0.049628258,0.028652843,0.150895197,-0.44787657,0.586681418,0.059694427
NDUFB3,0.221434674,-0.368235795,0.257284291,0.14638145,-0.553369467,0.982972987,-0.958729677,2.382000393,-0.411192222,-0.724635424,-0.120758979,0.096422961,0.095692291,-0.736463421,1.328606362,0.624702274,-0.555939125,-0.378624741,0.130974976,0.422448725,-0.49013875,-0.95609569,1.106187013,-0.302493405,0.778234548,-0.459710489,0.866807413,0.18765017,0.101792497,0.210952451,0.222171919,-0.021361285,0.246948684,0.966865962,-0.188641018,0.132770301,0.238800879,-1.556877078,0.007499886,0.634359736,0.142794823,0.104658327,-0.545840286,-0.72838309,0.083696101,0.100920909,1.001431362,-0.944536647,-0.365853852,-0.067330466,0.516265951,-0.391967399,-0.065340044,-0.456917807,0.024253211,0.458788494,-0.084270195,0.367175646,0.396372358,0.15339223
NDUFC1,0.006927446,-0.345579948,0.136932552,0.049858227,0.063919763,0.367138848,0.259378541,1.763186151,0.083447865,0.009484237,0.034479771,0.27757197,-0.118031317,-0.142909415,1.004341155,0.708883512,-0.34242074,-0.440943617,0.372348386,0.484109576,-0.262585797,-0.008657983,0.688021814,-0.141917413,0.525094891,0.088119757,1.329983255,0.480182757,1.338308348,0.691446993,0.537377227,-0.250715236,0.245837353,0.455720788,-0.013015742,0.424280049,-0.222529808,-0.634935486,-0.083852432,0.39059064,0.183090572,0.303825161,0.392715704,0.118415035,0.050478336,-0.032687011,0.511125863,-0.103570472,-0.143253296,0.18607521,0.320142321,0.029426689,0.723582085,-0.113370429,0.384940164,0.364840151,0.36300664,0.068252883,0.491166787,0.244647001
NDUFA2,0.153078018,0.165250599,-0.21870629,-0.069738923,-0.183982254,0.325063048,-0.25949623,1.33954004,-0.051570137,0.392604236,0.142806666,0.074447705,0.194192312,-0.30092938,0.521019763,0.763553126,-0.048440756,0.409649548,0.21192323,0.060219757,0.596681051,-0.228711784,0.749987914,-0.096555333,0.447109276,0.384005615,0.498910545,-0.077094829,0.315847741,-0.498636585,0.303401151,0.57066671,-0.338906403,0.248470622,-0.096755788,0.334434622,0.174560275,0.429015402,-0.22255634,0.430234245,0.041223712,0.127887713,0.019315952,0.041103606,-0.325024514,-0.160149858,0.350719438,-0.030731591,-0.159175185,0.419616938,0.417850357,-0.021843446,-0.08397851,-0.081526258,0.256916087,0.356021604,0.306261438,-0.021915386,0.691209735,0.34996504
ASNA1,0.978884779,-0.002183223,0.23764903,-0.261251103,-0.360243247,0.380268489,-0.32054742,0.285718665,-0.047336978,-0.068337972,-0.337736275,0.407797461,0.05751949,-0.954888574,0.093499919,0.16048604,0.299900912,-0.185507647,-0.16462753,-0.099331986,0.20839024,-0.247963965,0.208874238,0.376740194,-0.21277582,0.350126829,0.200303908,0.283630541,0.419514328,-0.208832621,0.400067632,0.425811346,-0.693603007,-0.113081413,0.72386897,-0.044179272,-0.016508136,0.326838213,-0.444316859,0.132145285,0.041308585,0.070996508,0.038779288,0.190078452,0.03363915,0.027497472,-0.057534055,0.474431792,-0.145688722,0.42539678,0.253103942,-0.222793074,-0.078251786,-0.129252401,-0.17430711,-0.004197561,0.051813337,-0.256293563,-0.301202764,0.012506267
BUB3,-0.314555937,-0.220677653,-0.178769415,0.332275463,-0.14964298,0.599746173,0.143792888,0.055271447,-0.12626311,0.397099807,0.043497926,-0.249076424,-0.525135373,0.168956935,-0.012136385,0.140135154,-0.120863542,0.057808428,-0.229422038,0.207998178,0.376538263,0.026065318,0.126131131,-0.252007773,-0.073183492,0.10713413,0.088240827,0.537017084,0.047772039,0.072372204,-0.103955824,-0.538392272,-0.017581195,-0.056770515,-0.152091922,0.20186144,-0.033493673,-0.292617426,-0.085778984,-0.088527053,0.099634602,-0.036338701,0.292328525,-0.166791051,0.108504639,-0.021841992,-0.069856432,0.517711605,0.246607561,-0.490856024,0.309955039,0.095099751,0.01423784,-0.563906941,0.53504354,-0.099568763,0.424990052,-0.213885389,-0.079941721,-0.346638664
PI15,-0.728598878,-0.341478975,0.303827508,-1.034527441,-0.100708914,0.449260615,-1.579095604,-0.842097551,0.033217412,-0.058125901,-0.416333978,0.34948414,0.317606354,-1.167274059,-0.303291025,-0.803444733,0.899881848,-1.349906984,1.862462312,-0.883427454,-1.127379852,-0.75395333,-1.14125169,-0.437537658,0.25333253,0.184750238,-0.663721391,-0.450538648,0.084408613,-1.085162877,0.312774829,-0.211990877,-1.092789635,-0.719489411,-1.139710557,-0.676479345,-0.289665972,-0.562977903,-0.536198117,0.062727804,-0.237030979,-1.709424035,-0.431946266,-0.078254567,-0.242048205,0.421057706,-0.340093349,0.353743684,-0.564325536,1.898086335,0.722096999,0.064280223,0.01584802,1.114485213,0.154722516,1.218735156,0.697347585,-0.452962696,3.047418054,0.012930126
SULT1B1,-1.024675271,0.025494799,-0.600147528,-1.428735777,0.126035513,-1.879594428,0.354444918,-2.316505517,0.350365145,-1.176338055,0.440028888,-0.489813308,-2.289618449,-0.435379476,-1.390122097,-0.453522273,-1.474194197,-1.517136698,-1.154856191,-0.826056818,-1.159233897,-0.455874876,-1.770240439,-0.644783198,-0.876561288,-2.927366833,-1.876082667,-0.451491286,2.597974066,-0.619365376,-0.409173627,-0.774934179,-1.982207793,-2.146338912,-2.724082662,-0.455314852,-1.378078823,-0.425078664,-0.082238978,-2.223792941,-0.118617354,-1.123208634,-1.412151307,-0.383054988,-0.202575694,0.180909868,3.681632789,-2.980492208,-0.888177256,-1.108666181,-1.233980338,-3.146180954,-0.107127595,-2.088170491,-1.568567552,-0.555036875,-1.908688454,-1.485947036,-0.708753046,-0.249433728
ACTN4,0.136963904,0.499690415,0.092226968,0.634608762,-0.186179076,0.181920247,0.075601252,0.12461729,0.006480396,0.015300842,0.428191183,-0.301926976,0.418686764,0.199945867,0.359483173,0.170730314,0.346322316,-0.147978562,-0.095724513,-0.572383987,-0.304185516,-0.700600676,-0.153323814,-0.337572097,0.890282532,0.391535481,0.427431476,-0.563430754,0.873641356,-0.397115081,-0.262439465,0.256355036,0.157819198,0.040418873,0.297196203,-0.060292518,-0.199990448,-0.515456639,0.274440195,0.152965214,0.21420256,0.061679126,-0.606945027,-0.242035083,0.368176994,0.547807246,0.499545022,-0.249681242,-0.023119553,-0.040481363,-0.494545601,-0.2916148,-0.037923799,0.2194111,-0.554991106,-0.035523245,-0.260694091,0.669161274,-0.273493287,0.479439092
GSTZ1,-1.649854072,0.913281577,-1.931078218,-0.341540122,-0.343494972,-0.286153183,-0.912102455,-2.018865508,-1.214460023,-0.746678949,1.976609156,-1.064964285,-0.630238366,-0.36622677,-0.775501655,-0.821105476,-0.867553723,-1.382979672,-0.344225992,-0.848823586,-1.71569697,-0.392637196,0.08392546,-0.871583073,-2.321006368,0.766524065,0.341392035,0.735332568,-0.415056433,-0.458777316,-0.373826853,-0.824937933,0.378795748,-0.800627985,-0.516813659,-1.743471306,-1.010181122,-0.734303925,-1.104902931,-2.303150922,-0.942779594,-1.684754288,-1.078499453,-1.236985666,-0.832050425,-0.257182145,0.380225866,-0.910457828,-1.079550104,-0.415884572,-1.22891738,1.516279705,-0.843701283,0.03280898,-0.43809564,1.003102623,-0.767272846,-0.843283555,-0.806676827,-0.650552692
BUD23,-0.846959555,0.948740104,0.255385668,-0.036871392,0.099144341,0.116962146,0.184632947,-0.046221339,-0.520725806,0.91275938,0.636848152,-0.51315875,-0.348494551,0.677139096,0.359802695,-0.452029381,0.023867215,-0.629281592,0.933661797,-0.914769558,-1.04906133,0.637949021,-0.174465671,-0.257019456,-0.07121259,0.237220935,-0.823449141,-0.429684631,-0.813635636,0.060525327,-0.578204313,-0.334937471,-0.359117064,0.077769783,0.298860541,0.356450823,0.066392999,0.050672419,0.218748615,-0.138293155,-0.071154569,-0.511106772,0.049265118,-0.771275581,0.040433085,0.004001615,-0.598307638,-0.237702268,0.573061902,0.215055642,-0.858216058,0.34397747,0.078231994,-0.049205477,0.71720616,-0.123413025,-0.081936564,0.74615082,-0.937291314,-0.166274886
GATC,-0.016472646,-0.113627688,-0.53301954,0.626190802,-0.47873634,-0.395660447,-1.037966311,0.091046525,0.387586671,-0.067729534,0.998810951,-0.381698396,0.962694416,-0.394896421,0.208696038,-0.268912351,-0.106915117,0.558954387,0.360480999,-0.165610396,0.146705704,0.973431451,-0.617041929,-0.174807634,-0.334699506,0.255392232,-0.050895576,0.493554086,-0.136030522,0.350934233,-0.500339127,0.125077764,-0.483532806,-0.829715401,0.180375545,0.024606928,0.165785887,1.712324158,0.517715092,-0.37423863,-0.138768604,-0.192856347,-0.110448026,-0.261789413,-0.497565919,-0.469622662,-0.010004411,-0.116446742,0.117589829,-0.324835238,-0.452428078,0.303841456,-0.544331059,-0.432293403,0.198145473,0.763328411,-0.634964922,-0.110318562,-0.071590643,0.35801147
HTATSF1,-0.100929956,-0.003075536,-0.56437973,0.850350578,-0.174718019,0.915422449,-0.460060886,-0.287286329,-0.705351976,-0.255429432,0.166684568,-0.747453788,-0.534987426,-0.093620304,-0.039622037,-0.43100788,-0.779748822,0.390724977,-0.500831466,0.635537264,-0.024526621,0.054938244,0.605936904,-0.06719771,-0.431277619,-0.477763539,0.115189793,-0.205665242,-0.364999207,0.207257439,-0.468612415,-0.361174242,-0.078945467,-0.240223982,0.305532028,-0.048620058,0.359632376,-0.331812907,0.235143993,1.426994936,-0.048088458,0.130286436,0.643585945,-0.931459408,0.298401951,0.043401842,0.123188282,-0.153752685,1.081653302,-0.580990046,-0.551954556,0.389066258,0.383853174,-0.594277509,-0.144093199,0.841320749,-0.657896803,0.910973454,-0.75830774,-0.327854357
KDELR3,0.248002868,-0.986684073,0.357459273,-0.891454994,1.023683017,-0.538684185,-0.579882469,1.641874725,0.02878687,-0.227731288,-0.544717114,-0.795819827,0.584231562,-1.520301081,-0.809161132,-0.36360715,0.767504964,-1.026831425,0.322117629,0.020792891,-0.711493071,-1.424154382,-0.522593381,0.373891638,0.663217348,-0.169264623,-0.472717762,-1.101916218,-0.097576484,-0.213330006,-1.367685174,0.595732953,0.390791504,1.295276901,1.882585285,0.231455161,0.203457741,-0.031610008,-0.343459739,0.254025719,-0.378591623,-0.351137808,-0.380356045,-1.121331789,-0.056204502,-0.710889118,1.513458943,0.314982289,0.049917498,-0.884592976,-1.065438404,-0.843110351,-0.870814399,0.602704077,-1.320357786,-0.234792651,0.581538781,0.179896328,-0.183636201,-1.097847461
TRAF3IP2,-0.082855816,-0.136117712,0.18581069,0.358362968,0.075706922,0.21143397,-0.325023459,0.118363491,0.416541826,0.515086206,0.903861369,-0.170163993,0.139666761,-0.585742504,0.010878694,-0.132801079,-0.030918965,-0.139702715,0.141581737,-0.333170441,0.636557788,0.056723218,-0.113805612,-0.161900891,0.217896746,-0.05636024,-0.851626656,0.131856976,0.196489803,-0.119503982,0.313270223,0.075423343,-0.220884776,-0.031597899,0.093768925,0.283437874,0.09938257,0.0639009,-0.091847029,-0.127350692,0.119367241,-0.538676919,-0.287040716,0.221147021,0.251086859,0.275871431,0.299816915,0.133813388,0.00933524,-0.035345627,-0.019114155,0.046426262,-0.14920154,0.171053766,-0.071853746,0.298360757,0.035502157,-0.640672105,-0.249261601,0.174460443
CYTH3,-0.108245739,0.075174943,0.556938693,-0.172120997,-0.024913023,0.222498039,0.625604126,0.787220138,-0.444016683,-0.880482827,0.172203977,-0.021441135,-0.012171314,0.068633842,-0.222991545,0.522856746,0.203308445,-0.551769555,-0.406503929,1.13195237,0.061336397,0.075916581,0.054200638,0.268542626,0.077816184,0.190629361,0.297588593,-0.516569555,0.216180566,0.606633824,0.618782686,0.350950411,-0.723172935,-0.540730299,-0.061980997,0.472728127,0.320496528,0.069270665,-0.306811964,0.79167792,0.770994619,0.01296116,-0.458244338,-0.253372635,0.388424524,0.063209828,0.043022452,0.934300749,0.223258503,-0.059075594,1.254706632,-0.177205899,1.165860761,0.02551875,-0.398059963,0.060118026,0.184542633,-0.460539266,-0.523801452,-0.070779475
PRKAB2,0.119819841,-0.223116907,0.193005308,-0.115051468,0.970556661,0.575966333,-0.049837679,0.048770189,0.163048088,0.095556327,0.561084856,-0.080325265,0.625406552,-0.094688422,0.496976554,-0.115838318,-0.136032492,1.371741014,-0.20503988,0.380010776,-0.122511241,0.245447619,0.375787753,-0.127523885,0.109815455,0.411172558,0.184854758,0.534141664,0.832194902,-0.49103061,0.63915295,0.501740295,0.676877025,0.299017804,-0.407048103,0.112583541,0.832240288,0.481060208,-0.153254344,-0.082076468,0.020242868,0.83431422,0.432233275,-0.311454722,-0.474701617,-0.134494299,0.481937945,-0.073973828,-1.124935484,0.088172965,0.723630654,-0.489165991,0.129445165,0.636385827,1.382745391,-0.224267955,0.198940907,-0.37456363,0.391059351,0.098606425
AP1G1,-0.364625583,-0.162657296,0.421343212,0.394103316,0.219211157,0.050209915,-0.129239653,0.288541322,0.138314164,0.177342898,-0.180484435,-0.099244706,0.027233031,0.29879988,-0.43201663,-0.123406755,-0.446206909,0.304403172,-0.253068638,-0.162892809,-0.163734911,0.617984286,0.563283615,0.557784306,0.368686196,-0.50979171,-0.509139834,0.486741889,0.110552797,-0.189051817,-0.286765387,-0.298340334,0.877300537,0.552696298,0.55531781,0.074455061,0.489313587,0.040871518,0.485702155,-0.142224214,0.129944146,0.294034201,0.118421579,-0.507370414,-0.008980252,-0.139958278,0.362312435,0.361271632,0.032535905,-0.233959735,0.173691472,-0.115572471,-0.135285601,-0.281502226,0.366947797,0.047904683,0.446992632,0.450809546,-0.159327036,0.238299007
STX6,0.266739542,0.426177038,0.545914404,-0.316881998,0.083712148,-0.017757694,-0.49989831,-0.040957504,-0.188213357,-0.161563046,0.317481198,-0.078001929,-0.176408201,0.765953804,-0.31559707,0.20218243,-0.313605079,0.035479063,-0.257293569,-0.026134911,-0.10569045,0.161166405,0.573442505,0.271858783,-0.130738506,0.243392251,-0.253546675,0.287840387,-0.026854882,-0.419200032,0.740018845,-0.245818973,-0.327295452,0.448720738,0.110922242,-0.217787738,0.25500546,0.491075804,0.145548342,-0.363276247,0.275809274,0.404947332,0.23128858,0.127988397,-0.169400082,-0.194496155,-0.084088437,0.345441935,0.114853755,0.341545307,0.124768224,0.284503043,-0.059729997,0.412073783,-0.089205379,-0.053545399,0.270115238,0.532535161,-0.129797601,-0.097846174
SYNGR2,0.143355273,-0.220380559,0.530191247,0.012744602,0.181009769,-0.972885701,-0.452250178,0.563642227,-0.105332622,0.205591188,-0.565524296,-0.717339819,-0.24810795,-0.019988961,-0.854332993,0.71132293,0.155631186,-0.859162348,-0.736400989,0.605482064,-0.272919339,0.750376861,0.360123132,1.233277513,0.333881507,-0.146299197,-0.353246804,-0.261958265,1.105762878,-0.281413678,-0.420421327,0.117188645,1.044140582,0.681773809,0.575000428,-0.44194476,2.007172427,0.262515573,0.885514178,0.438279944,-0.667534887,1.764019417,-0.736522696,0.032485942,-0.673536905,-0.342039648,-0.163572714,0.105479296,-0.232853264,-0.588810325,0.265176254,-0.145244716,0.314425655,-0.563025564,-0.905279668,-0.260979413,0.213334808,-0.220298463,-1.069291012,-0.591175764
SGTA,0.446506331,0.081821365,-1.442861067,0.644265584,-1.237472484,0.592783184,-2.329487699,-0.564983437,0.082323415,0.278235065,1.208928921,-0.610440003,0.141686696,-0.446848752,0.462722799,-0.575743913,0.401847692,0.364019533,0.905381828,-0.346932163,-0.081577717,0.108518493,-0.64490576,-0.762122721,-0.420971469,0.182888875,-0.129293664,0.468139646,-0.617989968,-1.175137821,-1.249744869,0.262795731,-0.342852932,0.665672914,0.507968011,-0.079955313,-0.737166903,-0.590205652,-1.355339124,-1.046595058,0.431381566,-0.450435816,-0.798927735,-1.198666466,-0.706779527,-0.025286879,-0.248650606,0.266404016,-0.397988022,0.042766335,-1.20781377,0.55604028,-1.544172231,-0.0176863,-0.059458517,1.002034725,-0.007562382,-0.529482792,-0.900613038,0.415473621
ENSA,-0.102798082,1.302237753,-0.198083014,-0.069175127,0.581106846,0.405827423,-0.852740683,-0.281781474,0.203234576,-0.082910195,1.081137491,-0.169540329,1.094148516,-0.308271446,0.115269349,0.314561346,-0.533049564,0.260209681,0.360924945,0.003769287,-0.599376652,0.103643766,0.027076664,0.141341778,-0.286796789,-0.226003062,0.133298192,-0.39587706,0.284613942,-0.312031923,-0.413186804,-0.315443076,-0.528158074,0.254993951,-0.011004943,-0.327809558,-0.168784724,-0.028575218,-0.072020622,-0.209211674,0.473581235,-0.256657325,0.431619355,-0.042279885,0.366822491,0.688780523,0.323113993,-0.623721533,0.237081069,-0.106859201,-0.927999016,0.049549516,0.230419441,0.815167531,0.362340463,0.643833368,-0.185395047,1.253585079,-0.249016504,0.452454266
SLC25A20,0.199807622,-0.20518116,0.157990461,0.059479373,-0.293275489,-1.097774821,0.916141515,1.114953035,-0.636802048,-0.846722847,-0.880352195,0.376147736,-0.40387793,0.855218702,-0.503214628,-0.187289175,-0.636513318,0.028947974,-0.997668103,0.41984326,-0.426597733,0.095449176,0.073025827,-0.646309868,-0.703041935,-0.219538761,-0.161104892,-0.127493779,0.01367121,0.614465567,0.085939062,0.619794315,0.807126901,1.361854606,0.900179719,-0.123223219,-0.001368742,1.144321966,1.462196414,-0.693631565,0.297801074,0.175213824,-0.96849932,-0.003550989,-0.212051624,-0.888322076,0.589480198,-0.041923537,-0.13581684,0.123480762,0.715380377,-0.782608536,0.640835986,-0.713354183,0.235584393,-0.619837409,0.438840182,0.070392281,-0.160839426,0.328021991
NARS,0.046734765,0.555137709,-0.583313529,0.417306405,-0.5744473,0.350784998,-0.838376793,-0.420498186,0.449741091,0.636943146,0.388220142,-0.841926119,0.063712208,0.053519004,0.526467747,-0.586763883,0.080943005,1.47487827,0.956882818,-0.752937556,-0.661826258,1.098087817,-0.413511119,-0.159181069,-0.231716919,-0.512501143,0.160701233,0.675385385,0.024110245,-0.734705439,-0.811510133,-0.123750917,-0.803272184,0.7822763,0.085211007,-0.102111716,-0.771830033,-0.266613363,0.373843881,-0.16430002,0.531955902,-0.305284933,0.810417575,-0.360751895,0.035116123,-0.093224073,0.143332944,-0.566641554,0.680856241,0.033373695,-0.566082988,1.004778379,-0.507929466,0.299960471,0.857984948,0.220412236,-0.35932059,-0.062717977,-0.165356195,0.60779991
MYO1B,0.527893499,0.288898157,0.155072808,-1.220607566,-0.160449939,0.037959524,0.200023968,0.236541742,-0.510845758,-0.439750983,-0.406817843,0.431024447,-0.239854173,0.94583187,-0.836943414,0.881244713,0.654859707,-0.165273394,-0.107417333,0.537856846,-0.752945589,0.167234056,0.118990126,0.68972912,-0.088680358,-0.124202043,0.216796237,0.325532551,-0.061536604,0.000101559,0.541027632,1.543823957,-0.312928204,1.272820963,0.650012901,-0.188640416,0.360760726,-0.178091211,0.153924779,0.357212961,0.876245848,-0.18716716,-0.454800549,0.872525634,0.361510993,-0.499227521,0.002653724,-0.011972268,0.084297018,0.077227972,-0.795767551,-0.51174118,0.360092547,-0.241590319,0.291646068,0.108836922,-0.225376863,0.041402862,-0.525712789,1.083964678
SSNA1,0.009237964,0.558153953,-0.636436353,-0.114479592,-0.245680322,-0.107357536,-0.008089472,-0.191779883,0.420679195,0.009429153,1.276337598,-0.488186335,-0.119224465,-0.097198685,1.237295854,0.033771929,-0.409002941,-0.64167853,0.290814555,-0.254548628,-0.433198358,-0.624351591,-0.126536693,-0.234483294,-0.560938322,-0.307218518,-0.193815179,-0.010925681,0.034830592,-0.044682562,-0.117251753,-0.191599507,1.492672739,-0.102673195,-0.252562562,-0.238119027,-0.139691474,-0.526214718,0.104564072,-0.357753479,1.80544568,-0.126295071,0.20079,0.282791948,1.77357831,0.672644087,0.296130595,-0.150592039,1.053603675,-0.347308711,0.366251325,0.363125407,-0.436409293,-0.099329805,-0.068287469,0.663807935,-0.220987846,0.455115411,-0.464280451,0.175160198
NUDT21,-0.62475575,0.16015783,0.23234416,0.539930689,0.219009394,0.799624814,0.157550325,0.126401869,-0.300654681,-0.215158808,2.06709509,-0.768787594,-0.180966266,0.22104715,-0.160896009,-0.191143244,-0.738123646,0.694876451,-0.442805078,0.026518239,-0.343325157,0.554736422,0.298848295,-0.516513106,-0.11393642,0.241259708,-1.210647231,1.011374322,0.242406489,0.391473967,-0.41573866,-0.207465727,1.13156446,-0.003064287,0.375713562,-0.099012927,-0.176344035,-0.274210272,-0.753173764,-0.535788509,0.003057157,-0.94802932,-0.524281845,-0.852825683,0.048665364,0.058335117,0.196773663,0.89897637,-0.107312223,-0.203599408,0.032539531,0.138863392,-0.357350671,0.049158204,0.567780443,0.358388372,0.157819065,-0.582764429,-0.261750876,-0.477240527
LANCL1,-0.405532256,0.204145826,0.905192665,1.398711844,0.480670544,-0.007972917,0.66196692,0.426179173,0.524193259,0.099476839,0.268981449,0.014419378,-0.042978794,0.358069701,-0.130839125,0.417854458,-0.177431914,0.624188708,0.167462818,0.536492577,0.081705444,0.226960366,0.294231104,0.099224778,0.353423196,-0.042905547,-0.152842884,-0.401300001,0.308375518,0.357798521,0.299930768,0.63341629,0.501343208,-0.29282606,-0.326241935,-0.325640237,0.713332425,-0.482953569,-0.293081663,0.439113458,0.511281771,0.177969002,-0.875548296,0.15878007,0.393165014,0.181378199,0.044232817,-0.28152681,0.100725665,0.053364018,-0.523979233,0.593479132,0.20111596,0.259505217,-0.064602364,-0.085201039,0.200799447,0.74252596,-0.188715821,0.276944284
STRN,0.273091936,-0.219172442,0.239240867,-0.158032842,0.436955965,-0.184556841,0.264929334,0.164194985,0.156963738,-0.353404622,0.120027506,0.307650676,-0.168811696,0.072218366,-0.500291105,0.040583876,0.133742329,-0.274542688,-0.008806408,0.261073987,0.404410503,0.021412596,0.318137183,0.234127845,0.247255789,0.290313777,0.023628506,0.322524452,-0.186271986,0.313472844,0.210461749,0.114224754,-0.236672198,-0.672326894,0.346654069,-0.035695564,0.213529451,0.257929917,-0.480319477,0.204715331,-0.184544659,0.319485243,0.008568177,0.287097816,-0.180298366,-0.361890493,0.098195119,-0.114146088,0.192705292,0.142141738,0.064640255,0.227617973,0.197331983,-0.098328958,-0.197727911,-0.10323103,0.611311733,-0.097504411,-0.092043997,-0.20745927
RRP9,0.270560055,0.1420638,-0.189385475,0.553670715,-0.709133285,0.256701073,0.29050066,-0.107046215,-0.023051586,-0.020941603,0.378861652,-0.415397042,-0.792635482,0.609721695,-0.379017963,-0.593884266,-0.277809095,-0.546006418,-0.131459742,-0.065101174,-0.168762353,0.199082083,-0.304325894,-0.306000178,0.212802842,-0.297369381,-0.364426684,-0.217397594,-0.107667582,0.205003653,-0.719500667,-0.493796895,0.443235666,0.261108102,-0.312402917,0.075081152,-0.310392719,-0.6777865,-0.360380904,-0.423122147,-0.199483465,-0.587979735,0.086628957,-0.148144165,0.282132513,-0.221906483,-0.128248224,0.062276688,0.263256874,-0.700947432,1.440475295,0.042242732,-0.448753747,-0.532981913,0.812140635,-0.427211197,-0.0710744,0.692280033,-0.152185239,-0.318130774
SCO2,-0.512374979,0.043133357,0.171665696,-0.03372942,0.482079875,-0.191776224,0.566881788,-0.33776706,0.130429171,0.118657558,-0.263714677,-0.515591783,-0.06110668,0.39522022,-0.211792445,0.540667277,-0.057168233,0.715882492,-0.237390957,-0.753551681,-0.381071371,0.698511337,-0.0238521,-0.098846863,1.271277338,-0.800746506,0.079913337,0.50017677,0.17707554,-0.231851528,-0.373197679,0.665762909,1.25806048,1.493613185,1.623627486,0.391162087,-0.304024625,1.482032489,-0.37955929,-0.366079894,-0.337536892,1.10503548,-0.112378532,-0.280549569,0.093829915,-0.130560116,0.606834292,0.11610077,-0.09076495,-0.112982143,0.220637539,-0.590763974,0.244038848,0.095690071,-0.073007454,-0.445096912,0.250984876,-0.24673408,-0.122011099,0.360473553
C21orf2,-0.57453996,0.02220468,0.679412986,0.499305247,-0.115050604,0.337863882,0.68579731,0.340816302,-0.195736742,-0.213535867,-0.214758758,0.664896943,-0.098513263,0.152589498,0.084101988,0.464094708,0.311642915,-0.400637669,0.133030274,0.328798126,-0.016957825,0.051721717,0.299484503,0.279185393,0.320462578,0.189047018,0.389875714,-0.303520935,0.288245214,0.180985297,0.085035586,-0.005897303,-0.08981685,0.047454244,0.264872499,0.031436756,0.544754069,0.257631452,-0.50555183,0.238198741,-0.361365128,0.06879521,-0.1517168,0.41187923,0.139128527,0.318268941,0.157647398,-0.128839238,-0.037799914,0.111870523,-0.276957346,-0.139638874,0.541368682,0.083116976,-0.083698481,-0.128451847,0.362303008,0.014900736,-0.003577544,0.133257512
AKAP8,-0.227559847,-0.295348007,-0.437505684,0.475254186,-0.062982787,0.690145693,0.08351712,-0.086795818,0.141914223,0.950160888,-0.218433257,-0.20261831,0.138663453,0.275035438,0.450830549,0.111359083,-0.14053994,-0.233447739,0.058596469,-0.171188381,0.321851817,0.241437873,-0.125203998,-0.390633177,0.436875051,-0.3739924,-0.079758776,0.124477276,0.265825042,-0.03181539,0.054833907,-0.133811142,0.323177759,0.033607875,0.088273035,0.471416761,-0.290899352,-0.437113324,-0.20208469,-0.146012379,-0.430570046,0.004074547,0.266365307,-0.137715349,0.249664928,0.14630714,0.349833057,0.030507667,0.734158477,-0.083263283,-0.075820604,-0.184149808,-0.067247228,0.474147913,0.790684472,0.14400714,0.366548319,1.163470535,-0.325909475,0.059473923
GTPBP6,-0.258389058,0.067013627,0.247968533,0.358300554,-0.38128878,-0.49319941,0.198247721,1.822591253,0.666907443,-0.739213801,0.459962089,-0.582601193,0.227490317,0.676502589,-0.150094477,0.980651451,-0.501599688,-0.00198358,-0.506923295,1.044514904,0.034630561,0.01064455,0.154292598,-0.349442871,0.153392693,0.695458336,-0.607779411,1.348606788,0.00488353,0.330040348,0.627548139,0.346793709,0.09464447,-0.258916525,0.832103593,0.605165252,-0.231568504,2.025288176,-0.219143452,-0.449955596,-0.96125196,-0.076990917,-1.266094539,-0.105800067,-0.121343799,0.082280685,-0.302377493,0.635231354,-0.086903015,-0.181268593,0.020514531,0.030144845,0.517525223,-0.032306879,-0.811065594,0.132342675,0.295760844,-0.688322965,-0.221865514,-0.511537333
SLC37A4,-0.732939309,-0.536285763,0.088615503,-0.889792452,0.471172158,0.109789014,-0.316740003,0.772187524,0.003482734,-0.626445225,-0.190728721,0.718795858,-0.322659689,-0.088347739,-0.74793237,0.016119444,-0.328362442,-0.44062281,-0.81047066,0.079907163,0.377450456,-0.365880146,0.642149985,0.223466124,0.116393891,-0.601479415,-0.471362799,0.072470592,0.30771317,2.078926455,-0.525639397,-1.257300669,0.406056829,-0.577319644,0.582386352,-0.43816692,0.429653176,0.002366701,-1.099803605,0.695949729,-0.993674477,0.207889336,-1.161632121,-0.461334373,-0.878401013,-0.562376423,0.708400891,-0.405164031,-0.59278076,-0.258337518,-1.057921868,-0.286382118,0.013540734,-0.16743188,-0.436862658,0.320454339,1.158191571,-0.328136885,-0.088272702,-0.824362908
ZBTB14,0.315841122,0.539093824,0.011817441,0.108898186,0.273101161,0.97042782,0.276811167,0.739779899,-0.088372546,0.209418116,0.103528684,0.168615947,-0.090009569,0.683003745,0.641165128,0.440361869,0.270315613,-0.003602422,0.026650931,0.665814277,0.87255973,-0.023151997,0.313461858,0.645080084,0.179986218,0.062079677,0.26977122,-0.639490942,-0.044600622,0.268479793,-0.042239973,0.284093488,0.436733808,-0.090122991,-0.027721941,0.425388022,0.270546684,-0.070320056,-0.070469736,0.658648438,0.058391398,-0.077493075,0.081934892,-0.218522848,0.205150081,-0.11400698,-0.165997531,0.194790765,-0.262062815,-0.220298779,0.644252682,-0.014426973,0.540566935,-0.192960828,0.41768627,0.031454686,0.386880727,-0.023700955,-0.031394937,-0.170685693
IDH3B,0.240868863,0.018358484,-0.029523688,0.022146138,-0.033738028,-0.332203795,0.424357413,0.016085059,0.231317908,0.275537205,-0.355498471,-0.12653647,0.452219935,-0.236338527,0.272837447,0.138406115,0.111427878,0.756767915,0.07229235,-0.157934818,-0.134546706,0.05019393,0.044630426,-0.33444746,0.47322171,0.26376429,0.30933691,-0.275279055,-0.139875433,0.285317829,-0.219472996,0.238709811,-0.028801239,-0.054373356,0.662032634,0.424513904,-0.098181957,0.937374804,0.143007405,-0.58982994,0.42399595,-0.247531672,0.318256451,-0.256418325,0.184434281,0.127858416,0.304459668,0.223070324,-0.331280866,0.432705556,-0.01278493,0.21092453,0.285185511,0.052473562,0.26140811,0.055087413,0.163344066,-0.451305989,0.128029579,0.387315101
NRDC,0.121636224,-0.622941958,-0.104741485,0.756182346,0.056562339,0.008465382,-1.190481544,-0.338783284,0.332947881,0.372892543,0.282689339,-0.185815538,0.393311913,-0.100466087,0.052775297,-0.764507448,-0.088716467,0.577686498,0.506341596,0.389723923,0.170989532,0.539870699,-0.161150051,0.89310642,0.253512537,-0.086458913,0.09084192,0.713853439,-0.37355854,-0.475335582,-0.26209399,-0.673175137,-0.422685448,0.433710359,0.094337526,0.879234921,-0.591000628,-0.482049413,0.206602045,-0.219937905,0.403492259,-0.446779288,1.031736211,-0.534556903,-0.429861693,0.002588176,-0.359403671,0.647961562,0.179835081,-0.27724567,-0.261844152,0.085352968,-0.923171652,-0.294215189,0.077878425,0.319551615,-0.320639049,-0.263750667,0.291162307,-0.414529645
CALU,1.145536798,-1.034347444,-1.399038274,0.014261358,-0.594276482,-1.523362286,-2.65777528,-1.03181489,-0.539122488,-0.464565194,1.486250533,-1.333807133,0.461404104,-2.026663233,0.800999637,-1.671011684,-0.114574862,-1.781032397,0.173206574,-2.606525381,-1.29929099,-1.183099797,-1.272473837,-1.080024692,-1.071454424,-0.524290605,-0.982568798,-1.35208613,-1.597029773,-1.481580907,-1.345180771,-0.129530931,-1.006433701,0.152006964,0.062081148,-0.216848536,-1.475684694,-1.066947552,1.202641335,-0.787571691,-0.38776489,-1.173676915,1.162848039,-0.961390101,-1.450341594,-1.260306668,-1.032829452,0.562030595,1.010194634,-0.416293291,-0.646512023,-0.231836412,-2.114828134,-0.065576307,0.395920616,-1.37117112,-1.361380225,1.825973971,0.752499008,-0.935950522
EDIL3,-0.919456371,-0.443250012,0.449181631,-0.349166716,0.060352117,-0.269585321,-0.231731147,0.032650316,-0.227323041,-0.462007051,-0.423033166,-0.342687445,1.98898797,-0.806053741,-0.398621371,-0.017716278,0.748503103,1.566003428,0.301173028,0.439025786,-1.287547541,-0.826043117,-0.948364409,-0.70746181,-0.015969196,2.165469798,-0.490045829,0.107066662,0.058951109,-0.50696242,1.530539096,0.874139178,-0.829468417,-0.848821378,-0.841821845,-0.762995061,0.009968788,-0.382225203,-0.58329734,-0.20881116,-0.176471269,-0.635087725,-0.497739724,0.156386604,0.434038818,0.546293355,-0.622564868,-0.249542564,0.279079359,0.486189026,-0.28807496,-0.784950676,0.486801386,2.900701643,0.511730132,1.362424195,1.966465388,-0.461896315,1.249909999,0.208146987
ATP9B,0.988890477,-0.190154308,0.37630417,-0.153146149,-0.351333616,-0.068660489,0.420301573,0.59178806,-0.107879384,0.158251043,-0.100925182,0.436200325,-0.060043461,0.098850345,0.095783219,-0.092073512,-0.135636435,0.124255098,-0.38359453,0.19579462,-0.285859302,-0.327203338,-0.247025544,0.334355466,0.253887991,-0.059758235,-0.080032862,0.581573858,0.351814902,0.132391847,0.280689972,-0.311637358,0.059397487,-0.075873829,-0.01984408,0.229735419,0.476229751,0.354234017,-0.013172248,0.64099812,0.45078955,0.965486719,-0.174104791,0.250253743,-0.610878244,0.0403433,-0.762305997,-0.539169823,-0.007176843,0.149867049,-0.396091611,0.006717517,0.173001259,-0.138271218,0.293656863,-0.267935943,0.02813479,-0.069721063,0.008734046,-0.430703583
AHCYL1,0.119644184,-0.094128207,0.739670494,-0.102661751,-0.375271446,0.547624898,-0.024281254,-0.16379119,-0.137746837,0.135653245,0.421790174,-0.14882452,0.109325399,-0.263310666,-0.265928132,0.092634308,0.057567679,-0.153662268,0.297587039,1.254254642,0.016331565,-0.236144939,0.452311257,0.53569851,-0.123042261,1.003059487,0.135396304,0.066377711,-0.168386991,-0.305954197,-0.052351829,0.396583752,0.334776844,0.277330212,-0.251344223,-0.336526824,0.358664369,-0.473749916,-0.284374797,0.193201993,-0.151431351,0.023189398,-0.282020396,-0.123375719,-0.16227141,0.469082071,0.075051954,0.977169498,-0.389757446,-0.050238052,0.284168101,0.645795498,-0.472143392,0.19184521,-0.363048117,0.501395124,-0.098987487,-0.560163058,-0.325816674,-0.269229888
KIF1C,0.215838719,0.421126075,0.298285481,-0.288208928,-0.243930941,-0.110421283,0.150996977,0.062935458,-0.008685254,-0.043527513,-0.033602575,0.421077682,-0.236093732,0.686175009,-0.492327681,0.193422385,0.792970036,-0.071222164,-0.11175411,0.291456545,-0.035140382,0.162914549,0.416808006,0.657366281,0.523978347,0.038922569,-0.182923081,0.121339682,0.234622864,-0.382873707,0.505035081,0.2436645,0.426054725,0.193516762,0.169004599,-0.083515393,0.041397625,0.124150119,0.591010915,0.495203253,0.001630985,0.840601581,-0.328448133,-0.127825851,0.419343992,-0.084044194,0.5429042,0.038209912,0.035858126,0.391711247,0.231780676,0.178839158,0.1535825,0.508048152,0.357089824,0.042977066,0.537636251,-0.1252614,0.133807,0.292127253
EXTL3,-0.05564492,-0.329065344,-0.563681736,0.093433711,-0.495425232,-0.074584009,0.963949757,0.05275079,0.849619198,0.097119261,-0.014233072,0.466439211,0.099724563,-0.501060483,-0.285605778,-0.871233255,0.078292638,0.535616938,0.258534462,0.416860941,0.787575279,0.278764885,0.023362815,0.271855285,0.375101012,-0.146910713,0.228146725,0.032894888,-0.00318241,-0.874324307,0.206652969,-0.442499354,0.699290601,-0.028322077,0.000538322,0.217032253,0.882805056,-0.287620949,0.169605623,-0.048142773,0.025911073,-0.426742416,0.084603747,-0.797188112,0.113038138,0.110840019,0.177341049,-0.11273327,0.852782292,-0.029014007,-0.02614842,-0.033763198,-0.777799052,0.017780331,0.413153434,0.611040578,-0.082123754,0.231123572,0.501121175,0.664696729
ORC5,-0.022398153,0.143670786,-0.017245884,0.996661827,0.24927462,0.65135152,0.232376418,0.189564815,0.105636454,0.759261932,0.526614377,-0.318611662,-0.054560788,0.037584407,-0.08709552,-0.179951768,-0.104613653,-0.036993464,0.007947205,0.138740887,-0.218027438,-0.121567681,0.331522287,0.824327937,0.172337702,0.182212769,-0.28496762,0.757616041,0.634715756,0.949335332,0.640895234,-0.209957167,0.063722439,-0.269039073,0.008369905,-0.083478023,0.332123432,-0.355465632,-0.339256256,0.194319575,-0.031980079,-0.044604546,0.513875613,-0.356134121,0.315089835,-0.344193261,-0.457163133,-0.248722074,0.659233417,-0.457651987,0.357749844,-0.022081996,0.140605066,-0.247752826,1.371396209,-0.120157368,0.2122065,0.46297255,-0.116093655,-1.310720454
TYROBP,0.755060348,-0.364971863,0.147953655,-1.125040451,-0.430985688,-0.343964081,-0.876504497,0.325047666,0.004620676,-0.86885009,-0.539829646,0.813185185,0.462401988,-0.419232257,-1.189758952,-0.393540885,0.479336378,-0.9510805,-0.097750018,-0.317911531,0.161098243,-0.929994408,-1.769112079,-0.450028716,-0.660522912,0.787320159,0.342564824,-1.010468653,0.318468212,-1.223358535,0.19297824,-1.069251707,-0.750134509,-0.80760701,0.577366492,-0.302067473,0.21067393,0.091187082,-0.162228388,0.103828927,-0.400676394,0.038190211,0.121428157,1.060197718,-0.530749384,0.664252199,-0.331903331,-0.663094091,0.039647079,1.253013606,0.507935462,-0.334594464,-0.169281076,0.078959168,-0.13639433,-0.1793335,0.669076077,-0.745276398,0.521402662,0.153595815
VEGFD,-0.804315926,-0.412235924,2.433810814,-0.529176145,0.357305438,0.154523218,0.201253087,0.075912547,-0.352692465,-0.985735327,-1.338725964,0.197131673,1.55266505,-0.557895752,0.654584687,1.006345075,2.51323187,-0.3235253,0.155337092,2.090327853,-0.543026875,-1.087977768,-0.584791206,-0.30548177,0.658886816,1.773931391,0.051097352,-0.384905874,-0.058153665,-0.58271971,1.094988019,2.046165331,-1.354249487,-0.885067552,-0.479523247,-1.483760962,0.971495721,0.441816972,-1.104475592,1.251259056,0.083009959,-0.302178387,-2.430462333,0.233794852,-0.111895109,-1.144839817,-0.468928955,-1.174970742,-0.354867405,1.497901989,-0.438588799,0.017488823,1.212011808,3.424928877,-1.600211398,0.663148353,-0.012801625,-1.265178217,1.560088551,0.292386411
NDUFS5,0.514986099,0.311730651,-1.163177381,0.007967831,-0.319782333,0.241262922,-1.026343075,1.431689408,-0.204391265,0.09094806,0.282819263,-0.075162147,0.795579636,-0.543300574,0.731275051,0.510577872,-0.805097797,-0.315890846,0.701896585,0.256736055,0.577183123,-0.684939724,0.900081594,-0.449265765,0.323117571,-0.063508195,0.498212118,0.332697177,0.780263599,0.287471732,0.553379346,-0.403178864,0.166015793,0.694103083,-0.272267102,0.160308082,-0.062900204,-0.302568444,0.336494972,0.251655764,0.796946671,0.319796431,-0.701716415,-0.403653125,0.527809697,0.324603476,0.969167133,-0.469983785,-0.208901952,0.079409,-0.069570024,-0.134133561,-0.155930827,-0.429825056,-0.22384105,0.593141135,0.235194158,0.091953371,0.624196996,0.834417114
CXCL13,-2.421453901,-1.339068102,0.698477696,-1.421490925,-0.481118134,-2.282035258,3.301725568,0.498674258,-0.026249097,-0.878080498,-1.670885467,0.270197493,1.187456453,-1.263521247,3.061177275,-1.364858908,-1.968153576,-2.720008815,2.498436795,6.582674309,4.888362664,-1.747910831,-1.470171861,-1.724632888,3.580750623,0.871848416,-3.496460004,-1.720465339,-0.872845414,0.526801581,0.937332041,-3.602612714,-3.535039312,-1.953056437,-1.50087545,-0.842390843,0.663485979,-1.963690163,-1.696524105,4.343211188,0.407086801,0.753080809,-0.773949378,-1.308070587,1.672583808,-1.907130204,-0.81126486,-1.719694272,-1.32624866,0.277120184,-1.173406046,-0.410091496,-0.139908874,-0.849380678,-0.784110663,-1.594280287,4.127798432,-1.424482828,0.100540166,0.871538691
ORC4,-0.503565142,-0.244441426,-0.253040463,0.862951738,0.057790661,0.794364288,0.181925396,0.160909625,-0.149117645,0.324247095,0.036168348,-0.526995288,-0.15378593,0.029812941,-0.130198872,0.037271014,-0.27754036,0.239540461,0.037041651,0.597875049,-0.195989767,0.049570476,0.213276482,0.378358399,0.142423299,0.085154756,0.165312287,1.016075402,0.247299516,0.459015392,0.343173911,-0.298083687,0.513695084,-0.416857596,0.070577352,0.246194407,0.28805619,-0.289091836,-0.770999642,0.284155715,0.045916046,-0.307613447,0.465055207,-0.712015675,-0.041102727,-0.632397469,-0.536036912,-0.312754175,0.576215457,-0.792492998,0.4773996,-0.485411577,0.113984689,-0.27510726,1.571200405,-0.336233083,0.17499544,0.048151736,-0.550983158,-0.944082988
PEX1,-0.624365944,-0.052016002,1.626854029,0.84098151,0.419364434,-0.625974205,-0.463389805,-0.175905882,0.539788395,-0.260532076,0.237362157,-0.584768814,0.215075765,0.308830643,-0.455858997,0.139405172,0.303825035,-0.780206959,-0.176255425,-0.140412019,-0.797838715,0.205628426,0.727056842,1.397886476,0.001697507,0.026150805,-0.572611082,1.116897965,0.029810806,0.370740696,1.009330219,-0.491216737,0.492496786,-0.165111239,0.251248413,0.019777987,-0.313163865,0.736613509,0.264970833,0.398180413,0.912668973,-0.424034223,0.288763636,-0.519804536,-0.518549276,-0.565604202,-0.077224836,-0.552601914,0.588224149,-0.459446508,-0.233584773,0.134445381,-0.632472566,-0.410936177,-0.128453659,0.164139008,-0.300777601,-0.586542242,-0.123340869,-0.820804628
RAD21,-0.059655678,-0.029664932,0.008650973,0.340739033,0.138603018,0.872394981,0.548581457,0.104612448,-0.202510682,0.341940308,-0.064097555,0.111085248,-0.473212794,0.570343187,-0.04660545,0.192062279,0.025162674,0.05415229,-0.206160616,0.198907506,0.366202752,0.247638586,0.308275006,0.349713493,0.19568144,0.451570606,0.174065919,-0.045327038,0.073203854,0.368069706,-0.111514954,-0.23228219,0.066616182,-0.302562772,0.120301023,0.382488437,0.317283492,0.059436501,-0.355522755,-0.034616016,-0.245880221,0.038501728,-0.086122094,-0.449993464,0.167045703,-0.22232423,-0.095110937,0.221841983,0.029370383,-0.014542689,0.344785091,0.220546498,0.534685202,-0.037222371,0.582902816,0.273890419,0.527022516,0.117711737,-0.125298123,-0.067139635
AKR1B10,-5.455716128,-2.367360397,-3.873200089,-5.252968231,1.822033029,-4.146431341,-1.612085326,0.148847428,0.539750092,-5.503363158,-3.240417831,-2.727009536,-2.12519551,-2.955708126,-5.340430631,-3.132208928,-1.673232203,-4.215191174,4.901663012,-4.162433364,-6.509428258,3.468548789,-2.251547427,-3.004665575,4.395711762,-1.470699745,-5.203300232,-6.854094367,-2.708661482,5.02107442,-2.026163411,-4.691514376,-7.54374318,2.010335096,-1.030177839,-2.26971876,-1.885961143,-2.809685507,-2.570570581,-2.44038676,-2.337591206,-4.812326851,4.298191517,-4.248507743,-2.78249423,-0.492579427,2.149954554,-2.501925064,-6.047631598,-1.882020341,-5.896732799,4.443280614,-2.112932048,3.841957962,-2.038032514,-6.627084761,-2.052504089,-0.836107413,-2.736650259,3.270430013
TIMM8A,-0.355007729,-0.045339369,-0.743483268,-0.129027809,-0.793834012,0.192833438,-0.746499112,0.97861097,0.552342264,0.174226072,0.907417751,-0.888239203,0.29216229,-0.831632618,-0.80143036,0.054118694,-0.179826226,-0.415856808,0.474246047,-0.702927888,-0.500040378,0.624438037,0.513490098,-0.025963962,-0.19539085,0.045138351,0.033202856,0.212115481,-0.447170712,1.138819165,-0.23165492,0.268467577,-0.459121294,-0.358766979,1.165362521,-0.264668918,-0.433002323,1.409890405,-0.585011666,0.205197591,-0.590159626,-0.963858367,-0.619962786,-0.369758221,0.7102045,-0.718609918,0.513220293,0.7330071,-0.709758979,-0.348893635,0.100016612,0.471733933,-0.142708216,-0.519082291,-0.193315163,0.15801004,-0.212999763,0.141416714,-0.387590317,-0.669495748
KALRN,0.056093594,0.052506389,-0.270443432,-0.646206693,0.151986367,0.13708481,-0.047632991,0.432450655,-0.068009501,0.613311753,-0.174072875,0.162135385,0.145540796,-0.014594425,-0.128940601,0.058747412,0.268627484,0.055698674,0.249954401,0.162561391,-0.370482868,-0.105591332,0.042120069,-0.230955945,-0.000584131,-0.098868874,0.027370615,0.400978851,0.187572141,0.057834729,0.06895369,-0.132833061,0.661225634,0.023039495,-0.020131697,-0.14586611,0.647279026,-0.082359478,-0.578923304,0.163793698,-1.225546217,0.006847707,-0.00663195,-0.72598537,-0.334259427,-0.277785928,-0.276042021,-0.10788262,-0.174146322,-0.162308985,0.454954808,-0.059859652,-0.028505398,-0.058264214,0.519451453,0.292006968,0.087757392,-0.983100181,-0.041932603,0.2821719
DHX16,-0.140222589,0.394618848,-0.56198172,0.750182229,0.104223966,0.684433858,-0.341323145,-0.010166207,0.233828405,0.96114015,0.16068042,-0.266911727,-0.072141285,0.042469823,0.039733094,-0.052256716,-0.095780613,0.0822223,0.665472032,-0.520236128,-0.359167038,0.232766576,-0.348974981,0.484274795,-0.2184138,-0.324686211,-0.015878708,0.087704144,0.08576503,0.028473153,-0.128154162,-0.27585183,0.751715746,-0.075507081,-0.191359785,0.050869185,-0.148619165,-0.469213666,-0.196812173,-0.310265874,-0.116061579,-0.18572779,0.275118413,-0.4249841,-0.160321681,0.091328875,0.157297929,0.599119037,0.137767416,-0.073417725,0.370191077,0.577499993,-0.298407231,0.04167271,-0.080349715,0.358632848,-0.368420529,-0.197326036,-0.456509275,0.030166134
SSSCA1,0.087750057,-0.175318353,-0.228118715,0.511347942,-0.125600309,0.202292397,-0.311529493,-0.187324467,0.093408684,0.431726923,0.6527457,-0.742570376,0.060700598,-0.195824328,0.038777769,-0.5676093,-0.155952512,0.108034707,0.342659214,-0.315732544,0.069782814,0.47771364,-0.007243431,0.169054849,-0.091466547,-0.095759874,-0.050642798,0.283050061,-0.046471468,-0.148099182,-0.691241819,-0.251975849,-0.282953433,0.070210727,0.011076923,0.310579667,-0.010588779,0.076992385,-0.022971047,-0.220436497,-0.045501589,-0.324258332,-0.014228387,-0.101799524,-0.456696477,-0.311060057,-0.110431721,0.189646767,0.213993189,-0.280405986,-0.31535593,0.199413252,-0.105698412,-0.233840068,-0.436231283,-0.272865933,-0.002662758,0.25268098,-0.26988079,0.09660897
GMFG,0.945720045,-1.007668321,-0.334124283,-0.825439831,0.417961171,-0.494014284,-0.686726596,0.044932192,0.48161723,-0.367373405,-0.755494121,0.449416762,0.308325588,-0.949998492,0.384445984,-0.416230258,-0.078999056,-0.708706379,0.320278956,-0.683220327,0.191257814,-0.560821913,-0.890751045,-0.717397586,-0.152137793,-0.19618194,0.363123356,0.277861244,-0.170762972,-0.464450996,-0.633505698,-0.504323125,-1.132220206,-0.932951084,-0.137354777,0.645433749,-0.26742534,-0.14323998,-0.092678565,0.547153778,0.607997216,0.055332831,0.78663221,0.792551685,0.20605744,-0.160572115,-0.422768395,-1.02954373,0.54553767,0.381189205,-0.802059239,-0.337381026,0.152018831,-0.535043132,-0.873513948,-0.110967257,0.527454768,-1.381431167,-0.056028504,0.641780452
PPP1R12B,0.407682361,-0.113517141,0.726604651,-1.098628656,0.162463237,-0.249024422,1.55154459,2.099846681,-0.222121289,-0.333317555,-1.137469638,0.587963242,1.296555264,-0.647557975,0.687553909,1.023045586,0.512296977,-0.515314815,-0.113133249,-0.036148064,-0.182644827,-0.618082542,0.031232983,0.206348584,1.711822475,0.957566702,0.773202671,-0.585372997,-0.019698054,0.053321081,1.01262218,0.71680649,-0.307481133,-0.494082294,1.040748394,0.596491176,0.811082418,0.43759044,-0.166621875,0.416522353,0.74877056,0.535839612,-1.20034235,-0.057882378,1.77431159,0.930620765,0.615221496,-0.183690469,-0.115801631,0.833503647,-1.228835335,0.448922489,1.131356876,1.651281383,-1.078189642,-0.352766837,-0.493174461,-0.462382276,-0.479538502,1.405473366
BNIP3L,0.209331742,0.220415674,0.338670001,-0.322185503,-0.038230006,-0.321327454,-0.29250251,0.573914805,0.310416024,0.086154001,-0.149935973,0.161105299,0.235546308,-0.414066275,-0.71823289,-0.85873455,0.339929235,-0.772689539,0.210815599,0.872905913,0.02134374,-0.155531926,0.403254738,0.321864401,0.137111591,-0.026461107,-0.926166846,-0.131516695,1.169684837,-0.35257838,0.11531551,-1.189279403,0.5843571,0.192835483,0.2488792,0.375883645,0.582167518,0.784609063,0.02831596,0.015418211,-0.064514194,-0.782243017,0.060688367,0.114530564,0.07223124,-0.032231921,0.273328581,0.041569199,0.162823557,-0.012798495,0.030297025,0.171769816,0.954335071,0.098143531,-0.49906198,0.048313266,0.293081631,-0.116745481,-0.484333046,0.602005845
MED14,0.288318579,-0.113684965,0.050544997,0.25042662,-0.377321517,0.253855823,-0.282628278,0.020924538,0.22499042,0.353458479,0.334652796,-0.267303776,-0.213367185,0.315048346,-0.048076876,0.160056833,0.156412888,-0.001760275,-0.03679697,0.216520303,0.332213476,0.139103202,-0.102632543,0.55453127,0.051207861,-0.012816458,-0.082428915,0.099840352,-0.428512793,-0.32624479,0.029186204,-0.293353736,0.320707156,0.119391399,0.147326209,0.179525351,0.161759275,-0.466809921,0.06908779,-0.06339865,0.06094865,-0.157380881,0.470519237,-0.187058622,-0.089095881,-0.028332087,-0.27110655,-0.249797811,0.183251843,0.093975432,0.507237157,0.042526081,-0.13436878,-0.011421593,0.675342551,-0.145931277,0.582674386,0.092445212,-0.088618972,-0.053936267
PCDH7,-0.352495197,-0.562441056,0.079123642,-0.328094808,0.112456084,-0.303412134,0.145584416,0.052860078,0.260146409,-0.302906155,0.920807802,0.775269568,0.151906789,-1.27204612,-0.097844443,0.454588606,0.077311866,-0.14331751,-0.430716948,-0.799011237,0.460926451,-1.388472138,-0.340250851,-0.949299974,0.217478383,0.119612237,-0.008126781,-0.118339107,0.669141069,-0.728399189,-0.294220328,0.22262036,-0.654207524,-0.517515043,-0.117463867,-0.187012103,-0.282548678,-0.206408188,-0.974733479,-0.446142695,-0.286276481,-0.255817483,0.10637512,-0.057261488,-0.104683168,1.105192914,-0.0719195,-0.100333554,-0.223482105,0.014223713,-0.224284786,-0.102264384,0.354142813,0.198359568,-0.12188785,0.489321443,0.022403281,-0.468927914,0.305632209,0.187977796
PRPSAP2,-0.22827386,0.784323597,-0.756316258,0.800194526,-0.451274645,0.543548629,0.076176457,-0.162093831,-0.156280627,0.713690452,0.365447583,-0.93998668,0.020926797,-0.138050179,0.29947776,0.013619301,-0.237200575,0.276140878,0.322387772,0.155605019,-0.661208806,0.460907991,-0.018706833,-0.064095819,-0.672709107,0.120381076,-0.096866025,0.462458738,-0.398556936,-0.311818687,-0.27366581,-0.157369837,-0.111164707,0.063026171,0.450630933,-0.124835967,0.474151958,-0.13662571,-0.243953313,0.318851576,-0.017538829,0.280919674,0.224954223,-0.524380289,0.380417758,0.139486524,0.005376012,0.441318686,-0.128351006,0.146334841,-0.257152866,0.668143983,-0.475363392,0.117932773,0.509911753,0.180128073,0.307770402,0.145578169,-0.829746194,0.354167336
SMARCA5,-0.001997592,-0.445740342,0.41027757,0.471118552,0.040198336,0.568421074,0.274643816,-0.176659141,-0.178179196,0.620492927,0.344859808,-0.284343397,-0.327023951,-0.046057562,0.00544342,0.098915965,-0.058436773,-0.071640548,-0.21413687,0.274948303,0.050032025,-0.007678737,-0.05441299,0.399161208,-0.115329046,-0.206842332,-0.030731952,0.427257435,-0.153934012,0.248720311,-0.163468482,-0.351017283,0.080268531,-0.2724661,-0.199259984,0.412654252,0.045454209,-0.304735173,-0.18025222,0.057808031,-0.058650154,0.089329431,0.299999116,-0.299649211,-0.139204185,-0.409721561,-0.297123719,-0.336342079,-0.060379374,-0.762345427,0.375421044,-0.205849156,-0.102631474,-0.68022771,1.450965593,-0.137228397,0.402155099,-0.031365978,0.049835921,-0.142691116
KIAA0513,-0.319472643,0.090357445,0.70120343,-1.125183002,0.103833379,-0.326024908,0.077721951,0.301808225,0.250881797,-0.232529203,-0.718993992,-0.006272398,-0.072951788,-0.311642841,0.011287776,0.040542667,-0.022121688,-0.162421624,-0.018700459,-0.083553605,-0.485925202,-0.030594286,1.297881315,-0.017435899,0.113586779,-1.021578239,-0.3812332,-0.426871994,0.100851782,-0.259054652,-0.843999309,0.051101449,-0.759246512,1.5061421,0.290659817,0.003338175,0.598081525,0.587140514,0.316388344,0.099395681,0.353964533,0.418154538,-0.06816956,0.265970897,-0.36456111,0.336273873,2.981754279,-0.149277304,-0.529936582,0.062323664,-0.823308313,1.056106906,0.230953722,-0.194323114,-0.888397654,-0.944027993,0.110445802,0.385898182,-0.303641604,-0.095954357
SPAG9,-0.180700416,0.186904056,0.151098541,0.112081434,-0.472158664,-0.434324799,0.454652603,0.228289878,-0.18047927,0.561438684,-0.34777664,-0.125010445,-0.124184028,-0.281975775,-0.882277772,0.584652271,0.049172102,-0.13842214,-0.371834787,0.387047561,-0.254697033,0.138249712,1.090307302,0.89800121,-0.362681594,0.620604484,-0.46322631,0.104683682,-0.279497898,-0.53749323,0.95721201,0.686953301,-0.321473342,-0.328039235,0.819368281,0.322398443,1.351444643,0.84029156,-0.289957835,0.270803393,0.066718497,0.153204691,-0.949601501,-0.078460465,-0.195245062,0.005337685,-0.390737677,-0.324070854,-0.216003901,0.149911944,2.46731175,-0.26926349,-0.272073039,-0.076371939,-0.369539214,-0.083353067,-0.028853781,-0.540208831,-0.156599727,-0.445068437
ZNF292,0.766546262,-0.49901967,-0.518506742,2.239280174,-0.087398975,0.556314304,0.459807926,-0.024761748,0.162001966,0.580469736,0.537761046,0.032430564,-0.427797627,0.284179285,0.351816428,-0.646821703,0.371406785,0.586008978,0.114798343,0.198859261,0.179440312,0.186898422,0.229430213,0.554232432,0.48314869,-0.117889474,0.653397008,0.253162102,-0.302400951,0.46707139,0.028457421,0.132280819,0.256456597,-0.270610215,-0.245662804,0.250039369,0.509910352,0.001305273,-0.008228012,-0.088908341,0.013427784,0.182423617,-0.524091747,-0.2949393,0.182668224,0.032385869,-0.204842082,0.172706956,0.042745066,-0.318802996,-0.526582905,0.036869028,0.253566154,-0.41863559,1.428229001,0.953652362,0.116273226,-0.623249557,-0.459660985,-0.909583647
URB1,0.194819701,-0.288138772,-0.113569043,0.319085541,-0.004851097,0.100350105,0.254092022,0.156119843,-0.313180643,0.251130478,0.266725999,-0.076077404,-0.015642952,0.438231387,0.207611148,-0.185841219,0.073964336,-0.359904357,0.293612647,-0.465700716,0.331279703,-1.681789201,-0.314507203,-0.173294067,0.500446599,0.127387504,-0.647043511,0.772233627,-0.524758592,0.073154335,1.008087288,-0.429857224,0.070134131,1.062821734,0.150182708,0.388811687,0.089750421,-0.130095514,-0.531250898,0.258235423,-0.852758661,0.012061304,0.122413395,-0.26009741,0.735030145,2.938482479,-1.173541953,0.214224638,0.458929013,-0.296496014,0.613130544,-0.350903347,0.277363373,0.194359233,0.273832827,-0.243816514,0.456477858,0.447356418,0.254690191,0.017479685
MGRN1,0.388149008,0.121847646,0.216804824,-0.524437767,0.585594556,0.056284581,0.637374222,0.059130741,-0.706425955,0.117172092,0.290898644,-0.055240192,-0.051588163,0.299944189,-0.446095662,0.492711818,0.580147646,0.094885901,0.074543094,0.164103668,0.210761666,0.183750374,0.147075805,0.378287901,-0.126791634,0.019122596,-0.041436361,0.969269837,0.134461398,-0.03372878,0.098780997,-0.10148265,0.474830607,-0.083810286,-0.41995896,-0.141027979,0.642603999,0.638377439,-0.12148245,0.365902249,-0.18611433,0.258837983,0.342755266,0.057308954,-0.177087484,-0.166976122,0.011198164,0.287775819,0.468466805,0.040636806,0.090530567,-0.174279864,0.481107479,-0.29510285,1.117765866,0.180596727,-0.839215899,0.094549588,0.125358514,-0.009097764
SIPA1L3,-0.230498922,0.276371292,0.384391836,0.221706388,-0.1908033,0.648515625,0.152589274,0.091272491,-0.068071473,-0.174192963,-0.009108731,-0.474563536,-0.200005576,0.359202039,0.739564575,0.72415001,0.45417838,0.374672547,-0.111875312,-0.968678036,-0.11025459,-0.335241254,0.442949118,0.02782755,0.167674648,0.039803202,-0.208272998,-0.133854278,-0.154590028,-0.042959733,0.146138966,0.445344628,0.21510448,-0.170321916,0.665976233,0.445137677,-0.101005109,0.145064721,-0.436216456,0.425834652,0.232395208,0.387017171,-0.302820899,-0.122813923,0.279629245,-0.120822278,0.513999539,-0.00856119,0.046775231,0.420271935,-0.165788398,-0.219685544,0.274807826,0.447548558,0.654732833,0.154366123,-0.05994406,0.69424426,0.306984565,-0.406221228
ZFC3H1,0.419720112,0.623700286,0.094245513,-0.637585255,-0.239386391,0.350818481,0.18579677,0.835916727,0.32091047,0.377903417,-0.4822677,0.053372585,0.358280696,0.541734126,0.045335036,0.148645418,-0.310373707,0.029288344,0.06472857,-0.357176424,0.078747325,-0.219960842,-0.239418852,0.045499515,0.992198237,-0.052653419,0.411076493,-0.046310531,0.192889176,-0.177170285,-0.118759238,0.36942744,1.47505724,0.197598772,0.192099652,-0.378053599,0.12957436,0.398527665,-0.017850383,0.368051133,-0.702181678,0.11551855,0.305076981,-0.183678368,-0.263000717,-0.702040147,-0.046065838,0.344985148,-0.158808057,0.26844265,0.082981232,0.64187315,0.427081042,0.872524428,0.631942714,-0.169194758,0.531104776,0.87795301,0.031705185,-0.003858975
LZTS3,-0.449846735,0.133825283,0.651779726,0.876132221,-0.715820242,1.132724991,0.18072946,0.120374914,-0.796030469,0.381479249,0.057791849,-0.200926102,0.243873139,0.423049299,0.189509021,-0.20444273,0.195338519,-0.312929231,-0.300152994,0.24831372,-0.125230096,0.426870233,0.126320916,0.3515037,-0.384937994,-0.05376449,-0.692408257,0.994567245,-0.068527622,0.520605001,-0.099588248,0.922199454,-0.324592204,-0.03541708,-0.092683862,0.750074336,0.396822916,0.413622855,0.126067751,0.340528787,-0.164153388,0.42846714,-0.674281981,-0.471339549,0.273358159,0.401442038,-0.129726578,0.46652411,0.639660751,-0.036849618,-0.754892064,0.255864303,0.154256914,-0.071170127,1.196044044,-0.42638248,-0.040576897,0.204765119,-0.164563273,-0.009310782
AQR,-0.055928319,-0.057230899,-0.054827602,0.157962264,-0.095249713,0.833556001,0.140984075,0.101762651,-0.202122004,0.224530845,-0.03596339,0.022185493,-0.55175813,0.177937056,-0.054938703,0.06496628,-0.116587138,-0.091886862,-0.381101087,0.261337285,0.451852596,-0.180980077,0.275654345,0.781502299,-0.028030506,0.120129994,0.367998836,0.324577898,0.090232893,-0.01939975,-0.222317989,-0.331765259,0.074166086,0.048664554,-0.163706434,-0.007411326,0.085628485,-0.237786743,-0.111822785,0.097505958,-0.022801811,-0.136750248,0.283631009,-0.066653677,-0.019895962,-0.006645367,-0.20165087,0.281051203,0.520814337,-0.455975393,0.674340221,-0.250151363,-0.113890725,-0.437848856,0.366850374,0.211720048,0.202325893,-0.283122985,-0.260240086,-0.314125756
MAST3,0.450591353,-0.161072162,-0.408235098,-0.8461843,0.209453162,0.716991865,-0.274789836,0.337292107,0.090848201,-0.133215033,-0.069339531,0.474201469,0.042449585,-0.268784112,0.3846437,0.399490232,0.147897747,-0.076340759,0.154612258,0.002059691,0.80448773,-0.215080228,-0.115053567,-0.211002914,0.129949672,0.016170049,-0.170912226,0.08957266,0.129876873,-0.497947098,0.402356783,0.098681314,0.172355999,-0.377507355,0.126842231,0.165115261,0.446191842,-0.136856745,0.162032543,0.260867062,0.548822178,-0.2068315,0.997237928,0.176475529,-0.116709445,0.141077082,-0.186423075,-0.099500459,0.342796326,0.394165583,0.075680134,-0.171952019,0.324999836,0.163223326,0.430656558,-0.46606087,0.276436967,0.249537241,0.224741312,1.299111881
OPA1,0.277639799,-0.144350468,-0.065357827,0.021991338,-0.441320224,0.00888434,0.519519245,0.810067196,-0.58485874,-0.587618789,1.354299403,-0.143778511,0.994069192,-0.957568583,-0.61529007,-0.079696772,-0.310722167,-0.340939596,-0.351571773,-0.399484709,-0.156267242,1.047327504,0.420786245,-0.303406315,-0.351182749,0.660378642,0.482820138,0.005258123,-0.080441334,0.512323899,0.253083339,-0.126387393,-0.053320836,-0.483847759,0.439548495,-0.669990011,-0.089865244,0.507861049,-0.000478781,0.30768264,-0.074051336,-0.578410687,-0.031783384,-0.056716,-0.331338189,-0.043705721,0.295780878,0.338932328,0.438425803,-0.201501164,0.088890888,-0.689783545,0.629187977,-0.514108722,0.036643239,-0.609076703,-0.12409307,-0.047582995,0.131214707,-0.382487879
MCM3AP,0.084977427,0.576217634,-0.285306798,0.32443605,0.116509902,0.257976643,0.181641593,0.192747416,0.124230691,0.13746777,0.207867572,0.205200487,0.155922403,0.475802474,-0.243501296,0.268319779,0.118907866,-0.029976284,0.016216217,0.183662779,0.311291362,0.097634592,0.228755349,0.371547403,0.244660446,-0.430576537,-0.487568063,-0.037483111,0.079882813,0.005429205,-0.128738308,-0.259582283,0.01849675,0.266907793,-0.360973477,-0.097957096,0.234446548,0.334422049,0.018935421,0.027450303,-0.16053632,-0.141802412,0.20146725,-0.256075129,0.311437028,-0.200740773,0.698701348,0.201906458,0.200750141,0.03122787,0.108235428,0.085803239,0.194538235,0.060592396,0.401091537,-0.031282003,0.163603995,0.352699723,0.112331466,-0.126988891
PIP5K1C,0.323554186,-0.461234437,0.465670215,0.080617796,-0.691625746,-0.181266535,-0.696763122,0.246038488,0.329295271,-0.27349893,0.254877808,1.033427398,0.147659457,-1.171941038,0.151247666,-0.310959664,0.146478588,-0.387186979,0.076960116,-0.176326383,0.161748711,-0.76377434,0.254668123,-1.574101526,-0.310919328,0.198658281,0.077224443,-0.290561074,-0.606831489,-0.746739993,0.063827506,0.50053751,-0.77683412,-0.301449493,0.358939606,-0.447442214,-0.083548459,-0.684284067,-0.413841123,0.087498685,0.35591312,-0.384998881,-0.051417423,0.220262423,0.70100861,0.531820306,-0.559491484,-0.515836229,0.274122789,0.787336475,0.326828054,0.132507426,-0.050793016,1.200703225,-0.047493952,0.397020977,0.840886583,-0.615551493,-0.13182639,0.864643969
KIF1B,0.107365463,0.341020241,0.065192336,-0.236573146,0.286106962,-0.259288265,-0.019161721,-0.361176388,0.191418388,0.298772845,-0.129073833,0.007541818,0.092639909,-0.048243466,-0.386267457,0.326113066,0.320660344,0.122831672,-0.116613801,0.081446381,-0.323608234,0.000367419,-0.047198512,0.27991128,-0.383770922,-0.162439382,-0.347060464,-0.022261791,0.127645186,0.117854658,-0.119767227,-0.085369465,-0.137528103,-0.17128735,-0.131123107,0.04782213,0.47489359,0.002728433,0.175519543,-0.364700189,-0.011613887,0.03663801,0.026197377,0.238879791,-0.231100077,-0.308227244,0.103481434,0.019584892,-0.192686411,-0.128865509,0.160557616,0.066519254,0.075438911,0.024764113,-0.32055627,-0.093842665,-0.353340564,0.239020777,0.051334927,0.194722422
MAPKBP1,0.136088282,0.015282159,0.156303726,0.182885907,0.604881584,-0.076484165,-0.406825512,0.281887342,0.000482661,-0.171862078,0.09298907,0.288631808,0.118326663,-0.059555424,-0.178547812,0.420285578,0.242765303,-0.832796987,0.167513354,-0.039695466,-0.022185844,-0.207267348,-0.402130296,0.132113007,0.16205129,0.226875248,-0.568013824,0.138815177,0.030709874,-0.1880045,0.940593978,0.074922132,-0.035647404,-0.365999149,-0.317085556,0.150440211,0.16231828,0.467833086,-0.538557946,0.043437594,-0.137734768,-0.34780574,-0.150668541,-0.101928092,0.486998614,0.854361382,0.142499941,0.15667669,0.192053606,0.240698669,0.292986761,0.37848729,-0.227462247,1.199984272,-0.046437695,0.138430603,0.163497886,-0.312733524,0.275256734,-0.035600586
MARCH6,0.518153452,0.10285379,0.057624933,0.434199643,-0.065722278,0.175252807,-0.100200957,-0.02389413,-0.297685242,0.574234056,0.28496689,0.002956421,-0.080118962,0.521719476,0.046268673,-0.005364414,-0.097058907,0.267704249,0.110999897,-0.212412185,0.012694092,0.109575256,0.128268205,-0.317663323,0.114982318,-0.125694132,0.154309253,0.187476858,-0.110033922,-0.185560827,0.202881666,-0.008878029,-0.052219955,0.254979103,0.188690379,0.260356871,0.22218184,-0.208800069,0.587559306,-0.028275428,-0.128093578,-0.204283946,-0.109621887,-0.071346666,-0.575873527,-0.79856268,-0.110134236,0.041365742,0.268144411,-0.205938859,0.472544982,-0.059344943,-0.276084117,-0.256755905,0.295694541,-0.027342619,0.007160413,0.383924019,-0.153650115,0.415893572
KDM1A,0.107543573,0.503558352,0.095841498,0.760280007,-0.162270079,1.12508128,-0.065937625,-0.184326975,0.180241303,0.786433234,0.35721259,-0.482943441,-0.234484085,0.689946948,0.279684896,0.4850528,0.042209742,0.810537291,-0.171861767,0.016516304,0.117380355,0.26540392,0.033195454,0.048991625,-0.396633561,-0.405119208,0.038855212,0.220721935,-0.140620208,-0.305773779,-0.607241293,-0.08946687,0.515403034,0.056118657,-0.332724305,0.377081267,0.079300011,-0.082344119,0.076474503,-0.355389174,0.287826969,-0.016811831,0.023593072,-0.12426811,0.318832111,-0.016823499,-0.548895876,0.440412771,0.43294701,-0.267911419,0.060258841,0.012477566,-0.131079651,0.044812773,0.750786672,0.116126177,-0.280426116,0.301767213,-0.437356956,-0.104842331
TBC1D4,-0.080933515,-0.616093489,0.002225726,1.260699926,0.250493199,0.145900569,-0.189421282,0.014824536,-0.160502676,0.220507904,0.683815603,0.333043947,-0.498278215,-0.232437521,-0.83759724,-0.229469578,-0.176004341,-0.49686569,0.090456575,-0.301536477,0.362366688,-0.586612584,0.113746951,0.163229967,0.581699986,-0.147811163,0.014991452,0.552267545,-0.227381945,-0.059146067,-0.488905318,-0.136794321,-0.440227219,-0.594798539,0.156206055,-0.496567376,0.423770867,-0.37603104,-0.352949902,-0.052346822,0.118612768,0.172178021,0.571150866,-0.16170752,-0.310351735,0.273970405,-0.221727918,-0.354001007,-0.291590065,0.186303721,0.469155112,0.190503355,-0.10760818,-0.085584726,-0.289617464,-0.155412542,0.229000433,-0.915202241,-0.179076809,-0.197227835
ECE2,0.927352292,-0.290887436,-0.458732264,1.692797126,-0.096854146,-0.232064864,-0.488094549,-0.333653205,-1.379725076,1.905459188,0.398343911,-0.587277873,-0.69465925,-0.258720462,-0.737508381,-0.225989481,-0.189765621,0.190183378,0.583484488,-0.222894823,-0.229670969,0.408664806,-0.007544648,-0.012032965,-0.13974815,-0.205787333,-0.100157196,0.699819692,-0.287130982,-0.244118571,-0.479358637,-0.056420583,-0.407021739,0.16740002,0.380374877,0.702874662,-0.45159074,0.082045911,-0.199977398,0.049013607,-0.159232945,-0.467186953,0.144742342,-0.592809246,-0.540878844,-0.382718775,-0.28000978,0.158380691,1.161917587,-0.432145429,0.527162852,0.061714304,-0.467214435,-0.257300516,0.610553523,-0.178524169,-0.048405937,-0.138371545,-0.148745071,-0.103213898
FZD6,0.570423163,-0.560006649,0.214009232,0.20608724,0.276352788,0.149358561,-0.234702809,0.9016949,-0.113854953,-2.28034535,0.18910526,-0.318326721,0.890714453,0.424678606,-0.572573798,2.433829657,0.136428849,-0.646161249,0.234600295,0.555761112,0.192847045,1.213428215,0.516883706,-1.016958455,-0.09171085,-0.159419411,0.054195662,0.062640252,0.260826849,0.413105292,0.578841966,0.439934104,0.055469916,0.098713463,-0.023962461,0.935922249,0.070895139,0.193339612,0.559440112,-0.473563592,0.281492907,0.251929189,-0.578786453,0.101677081,0.285421693,-1.344590401,-0.661163947,0.314484406,-0.327539977,-0.205294006,1.249980712,0.010030645,-0.150930537,-0.265793233,1.82180078,-0.550402533,0.149828259,-0.491462335,0.522588685,-0.018644552
FADS1,0.273561037,-0.113976521,0.107090322,0.475273901,-0.370392035,0.900920144,-0.708288599,-0.255462254,0.348431371,1.302034924,0.571957336,-0.101997121,-0.007523424,0.214514497,-0.005031256,0.076767421,0.317111448,0.210979491,1.026472913,0.101126349,-0.096692393,0.05022563,-0.175375895,0.097593808,0.760873657,-0.096178954,0.095331418,0.876828004,-0.785160707,0.379964004,-0.285602788,-0.140567498,0.118728081,-0.029164303,-0.19012566,2.094775764,0.09680487,-0.042078305,-0.029011903,0.092998262,-0.079423425,-0.18460445,0.27269916,0.194639089,-0.023829659,-0.227970664,-0.197350667,0.028456925,0.449666644,-0.214129559,1.656240394,-0.122321712,-0.210045186,-0.042038558,0.543155178,0.764498503,0.066587893,-0.256728562,-0.129131399,0.049644159
PPL,-0.597264367,2.340731998,0.891355883,-0.562528896,0.256219564,-0.909641037,1.52994303,0.656789482,-0.323145017,-1.305483384,-1.243159123,-0.511449085,0.133090898,0.916479931,-0.829466319,0.603758808,0.266464681,-0.593487287,-2.063584386,1.222492101,-0.375419125,-1.013393571,1.654674532,0.443760184,-0.417456484,-0.378872261,-0.060886027,-1.283104316,1.317150316,-0.327166561,0.523238106,1.251837093,0.083008701,1.06412027,0.990206277,-1.494265768,0.847651926,-0.042763723,0.003035167,0.303082906,-0.221783505,0.628698236,-1.786064918,1.332709382,0.07207938,-0.964842149,-0.128239057,0.452826972,-0.33090639,-0.117822346,-0.527642371,-0.034188527,1.540257999,-0.098570932,-1.191354014,0.087110736,-0.288158883,1.288085481,-1.298071498,-0.37140479
GSDME,-0.280145447,-0.914320745,1.710969345,-0.825537435,-0.406352433,0.695647866,-0.054295644,0.875132531,0.632324395,-0.618135397,0.836001607,1.050058068,1.41547075,-1.199611966,-0.46520842,-0.708844869,0.161685313,-0.626992724,-0.198125414,0.369153943,0.189619992,-0.61440606,-0.552508906,2.517642692,0.145434355,0.559166457,0.75597834,-0.68689647,0.17917979,-0.471363655,1.019478294,0.468380224,-0.777780315,-0.937634955,0.050892835,0.041719922,-0.380411624,-0.459225741,0.156578521,0.421141164,-0.510831575,-0.282392695,-0.300832397,0.549337713,0.01515095,0.456145151,-0.435697189,-0.701043079,-0.453959461,0.856448969,-0.348759199,0.162448771,-0.738126475,0.515753051,-0.055402719,0.362912013,-0.528376006,-0.787807527,0.497523975,-0.016658027
EVI5,0.018754045,-0.283802778,0.296184533,-0.934784041,0.338630759,0.089615913,0.444813089,0.319111389,0.090024812,0.022524193,-0.241683597,0.420213182,-0.025051619,0.063205603,-0.089485739,0.307956425,0.373237518,-0.38203259,-0.29607019,0.291304317,0.219408887,-0.700876528,-0.122093158,0.533349238,-0.416989012,0.218605931,0.186820178,-0.205176092,0.140822483,-0.027753358,0.412268585,-0.218341195,0.379728424,-0.274773355,-0.170510276,0.189594321,0.364468111,-0.199355113,0.00893133,0.234731583,0.031567507,0.224074711,-0.710569494,0.291313519,-0.552810808,-0.548140199,1.187188299,-0.04209193,-0.542569931,0.050405686,-0.185588426,-0.154402507,0.367552375,-0.153202581,-0.975153177,0.500931331,0.025882363,-0.904829032,-0.068106973,-0.796337447
LY75,0.91516801,-0.732058908,-1.034957777,-0.566306543,-0.944651744,-0.77518545,0.098231043,0.765510639,-0.293678474,-0.634925253,0.006893286,-0.159472976,0.332979904,-0.522572277,0.286692855,0.11049051,-0.161526893,-1.289752488,0.472455066,0.413805391,0.753226495,-0.059376593,-0.131531868,-0.240395679,0.571512005,0.166663305,-0.257695735,-0.506474415,1.759572215,0.922552239,-0.306102279,-0.437536545,-0.861270865,-0.555454914,0.109280438,0.067410817,0.69274585,-0.781971504,-0.648084994,-0.156610843,-0.055099128,-0.520983802,0.266956451,-0.304685285,0.029186056,-0.499735137,-0.135647162,-0.371606968,-0.659738401,0.111287424,0.089169147,-0.358822332,0.512276721,-0.023376805,-0.682120807,0.105757179,0.23848295,-0.291558127,-0.203614435,0.011813594
NRP2,1.928324069,-0.419676961,-0.982852231,-1.263318351,-0.005823736,-0.505199456,-0.706661968,-0.11012062,0.247971882,-0.697222516,-0.934537776,0.590372123,0.380072059,-0.878427336,0.34841921,-0.37575441,0.521790239,-0.075249456,0.567443832,-0.736969887,-0.177333844,-1.141869186,-0.558337828,-0.485791804,-0.069194073,0.187913264,-0.469637008,-1.014438722,0.649611065,0.046306238,-1.111618613,-0.25885581,-1.044962933,-0.041448509,-1.43063806,1.446319529,-0.13035497,-0.192668668,0.318269484,-0.081883743,-0.227693552,-0.699165218,0.198599912,-0.100193834,-0.645295646,0.47627477,-0.711917782,-0.672712628,-0.748889789,0.25441695,-0.638434145,-0.693944616,-0.475549376,0.378810159,1.366651538,-0.462332798,0.125095195,-0.991580911,1.050518895,-0.196448326
MAN1A2,-0.038036354,0.574321944,-0.011910291,-0.528563099,-0.122661371,-0.19320161,-0.15255072,0.325344361,-0.120389107,0.148791829,-0.140709163,0.311617074,0.233317402,0.810630124,0.346449938,-0.554435754,-0.375782022,-0.138990877,0.672939,0.863378823,0.142521538,0.163424374,0.533251821,0.891865775,0.10529669,-0.234385212,0.142195745,0.315472732,-0.562120292,0.307748443,0.300731339,-0.375677626,1.001541715,0.765317154,-0.051986392,0.193127889,0.024983007,-0.308414673,1.009143615,1.00409545,-0.065977027,-0.035595817,0.258125434,-0.651270476,-0.486844675,0.450945922,0.358344659,0.405418404,-0.007848212,0.311742066,-0.166003169,0.173149855,-0.193860964,0.375288289,0.260328369,-0.005118333,0.147268592,-0.487666126,0.511781905,0.174501218
PLXNC1,0.652610098,-1.36584594,0.322416973,-0.567882026,-0.091714116,-0.180858288,0.336839692,1.020048911,0.036256854,-0.208838847,-0.219899908,0.816228696,0.585600533,-0.747613985,0.935101509,-0.570367769,0.433806048,-0.187627749,0.033155651,-0.0157072,0.27072585,-0.705199995,-0.3825941,-0.533080763,0.376639227,0.679794934,0.602301503,-0.406121338,0.04397701,-0.080179116,0.285965364,0.313826294,-0.392000268,-0.703351244,-0.471608376,0.028705411,0.137594706,-0.130672415,-0.042546904,1.166661086,0.195444745,0.249391986,0.070798326,0.175090649,0.453394514,0.551042064,-0.334447575,-0.069432984,0.14386387,0.210938458,0.070493681,-0.367330082,0.069852868,0.351403048,-0.851113167,-0.159268899,0.603548885,-0.752985601,0.77373216,0.403997511
MPZL2,0.262374788,-0.888665777,-0.224110617,-0.271337349,0.304698949,-0.095456599,-0.204675734,1.177247191,0.099515203,-0.44042695,0.5713554,-0.31494967,0.660290894,-0.689586959,-0.750379622,0.379896342,-0.198144849,-0.782042461,-0.016557872,0.374937327,-0.417473735,-0.657375314,0.514491839,-0.146604571,-0.102352603,0.312531171,0.013165188,-0.048584202,-0.150863112,-0.576654971,0.843159438,0.09471253,0.434677295,0.513799179,0.87265707,-0.478497594,1.023672602,0.095718757,0.351478024,0.911916995,-0.079985777,0.312057114,-0.806652868,0.514375304,-0.555132963,0.277282157,0.153279962,-0.64414604,-0.039829891,-0.193803691,-0.349391912,0.468121776,-0.119330775,0.066067411,-0.360848088,-0.501034982,-0.451089963,0.702763488,-0.482592026,-0.128482495
ACSL4,0.581191442,-1.209018597,-0.344074462,-0.772391572,1.8516478,-1.03252045,-0.450507385,-0.130125201,-0.235408829,-0.329353684,-0.295430721,0.062887519,-0.308813704,-1.405088841,-0.509740107,-1.001194875,-0.480326753,0.160115734,1.434822963,-0.683702077,-0.492412518,0.28670772,-0.888028302,-0.854753859,-0.172428687,-0.285996465,-0.219505939,1.75373012,0.205224571,-0.333590379,-0.482941142,-0.1437882,-0.532059123,-0.035283007,0.322263321,-0.084503078,0.192358196,-1.063355263,-0.525361836,-0.441547836,-0.2765155,1.042117119,1.502208424,-0.393377876,0.090793376,0.005192484,0.071298143,-0.905091736,-0.447788189,0.054878308,0.642002439,-0.909770799,-0.354750876,-0.096035116,0.06117991,-0.120192538,0.048972013,-0.213491501,-0.121200204,-0.012976666
SNX3,0.186128056,-0.49709333,0.351817471,0.333008636,-0.085090033,-0.357894192,-0.450242515,0.115359597,-0.072418841,-0.108724798,0.197766908,0.310296284,0.050633696,-0.787228962,-0.401272317,-0.017825042,0.034314744,-0.125361279,0.04508995,-0.298328957,-0.121440621,0.050936415,-0.051809592,0.013755202,-0.118185963,0.31413118,0.182232362,0.419370763,0.044126722,0.141800696,0.538950407,-0.13703494,-0.149787107,-0.111701747,-0.008042042,-0.006919555,-0.114398087,0.747410304,0.180592739,0.250454612,0.111166679,0.04982151,0.026399524,0.333365448,0.009349523,0.328974274,-0.326564577,-0.49536549,-0.052040893,0.198509904,0.156043763,0.43234349,-0.232102684,-0.081059786,-0.155265946,-0.096526257,-0.012947875,-0.693471272,0.190128412,0.400879544
DOK2,0.847453485,-0.791349273,-0.191795697,-0.651714079,-0.844606368,-0.515077293,-1.354587154,-0.089564904,-0.321628585,-0.530933571,-0.409190279,0.778302106,0.82277319,-1.127951333,0.110538951,-0.856420067,0.291834067,-0.285719033,0.016311991,-0.81509239,0.2343267,-0.550784081,-1.147996451,-0.47200866,0.124040808,0.022392148,0.05999503,-0.72490639,-0.562040841,-0.439029568,-0.330341517,0.1648146,-0.804163455,-0.488292846,0.677154817,-0.460276473,-0.030918295,-0.033139897,-0.497548222,0.115473172,0.776422808,0.206134819,-0.064245931,1.196873632,0.214696148,0.152959668,-0.431526462,-0.39816724,-0.196273239,0.711774663,-0.850978411,0.320905648,0.54665016,0.217905387,-0.763501158,0.176433833,-0.079436686,-1.308918243,-0.043305652,1.102096165
STX10,0.169480105,-0.124848934,0.513790386,-0.313041529,0.141436756,-0.065460325,0.714040139,0.690834178,-0.299145873,-0.283155003,-0.417033894,0.063997436,-0.194704493,0.477113858,-0.590933773,0.632290207,0.039116302,-0.253099188,-0.42758032,0.03960471,0.023228506,0.242000319,-0.01576895,0.277099763,0.044507897,0.155719018,-0.244066675,0.054395145,0.096117601,0.630616162,1.011443463,-0.245970024,-0.172162065,-0.288298834,0.056087335,-0.123958586,0.186918735,0.43809956,0.081116376,0.044450587,0.61527001,0.558409285,0.174140868,-0.28359376,0.22073804,-0.010413192,0.398272717,0.412792831,-0.185011836,-0.342011427,0.051861416,-0.128041356,0.087526018,-0.250924271,-0.253393663,0.0607465,0.189478739,0.041958512,0.011647329,-0.169540945
MGEA5,0.113466898,0.353013784,-0.250589923,-0.245408686,-0.279570238,0.137305318,-0.37774441,-0.235368061,-0.211265083,0.020454274,0.946489154,-0.121815326,-0.217969531,-0.028249522,0.085586018,-0.420084945,0.429459278,-0.199933296,-0.25881043,-0.101814068,-0.504415546,-0.317699099,0.149343431,0.64857868,0.365228748,-0.572030838,-0.327306031,-0.672460709,-0.180925862,0.014766172,0.755314207,-0.080849033,-0.836396028,0.306121059,0.224757372,-0.191280687,-0.058687508,-0.093333938,-0.314519239,-0.082862192,-0.085403663,-0.025987664,0.059729879,-0.335941118,-0.44401575,-0.460087098,-0.059984379,-0.176246102,-0.320403265,-0.12460038,0.575465194,0.013543924,0.104069468,-0.121380635,0.50372778,-0.106472143,0.304155488,0.949077269,-0.299142516,-0.529789313
ADCY9,-0.062531021,0.310147564,1.34293971,-1.085986807,-0.872378058,0.654056426,0.61288757,0.805125994,-0.338143485,-0.372470502,-0.005752589,0.263169735,-0.255111115,0.355020898,-0.143446386,1.001807389,0.004100623,-0.67665542,-0.128632802,0.530980714,0.915661635,-0.073523645,1.251191294,0.245828922,0.086186789,0.759672062,0.224482205,0.011120691,0.14484248,0.213085084,0.545106198,0.266767524,-0.081774265,0.218867271,0.806459604,-0.015228072,0.586679779,0.56596171,-0.012751959,0.141407973,0.199661601,0.563285759,-0.446940325,1.07570713,0.318551623,-0.137492616,-0.021226252,1.514699384,-0.517794313,-0.092963461,-0.263356548,0.573054736,0.525055475,-0.281844022,-0.134799347,0.668431303,-0.730991627,-1.193477939,-0.077527652,0.047947381
SORBS3,0.282998009,1.139491143,0.610895954,-0.242769095,-0.406444735,0.800222341,1.072688494,1.03223667,-0.021112285,-0.409460318,-0.505161163,0.029567023,0.63048805,0.393116483,0.610970257,0.300194669,0.665521271,-0.141668552,0.143881154,0.044160063,-0.122396729,-0.2863766,-0.017186477,-0.48890845,0.539304663,0.797078857,0.78969069,-1.204062677,-0.204857991,0.065190487,0.542167691,0.882271788,0.643881772,-0.392422307,-0.391016845,-0.304943351,-0.155437168,0.246269242,-0.090016137,0.110238232,0.412473193,0.145984933,-0.460059455,-0.032844877,0.98563422,0.636946671,-0.009612111,-0.466740754,-0.534656529,0.256633344,-0.176410388,0.475778687,0.386405977,1.073112972,-0.376073635,0.23628023,-0.037365952,0.03518972,0.140791111,0.915694821
SYNCRIP,0.078544948,-0.373243752,-0.116327797,1.199678909,-0.2300054,0.329314644,-0.206220931,-0.043031639,0.057490859,0.707779117,0.970361937,-0.16798471,-0.029078416,-0.120109708,-0.039839147,-0.233327227,-0.483553414,0.014532986,0.379960262,0.204413064,-0.013642067,0.709789467,0.140136543,0.443388589,-0.080373133,-0.046001188,0.60382636,0.034364711,0.087087345,0.228625526,-0.120994685,-0.216993649,0.156114036,-0.092033511,-0.398604772,-0.119154684,-0.408373508,-0.031068065,-0.23816474,0.102735904,0.001030047,-0.399182952,0.231195902,-0.174209668,-0.194479922,0.152857503,-0.487424762,-0.562282735,0.305415851,-0.264906561,0.057388379,0.49486257,-0.352235356,-0.370724922,0.572335244,0.116752307,-0.044409049,0.114003865,-0.007143853,-0.288516134
TPST1,1.279693611,-0.894448109,0.605268026,-0.396720233,0.093509887,-0.73921158,-0.147983387,-0.096400108,-0.524523829,0.290451283,-0.144049642,0.643602986,-0.234984676,-1.359094737,-0.662591001,0.075601652,-0.293583686,-1.024922415,-0.116155148,-0.487911521,-0.522488449,0.718079324,0.056071155,1.420851603,-0.811272534,-0.231275017,-0.764594064,0.337697624,-0.140575177,0.228582009,1.0869254,0.009952796,-0.411278671,-0.205589702,-0.027401605,-0.21420619,-0.008763202,0.02263062,-0.594277316,-0.143001109,0.547164933,-0.962886185,0.339877647,-0.072321849,0.247749106,1.412880892,-0.601191779,0.064664122,-0.608006908,-0.044160766,0.294377345,0.046564336,-0.052578199,-0.090732028,-0.036564992,-0.040743079,0.101999608,-0.423498776,-0.409377195,0.256807128
CDC40,-0.164005915,0.101088107,-0.059434745,0.979377072,-0.198512322,0.49969283,0.219823125,-0.040716525,-0.117166013,0.786600813,0.832006384,-0.1492728,-0.435953851,-0.081654602,-0.230027583,-0.193274077,-0.315887593,0.071451306,-0.205590808,0.66851954,0.087761099,0.297564191,0.280593805,0.22391698,0.148472463,-0.104519791,0.297661951,0.041322646,0.225636313,0.590905578,-0.193824184,-0.388538303,0.191091078,-0.552868578,-0.332689336,-0.035826028,-0.002474892,-0.068474995,0.657035427,-0.110323126,0.336355095,-0.298597622,0.236693203,0.290131033,0.317743992,0.139854721,0.022605327,-0.382253506,0.241104756,-0.12844492,0.170259009,0.753226774,0.235844071,-0.310607522,0.135346038,-0.058336455,0.599965375,-0.126032151,-0.303142025,-0.224329817
RANBP6,0.467255266,0.164122935,0.377002257,-0.124892941,0.024285178,0.129541569,0.854074073,0.221369307,0.088353763,0.65552143,0.082135579,-0.029150632,0.027168757,0.153190684,-0.042025443,0.236364065,-0.098895939,-0.393432805,0.383053678,0.109267895,-0.241434802,0.245221753,0.386807392,-0.195589254,0.701071609,0.045196227,-0.066328546,-0.575139264,0.193089273,-0.054504848,0.040973915,0.201883467,0.100789888,0.809879306,0.998320916,-0.003107671,-0.328144488,0.658304498,0.01777193,-0.168841981,0.447123248,0.033293894,-0.695261111,0.211551169,0.296347769,1.127349967,0.120361883,0.513491544,-0.067661662,-0.042990698,0.151123239,0.353134546,-0.018308642,-0.058174058,0.109077567,0.240248588,0.577693069,0.323391728,-0.067091767,-0.285253636
NEMF,0.104915096,-0.549862664,1.025996179,0.757963019,-0.184598603,0.334233366,-0.628141877,-0.112712791,-0.248569437,-0.182813771,-0.033575553,0.217086456,-0.033566255,-0.271468871,0.036112526,-0.102345132,-0.325368554,-0.069152181,0.0560116,0.396231053,-0.030536812,0.117179388,0.478277935,0.488260665,-0.402145072,-0.370742978,0.036251383,0.070128456,-0.069902006,-0.462893242,0.031545647,-0.778544363,-0.542951241,0.169787416,0.158391807,0.773044156,0.0168906,-0.11470259,0.489681976,0.331822118,-0.086130886,-0.539083584,-0.17809445,-0.38604442,-0.098877117,-0.079514852,-0.06205754,-0.112237125,0.443564886,-0.081385728,-0.14157082,0.007978515,-0.063476087,-0.117867076,0.146432685,-0.195084939,-0.21731696,-0.19268871,0.783027563,-0.177374993
GMDS,-0.928546011,0.143631868,-1.241609993,0.002360374,1.232839409,1.213455836,-1.226769418,-1.653393071,0.092444953,1.014322174,1.803776637,-0.892744134,-0.448353185,-0.738741138,0.209433295,-0.996610427,-1.238297696,1.599518925,0.684269597,-0.842250062,-1.927649151,0.009306785,-1.703825678,-1.3673346,-1.253752474,-1.589953436,-0.630439065,1.679734654,0.832276402,-1.472202312,-0.462685812,-0.780108044,0.095544377,-1.578004323,-1.680812081,-1.26565088,-1.502658583,-0.750037251,0.690343021,-0.615010607,0.105959739,-0.54961715,-0.948539579,-1.16661001,-0.133412204,1.243418977,2.786866313,-0.286329067,-0.85728701,-0.482797437,-2.272930295,0.057996483,-1.226925438,0.428243476,-0.330223172,0.86122105,-1.649380766,-1.423585163,-0.113298001,1.201021365
NMT2,-0.897404295,0.34211653,0.392204346,0.732223865,-0.049721715,-0.024317475,0.581029734,1.124771378,-0.02976925,-0.281982332,-0.761615992,0.860086601,0.437283035,-0.135635805,-0.41029238,0.028833373,0.092473637,-0.179487316,0.059328947,0.137804579,0.312718936,0.270687173,0.738112325,0.000581449,0.486512363,0.623382921,-0.621420096,0.520552868,0.158183116,0.244817484,0.579209193,-0.616957174,-0.416329833,-0.967186764,0.194920381,0.314443221,0.120493187,0.420678479,-0.382863679,0.864793378,0.441066937,-0.220219418,-0.43549646,0.514286228,0.463420713,-0.621252571,-0.504046937,-0.310232631,0.542379817,-0.017077588,-0.101410719,-0.351136796,0.086443591,-0.274936362,-0.733656048,-0.085444404,1.057425429,-0.362758213,-0.165473731,-0.125286935
CCNT1,0.021825878,-0.214206403,-0.639064295,0.351184783,0.120684785,-0.384814238,0.064763066,-0.189160276,0.161385439,0.506037989,0.606206887,-0.304498813,-0.146811975,-0.022202506,0.000641117,-0.010847829,0.162997327,0.941909079,-0.192665429,-0.3950101,0.258941957,-0.124482949,0.020395879,-0.475307855,-0.029161196,0.187839617,-0.56990288,0.014211147,-0.028838498,0.050997024,-0.475841587,0.591173851,-0.005988777,0.300750864,0.066403868,0.394334705,0.720421042,-0.189571583,0.539679182,0.236864216,0.428227169,-0.672703287,0.620800568,-0.403989115,-0.22322551,-0.494961263,0.100912269,0.361442616,0.518502014,0.093899446,0.536812699,0.124574146,0.019955786,-0.162233128,0.745206609,-0.180409855,1.425397868,0.169425586,0.182184686,-0.557976504
PLOD3,0.16339232,-0.563282966,-0.644770999,-0.443276385,-0.510546343,-0.300421389,-0.166504845,-0.003639072,0.091680927,-0.326924941,0.63854721,-0.385568987,0.425583317,-0.992742811,0.255613954,-0.261672547,0.408107807,-0.528881935,0.022689738,-0.850695988,-0.740440498,-0.896406906,-0.22686483,-0.203692086,-0.467521902,0.847714367,0.052964655,0.057979784,1.107680033,-0.221760679,-0.089340655,0.453329484,-0.79446846,-0.58371444,-0.256206412,-0.444202026,-0.605269349,-0.307456529,-0.067205895,0.73487234,0.273827762,0.084499129,-0.079453112,-0.198039695,-1.053067456,0.21318215,-0.231049787,-0.432567267,-0.082624304,-0.055743611,-0.494616241,-0.42009262,-0.117502461,0.00704778,-0.226899751,0.113808278,-0.668555891,-0.378589823,-0.129850744,-0.32669707
EIF4E2,0.185998399,-0.259350644,-0.738697474,0.064076545,0.084016705,-0.095493605,-0.169931542,-0.254539273,0.054983356,0.6507782,0.187595663,0.043384127,-0.383043364,-0.308897377,0.252769758,0.447770913,-0.331104817,0.316242742,0.393737722,-0.644912943,0.082074989,0.561269164,-0.409405327,-0.329515094,-0.234044273,-0.542093207,-0.419972087,0.044929604,0.536895399,-0.170538445,-0.171297281,-0.201771377,-0.18528032,0.108246007,0.500621188,0.146392778,-0.692925892,0.297624069,-0.035415219,-0.803181657,0.360465521,-0.159830268,0.159602411,-0.268166091,-0.714448613,-0.016280161,-0.328810132,0.622155886,0.177858698,0.245652974,0.331852528,-0.300244803,-0.184116093,-0.601154994,0.522015001,-0.066848164,0.419317361,0.383891361,0.157991987,0.166114904
CCNT2,-0.232995049,-0.279238036,-0.035036139,0.008848624,0.049186624,-0.231551447,0.345817778,-0.487637591,0.017374132,0.726877375,0.373490527,0.073066959,0.372061715,0.253438298,-0.21644993,0.217577797,0.11344666,0.290394279,0.029157447,0.788063794,0.057493534,0.888559126,0.841271858,-0.118003255,0.381497317,-0.484289029,0.123362093,-0.538973733,0.440650637,0.511189681,0.2075616,0.442877754,-0.184749609,0.242374806,-0.558143331,-0.418446881,0.682696105,0.07476745,0.585176515,-0.169378779,0.36106158,-0.288140241,-0.127631316,-0.223488189,0.444689191,0.397558833,-0.723257067,-0.102517429,-0.260162228,-0.539244701,0.527521645,-0.021505406,-0.041924454,-0.25177365,1.07799726,-0.095187524,-0.835522767,-0.036559691,0.29646628,0.587720598
TLR2,1.194424288,-0.375598747,0.815086143,-0.895129803,-0.209923521,-0.347660722,-0.034426643,0.239102777,-0.108429589,-0.846733215,-0.357295811,0.29085068,-0.689350478,-0.730708378,-0.506858847,0.178431247,-0.360900895,-0.461183985,-0.427489838,-0.299610774,-0.046567619,-1.45437514,0.33408133,-0.202497352,-0.139745548,0.270286517,0.365272602,-0.10964408,-0.170993988,-0.607492432,-0.223248619,0.45063681,-0.703291001,-1.302130752,0.371993276,-0.737234207,0.729801177,0.442915124,-0.577573905,2.040591808,0.133395648,0.94602281,-0.242717581,0.357522847,-0.101228026,0.992764945,-0.69771959,-1.120670901,-0.281493475,0.134163556,0.656257313,-1.096010478,0.503462239,-0.184050909,-0.804064421,-0.470154257,-0.007968365,-0.686386427,-0.278740998,-0.796212049
DIAPH1,0.192343932,-0.211157057,0.261906006,-0.222159616,-0.225105888,0.008347654,-0.105339228,0.586921671,0.487858713,-0.810455236,0.132354323,-0.35871265,0.109304688,-0.323352288,-0.538166338,0.780588732,0.098059472,-0.421737581,-0.177395914,-0.06657746,0.578259466,-0.2609103,-0.445997774,0.421472163,0.144639362,0.722530195,0.576972077,-0.655031883,0.621649213,-0.123285011,0.495859915,-0.034084937,-0.221695094,-0.459527368,1.14253223,-0.372993167,0.017608872,0.602479706,-0.194391331,0.503644304,-0.124778527,0.450530867,0.123032839,0.640773095,-0.444607084,-0.534112032,0.445627381,0.048724409,-0.520329936,-0.630288612,0.07762387,-0.055701242,0.243466819,-0.310878131,-0.370370583,0.318195635,0.29870724,-0.313444153,-0.335866888,-0.208313325
SELENOF,0.569609716,0.200577124,-0.063898531,-0.356905103,0.486858057,-0.548498376,-0.910245751,-0.128354638,-0.161422551,0.411353361,-0.250638801,0.407823943,-0.0800643,-0.432231364,0.182741303,-0.755766573,-0.258888066,-1.020106733,0.578866991,0.41259104,1.021797701,0.029225291,0.471410198,-0.011774618,0.015753773,-0.305110902,0.93083864,-0.099919169,0.659341874,0.756586765,-0.598323685,-0.414880215,-0.052074984,0.512651576,0.054654048,0.098214922,-0.428290307,-0.473683779,0.823533728,0.528677973,0.280667291,0.088615999,0.805808745,0.37977881,-0.888132506,-0.35184562,0.142496363,0.394559302,0.334641638,0.447880722,-0.593683484,-0.118684597,-0.12132174,-0.86823937,-1.356579596,-0.551634801,-0.300689307,0.232997873,0.073373141,-0.496615748
TSPAN3,-0.452275773,-0.448560284,1.088677583,-0.498967961,0.381584388,-0.333206413,0.713790479,0.004864404,-0.01798756,-0.200893025,-0.77124641,0.09833566,0.075272424,-0.162757583,-0.043917141,0.336018393,-0.669202798,0.329760093,-1.155813169,0.52663674,0.208493074,-0.064143788,-0.344281479,0.103125047,-0.721676145,-0.262426159,0.161052881,0.188561761,0.661089956,-0.346909359,0.740251227,0.407370503,-0.169734192,0.6656239,-0.159322994,-0.189839335,0.739723247,-0.880714639,0.174524728,0.307935164,0.136995223,1.122408715,-0.264536497,0.121427752,0.193000776,-0.050460031,0.174051304,0.357638317,-0.198222066,0.078752985,-0.016699346,-1.030991965,0.232132189,-0.671816215,-0.327598868,0.803404696,2.351902227,-0.487566481,-0.322863588,-0.050714687
EXOC3,-0.02084731,-0.018723141,0.196932117,-0.135031353,0.060522069,0.029789161,0.142372829,0.239841757,-0.452893391,-0.454764902,-0.179525205,0.123758213,-0.146066756,-0.021913532,-0.408637547,0.222669666,0.207923578,0.076133774,-0.334434941,0.652591539,-0.051392909,-0.057466648,0.327785781,0.464740273,0.097818796,0.169316823,0.103740717,-0.118999041,0.386142501,0.351395176,0.537409938,-0.11414271,0.328180849,0.366722674,0.378853647,-0.004443153,0.344939973,0.295466715,0.098938531,0.445672062,0.02980927,0.349061524,-0.415869789,-0.162225198,-0.111886545,-0.083059541,0.430695191,-0.18995165,0.153860658,-0.008308968,0.072326104,-0.122507125,0.21097142,-0.086697393,0.113745352,-0.070321881,0.352239786,-0.004850821,-0.26142697,0.045352896
PDE8A,0.209060713,0.159468108,0.32039505,-0.206670629,0.325949929,0.070641926,1.072543411,0.202932003,-0.102521413,0.017808216,-0.380142613,0.335653524,-0.259069384,0.111218104,-0.389961976,0.234855349,-0.454325029,0.50808885,0.46753388,0.120230672,0.177756198,0.20775211,0.164760497,-0.004773322,-0.10933722,-0.33273986,-0.61778757,-0.03835086,0.210937077,0.077889341,0.470495203,0.942060411,0.081828597,-0.569774298,-0.108861751,-0.082382242,0.348003081,0.150913959,0.206723694,0.026267388,0.275962638,0.387459734,-0.168650761,0.23900953,0.652748356,-0.407750018,0.758223449,-0.36721062,0.033448019,0.511942823,-0.444138306,-0.029166913,0.583073128,0.186772237,0.05588785,-0.018535116,0.571965498,0.123387758,-0.081655815,0.237286086
PLIN3,0.054957733,-0.698266153,-0.275345462,-0.08312916,1.168663133,0.344190882,-0.284393792,0.129745061,0.492008325,-0.215696306,-0.360782594,0.237131029,0.157227715,-0.869152581,-0.527434111,0.099720681,0.113991329,-0.855363189,0.168684181,0.244912316,-0.058156569,-0.636447191,-0.271679043,0.577135722,-0.047472989,-0.101381645,-0.098489447,-0.519503551,0.588380461,-0.378917419,-0.312238835,-0.229394908,-0.999728491,-0.73341531,0.476462092,0.038508405,-0.0415298,-0.32047476,-0.3078067,0.186069287,-0.027423053,-0.43457167,0.058587042,0.147931066,-0.437104397,0.268138231,0.348144201,-0.294082146,-0.035867342,0.140886693,0.014022215,-0.398466076,0.242946826,0.143826941,-0.252492383,-0.21079443,-0.334295142,-0.205009925,0.169689986,-0.307504785
SLC16A7,0.154018186,1.932532242,2.361989527,-2.300499503,-2.548023232,-0.585962351,1.068591921,2.447511441,-0.86741867,-1.423910835,-1.508687728,-0.001849442,0.407559295,0.048009822,-0.722564061,0.753006157,0.138209803,-0.921888442,-0.808041881,-0.567886483,3.063592731,-2.069874549,-0.167725426,2.341314014,0.875287605,0.690655629,0.450185155,-2.287152286,0.595454635,0.51864985,0.389416401,1.543011749,-2.536396147,-0.40908223,-0.017905239,-1.196048166,3.276967557,0.044676787,-1.126977593,0.312330219,-0.143678506,1.32196385,0.754923365,1.514475222,3.32346002,0.297486693,1.321422735,-0.687012905,-1.442498118,-0.141544191,-0.151305428,0.523667187,1.427305679,0.257029174,-0.84112053,-0.32667559,-0.289817375,0.541135338,-0.855043609,-1.889154905
RAD1,-0.928586441,0.001849191,-0.426958461,0.523625179,0.248481187,1.147061786,0.400633535,-0.24867119,0.139608698,0.288318504,1.051121074,-0.611061254,-0.078973834,-0.487159971,0.885611562,-0.078645973,-0.038099544,-0.686589957,0.447585962,-0.625282225,-0.102321958,-0.094489367,-0.192438658,0.358263101,-0.388334144,-0.11532968,0.142568943,1.663667684,-0.087389635,-0.382125801,-1.300026008,-0.529178054,-0.061066617,0.024646196,0.013725606,-0.022270792,-0.163327514,-0.161944862,-0.290944736,-0.268696667,0.706921171,-1.014243657,0.219431823,-0.382081728,-0.127424596,-0.096931851,-0.424839259,0.129790781,0.939342023,-0.173392562,-0.166628406,0.454272561,-0.247249873,0.175299911,0.219207919,0.501768988,-0.069374932,0.344686817,-0.599897367,0.066819535
JAK2,-0.04259045,-0.321344043,-0.036993659,-0.530119875,-0.060140829,-0.626773911,0.66627886,0.852565467,-0.061114702,-0.095472582,-0.18655272,0.543588963,-0.011236882,-0.209047871,0.049134703,-0.046260378,0.145801389,-0.589527434,0.057318132,0.068577856,0.272307022,-0.358368398,-0.013482612,-0.099681115,0.98012949,0.199666585,0.344785532,-0.19548296,0.404734856,0.138162521,0.131012507,-0.069465943,0.094601575,-0.423325949,-0.117966476,-0.427149316,-0.23830151,0.073299105,-0.087228699,0.74191739,0.161639895,0.248229385,0.19484437,0.765167391,0.280089331,0.046210662,0.349204351,-0.410023528,0.036878704,0.177312716,-0.744094505,-0.396930236,0.662310455,-0.017340417,-0.460031623,0.056922894,0.405543475,-0.844555552,0.123730805,0.151844724
MAFK,-0.634471,0.548515288,0.33071013,-1.012466765,2.064066258,0.237153836,-0.221823771,0.273669466,2.392718569,0.804582087,-0.940989173,-0.588665944,-0.156818131,0.546141203,-0.293869295,-0.797896886,-0.173755527,-0.163215587,0.789100484,-0.352803242,-0.309769337,1.176048864,0.026905887,0.544021655,0.459931821,-0.309066254,0.377309636,-0.67193211,0.064152691,-0.138723532,-0.431544446,0.320324648,-0.876658092,-0.00943874,-0.022117906,0.820269786,-0.138981836,-0.968331396,0.062620963,-0.259509229,-0.999544091,-0.028368784,-0.331459988,-0.054107094,-0.142625029,-0.249896204,-0.048674271,-0.025324729,0.490646604,-0.264572414,0.036953982,0.003292154,0.021425184,-0.054706353,0.558800383,-0.523031572,0.26083773,0.834480852,0.222000307,-0.698156749
PRMT3,0.985421367,-0.512274687,-0.217772586,1.011193482,0.095353847,-0.672547202,-0.395741804,0.19901343,0.082332754,0.498228328,0.377657805,-0.699024048,-0.425031406,-0.118014539,-0.792757673,-0.244712356,-0.418496556,0.379719986,0.19018259,0.097610697,-0.363441905,0.702740788,0.748804635,0.34337548,-0.239441114,-0.315483035,-0.135427214,1.971618394,-0.239016354,-0.411777584,0.115182327,-0.263640132,-0.744050018,0.073594574,0.054371735,0.311732085,-0.321825445,0.270347403,-0.237376397,-0.068634857,-0.029332922,-0.719037198,0.384445124,-0.42225009,-0.614324815,-0.49281397,-0.495584856,-0.108416763,0.781436894,-0.449403754,0.638355811,-0.299250256,-0.441379372,-0.428316862,0.211375657,0.441616976,0.180119322,0.04931576,0.035906194,-0.407642784
KPNA6,0.102514098,-0.299751065,0.160163569,0.453388653,-0.003468462,0.075147445,-0.138039534,-0.091647498,0.369726751,0.04623713,0.234747257,-0.166617557,0.187569804,-0.25616852,0.083306453,0.362932638,-0.143973446,0.398742344,-0.344393002,0.077428357,-0.150765773,0.015746023,0.362299972,0.252085343,-0.30045345,0.035293511,-0.059496824,0.235659813,-0.148285841,-0.300582086,0.045539111,-0.330841769,-0.389491788,-0.025790212,0.024928498,-0.10750775,0.44351243,-0.095377837,0.014203582,-0.043557584,0.443824521,-0.545486832,0.071615622,-0.165938951,-0.212335232,0.10731911,-0.300019651,0.498437125,-0.070916675,0.02655804,-0.01927406,0.325145963,-0.079699048,0.202086377,0.26256684,0.052934112,-0.272535385,0.090047423,0.138807329,0.062420782
SRPX2,-0.49091989,-0.636921472,0.30241926,-0.597778986,0.277223405,-0.250743787,-0.580824117,-0.325071704,-0.084988875,0.140186604,0.006652943,-0.289619356,0.93994711,-0.614860136,-0.236334778,-1.050232397,0.709685066,0.188074937,-0.235322901,-0.127974255,-0.129214672,-1.076240649,-0.578473141,-0.108614953,-0.25096309,0.344131107,1.697497171,-0.579624055,-0.919666201,-0.869560354,0.240604911,-0.350504166,-1.20432261,-0.743875482,-0.63315399,0.23345735,-0.08418962,-1.407313085,-0.558043148,-0.50125591,-0.712036686,-0.935991419,-0.463424388,-0.611021692,-0.020227335,0.476756932,-0.480281313,0.012122572,-0.358615615,-0.057734922,-0.103627161,-0.127286567,-0.049608614,3.231060941,1.053037381,0.802820443,0.340576418,-0.623908593,2.199917871,-0.493268544
UGDH,-1.578542018,2.475493453,-1.556863606,-0.592759062,1.582085845,-1.473373831,-1.456596141,-0.966303269,0.502462695,-0.16705819,0.450283354,-0.974653731,-0.829957978,2.638761724,-1.229956016,-1.744593077,-1.744598579,1.128404928,3.010992941,-0.981079587,-2.177334307,2.997809131,-1.218161013,-1.577920556,-0.105174894,-0.807753918,-1.130289836,0.408464917,-1.667238047,0.024318005,-0.478699238,-0.96458649,-0.624507028,0.783267582,-0.679440127,-2.117390888,-1.44495878,-1.693014217,-1.171931078,-2.48313954,-1.011152686,-1.885641443,2.373446925,-0.337471101,-0.808152747,0.557505179,-0.323090128,-1.098335055,-1.682048587,-0.945471953,0.099314565,4.404681071,-1.732296082,1.85680428,-0.322574954,-0.044450279,-0.590696299,3.196283609,-0.865886817,0.918171659
TPST2,0.024259671,-0.760776668,0.56365953,-0.331204549,-0.35816898,-0.39006153,-0.0611583,-0.144760889,0.144954188,0.217819699,0.009662036,-0.039559901,-0.218168416,-0.838929164,-0.515431079,-0.224997114,0.121178855,-0.467300072,-0.338817202,-0.803551522,0.146903432,0.18065739,0.014707062,-0.173449837,-0.118223099,0.01532826,-0.28074473,1.508854569,0.335373609,0.807363249,0.215719199,-0.203829589,-0.336947083,-0.203419913,-0.010915151,-0.441019488,-0.038031505,0.166062744,0.006941015,-0.392383528,0.016714298,0.449405531,0.044995645,0.449622545,-0.29742662,-0.099532813,0.044859399,-0.064325902,-0.169352383,0.06109893,0.113500711,0.038331868,-0.163431535,0.055900664,-0.169812719,0.078833946,0.099954101,0.04898939,-0.015641554,-0.148078377
LPXN,0.389716993,-1.019155797,0.084367635,-0.479653829,-0.3129218,-0.954954331,-0.03988766,0.001361063,-0.397338551,-0.387579797,-0.775414132,1.141066644,0.193792795,-1.068843586,0.25032147,-0.520929832,0.105922014,-0.627001934,-0.058304043,-0.248749641,0.724983813,-0.303227414,-0.622511135,-0.213873919,0.427811394,-0.023092073,0.172492009,-1.047378792,-0.462061789,-0.388740159,-0.121948904,-0.450831423,-0.636103961,-1.003011395,0.009437465,0.15229017,-0.661968617,-0.1424289,0.16512101,0.101699496,0.472838492,-0.313765597,1.128428127,0.520009687,0.121190974,0.4233593,-0.205202049,-0.873583445,-0.29616861,0.479184866,-0.948644285,-0.121688287,0.478297832,-0.766100394,-1.013533908,-0.449749624,0.722281056,-1.086552006,0.814181256,0.3381295
CTNND1,0.014587637,0.465436095,0.651227856,0.160452989,0.338773617,0.355199667,0.195308735,0.044163891,0.270346558,-0.097716395,0.337329268,-0.309924274,0.04811767,0.561541722,-0.028204152,0.322089143,0.205259176,0.102002856,-0.511245718,-0.148517813,-0.092568421,0.242559848,0.649960871,1.016093438,-0.030418583,-0.267672757,-0.014210231,-0.212045641,0.397227159,0.283067915,0.401006214,0.196340049,0.59386421,0.554875149,0.004730671,0.175982922,0.299678545,0.287620653,0.678389526,-0.237030299,-0.157190341,0.237523258,-0.464999499,-0.072112867,0.019039795,0.019365531,0.801317434,-0.086969294,0.155000967,-0.344698448,0.124916574,-0.309969098,0.081090253,-0.069456783,-0.017164096,-0.092009304,0.082541368,0.634860912,-0.369126118,-0.071575068
SNX2,0.173322121,0.196445713,0.463717111,-0.47288758,-0.455560215,-0.240989573,-0.221015297,0.24679994,-0.068067325,-0.485015037,-0.035909303,0.669949132,0.193063391,-0.106968954,-0.532285819,0.116901438,0.069280947,-0.104700429,-0.004049305,0.229966578,-0.011897479,-0.330641457,-0.276378568,0.00244619,-0.005570888,0.581531438,0.024221555,-0.100583032,-0.055757975,-0.367752184,-0.112347912,-0.113972337,-0.173888064,0.005789436,0.428275802,-0.059165865,0.273410534,0.409766779,0.142297753,0.464365049,-0.142207067,0.152932138,-0.054771001,0.406186077,0.039725389,0.072481854,-0.03691869,-0.027731578,-0.372352826,0.368044299,0.017260607,0.281210716,0.139591351,0.029816348,-0.139740893,0.025092878,0.292166438,0.524939625,0.074444372,0.305206895
DPM1,0.115797779,-0.112842234,0.242668144,-0.365347049,0.115978232,0.504784968,-0.373709603,0.14210799,-0.061212567,-0.076757621,-0.320966009,0.43233929,-0.00829943,-0.269493924,0.055048884,-0.103541917,-0.060730736,-0.180615114,-0.176274825,-0.435103604,0.160412804,-0.398795397,0.441736539,0.011564154,-0.196120721,-0.437986791,-0.062533467,0.178774234,0.298333942,0.5324825,0.404171461,0.03653141,-0.389974846,0.145373174,0.329164906,0.071646212,0.501392055,0.079780925,0.408061391,-0.005921975,0.056776906,0.23728972,0.072215611,-0.36889148,0.110345902,-0.080824145,-0.038049942,0.035120361,-0.044782748,0.144895912,0.078264958,0.353866885,-0.192183948,-0.080865306,-0.267570099,0.021154242,0.667564061,0.437693269,-0.108586443,-0.253605552
USO1,-0.193610652,-0.310735917,0.13252531,-0.164210238,0.479455694,-1.018910209,0.065249972,-0.253224259,0.346532653,-0.011528496,-0.509851988,0.43245903,0.215321616,0.036635951,0.016834321,0.117936754,-0.481824847,-0.054824608,-0.229282265,-0.411773742,0.407863773,0.072949964,0.358230311,0.036416507,-0.051164413,-0.148038089,-0.392602163,0.312722996,-0.266455072,0.158990579,0.05582262,-0.211527117,0.457468765,0.664131217,0.120116828,0.708541701,-0.029618159,0.202671773,0.647707586,0.547320405,0.205129818,0.1791362,0.03300956,-0.139434662,-0.491387118,-0.381124409,-0.026004986,0.313022122,-0.183594136,0.011811706,-0.20034235,0.324829756,0.121828791,-0.316368871,0.000775913,-0.417759613,0.04450406,0.631003628,0.47454259,0.100564316
TOM1,0.310716547,0.311803283,0.160292749,-0.295556212,0.560318789,-0.510582256,-0.20119326,-0.024782274,0.457141649,0.157134516,-0.432136581,0.477581316,0.221333795,0.075621748,-0.437834693,-0.31605559,0.139708702,-0.223014004,0.24900059,0.554247982,-0.097123562,-0.283991538,0.154813236,0.743896596,0.300538867,0.173763867,-0.157384791,0.272518053,0.07549059,0.083228006,0.091739258,0.112367521,-0.315338322,0.179028153,0.143222941,-0.35142487,0.468431146,0.071166332,-0.279117364,0.0606919,-0.138936549,0.833723326,-0.078764136,0.195114202,0.352607028,0.326049709,0.155550875,0.013100324,0.07296099,0.523203433,0.156354035,0.253406064,-0.30391032,0.278348787,-0.378713652,-0.01638775,0.02816677,-0.2028005,-0.003989877,-0.143774354
PFKFB2,-0.039849527,0.93247789,-0.932987899,-0.292774602,-0.759131291,-0.170972095,-1.093188314,-1.048917359,-0.547946168,-0.696800361,0.337233826,-0.845704842,-0.424981796,-0.251160212,-0.127609044,-0.101439892,-0.529238606,0.221827686,-0.572872317,-0.857104527,-0.481161249,-0.235615459,-0.588212482,-0.544622336,-0.906322144,-0.842735371,-0.79137848,1.25011823,-0.387557676,-0.651601182,-0.359660186,0.613442998,-0.344436279,1.019075846,0.052669312,0.522021111,-0.742638416,0.10030311,3.022903767,-0.646254441,0.666939751,2.06330396,0.03913419,0.728160482,-0.353475801,-0.40121487,0.343963258,0.15463204,2.259001771,-0.411654915,-0.170247069,0.232477503,-1.106508769,-0.30566214,-0.373375001,-0.173469647,2.610621818,-0.192287663,-0.303434067,0.132984415
CCDC22,0.240190916,0.100247608,0.50936691,-0.234957483,0.023550979,-0.077620453,0.452899193,0.080087124,-0.078112177,-0.132241197,-0.257530605,0.567148498,-0.024130081,-0.014350837,-0.215141308,0.357569668,0.283578418,0.208364873,-0.149852563,0.139622211,0.182911831,0.011435715,0.4839004,0.622134611,0.067687145,-0.110851107,-0.082617234,0.384322856,-0.044082064,0.310793889,0.681694594,-0.005592005,-0.05924366,-0.131420699,0.29948455,0.076399859,0.475312509,0.496812715,-0.033476564,0.412778767,0.075154231,0.59527235,-0.272845922,0.342887807,0.013114196,-0.04614393,-0.060417068,-0.080963626,-0.386439947,0.411541842,-0.026465324,0.07561656,0.371690287,0.004450865,-0.216227368,-0.139368191,0.394637763,-0.437070836,0.126924361,-0.210716876
PQBP1,-0.346817571,0.40155876,-0.671436314,0.783112893,-0.234881408,1.026582956,-0.16805854,-0.1306994,-0.308031695,0.881766231,0.729519443,-0.462338347,-0.3398514,0.175379349,0.742880382,-0.250716972,-0.170084389,-0.125178303,0.095131069,0.093255351,-0.06762924,-0.477434081,0.082356863,0.106953768,-0.510398456,-0.255409677,0.188635225,-0.49614963,-0.101334519,0.034946679,-0.145520431,-0.641176718,0.276363533,0.087491839,-0.223476454,0.017796251,0.137067915,-0.935026943,-0.434974312,0.193081356,0.293897543,0.064996972,0.991663216,-0.588716726,0.098526717,0.136315159,-0.122999762,0.124353087,0.353578592,-0.541430633,0.111162985,-0.010270123,-0.235732511,-0.530833489,0.249871133,0.112020024,-0.114254875,-0.177058977,-0.662229954,-0.465324681
TIMM17B,-0.048020177,-0.152306063,-0.070391134,0.096948171,0.435596109,-0.14022413,0.040806338,0.518684478,0.276524186,0.680624605,0.022429638,-0.296262561,0.169757473,0.381760507,-0.380401149,0.213960938,-0.185661238,0.465555897,0.074712886,-0.216719118,-0.024867779,1.354281532,0.377442754,0.408207586,0.344535875,-0.190372453,-0.449967904,0.182071331,0.427349608,0.805532197,0.337349423,0.537622203,-0.021102315,0.295756435,1.488716572,0.19289032,0.091196109,0.216503576,-0.568194513,-0.845733207,-0.689481682,-0.373185495,-0.420893693,-0.231348047,-0.56880736,-0.538687798,-0.431498127,-0.318111023,-0.034209985,-0.283498662,0.00278972,-0.104738748,0.345581832,-0.390912255,0.025675075,-0.009610848,0.136831369,-0.626755859,0.001615167,-0.42042163
PRAF2,0.421217828,-0.696400545,0.176544387,-0.199240216,0.159221575,0.161105421,-0.053855969,0.497475779,-0.295661229,-0.067195799,-0.443309278,0.393597022,0.082073157,-0.833754418,-0.369520345,0.207030108,0.336096469,0.11366331,-0.349993395,-0.150780037,-0.228959714,-0.572307908,0.9366896,0.976408928,-0.354620794,0.089458999,-0.557695667,0.497318247,-0.038077787,0.357040956,0.981737809,0.086878806,-0.361544268,-0.010507373,0.624438268,-0.032738522,0.774801489,-0.166465236,0.175187079,0.056872532,-0.23526775,-0.17281678,-0.43170771,-0.361169426,0.306044032,1.059053545,-0.652848776,0.480013301,-0.536936206,0.478775772,-0.354805687,1.250106339,-0.242890649,-0.02644559,-0.718852075,-0.037752139,0.446507996,-0.620884378,-0.510712298,-0.526225922
DKC1,0.278532399,0.681996866,-0.468013697,0.719503162,0.14552207,0.231998342,0.380702048,-0.01984343,-0.367859884,0.311968993,0.396148434,-1.142382057,-0.223137994,0.746759044,0.788420829,-0.055364217,-0.687979765,0.005791696,-0.153158161,-0.222796422,-1.187239544,0.773997384,-0.143434497,-0.5930067,-0.677468217,-0.187625344,0.32581674,-0.384778839,-0.523094766,0.073780499,-0.581813504,-0.401289192,0.602872763,0.987494973,-0.116035649,-0.101615545,-0.119834014,-0.483240761,0.167219676,0.560957272,-0.068833,0.217563157,0.004002567,-0.686822407,0.428270159,0.169097919,-0.124592704,0.339721621,0.273584952,-0.926657344,0.778719302,0.229276831,-0.453267716,-0.301679917,0.075831526,-0.202413275,-0.816233893,0.788427355,-0.823446658,-0.395077218
EIF5B,-0.00403776,-0.382006279,-0.472331051,0.891498476,0.2852366,-0.423181901,-0.354503523,-0.153737988,-0.234870367,0.524157295,0.240129288,-0.209212103,-0.220354169,-0.332527152,0.143174506,-0.156991114,0.0400751,-0.153525396,0.323238808,-0.055006991,-0.171798876,0.083280764,-0.06676275,-0.098006364,0.127577069,-0.538346825,-0.242541073,0.709744451,-0.214202898,0.316156497,-0.549818066,-0.436556468,-0.733088183,-0.050984242,0.32985024,0.455609679,-0.448091161,-0.277744045,-0.057243311,0.085127393,-0.295744304,-0.564967712,0.810817636,-0.237288089,-0.579603375,-0.502324554,-0.257074106,-0.272956091,0.379791107,-0.611246162,0.073522375,-0.372984051,-0.442723588,-0.452172987,0.282168237,-0.336442841,-0.330142576,0.781496407,0.057767982,-0.305944208
TRIM13,0.168715896,0.141078826,0.227312643,-0.229286261,-0.13881669,0.719453576,0.359645164,0.049950795,0.303874348,-0.035564961,-0.122976014,0.049341321,-0.02184366,0.104319828,-0.189147484,0.430306777,-0.053455336,0.418426048,-0.143419107,-0.054639429,0.305199247,1.645055605,0.104028181,0.257403377,0.281421065,-0.742409008,0.08130883,0.031224077,-0.29966287,-0.411593801,1.894517782,0.222925547,-0.139371237,0.252569659,-0.317428027,-0.040572716,0.913356579,0.149347376,1.027750884,0.046082985,0.272707401,0.33377664,-0.455392001,0.142831776,1.894690664,0.739818961,0.4786287,-0.095661528,0.139222769,-0.050575032,0.162218409,0.261867046,0.070056882,-0.295351718,-0.023539239,0.22973877,0.336102941,0.029497807,-0.554708201,-0.070356272
GAS7,-0.052784922,-1.002708111,0.611244761,-0.594120876,0.05270881,-0.110607604,0.302927985,0.457524462,-0.093366382,-0.014557878,0.145213484,0.849127376,0.42983147,-0.803161386,-0.078235333,0.478275183,0.155887516,-0.660830197,0.309114426,0.400113429,-0.017333338,-0.95981712,-0.147784718,-0.382988309,-0.019661055,1.828273624,0.282164567,-0.985736412,-0.148431573,0.091474707,-0.351857896,-0.287246547,-0.804391112,-0.81305124,-0.573332812,0.153452478,0.342015014,0.559008709,-0.079848036,1.418983942,0.484657969,0.704683253,0.17801653,0.947569699,0.399113973,0.191434395,-0.339455133,0.169518655,-0.203909086,1.127048543,-0.0390143,-0.103884836,0.774845931,0.302470771,-0.291247146,0.04264443,0.552663773,-0.451310798,-0.129966454,0.175277282
EDF1,-0.366620881,0.356269441,-0.537252463,0.120980394,-0.212901827,-0.007615071,-0.436783625,-0.330837173,-0.020902565,0.031605346,0.25874729,-0.069748915,0.061785191,0.464990316,0.953593258,0.267919823,-0.292951918,-1.528211054,0.103871183,-0.834948829,0.292196787,-0.461809824,0.391642212,-0.168193897,-0.261973314,-0.499266055,-0.189495174,-0.723935916,-0.009352187,0.37631877,-0.095862123,-0.781404201,1.054156639,-0.028898384,-0.280293851,0.002472834,0.377929592,-0.219366202,0.323876419,-0.120522841,0.485850436,-0.821618044,1.064630269,0.074654595,0.004441729,0.402042461,-0.295950214,-0.343989574,0.356589498,-0.338915251,0.04323463,0.785453948,-0.377999698,-0.641687976,0.291864655,0.194109675,-0.498292097,1.295050256,-0.2307195,-0.596582308
KIN,-0.189024882,-0.45171503,-0.336605464,1.062433292,0.318728062,0.467214211,-0.053831262,-0.351315821,-0.299159749,0.894635146,-0.660046685,-0.342517509,-0.361975555,0.191585701,0.3255672,-0.419263341,0.017299396,0.530756697,0.415412258,-0.488112618,-0.252976373,-0.145906762,-0.155257848,0.087275333,-0.109378183,-0.084253068,-0.255792318,0.843590324,-0.547200723,0.291161577,-0.198852352,-0.242581386,-0.028556975,-0.77544919,-0.553263601,0.720610041,-0.252609368,-0.38386956,-0.243044178,-0.011413302,0.231745169,-0.251981501,0.536401995,-0.753124166,-0.140916262,0.008260172,-0.140528299,-0.134770912,0.942670202,-0.335900181,0.429162994,-0.165890736,-0.14405919,-0.024108074,0.162258329,-0.306615317,0.013116397,-0.026500522,-0.221251184,-0.318230284
DIAPH2,0.579205041,-0.681359164,0.709707655,-1.435206865,0.439259275,-0.878955784,0.112914938,0.54956666,-0.5285032,-0.637389166,-0.750426532,0.445581658,0.025838418,0.136833899,-0.6441046,0.418492586,0.275260911,-1.177014599,0.109405179,0.295674757,0.296804383,0.439334597,2.293400234,1.463783629,0.567131077,0.304469554,0.607875783,-0.387890333,0.389213214,0.557206487,0.081918607,0.300204393,-0.896483045,0.093597924,0.506692278,-0.515082212,1.842722188,1.01794561,-0.134379815,-0.298828858,0.259567737,-0.534558398,-0.14569943,0.183162017,0.52430966,-0.019474497,0.291062579,-1.032307557,-1.018202341,0.440251005,-0.142421462,-0.291083019,0.608051773,0.022807881,-0.149300134,0.310357122,-0.020250029,-0.907734238,-0.375137313,0.106043683
DNAJA2,-0.477297947,0.181253261,-0.279029558,1.611821941,0.066168786,0.014041222,0.112734517,0.604200844,-0.217142931,0.33203134,0.321564524,-0.748709946,-0.27358352,0.120016876,-0.12290208,-0.512453232,-0.334845733,0.879676918,-0.222555045,-0.120382011,-0.789695854,0.550102493,0.241734807,-0.068803853,-0.133746624,-0.418152986,0.21252683,0.428964925,0.355074606,-0.016409394,0.17584064,-0.087515105,0.32830338,0.501189108,0.314874271,0.235183787,-0.073127411,-0.487272281,0.516089171,-0.045157093,0.010169306,-0.253817003,0.506291049,-0.306928871,-0.046756239,0.191622445,-0.097781186,0.655016954,0.691004615,-0.178028055,-0.039074492,0.791610709,-0.322129335,0.073008891,0.235487551,0.4109113,0.217384648,-0.06549592,-0.341192627,0.214304395
BRD4,0.367712525,-0.311201573,-0.089088183,0.403633559,-0.006226887,1.655320439,0.093688916,0.52229254,-0.008771493,0.570401094,-0.134137471,-0.080647772,-0.302908051,-0.362356402,0.170306492,0.466077585,-0.153402499,-0.183237625,-0.123796883,0.26766744,0.736352054,-0.625636125,0.295416724,0.21819723,-0.096916699,-0.021541738,0.365121837,-0.292811278,0.185673027,0.284425233,-0.137519195,-0.242237914,-0.419932686,-0.511995867,-0.617331662,0.038560086,0.213605501,-0.517824105,-0.409249567,0.074984062,-0.13096003,-0.145916738,0.000508512,-0.009458508,0.815156253,-0.107525847,-0.23998601,-0.171502884,0.369426051,-0.518685571,0.673432456,-0.49781905,-0.045524897,-0.532312212,0.368153258,0.611308112,0.043374148,0.374558749,-0.453729869,0.04204984
CUTA,-0.211586552,1.502684417,-0.554193513,0.381858236,-0.193248495,0.628235356,-0.974753982,-0.200980725,0.232024372,0.307343792,0.886574633,-0.367107488,0.387097689,0.262288004,0.538272691,0.188485387,0.081046844,0.347891431,0.710209988,0.411410988,0.057303681,-0.079569123,0.14776114,0.35503478,-0.533619596,0.065432778,-0.486728729,-0.173844649,-0.353133875,-0.388019221,-0.477246273,0.77718214,-0.232333497,-0.171057578,0.603189985,0.072257156,-0.369291734,0.871036577,-0.989399103,-0.303169392,0.05542499,0.185812806,-0.462351094,-0.548074107,0.328420134,0.312918024,-0.036708949,0.4760802,-0.51581366,0.178738286,-0.18375673,1.176945293,-0.309590054,0.492910383,-0.111386344,0.606273881,-0.424464763,0.55468816,-0.25257354,0.429743697
OPHN1,0.000806927,0.875018043,1.190479082,-0.401656778,0.038450477,0.760644153,1.035113995,0.362228536,-0.772609918,-0.972038264,-0.231340981,-0.131867126,-0.223350273,0.328426008,-0.685336572,0.18564524,0.079132889,-0.09798963,-0.530700311,0.274581423,0.052428771,-0.109524596,0.667884291,0.175272004,0.412202811,-0.17603648,0.01094295,-0.555993662,-0.364470645,1.802340097,-0.412091534,0.386455241,0.853724224,0.123981787,0.484565111,-0.065720896,1.771120348,0.899513609,0.391878599,-0.119530753,-0.575937005,0.226188572,-0.248715284,-0.287809683,0.546574464,-0.177405286,0.03693364,-0.405057131,0.069643339,0.148818176,0.335527731,-0.124699199,0.196743507,0.162746505,-0.356213096,1.252590457,-0.184594902,0.26349051,-0.369902083,0.34034661
SMPD2,0.056992841,-0.757681122,0.33666851,0.255734532,-0.395795758,-0.035574496,0.562621447,0.468507693,-0.125272101,0.642177549,0.338677167,0.51394156,-0.152055221,-0.23494855,-0.136270858,0.136634335,0.05207712,0.002194104,0.348522169,0.067064262,0.021571796,0.122163329,0.586791944,0.006512261,0.429880238,0.365663416,0.066042265,0.272904133,0.061157782,0.590207959,0.112651182,-0.147617058,0.080875317,-0.163639044,-0.164495977,0.961105493,-0.363238937,0.81803462,0.160414204,0.534406533,0.10765463,-0.074199185,1.116292058,-0.382443916,-0.185683952,-0.121161998,0.033969846,-0.471320583,0.273223794,0.298712221,0.076026988,0.791749389,0.556928672,-0.116815872,-0.010841717,-0.610085652,0.096219528,0.229144071,0.879993598,-0.564783332
HUS1,-0.182167822,-0.159908213,-0.188088715,0.377927029,-0.141437828,0.373969979,-0.23894877,-0.124139433,-0.019100798,0.243520181,1.657531706,0.13353777,-0.007507743,-0.229541344,0.156309994,-0.138574634,0.593106437,-0.164544772,0.096764949,-0.244417516,-0.163454971,0.149100189,-0.032265637,0.509001346,-0.952503325,-0.111418293,0.076921028,0.784259044,-0.21611463,-0.251380155,-0.399422956,-0.417322003,-0.47615203,-0.107323453,-0.076065089,0.219230033,-0.788339104,-0.1254246,-0.114221889,0.026870224,0.048723081,-0.39710459,0.668523211,-0.399866274,-0.169404652,-0.122525333,-0.01687477,0.185113602,0.113292123,-0.320568991,0.097200155,-0.010804761,-0.401971669,-0.179518368,0.705635094,0.312328073,-0.204281056,0.035522634,-0.542491437,0.141054363
PFDN1,-0.137359876,1.594286976,-1.464724257,0.260534255,-1.001521933,0.724930113,-1.204332939,-0.878384548,0.63589579,-0.216074809,2.253083446,-1.799571561,0.708315967,-0.519842778,0.613076122,-0.439833653,-0.301114962,0.361667456,0.869100013,-1.24097609,-1.376255764,-0.62579111,-1.035100815,-1.017730367,-1.13584854,-1.050375442,-0.741500022,-0.742676679,-0.557598352,-0.898142588,-1.076038055,-0.304774802,-0.205709298,-0.793174728,-0.750612348,-0.449288677,-1.595173366,-0.640621831,0.225006183,-0.822828766,0.379925097,0.035231023,-0.78794785,-1.455620274,0.434706609,0.431124798,0.292785402,-0.350904446,-0.05035304,-0.845789985,-1.354585617,1.555292164,-1.050632714,0.232060931,-0.552103698,1.518768382,-0.859205178,0.811318435,-1.125470972,-0.034396018
PPP1R11,-0.53405825,-0.266894669,1.236011806,-0.353514985,0.016072739,-0.297295933,0.37990591,0.240936921,0.214587151,0.147161156,-0.219128157,0.59118974,0.302157991,-0.483059418,-0.244265459,0.339932378,0.777061452,0.327826314,0.360362603,0.154283534,0.230194157,-0.741958091,-0.976144692,-0.174346512,0.368556239,0.077637472,0.567703724,-0.212892347,0.143909382,0.075185289,0.065486071,0.377620455,-0.466772982,-0.690324018,-0.284578133,-0.062528348,0.38337464,-0.027371243,-1.470758213,0.350702478,-0.2355707,-0.118802187,0.197693981,-0.070366573,-0.420338346,-0.491795931,-0.167818554,0.06090271,0.097702878,0.161893242,-0.115323527,1.483669978,0.498290248,0.483401953,0.395043082,-0.013393305,0.430873506,-0.255976166,0.145870855,1.098783369
NBN,0.09911711,-0.402167703,-0.364846164,0.578062128,0.276243953,0.765598228,-0.401779049,0.603715964,0.18408013,0.280911718,-0.193700604,0.292285177,-0.176882916,-0.074930587,0.372727833,0.381473563,0.117705282,0.037245492,0.349599444,-0.459881906,0.77485276,0.136261193,-0.027355053,0.871494162,0.169243887,-0.230140195,0.000756198,0.262783586,-0.219740954,0.343044617,-0.020884295,-0.474611534,-0.05301329,0.13598243,-0.191219763,0.332096629,0.058991868,-0.210355411,-0.142447551,0.317888012,-0.524305048,0.154379464,0.499177589,0.084687405,-0.1344966,-0.185259,-0.206511336,0.387164345,-0.294990389,-0.101397248,0.481472621,-0.099032109,-0.068236253,-0.322917313,-0.017889433,0.375341606,0.701659683,0.593084039,-0.579788037,-0.264642802
DTNB,-0.315243268,-0.040983137,0.440127108,0.273596033,-0.990034205,0.691693016,1.84693649,0.701165545,-0.883677872,-1.327704429,0.34879462,0.73471099,-0.432088662,0.671263418,-0.646423572,1.035649089,-0.158977102,0.584729043,-0.97903093,1.997298222,0.600842035,0.288896329,1.141185451,0.3136046,-0.144773044,0.974242399,0.381938546,0.633433957,-0.225202522,0.827518516,0.603273853,1.114894362,0.32753364,-0.089020866,-0.171486649,-0.361241251,1.681676383,0.384913578,-0.255258378,0.596797222,0.230057721,0.753684467,-0.950993607,0.517673841,0.753740448,-0.178729523,-0.606676097,-0.025615296,-0.201787484,0.293484382,-0.109052408,0.077779505,0.364774789,0.245678139,0.069232537,0.489348345,0.126061804,1.105980305,-0.84737923,0.237515794
RNGTT,-0.465318524,-0.252494697,-0.800149213,0.984091086,0.000754561,0.688943807,-0.140802882,-0.30125227,0.159567199,1.32708691,0.175709969,0.11165008,0.181335037,-0.247573645,-0.09659498,-0.185166377,-0.386041963,0.178023728,0.283844635,0.032615654,0.199307402,0.117079526,0.019924816,0.292425839,-0.038102002,-0.223799843,0.799188062,0.563555648,-0.023850036,-0.007739425,-0.22697703,-0.56031215,-0.304462441,-0.354900619,-0.06817285,-0.006551326,0.537736312,-0.134967173,0.169386357,0.20574789,-0.138800016,-0.638608891,0.697780946,0.407206484,-0.245912107,-0.113224153,-0.144753785,-0.309614221,0.31787258,-0.166198328,0.347084868,-0.33240401,-0.07081823,-0.153097844,0.444359178,0.071286766,0.221641105,-0.979004282,0.11039472,0.921657336
LILRB3,1.216285696,-0.942129131,0.232399641,-0.887801257,-0.179584016,-0.846545353,-0.375969341,-0.525360488,0.320251195,-0.370351033,-0.097173325,0.923599709,-0.306774477,-0.614552079,-0.216840066,-0.358208625,0.926579176,-0.797427977,-0.176155275,-0.763924877,-0.038083337,-0.570817004,-0.58891093,-0.859115413,-0.154158353,0.176385973,0.213487045,0.598433316,0.312245444,-0.26072779,-0.067461869,-0.350607424,-0.69629812,-0.638439837,-0.051002427,-1.54373064,-0.160147132,-0.252969895,0.103720437,0.913868144,0.22938122,-0.651924601,0.471038838,0.672887207,0.107535967,0.252279062,-0.115167901,-0.554581955,0.165282963,0.26603688,-0.446986193,-0.33396205,0.097026475,-0.003497516,-0.502328322,-0.044980144,0.379644404,-0.679065858,0.37798151,0.132356762
ABCB7,0.038789056,-0.531676593,-0.569328525,0.309660051,0.092032053,-0.059204327,-0.55619499,1.01659065,0.239612724,-0.204621984,-0.271929819,-0.258018867,0.967569682,-0.450614157,-0.935010856,0.254205788,-0.161724005,-0.152538694,-0.576526859,0.180059824,-0.142614275,0.949387282,0.097464337,0.850616084,-0.250969168,0.334834088,-0.642341952,0.413272706,-0.420379753,0.777006819,0.292674044,-0.347471797,-0.605351814,-0.725712945,1.673316026,-0.056571199,-0.176367875,1.749086963,0.196684798,-0.864802545,-0.445062722,-0.935577048,-0.733929635,-0.506780187,-0.74696075,-0.41885359,0.159189232,0.387025756,-0.778080819,-0.308266428,0.304610032,-0.192910552,0.429289406,-0.645194067,0.229963724,0.875503735,-0.073775288,-0.206113587,-0.179879682,-1.23283614
SRGAP2,0.099959668,0.1390001,0.150064486,-0.318308198,-0.566528243,0.207498426,-0.33959706,-0.229717512,-0.327518687,-0.406667986,0.101094547,0.162229937,-0.139395603,0.047917857,-0.755618643,0.254889188,0.351019845,-0.516977584,-0.047135122,-0.612230084,-0.092989105,-0.508144571,-0.055521172,0.150980372,-0.087971783,0.136659192,0.424829024,0.049707502,0.049755406,0.214141023,0.312366258,-0.502446525,-0.543618213,-0.572965768,-0.201409063,-0.11219746,0.159575502,-0.201524922,-0.074001012,-0.103423376,0.626951659,-0.208185885,0.23194318,-0.021043699,-0.302347774,0.032884081,-0.235194204,-0.209319575,0.365307845,-0.120565379,0.790493317,-0.309871318,0.655449267,-0.175505638,0.687142497,-0.003815211,0.641178902,-0.687977186,0.13202015,-0.387640109
PLXNA2,-0.170381124,-0.147741951,0.434368356,-0.141044941,0.012497427,-0.327909635,0.69479279,0.078517073,-0.505568002,0.214912372,0.236962968,0.254291492,0.143216848,0.170767772,0.126248828,0.566507427,-0.273147812,0.451096921,-0.083838456,-0.221277755,-0.028608739,0.277704654,1.248449464,0.338720006,-0.02029349,-0.316786292,0.043816092,-0.063432318,0.309549165,0.026193023,-0.056083354,0.348328881,0.386780221,0.677555857,0.184920204,-0.495969143,0.875332008,0.475163367,0.426680327,-0.082314359,0.11954438,0.467440196,0.086212173,0.528518489,0.461001583,0.028575166,2.150517862,-0.051189389,-0.145278243,0.251846641,-0.610150002,-0.124637892,0.433805638,0.100470338,1.243738435,-0.531071205,0.178198966,-0.102361007,-0.103709755,0.762157168
NOS1AP,1.464211193,-0.197688842,0.24387436,-0.944032193,-0.179822753,0.423028193,0.091273274,0.039560294,-0.702566808,-0.395051569,0.44285345,-0.240898013,-0.309738922,0.785799742,-0.49152202,1.114857485,0.799170532,-0.271124247,-1.028545121,-0.106495735,-0.757614674,-0.170981983,-0.139084654,0.206715007,-0.212498296,0.051119671,0.226844959,0.208136694,-0.16566072,0.141736635,0.314868892,0.223332738,-0.569501897,1.189577648,0.172513627,-0.333053717,-0.089641565,0.69316034,-0.214491154,-0.708607198,0.672213649,1.436152373,0.630360332,-0.769909839,0.291066814,0.165862454,-0.043434658,0.282858833,-0.521058681,-0.121154641,1.072104988,0.327523779,0.519808248,0.243306856,-0.158658107,-0.158593819,0.928405878,-0.604122217,-0.839166151,0.228191385
IGSF3,-0.241373454,0.06965359,-0.265431123,0.524080088,0.518529326,0.53233255,0.526607094,0.269347925,0.695747848,-0.005971392,1.365091582,0.098856923,-0.33713357,0.236066628,0.185499698,-0.221401905,0.379705315,-0.021335265,1.081568553,1.466157675,-0.026234387,-0.615285627,-0.043472322,1.615273604,-0.099833073,0.180322815,-0.007271812,0.839336118,0.135452909,-0.247169126,-0.25255308,0.414523979,0.470891105,-0.675725184,-0.624551587,-0.001881973,0.353751327,0.419939275,0.018454127,1.409643065,-1.029582921,-0.127725989,0.174020293,0.22266647,-0.968457551,-0.28926108,0.060934488,-0.338441233,-0.044616947,-0.301971795,0.358428097,-0.08993716,0.146438832,-0.065876851,0.748617538,0.446928465,0.102704522,-0.545691764,-0.158889819,-0.061908546
FAM20B,-0.084321324,0.050570219,-0.497101937,0.448520908,-0.391934594,0.426943407,-0.269397693,0.409766119,-0.242234404,-0.197680943,-0.134225035,-0.135401682,0.28238455,0.710769028,-0.234255362,0.071989669,-0.838894368,0.469602613,-0.962353601,-0.387208547,0.11238314,0.331389068,0.282502907,0.148276636,-0.157006901,-0.393180445,-0.198162732,0.22867463,-0.22038587,0.775363747,0.483575619,-0.487437694,-0.155867718,1.011852781,0.463061675,-0.308367087,0.282362111,0.233438204,0.817665129,0.356623715,0.306615195,-0.471747406,-0.29341598,-0.341671227,0.244518738,0.899447126,0.396764544,0.067776919,0.536933308,-0.286532918,0.164235396,-0.779831455,0.049768994,-0.160710362,0.626193983,-0.120838241,0.128827135,0.554434436,-0.142902068,-0.211461278
DENND4B,0.440172209,-0.594025297,0.356256288,-0.21954391,0.202559005,-0.106857861,0.033806474,0.258816085,-0.051698516,-0.262166278,0.093017953,0.684005629,0.300182784,0.110488062,-0.330590271,0.387513385,0.277207358,-0.139846965,0.102556351,-0.08642521,0.086320067,0.018689137,-0.109320886,0.261438862,0.560070213,0.175227883,0.177190305,0.066520711,-0.056876355,0.028892024,0.149103033,-1.086207367,-0.159072038,-0.535448964,0.298594289,0.389040005,-0.02621576,0.076176426,-0.145617699,0.120972112,0.007623005,0.353340327,0.215136388,0.29197507,0.109924909,-0.131409399,0.120461912,0.026252916,-0.101645629,0.162719442,0.099747387,-0.398501219,0.194088102,-0.217646526,0.061117278,0.413032101,0.260320762,-0.707006118,0.065028424,0.667827486
EFCAB14,-0.395227755,0.545096669,0.098868372,-0.409178227,0.297191776,0.089364831,-0.26347418,0.653129002,-0.4430096,-0.21661047,0.434115949,-0.718869242,-0.829117529,1.434493359,-0.347436421,0.224117398,-0.52658602,0.137376576,-0.764286101,0.038802007,-0.108389633,0.117777226,1.538529754,0.711248237,-0.454558512,0.519547384,-0.568166492,-0.350230358,-0.168185354,-0.221516154,1.703464818,0.116480136,0.91015689,1.424291618,-0.169790789,-0.925624376,0.398533919,0.433134891,0.651429139,0.018888983,0.165781571,-0.051875831,-0.061573224,-0.71071551,0.101795287,-0.086911871,0.931361917,0.601664863,-0.162080682,-0.181897573,0.163549254,0.424831147,-0.218154261,-0.034224723,-0.048929981,-0.009877414,1.032046285,0.145518203,-0.048706936,-0.126666992
WDR1,0.231050023,0.662612617,-0.082001694,-0.822733298,-0.612825105,-0.287590684,-0.706509331,-0.396953599,0.311175413,0.018598009,0.761047392,-0.542637837,0.395388847,-0.175977614,0.242836222,-0.005732266,-0.461341688,-0.455187041,0.587038664,-0.588865614,-0.756207105,0.128715465,0.444596625,-0.141708798,0.01648857,-0.127465251,0.178891142,0.07342776,0.261108964,-0.779431016,-0.063841767,-0.752780891,0.123498866,-0.500403952,-0.11646989,0.070757874,-0.368250559,-0.133373759,0.077590954,-0.388158753,0.07252521,-0.771648713,0.06845542,0.159657103,-0.086368816,0.359065943,-0.067175745,-0.665902131,-0.530608042,-0.281658265,-0.453226159,0.636154218,-0.104865571,0.135633378,-0.474971969,0.417403548,0.089967841,0.299381273,0.297522577,-0.184088063
MEGF6,-1.079860858,-0.075064643,2.682825024,-1.358987813,0.916072694,-0.421330622,0.863217848,0.963598942,-1.056000051,-0.581457065,-0.941313238,0.950056408,1.222069405,-0.796665378,1.486650166,-0.07521005,0.667750037,-0.280816803,-0.729610138,1.140147371,1.572255687,-0.930611213,-0.05340239,-0.65836553,0.07991672,1.399106053,-0.220046432,-1.063485753,-0.915673379,-0.400228341,2.039098575,1.627151525,-0.873851708,-1.482874164,-1.391386141,-0.655713941,2.22021264,0.398013287,-0.980789419,1.652736401,-0.669657557,0.343863873,-1.710902317,0.524585408,1.306037219,0.91909889,-0.400949652,0.091350391,-1.296739916,0.894962702,-0.546008708,0.053618421,0.836508265,3.143980307,0.171598792,0.400916822,0.501857161,-0.148966745,0.617727563,0.667107291
ATP9A,-0.881938201,0.139679887,1.336057799,-0.827126307,0.379873811,-0.404601226,0.808452305,-0.501637202,-0.169560574,-1.407232825,-0.250149387,-0.732653468,-0.694549521,-0.084980897,-0.900072986,0.544895146,0.257362557,0.542752877,-1.248118633,0.507285372,-0.75349756,-0.117397029,0.713129468,0.855516005,-0.688258384,-0.538763535,-1.470305421,1.078997208,0.223134314,0.289381946,1.519864673,0.756138229,-0.184727789,-0.257425132,0.164107423,-0.502122159,0.768134829,1.183728291,0.708532358,0.955988926,-0.058430764,-0.05463795,-0.894787439,0.083858631,-0.197816559,0.511630582,1.480210643,1.713842899,-0.713118446,-0.585803066,-0.540970515,0.179367531,-0.267475605,0.049587098,-0.602019399,-0.36812371,-0.246288862,0.278438978,-0.701546657,-0.570827984
LDB3,-0.132060128,0.338098042,1.145530851,-0.998888349,-0.085789864,0.541885238,0.356002545,0.522396328,-0.532535622,-0.985578618,-0.100657391,0.757006705,0.403900616,0.558825079,-0.694113622,1.040306657,0.348243163,-0.44467101,0.11114408,0.638468935,-0.598421644,-0.445045287,-0.501156316,-0.020188517,1.851924515,0.46394843,1.642313934,-2.129832574,1.084950797,0.650853712,0.266750551,0.641557006,-1.354269082,-0.364131542,-0.394331548,0.10096476,0.267672108,0.288457141,-0.384837782,0.028828608,-0.175574248,0.021123397,-0.822085103,-0.116603096,0.395248914,-1.54663676,0.424532635,-0.763769572,-0.182814598,0.73397589,-1.110779867,0.324576836,2.582998217,1.636657445,-0.558342987,-0.301806178,0.778777298,-1.015280304,-0.325159213,1.550122006
N4BP1,0.024984711,-0.074656457,0.283394299,0.410074586,0.07857999,0.114916892,-0.156955432,0.172687246,0.241338401,-0.163095495,0.232698539,0.231526666,0.317567643,-0.247630635,0.022948437,-0.117755189,0.26800721,-0.078120816,-0.383662155,0.109519914,0.144358999,-0.029416132,0.787430197,0.376852614,-0.036705346,-0.126367836,-0.033506385,-0.195295018,0.012094354,-0.274079767,0.112577675,-0.117573819,-0.693613608,-0.308713903,0.114008314,0.008518859,0.546468605,-0.000662349,0.118903989,0.086844662,0.284640078,0.217082712,0.076407353,0.303321342,0.491060848,0.035709223,0.507242673,0.715895107,-0.191263575,0.139562182,-0.358998756,0.256001314,0.481907591,0.118277176,-0.160186289,0.269491279,0.675146024,-0.046754113,0.027156783,0.118236365
ROCK2,-0.039078068,0.431021781,0.426821624,-0.482863243,0.12002934,-0.195473157,-0.077447572,0.251324263,-0.189407456,0.321137248,-0.430841928,0.46580775,-0.329495678,0.245861,-0.463388301,0.010385348,0.48378677,0.263465469,0.040296644,0.502102734,-0.026608548,-0.188869654,0.847450611,0.339372695,0.671756897,-0.25097576,-0.274379535,-0.407223684,0.214249534,0.444423566,0.007661741,0.371000486,0.554644477,-0.220990778,0.327107231,-0.170050872,0.68227991,-0.114181529,-0.227518646,0.803689947,-0.250301483,0.293875643,-0.39637419,-0.042561101,-0.073833613,-0.037814937,0.188948051,-0.264066987,-0.084395518,0.050512929,0.059999789,-0.531976008,0.550965972,0.091600403,0.409419438,-0.261752514,0.031553472,0.60585508,0.012746043,-0.032318958
CLASP2,0.340548483,0.315652257,0.316371934,-0.521387526,-0.045541254,0.143139255,0.364926923,0.370932133,-0.348329091,0.093740128,-0.099568965,0.548614385,0.083574096,0.423965114,-0.08636486,0.195288288,0.104715105,-0.21373202,0.707640987,-0.097996209,0.283084482,-0.056159715,0.282242711,0.276316426,0.330721191,0.020694865,-0.197719629,-0.1574071,-0.201782114,-0.159707472,-0.006390299,0.037358852,0.040130282,0.027945385,0.042610194,0.423034767,0.134749929,-0.169999092,0.190509449,0.076590678,-0.033794218,0.032843019,0.151853827,0.26514814,0.118725206,-0.341780874,-0.135102843,-0.251729804,-0.193611363,0.190685291,0.428161823,-0.337343721,0.03964178,0.133395714,0.096896519,-0.374042551,0.160764944,0.452319418,0.14868108,0.268660138
PTCD1,-0.526796245,-0.817355011,-0.78420137,0.375419732,0.099580178,-0.50773872,0.586421485,0.101957963,-0.003685365,0.146944558,-0.073801012,-0.802799942,-0.387695211,-0.422607471,-0.089790036,-0.065827241,-0.043640835,-0.297861498,-0.283435647,-0.705812179,-0.948848732,-0.109486681,-0.434472457,0.64360322,-0.416692055,0.572373678,-1.673353052,1.348295424,-0.663648263,0.835970635,-0.059654749,0.078380144,-0.553710414,0.432060489,0.815828014,0.187927772,0.101113546,0.803112122,-0.143407754,-0.330086184,-0.560279236,-0.99712845,-0.114713578,-0.409178677,-0.614807553,-0.624905261,-0.760205121,0.021018653,0.583446692,-0.396644668,0.039956496,0.030537877,0.649501349,-0.543858764,0.646758558,0.047381089,-0.182000144,0.190962401,-0.208055687,-0.44750698
COBL,0.371608129,0.356439745,0.399448862,-0.787235895,0.147001814,-0.18439207,0.73385659,0.425330192,0.197234446,0.013285942,-0.187380904,0.294948301,0.587309526,0.204241603,-0.42600125,-0.296530475,0.522607938,0.386368483,0.152274827,0.685514985,0.269046064,0.025453544,0.364653483,2.750146449,0.303651881,-0.054857428,-0.183025513,-0.692202449,0.042230974,-0.429156376,0.552829901,1.053191597,-0.471653163,-0.000399098,0.221106847,0.138297225,1.387181074,-0.181344936,0.061796282,0.930712077,0.206212026,-0.084168261,-0.35756426,0.220717975,0.471097268,0.092009046,0.388807272,0.027840458,1.504772599,0.287024713,-0.049289475,0.24655027,0.408225543,0.207017932,-0.574008261,-0.1927523,0.499241571,-0.117045859,-0.048092056,-0.025607585
CPNE3,-0.079517289,0.253835663,-0.11622319,0.980179854,0.219158806,0.476528857,0.213779828,0.30853545,0.232265627,-0.199058733,-0.70051144,-0.132742219,0.070118677,0.856827171,0.01050085,1.296329035,-0.231267687,-0.101320349,-0.161873582,0.422300275,-0.227936181,0.609170594,0.18343011,0.342439416,-0.08880947,-0.040671292,0.080670947,1.521108166,0.0482544,0.315079223,-0.080849896,-0.001911882,0.63466456,-0.279670511,-0.02418123,-0.149849173,-0.082095935,0.463929025,-0.088021038,-0.513447059,0.111543657,0.272591541,-0.529618945,-0.205299463,0.111470488,0.062315715,0.288002258,-0.108368011,-0.316086522,-0.174950046,0.019606824,-0.141542147,-0.229861251,-0.073522692,0.117920686,-0.306018276,0.010305872,-0.683739579,-0.049461418,-0.372379714
DEPDC5,-0.186176321,0.032801283,0.467308363,0.045468599,0.056906369,0.578345403,-0.15303228,0.213484715,-0.08188149,-0.005055882,0.220186523,0.403170479,0.734642737,0.657718433,0.331351378,-0.107557072,0.152726439,0.065923185,0.166249941,0.779883318,0.18566709,-0.148287358,0.387433122,0.644145859,0.410777036,0.455098868,0.479167696,0.406136487,0.071699911,-0.22519966,-0.300105668,-0.02673445,0.037268082,-0.172004401,0.743248348,0.224215073,0.403955001,0.090626847,-0.20968268,0.677440757,-0.418225976,0.350283266,-0.244406654,-0.288760775,1.294955345,-0.294353116,0.089247004,-0.013250108,-0.06870515,-0.069472438,0.005555296,0.29537836,0.122487561,0.004405035,-0.017307467,-0.06616907,-0.042975417,0.204114998,0.269869722,0.119567594
ATG13,0.71947009,-0.119039069,0.006011278,0.653635455,0.051576956,0.57779359,-0.003111953,-0.164249238,0.16053789,0.068661978,0.602016086,-0.322446493,0.303847305,-0.170717867,0.720684104,0.046745405,0.547534086,0.919592848,0.380024047,-0.18495499,0.091244028,-0.511216531,-0.361516213,-0.506617541,-0.284889962,-0.517829371,0.185035525,0.500330578,-0.008222977,-0.095910513,1.203209565,0.645036542,-0.327088935,-0.041929589,-0.499122187,-0.088529385,0.32396354,-0.194782642,0.200402848,0.147605147,0.094626028,0.086807829,-0.10863648,-0.282734438,-0.144882491,0.753363259,0.626144619,-0.215892671,0.652424044,0.318264751,0.612943846,-0.189533667,-0.029925352,0.563620601,-0.013399656,0.10150861,-0.420221141,-0.187517682,-0.009904467,0.213069379
HIP1R,-0.405788487,-0.58415219,-0.779793755,-0.110757411,0.169896418,-0.568138117,0.050487388,-0.576360977,-0.066421396,0.229294279,-0.608821555,-0.713973024,-0.063932462,-0.014420668,-0.029452726,0.688029013,0.041358924,1.567971963,-0.458185743,-0.46140126,-0.82291159,0.746207848,0.888871677,0.707866423,0.043963013,-0.498430166,-0.659288608,-0.299107945,0.751541122,0.379579534,0.776467476,-0.013975613,1.408089498,-0.299305447,0.040079326,0.017077171,-0.218963899,0.142078404,0.370704829,-0.478459971,-0.002151976,0.673091288,-0.408310811,-0.283850381,-0.367739212,-0.182902047,1.521473319,0.549021508,-0.736929474,-0.592507701,-0.971000504,-0.339886752,0.181996707,-0.605442381,0.697752147,-0.423419123,0.103295525,-0.983744079,0.249985297,0.264569356
OBSL1,-0.283580611,-0.589998466,-0.211159882,0.833339311,0.681594088,-0.088914038,-0.176939642,0.315492774,-0.056771173,1.101438134,0.419433286,-0.146138964,0.207341048,0.689761307,-0.527771932,-0.104725383,0.203950462,1.338545807,0.714675316,0.710179183,-0.731300158,-1.654320805,-0.157700147,0.899260045,0.378636133,-0.72046568,-0.542835769,-0.126337544,-0.111098925,-0.330693049,-0.388773799,0.144600597,-0.302157228,-0.830798906,-0.850401066,0.391948549,0.397515476,-0.381102636,-1.198135024,-0.499509122,-1.080384446,-0.483125353,0.10160431,-0.685872483,-0.013082215,-0.322808405,-0.621592976,0.167509302,-0.424290578,-0.291019832,-0.682927718,0.056635865,-0.807920713,0.462217258,0.57933327,0.598680215,-0.334603431,0.156781195,-0.349933915,-0.107947977
RNF40,-0.04790109,-0.067443057,0.161360548,0.283053604,0.004312557,0.313112554,0.073757599,-0.10347586,-0.139952233,0.530615724,0.150879328,-0.162813716,-0.152861278,0.227086775,0.151732818,0.185471437,0.020449395,0.4460311,-0.025382795,0.004346961,0.172571481,-0.315102797,0.02848605,0.147904944,0.030738937,-0.355784603,-0.187255829,0.132344838,0.066676513,0.170397166,-0.137254685,-0.121194307,0.150860521,-0.621635327,-0.052852986,0.099446929,0.240362239,-0.24171129,-0.063629979,-0.270119103,0.084466245,-0.16970366,0.462776452,-0.030877161,-0.116633666,-0.317281479,-0.201433737,-0.172180441,0.26979904,-0.372764991,0.496117065,-0.018189699,-0.197238881,-0.320085956,0.500102985,0.053276143,0.28041428,0.197198203,-0.117246226,-0.089431091
PHF2,0.04735966,0.444763187,0.515040065,-0.049652024,-0.504341741,0.952577834,0.874798977,0.866887072,-0.414095068,-0.261494784,-0.151190853,-0.091752205,-0.160953617,0.805566788,0.506523517,0.396887182,-0.078985904,-0.166472579,-0.635122917,0.316870523,0.444233313,-0.432970973,0.327606584,0.4513527,0.399241941,0.308924373,0.459018087,-0.444154507,-0.055148306,0.350640012,0.124404307,0.425176511,0.811707301,0.11060913,-0.158497145,0.110625503,0.422768187,-0.200987195,0.270890192,0.191724636,0.078153832,0.433344047,0.218254707,-0.124261961,0.909351356,0.028577465,-0.200915387,0.281484538,-0.273054689,0.572911615,0.616555396,-0.024708472,0.408807858,0.238486913,0.621109172,0.557701389,0.578418845,0.544628129,0.106320318,0.327687792
ZC3H11A,-0.289133573,0.246704509,-0.564309539,0.368660095,-0.249731377,1.003683218,0.476597713,-0.002676244,-0.319688493,0.101099045,0.116162386,-0.388346326,-0.372939649,0.612482679,0.242763089,0.494619873,-0.759971608,0.155856173,-0.448523244,0.36935614,0.404702423,0.107255845,0.698573777,-0.41360949,0.146915729,-0.234262219,0.028440454,-0.236527012,0.053758852,0.327565244,-0.184412878,-0.178443507,-0.283208632,0.438218798,0.231427724,0.33695512,0.599973218,-0.11967093,0.433136914,0.088935922,0.471115955,0.139421373,0.526570493,-0.42053008,0.006470132,-0.33873754,-0.263105144,0.348131122,0.993903075,-0.452372718,0.726119029,-0.166351666,0.356431773,-0.283052495,0.681568739,0.279242662,0.328234248,-0.024546265,-0.426187324,-0.48623804
CLUH,-0.442044525,-0.078795814,0.2963772,0.453746377,-0.312732911,-0.392266933,-0.634094248,-0.527299234,0.255208399,-0.126045682,0.333336479,-0.341579781,-0.383143999,0.534895627,-0.686315937,-0.086042449,0.132133245,0.737408722,0.133875425,0.472693585,-0.495706818,1.360894087,0.50805699,0.544117851,0.61366345,-0.955186906,-0.572329891,0.853456202,-0.574111098,-0.094372321,0.099312435,-0.470900634,0.611098619,0.806211354,0.167330551,0.032083313,-0.090411866,-0.57957765,0.350006695,-0.580220871,-0.296565693,0.242390792,0.435925798,-0.642204758,-0.156681904,-0.404576128,-0.20755615,-0.03782347,0.228333691,-0.619978351,0.153253093,-0.078543949,-0.674272661,-0.463995376,0.262794701,-0.696807033,0.451990084,-0.610366377,0.240973862,0.237028313
CAND2,0.041305355,-0.452651942,0.911735335,0.632404851,-0.40943293,0.107649682,0.897546675,0.837977222,-0.550719202,-0.6782375,0.74783631,0.645105399,-0.318466883,-0.107327106,-0.261960637,0.815298181,0.307925363,0.055228311,-1.025761085,1.153172453,0.698769326,-0.431347118,-0.382541254,0.839552291,0.288410445,0.831103634,0.236557529,-0.299368309,-0.059960678,1.530433146,1.258155331,1.533858659,0.104084749,-0.396389137,0.120605153,-0.70407128,0.015089603,0.17692713,-0.380675256,-1.070963215,0.390392564,-0.301956739,0.034617497,0.833070314,-0.314623181,0.098520485,-0.118383604,-0.499903801,0.534924704,0.100357748,0.713089408,-0.729850291,0.183414734,0.330174627,0.31936114,-0.222645174,-0.381534004,0.000564393,-0.497357317,0.404039536
TSC22D2,0.548032208,-0.179699478,-0.206116262,0.037686782,0.637206688,-0.979893997,-1.022878198,-0.027005782,-0.50061261,-0.407445163,0.443075749,0.370413896,-0.139909763,-0.171424286,-1.217050796,-0.222019808,0.146295842,-0.991646657,-0.080713345,-0.108450832,0.358891238,0.040997965,0.146649945,0.265004392,-0.117430198,0.359491566,-0.921343915,-0.021558975,-0.065842773,-0.289748956,0.222181929,-0.612055457,-0.326382944,-0.946762761,-0.243779836,-0.045958193,0.183074005,-0.60972727,-0.113788942,-0.458253508,-0.038976411,-0.490566812,-0.34481459,0.040662049,-0.295437098,-0.062321993,0.027685831,0.505250091,0.249530092,-0.134873481,0.101610974,0.057350446,0.032015726,-0.300609715,-0.23802867,-0.467828477,-0.154745745,-0.439237647,0.083808897,-0.130348533
KDM4A,-0.130908948,0.051322714,0.250059048,0.643259943,0.006427729,0.838842056,-0.067874119,-0.430093113,0.078315328,0.326284957,-0.115192763,0.241882008,-0.409011389,0.139133857,0.333589883,0.092860359,-0.637217125,0.341491662,-0.184043016,0.209396608,0.171662774,0.10554202,0.41915016,0.574602657,-0.419458913,-0.502857183,0.365188947,1.00027871,-0.061545076,-0.027141303,0.524443962,-0.247330498,-0.400309802,0.39651547,0.013382847,0.135999601,0.079631394,-0.041457027,-0.452277712,-0.016781762,-0.209854149,-0.106059198,0.115628041,-0.043508884,-0.045825859,0.418273156,0.065441605,-0.168123003,0.556788417,-0.652338435,-0.05895971,0.174802808,-0.079157467,0.215068916,0.555039145,-0.006314156,0.065634919,0.129717655,0.38979328,-0.218599983
DNAJC13,0.140440557,-0.058091728,0.237717497,-0.053312968,-0.294616705,-0.082366538,-0.23564738,0.039084494,0.010500613,-0.264715569,0.013449054,0.32203351,-0.203258442,-0.347432581,-0.531009464,-0.127566511,0.009620809,-0.611918462,-0.002344872,-0.178011485,0.286072327,0.012091121,-0.215811501,0.10899349,-0.060239648,-0.002495375,-0.012732183,0.11946288,0.411625201,0.016508443,0.053717645,-0.120978755,-0.243175394,-0.135834682,0.131421136,-0.221754206,-0.167014589,-0.296561111,0.511722957,0.087161288,0.116987649,0.066475721,0.058217954,0.239640578,-0.171311225,-0.041770225,0.280823604,-0.208450321,0.37156991,0.147307277,0.030449451,0.22474391,0.117969277,0.023067884,-0.254818702,-0.460766189,0.196191447,-0.253437013,-0.119211855,0.002166748
PHACTR2,0.02638307,-0.063919092,0.11736093,0.762507096,0.087001946,-0.159192703,0.232565943,0.516190331,1.001836233,-0.180394753,0.071781726,-0.327289346,-0.005684561,-1.389703735,-0.264411539,0.159004104,-0.535964863,-0.659366261,0.862706738,-0.805317578,0.741429582,-0.32239554,-0.219583164,-0.388956743,-0.102581978,-0.042591286,0.540575931,-0.434311525,0.370420222,-0.053906082,-0.150715389,0.099374381,-0.381154168,-0.74974605,-0.220945838,-0.568182997,0.917557864,-0.092496108,-0.120625465,0.312128736,0.273592789,-0.667382415,-0.320656126,0.718348767,0.41099386,0.278790712,0.137160522,0.135350012,0.045614882,-0.082024353,-0.541187334,-0.020822671,0.362909685,0.016888016,-0.413523354,1.040005443,-0.321941277,-0.88280801,-1.052247469,0.802125164
PPP6R2,-0.048153013,-0.044803543,-0.076215668,0.173063435,0.223313685,-0.206109453,0.223966919,0.353901062,0.247358048,-0.053341717,-0.280842164,0.119007369,0.228733717,0.293881121,-0.108601715,0.041048145,0.189719004,-0.290858407,-0.244457839,0.411241092,0.302011305,-0.169567445,0.030203125,0.160727859,0.257753664,0.377584099,0.562066951,-0.122336777,0.635043797,-0.181231371,0.160672486,0.183026472,0.177962907,0.100294093,0.198631646,0.058290025,0.16618608,-0.062953674,-0.169214405,0.431201028,0.075153882,0.390046913,-0.674098235,0.257190605,0.423706813,0.062269703,0.032731352,-0.131058896,0.116848843,0.170851511,0.050902659,0.002112985,0.257130768,0.066730711,-0.078582715,-0.108839145,0.274339853,0.215788209,-0.127752448,0.906592239
ADAMTS4,-0.862786863,-0.345687167,0.57985847,-0.690337481,0.159064986,-0.381956641,-0.109137653,0.248672555,-0.225514431,-1.310701231,-0.342715281,0.372048709,1.117737093,-0.367459751,0.853432806,-0.389319937,1.452524039,-0.308186121,1.192027224,0.588815109,-0.269671784,-0.632356535,-0.96458302,-0.952935949,0.368879106,1.004877962,-0.84541112,-0.620476189,-0.261421013,-0.370923173,0.676594962,0.745498901,-0.73672954,-1.031901731,-0.664393501,-0.705258877,-0.737317532,0.281803929,-0.533874502,0.839793858,-0.591941051,-0.665064162,-0.514419226,-0.409525546,-0.80564776,-0.550320503,-0.287141724,0.19585572,-0.672883562,1.5647106,0.696095284,-0.142938926,0.095702645,2.610183526,-0.43829734,-0.215020596,0.668660881,-0.879561485,2.934774235,-0.169565317
CNOT3,-0.011214229,-0.031069242,0.389035773,0.57021019,-0.09994625,0.399257489,0.111949208,-0.036505466,0.186617234,0.312220902,0.465774185,-0.265408668,0.290725087,-0.35278613,0.12870345,0.334090606,-0.03285123,0.350619256,0.279606247,-0.251820296,0.119913185,-0.062008023,-0.283402502,0.030803268,0.188299328,-0.377923904,-0.304731002,-0.228071281,0.100739702,-0.357269729,-0.397847538,-0.186461084,0.323702741,0.176481989,-0.135017327,0.34251958,0.291335568,-0.469683409,0.061879547,0.101165057,0.289933104,-0.224220736,0.14265902,0.016357174,-0.25107527,-0.082873126,0.019160552,-0.044307525,0.616416035,-0.40749273,0.28490978,-0.002381483,-0.340069589,-0.00061065,0.373950146,-0.132475582,-0.030917872,0.602247934,-0.041741311,-0.005691809
ANKRD17,0.002173381,-0.441995382,-0.089237912,0.8014407,-0.003193697,-0.090610486,-0.271322563,0.001179656,0.289723484,0.23984028,0.338660779,-0.125407423,-0.23544707,-0.279247048,-0.462359575,0.160420067,-0.33291902,0.264925193,-0.411902701,-0.13473704,0.150824557,0.915929846,0.105942183,0.267385679,-0.326682781,-0.141952771,-0.421203656,0.091093932,-0.156807307,-0.076744434,0.051810023,-0.452137087,-0.17281572,0.009372466,-0.173921146,-0.164734667,0.013632965,-0.193257667,0.3182728,-0.077674473,0.154547918,-0.362199091,0.153619941,-0.069297363,-0.187989551,-0.222188417,0.110958768,0.1754096,0.24801344,-0.31229646,0.306503597,0.040077162,-0.090601429,-0.212045029,0.140475303,-0.023043709,-0.359195284,0.098299975,-0.073593001,-0.150132393
SIN3B,0.354192126,-0.435849143,-0.024939421,0.028953531,-0.414384276,0.45177907,0.357814174,-0.223430762,0.041779029,0.104801358,0.410179589,-0.028790814,-0.285860004,-0.37306131,-0.171894501,0.323829592,0.235296212,-0.169744582,-0.049099359,-0.136959694,0.603465851,-0.137579151,0.399024371,0.385044576,0.048419314,0.239020214,-0.324538269,0.377222915,-0.241178518,0.082108513,-0.039574659,-0.173558322,0.065296674,0.350817432,0.178714868,0.108958061,0.066331676,-0.474746706,-0.202612248,-0.31894867,0.01307755,-0.201490981,-0.059339861,-0.044965923,0.301671457,0.050268682,-0.402571584,0.38756336,0.57885353,0.226348476,0.520043687,0.180262547,-0.078427382,0.117602855,0.57972192,0.462343925,0.400740207,0.252009577,-0.144291032,-0.403689465
ATP2C2,-0.326283427,1.808255945,0.581160827,-1.268357438,0.912004641,-0.829165198,-0.685049867,-0.036021248,-0.048405679,1.32146621,-0.185596523,2.918556269,0.167300496,0.286566829,-0.589476465,-1.119793715,-0.032445293,-0.34416567,0.046685494,1.253204062,0.008483352,0.057452259,0.791158348,2.438503273,0.333512409,-0.573496361,-0.476903002,0.087514285,0.425526287,-0.153523664,0.122487953,0.408423151,0.610030823,0.591245854,0.467334444,0.051205306,0.782740329,0.449019607,0.397325477,-0.154821052,-0.037804352,0.790504999,-0.034118849,-0.666973279,0.07523193,0.030542205,0.485873166,0.840670042,0.923837466,-0.027327078,-0.084795558,-0.19892819,0.503129894,0.317625137,-0.148803589,-0.23380024,-0.891330121,-0.083527925,1.880667755,-0.530480792
DNAJB6,-0.257771839,-0.015087905,-0.88324127,0.681976074,0.761702091,-0.36062158,0.32062897,0.349365337,0.677485067,-0.343835594,1.176641258,-0.575962907,0.05234075,0.454760203,-0.010155656,0.603724549,-0.326522791,-0.83600426,0.428760011,-0.473817569,-1.11180486,-0.758211841,-0.468649071,0.995799406,0.403761972,-0.636605016,-0.148674334,-1.073541979,0.146695871,-0.503352822,-0.091837205,0.067884802,-0.456867524,-0.497111648,-1.12401617,0.580832578,0.613844009,-0.402933429,-0.405746608,-0.448630305,0.513649902,-0.923440295,0.742603233,-0.409631925,-0.457493404,-0.51379485,-0.015820143,-1.243448599,0.929902085,0.050959396,0.601519379,-0.430004356,-1.104522538,-0.59530204,-0.152035159,-0.989703136,-0.616834262,-0.645288557,0.037636157,-0.044563384
XYLB,-0.790293744,-0.172938336,0.106195943,0.041113389,-0.207896879,0.542819101,0.012559076,-0.00862919,0.082208414,0.379243552,1.017515751,-0.089830722,0.511614042,-0.314575503,-0.689209708,0.060354997,0.441805855,-0.388530268,-0.244550952,0.135884032,-0.045638378,-0.098244228,-0.092677149,0.060806319,0.19325756,0.048057056,-0.544064807,0.53082879,-0.196375752,-0.224603043,0.592226437,-0.260257327,-0.639715918,-0.565542306,-0.742741144,0.246368479,0.358267875,0.056830037,-0.141637986,0.003183319,-0.203887204,-0.522280824,-0.385301612,0.130547478,-0.438040222,-0.815019816,0.215775603,-0.999790501,0.198004752,0.061291394,0.913043079,0.457436559,-0.094216809,0.68793811,-0.277316738,0.027834748,-0.437771453,-0.097596423,-0.222508873,0.167986631
COQ9,-0.13835427,-0.095143952,0.486455677,0.043744734,-0.130007518,0.004355093,0.263310561,1.132757334,0.658909332,-0.222827617,0.232539838,-0.397906142,0.019070109,0.164639226,-1.186041472,0.796143265,0.066072432,1.020572118,-0.96607385,-0.371824692,-0.317834455,0.466016694,1.196904386,0.854708677,-0.049320704,-0.475256661,-0.686390044,0.992980915,-0.555064583,-0.054041344,0.053307145,0.392661847,-0.760932031,-0.407147832,0.485838387,0.841621519,0.328593484,1.498408262,-0.323440615,-0.460030043,-0.598725238,-0.237976948,-0.684960892,0.216580369,0.326029234,-0.586235976,0.527810357,0.856122168,-0.677141266,0.000930219,0.1382431,0.397467432,0.319413965,-0.308196851,-0.312331429,0.320316616,-0.174811058,-0.399660285,-0.029464716,-0.591759109
GGCT,1.752417734,0.970183571,0.02051243,0.863093469,-1.391340486,1.154371503,-1.692523867,-1.718380569,-0.375734175,-0.144504814,-1.26499084,-0.908890987,1.475621551,-1.194277257,0.177684992,-0.613744164,-1.414604217,0.438244954,-0.344146339,-0.251816346,0.899470922,-0.216947425,-0.119241843,-0.671505281,-0.790538765,0.508526588,-0.898466852,0.28950196,-1.927154298,-1.239141972,-0.331357905,3.268811103,-1.32875237,-1.550987143,0.187670969,-1.967718543,-0.553163782,1.207740659,-1.042853085,-0.551282334,0.493133876,-0.724532503,-1.051366793,-1.178780747,-0.146504745,-1.314250318,-0.672096346,3.865873752,-0.799886588,0.229281397,-1.196367762,-1.310173247,-0.342185665,1.22093092,-0.792386208,1.071247023,-0.630442923,0.309570992,-1.53014128,0.184654718
NDUFS7,0.433291778,-0.226272228,-0.200127713,-0.153447493,-0.406369215,0.510252919,-0.01374591,1.518124317,-0.194210688,-0.213124698,-0.199563968,0.388719385,-0.497449745,-0.637284909,0.165927215,0.753437957,-0.283893406,-0.074556521,-0.136425414,0.130414477,0.258606648,0.138229201,1.11437921,0.160456253,0.125732535,-0.036523761,0.659044941,0.659663048,0.610343543,0.098213984,0.741985174,-0.029075986,0.111005266,0.906248162,0.11774429,0.274716103,-0.206630866,0.668257871,0.149374408,0.581963538,0.255812452,0.372415212,-0.416692903,0.134641748,-0.417874656,-0.02568016,0.440462796,-0.481139137,-0.227701408,-0.10419227,0.652090901,-0.028727461,0.454158162,-0.892578797,0.343887953,-0.065645627,0.244562557,0.004180279,0.439507105,-0.119971155
NDUFS2,0.375149655,-0.056551339,-0.167130673,0.008629028,0.128104223,0.252477679,-0.062086225,1.211457,-0.146576687,-0.006439764,0.19142293,0.359340042,-0.247421875,-0.13765233,0.33466634,0.686396789,-0.002899362,0.467408118,0.004818216,0.368977397,0.418708657,0.12000642,0.459492435,0.002083554,0.399324686,0.218894886,0.486487368,0.504865501,0.491695889,-0.029169617,0.692785698,0.223211335,-0.024809004,0.345942176,0.188670927,0.387305459,0.103862549,0.614362561,0.060275101,0.082718487,0.095266471,0.352514316,0.095491798,0.14976857,-0.234437763,0.118320628,0.237747564,0.014434005,-0.259417275,0.215389862,0.49186136,0.067205252,0.205364722,0.096853772,0.408296329,0.08259422,0.432290731,0.08535753,0.6485545,0.295408402
ZPR1,-1.266066283,0.315288202,-1.118425017,0.448510761,-0.530004166,0.137967311,-1.518488621,-0.973803078,0.520268037,0.100343815,2.794121349,-0.772792979,-0.066363027,-1.011766724,0.119772144,-0.913161289,-1.166184171,0.026995318,1.146309458,-0.732104457,-1.181877745,-1.222878485,-0.450342985,-0.486068395,-1.465047111,-0.716660709,-0.979510185,0.59557052,-0.831020022,-0.944640599,-0.964214723,-0.541585389,0.067335333,-0.438486662,-0.637221637,-0.499819937,-0.972242043,-1.119353377,-0.728797068,-1.415023381,-0.034010233,-1.634376347,-0.669105553,-0.700096335,-0.165014768,0.783946349,-0.507060872,-0.466112543,0.332748363,-0.149038578,-1.165653928,1.065821358,-0.877966101,0.344418073,-0.372939799,0.464428935,-0.338850988,0.401595765,-0.621428365,0.06025378
NIPSNAP2,0.05522947,-0.079082907,-0.384532601,0.518163241,-0.34527606,1.050100891,0.559201033,0.170320841,-0.308003708,0.230569369,0.267816417,-0.393678609,0.457028901,-0.266425591,-0.202349985,0.815023806,-0.597241105,-0.234404731,-0.611440874,0.24347715,0.002232422,0.95598218,1.339824433,1.747390054,-0.940680255,0.12182975,0.527427484,0.994385469,-0.186612651,0.604547864,0.000140433,0.156855401,-0.061933432,-0.52576292,0.119216188,-0.060395891,-0.12147747,1.635903392,-0.032947229,-0.055246416,0.510085239,-0.371160848,-0.56683378,-0.054791581,-0.602829649,-0.382234185,-0.559423625,0.597263777,-0.509475723,-0.210365455,-0.326954262,0.124317895,0.167766594,-0.646135207,-0.08909759,0.386569477,-0.681107372,-0.49978131,-0.510693353,-0.124588895
CILP,-2.045464497,-1.04743137,-0.474122837,-0.537888943,-0.238073422,0.050813802,-1.474560638,-1.146357106,0.077848453,0.251906527,-0.162184639,-0.599888654,-0.219715472,-1.051168471,-1.353847976,-0.631429526,-0.145513368,0.214092763,-0.63273594,-0.098792612,-1.22145251,-0.886357345,-1.869419457,-1.261059186,-0.143982316,-0.536250946,-0.221554256,0.634619889,-1.259572017,-1.038515216,-1.286399185,-1.905975641,-0.664041184,-1.728077754,-1.380079755,0.852323806,-0.779261972,-0.108605684,-0.08291085,-0.185125927,-0.421014453,-2.450172258,0.305389123,-0.413506302,-1.198385485,0.757831198,-0.455180356,-0.413762319,-0.34829838,-0.851958208,0.956165879,-1.331683763,-0.644403489,-0.010112868,-0.778407423,0.801417332,2.043482574,-0.817149913,2.939806664,-1.136245295
PDCD6,0.185018881,-0.210798032,0.121176677,-0.074942667,0.373508987,-0.426454269,-0.265336786,-0.209325276,-0.075024448,-0.422551395,0.487609584,-0.961554435,-0.846290355,0.769519319,-0.121656493,0.112487513,-0.090178536,-0.140109953,-0.251950212,-0.415565439,-0.117690717,0.606301027,-0.087186326,-0.07657642,-0.43003247,3.196660044,-0.050820859,0.15925095,-0.240335614,-0.146313533,3.929255834,-0.434593023,-0.032221719,0.670552253,-0.007161165,-0.735227913,-0.453965835,0.60323115,-0.158816152,0.002217761,0.295255298,-0.567031008,-0.102779662,-0.984455768,-0.010650925,-0.454622824,-0.409628961,0.152286828,-0.022115202,-0.575038592,-0.911824221,0.257540627,-0.414109255,0.156947263,0.443025737,-0.076470495,-0.063923649,0.064984947,1.459595196,-0.714679806
TBCA,1.366362482,1.500286067,-0.786282685,0.572005292,-1.588224984,0.041477131,-2.584693371,-1.669568585,-0.084871237,-0.3730574,3.495783672,-1.598634612,0.583183761,-0.542070607,-0.083222111,-0.762018252,-1.031406604,0.659768867,-0.150110594,-0.608199002,-0.630639245,-0.803458715,-0.742281428,-1.260418359,-1.343562163,-1.172214816,-0.541174848,-0.884231484,-0.994826414,-1.473157288,-0.748140016,0.580785181,0.129282045,-0.656574727,-0.103444942,-0.59225781,-0.486066786,-0.834759136,0.76676729,-1.277098401,0.895299521,0.280265656,-0.866094293,-1.09000566,0.098848821,-0.319771138,-0.485198505,0.52949276,-0.056345691,0.06656422,-1.963890961,2.661918737,-1.266032879,0.850415301,0.088247372,1.258766657,-1.040659886,-0.137766378,-1.302964182,0.203578878
ATP6V1G1,-0.317754409,0.55491784,-0.359217568,0.135309949,-0.584705909,0.142813689,-0.542996817,0.101482295,0.204968149,0.458729666,-0.576004297,0.476606787,0.715086426,-0.847786855,0.352624161,-0.227130411,0.302713403,-0.093539703,0.038881226,-0.743839555,-0.615544635,0.057871491,-0.653590914,-0.815254094,-0.575647872,0.097068961,0.052808551,-0.425912018,-0.276323052,-0.258632146,1.003164755,-0.540881938,0.090597921,-0.361083786,-0.338900691,-0.370842093,-0.184380917,-0.704766205,0.297154977,0.146011479,0.434578778,0.11777607,0.176609589,0.719368212,0.436777148,0.75692444,-0.13290277,-1.335450635,0.331234472,0.333841467,-0.728077364,0.07176435,-0.464108216,0.50383065,0.299321608,0.243668351,0.163609665,0.842404959,-0.144179751,0.530696749
VPS4B,0.044467234,-0.060166084,0.122409261,0.345655423,-0.37330242,0.157699649,-0.282151031,-0.038410111,0.185082336,0.091803285,-0.407022379,0.00831499,-0.106573376,-0.20958842,-0.066418529,-0.264816706,-0.150372972,-0.009037835,-0.220845216,-0.215282394,-0.363871509,0.206889627,0.241447476,-0.336433474,-0.020054717,-0.374416414,-0.201036572,-0.001983688,0.848792711,-0.475826658,-0.560579973,-0.534480347,-0.821136501,0.063504709,0.134807696,0.084582666,0.037940523,-0.464075461,0.427342975,0.383943489,0.70054828,-0.206215126,0.435478665,0.03680051,-0.020880196,-0.316843344,0.637135972,-0.783730935,0.438001906,-0.200064679,-0.257173141,0.223494872,-0.027735379,-0.262510625,0.480519702,-0.264798198,-0.331035407,-0.643066433,0.066651124,0.023272261
ENTPD5,0.012420413,-0.546571814,0.01572132,0.340819449,0.058008491,-0.068043295,-0.223785685,-0.710029766,-0.242614968,0.102825806,1.765615782,0.010578063,0.547823923,-0.34193566,-0.493850288,-0.544308263,-0.195108342,-0.560575149,-0.099572468,0.499548803,-0.229973289,0.471742654,0.312548397,-0.143413652,-0.561417729,-0.268078463,0.284178415,-0.17118102,-0.236174946,0.120914432,0.119728379,-0.079264137,-0.683731272,-0.612975189,-0.189169585,-0.591310047,-0.457496767,0.141814785,0.17773806,-0.827997517,0.139962778,-0.010109943,-0.216460336,-0.256575271,-0.061174624,0.291017716,2.914306492,0.245769898,0.312732847,0.030606257,-0.274878755,-0.326586355,-0.909899112,0.115934227,-0.864719108,-0.288586102,-0.648044894,-0.016130178,-0.009813126,2.409428583
ZNF217,0.06033813,0.074028449,-0.083752848,0.610860965,0.015843784,1.958941197,0.184705786,0.208367234,0.034434323,0.358424692,0.665888243,-0.271413488,-0.211721566,0.401285078,-0.918374613,0.147853162,0.748207478,-0.873067165,-0.61912201,0.209044655,0.352174457,0.004734567,0.072976398,0.301073643,0.096528485,-0.139364002,-0.232005913,0.308737906,-0.09516898,0.130174368,-0.157376759,-0.832679768,1.989580822,-0.060638511,0.033201725,0.18254896,0.28915913,-0.045465468,-0.232322202,-0.147481073,0.104740921,-0.123053284,0.310110785,-0.271544155,0.121115925,-0.148338731,-0.165694939,0.288928226,0.876454959,-0.410755818,2.127228625,-0.081017706,0.117053141,-0.271598413,-0.453089842,0.072025123,0.21488609,-0.098919617,-0.246003572,-0.419692663
BCAS1,-3.201931381,1.173273963,-1.645906974,-1.151801692,1.970170497,-1.089744536,1.785528201,-2.609636146,1.426070226,-1.593033522,-1.592154426,-2.350511185,0.370911194,-2.249714166,-1.637222569,-1.88729305,-2.878006728,-2.808120686,-2.574633231,-2.624115713,-3.066819252,-0.387549244,-0.330109825,-1.006821583,0.369469614,-3.238104994,-2.432270038,-1.412445041,4.102291134,-1.054952026,-0.793127147,0.35677591,-1.331975058,-0.655212634,-0.249956191,-0.384584878,-2.43589254,-1.341823874,2.061049769,-1.54811726,-0.484921873,-1.504493083,-0.764992276,0.255291092,-0.392418936,0.751361655,3.703298711,-2.363808876,1.054878311,-2.429146733,-3.382275556,-2.541844853,-0.465761071,-0.006322283,-3.074257625,-1.80727718,-2.975258352,1.041795812,-0.946338633,-0.962971576
PTP4A3,1.063221325,-0.085234938,-0.49371834,0.48419215,-0.390126498,-0.541479446,-0.377766557,-0.109364425,-0.454173985,-0.29975708,0.139698385,-0.187518826,0.139575873,0.065899556,0.651898095,-0.149712392,0.240492898,0.964306817,0.051110112,0.175716285,-0.705579431,1.640924142,-0.505446491,0.181322462,0.005450671,-0.516474123,-0.278322282,0.372460427,0.422901188,1.57408765,-0.046872737,0.446155039,-0.114602257,-0.296061684,-0.250856514,0.317365669,-0.171067049,0.494715683,0.573893572,-0.202516407,-0.135324958,1.040259645,0.017932683,-0.475089525,-0.149524973,-0.130226853,-0.280047424,1.043391477,0.161953786,0.15207623,2.244101194,-0.115409965,0.110775474,0.214731041,0.604270636,0.454751407,0.335301058,-0.877730266,0.011634467,-0.14068057
H2AFY,-0.181995634,1.231218013,0.223517248,-0.239705634,-0.045696538,1.025934598,0.67017819,0.998333732,0.078913972,0.043374634,0.377400161,-0.184369544,-0.151126014,1.374117189,0.62923293,0.63172155,-0.31717589,0.335257191,-0.56113004,0.729197943,0.260588545,-0.291994766,0.070668574,0.429846469,-0.097964551,0.584496787,0.336626382,-0.765492271,0.414351785,0.309186308,0.621104537,-0.147322202,0.733992923,0.425909012,0.477997221,-0.181427468,0.859122038,0.327421491,0.136151446,0.264846341,-0.364800076,0.736601871,-0.54597732,-0.317805249,1.030172024,0.071825597,0.221761181,0.238853911,-0.117803174,-0.386732068,-0.411808553,0.291123629,0.006699415,-0.2846686,0.606470609,0.569698997,0.322180943,0.716023162,-0.074019343,-0.098449098
SH3BGRL,0.912271583,0.452140628,0.344203883,0.178524001,-1.514419457,-0.487424461,-2.627926457,-1.388771957,-0.088102873,0.17672832,0.027027668,-0.775354036,1.443704075,-0.258812685,2.103732555,-0.429806742,0.706834331,1.095507976,0.345890941,-0.339435244,-0.024734119,-0.140060627,-0.154569324,-0.885914348,0.492124312,0.568389959,-0.395625786,-1.486790658,-2.454143894,-1.961907091,-1.166877979,2.238870041,-1.329483489,-0.439355755,0.608555213,-0.247024763,-0.56806735,0.482895316,-0.788900279,-1.184906867,1.536016117,-0.36181316,-1.144372101,-0.768740457,-0.076040266,-0.745434939,-0.176306659,-0.059778813,-0.984201747,1.194841081,-1.692477784,-0.325439468,-0.781196172,2.615462393,-0.815344807,0.093344529,-0.491918423,-0.127242568,-0.87807356,2.65309717
FLNB,-0.01924662,-0.389941493,-0.071445527,-0.810028054,-0.657994829,0.546390574,0.374439521,-0.453816674,1.139766825,0.371444163,0.216138198,-0.507125963,-0.745374706,-0.000483602,-0.576078484,0.369695954,-0.140611084,-0.228915749,-0.805133392,-0.193494587,-0.407769887,0.683630959,0.108045609,-0.362374816,0.275909487,-0.154620802,-0.341044112,-0.716466388,1.992430509,-0.902133207,0.135503527,0.439975493,-0.306862568,-0.655665772,0.059442603,0.307592099,0.005728314,-0.546388843,0.189671591,-0.505699806,-0.457796054,0.667944089,-0.242807536,0.218156348,-0.202893515,0.342398459,2.588678141,-0.60603806,-0.597799781,-0.492851595,0.288537598,-0.770074712,-0.039233812,-0.629366346,0.52897791,-0.406886045,-0.860666206,1.070565611,-0.679213433,-0.43756238
NCOR1,0.119775954,0.267155025,0.12589441,0.569144616,-0.230622116,0.610085855,0.348361097,0.284644669,-0.137176305,0.089168127,0.021320962,0.129326333,-0.229388064,0.403102989,0.13974759,0.256437931,-0.241455589,-0.092081123,0.114051094,0.008924907,0.562813619,0.114642832,0.168682554,0.230263431,0.193444237,-0.50170016,-0.256484795,0.199193583,-0.295528404,0.222360138,-0.355835521,-0.162584799,0.024944782,-0.474794469,-0.026652416,0.028778576,0.420754705,-0.265304495,-0.163124117,0.082706906,0.047555602,0.071323609,-0.036262002,0.034715739,0.438123122,-0.209968872,0.092616807,-0.263000811,-0.23920027,-0.163257429,0.449658502,0.199062583,0.084981017,0.054576941,0.764207894,0.122581387,0.23878826,0.064023071,-0.219733717,-0.016939587
VAMP4,-0.016319968,-0.701740491,-0.255952645,-0.484995349,1.63605129,-1.744187095,0.403986751,-0.204446448,-0.100289374,-0.006538862,-0.559396877,0.460194522,-0.345157401,-0.213370371,-0.343055644,0.481345269,-0.440290219,0.073446564,-0.938643414,-0.464656146,0.518510494,-0.230291838,-0.097933234,-0.176900469,-0.283541295,-0.638957076,-0.734718404,-0.238961033,0.179513788,0.973496877,0.079427775,-1.314703747,-0.306704521,0.141935965,-0.838022397,-0.105639955,-0.124385422,0.599727127,-0.260929001,-0.380224431,-0.497591788,-1.116435877,-0.42534104,-0.192854382,-0.497908927,-0.172242641,-0.062457688,-0.355997561,0.082099602,-0.114112681,0.785225556,-0.002160232,0.366953373,-0.311969756,0.959025383,-0.203228927,1.201022766,-0.101484604,0.329650689,-0.469258752
NDUFS6,0.356888106,0.2884551,-0.204592135,-0.197078966,-0.712152484,0.631674381,-0.9001479,0.715015588,-0.03745646,0.028553303,0.835929229,0.16468492,0.214306849,0.098943015,0.794685986,0.607001582,0.201978409,0.33148744,-0.113133996,0.193388629,0.2061105,-0.256420496,0.319964541,-0.018851378,-0.334451611,0.265965484,0.359653644,-0.325248374,-0.048053083,-0.694815377,0.226406805,0.316093541,-0.631213995,0.078101487,-0.145820296,0.518219235,0.211667498,0.214246747,-0.131982308,-0.337841159,-0.095254298,0.118316449,-0.167951819,0.253342897,0.707397824,0.607528561,0.749253972,0.037380619,-0.617578985,0.887075773,0.153684393,-0.064879278,-0.235901124,0.64850226,-0.108028484,0.441956558,0.53458103,-0.245597503,0.175969853,0.352184421
PEX14,0.158496194,-0.216627897,-0.143403606,0.150766839,-0.147400274,-0.000478576,-0.603641935,-0.061959669,0.05279657,0.204436286,0.268346186,0.429774872,0.161905785,-0.300309415,-0.551559594,0.201868206,0.136091595,1.084522762,-0.207663208,-0.547245321,0.118004436,0.917168148,-0.055050053,0.733876972,-0.337289069,-0.188212693,-0.144102826,0.529823949,0.084401325,1.115643534,0.606254189,-0.232140503,-0.155118321,-0.557274702,-0.496577029,0.306483442,-0.365740361,-0.106420366,-0.022536666,-0.244155376,0.102645938,-0.621419685,-0.546485119,0.671443475,-0.543373976,-0.790725187,-0.721808253,0.094920825,-0.182585377,0.163682845,0.338842707,0.676789202,-0.181562883,-0.409044366,0.304391023,-0.076620204,-0.640205524,0.07112503,0.382485356,-0.195565169
TRIM3,-0.044655348,0.300684033,0.390670439,-0.06016432,0.18688025,0.08082908,0.214951968,0.405604741,0.363520809,0.477225839,-0.145452695,0.161876174,-0.239719381,0.246381373,0.049286392,0.639340498,-0.045962013,0.064136678,-0.550580263,0.875091131,0.183749898,-0.180385625,0.187933085,0.487976953,0.498161896,0.100855108,0.047801861,0.358850368,-0.209143808,0.134479495,0.290596862,0.17794552,0.86667871,-0.45339941,0.094584708,0.536323092,-0.42224389,0.260047095,-0.288217291,0.579642335,0.027145267,1.156689314,-0.527419164,0.512909797,0.372074731,0.369678254,0.240386672,0.085155479,0.182521238,0.211505495,0.01729411,-0.551201978,-0.060824584,0.119208041,0.102411824,0.072094493,0.141440638,0.279626679,0.323235394,0.139910856
CS,0.747451262,-0.364668814,0.465541156,0.253735803,-0.177688193,-0.633607732,-1.126982589,0.173001247,0.10104621,-0.004816487,0.57385662,-0.28891341,0.806677978,-0.423912418,-0.562110345,0.066065043,-0.152970705,1.290967273,0.28728427,-1.1692489,-0.661325913,1.362562579,0.118584433,0.077036286,-0.329147329,0.193015486,-0.111420109,1.015568498,-0.500635304,0.223133834,0.238594631,0.988917101,-1.207910357,-0.076270799,0.677439568,0.051593565,-0.257692648,1.081477865,0.625190973,-0.867122796,0.838283086,-0.211849005,-0.492794088,-0.276509897,-0.491157572,-0.165101671,0.196470401,0.484785936,-0.637491978,-0.202134671,-0.151791759,-0.149240678,0.397082728,-0.808250435,-0.174659187,-0.401282908,-0.469323085,-0.443279746,1.034008567,-0.502107625
SPAG7,-0.212469817,0.432598456,-0.52473457,0.739445015,-0.043877272,0.82382642,-0.003135959,-0.379756798,0.635713727,0.30663993,0.746846521,0.686162917,0.06315035,0.374576604,0.80820864,0.333028067,0.359009335,0.553787186,0.091852323,0.206060137,-0.277708655,0.73592637,0.61113177,0.580972338,0.19996868,-0.542868573,-0.11857618,-0.464589227,-0.12175252,-0.104741384,0.176569817,-0.218259915,-0.49170152,0.073187266,0.333721323,0.566909577,0.492914884,-0.054920265,0.309229471,-0.270827623,1.107587089,-0.058320669,0.586589832,-0.519908529,1.01021644,-0.06166295,0.129236011,-0.394241584,0.381923512,0.364155452,-0.76278859,0.793435254,-0.084141015,0.854540322,0.476926902,0.718544553,0.126243732,-0.084232375,-0.139355166,1.292307657
SEC22B,-0.010997316,-0.065401084,-0.035793767,-0.402917642,0.80781768,-0.073803386,0.04178609,-0.00249302,0.062129794,-0.022488294,-0.4162901,0.834787752,0.200828209,-1.119528109,-0.057046542,-0.341144646,-0.28113195,-0.391713248,-0.02663828,0.384943264,0.44938037,-0.486856192,0.23324585,0.523004857,-0.069394926,-0.033319155,-0.246097058,-0.4509737,-0.335104517,0.541350288,-0.311602817,-0.083799708,0.173857478,0.129882341,-0.20888131,-0.020432341,0.665687897,0.214940652,0.232979655,0.398074673,-0.254034397,0.07295869,0.368692165,0.131520301,-0.670651156,-0.041602296,0.450349435,0.535170881,-0.118818607,0.240518275,-0.446463656,0.39466017,0.200507441,-0.239669986,-0.287011766,-0.337677776,0.372773694,-0.106666833,0.247616504,-0.146850739
PRPF40A,0.196393931,-0.214797631,-0.217720382,0.875849663,-0.202930718,0.379413348,0.192193772,0.028690666,-0.283162206,0.468987159,0.177676314,-0.506961478,-0.171824467,-0.057967208,0.394937085,0.122578986,-0.354996081,-0.268444228,0.299860464,0.168799634,0.261004144,0.051926253,0.278454648,-0.231656162,-0.283700372,-0.014686916,0.352488449,-0.054010379,-0.156692986,0.107787247,-0.268503541,-0.385264355,0.122380335,0.192244098,-0.030024859,0.356771175,0.003058704,-0.255605983,0.053059414,-0.116207971,0.159970498,-0.690419038,0.383752491,-0.516515777,-0.168184976,-0.133806586,-0.399866822,0.463354454,0.364392319,-0.408607731,0.564398993,-0.056263539,-0.116030651,-0.646377116,0.41358315,0.049519118,-0.089389969,0.290083118,-0.47967328,-0.393851479
TACC1,-0.064153003,-0.330755618,0.762674704,-0.586950548,-0.185598848,0.288640684,0.49301648,0.380438152,0.265800311,0.511219924,-0.546910181,0.251340748,0.028311748,-0.752371696,-0.249621216,0.751760272,0.204449143,-0.350316602,-0.21116668,0.163741563,0.5523356,-0.60641594,0.296872629,-0.46100674,0.115018536,-0.098056202,0.177748236,-0.566721101,0.910186045,-0.037793954,-0.32714559,0.037329609,-0.036417481,-0.923804352,-0.120102294,-0.075091436,-0.060963374,0.83302559,0.005634007,0.055483972,0.5775536,0.329136373,-0.530177571,0.43990388,0.413649781,-0.025495604,0.325084173,-0.113678361,-0.355129799,0.301964008,0.355633952,-0.216941029,0.363249227,0.045055428,-0.073779277,0.294314005,0.233826633,-0.957769862,0.06228679,0.756530833
NME6,0.126234648,-0.055571935,-0.693005432,0.323964651,-0.258162558,-0.363363115,0.258948169,0.740916244,-0.012837904,-0.102323447,0.735958126,-0.400096668,0.619675451,-0.298843535,-0.398856556,-0.168161849,-0.511185062,0.077032235,0.220308756,-0.624550263,-1.08002134,0.469749849,-0.249501633,-0.718571047,-0.320599169,-0.494689136,-0.030627699,0.636041571,-0.203790335,-0.055375566,0.876132024,0.516726255,0.128853446,-0.092593775,0.242200889,0.068443075,-0.267847186,1.205199207,-0.317755668,-0.429943807,0.054447421,-0.576803023,-0.054183131,-0.063631212,-0.164461329,-0.19367565,-0.226388383,-0.339538601,0.25079434,0.131357245,-0.682635669,-0.397221962,0.06962036,-0.213991509,-0.427811979,-0.387584052,-0.377303821,-0.005301711,-0.771172541,0.210864732
GIGYF1,0.298546008,0.094545047,-0.041731563,-0.034710235,0.056750798,-0.108174062,0.367990799,0.347528933,-0.007154485,-0.369102112,0.38537778,-0.315353326,0.207335305,0.003406109,0.101529082,-0.014438335,0.921402674,-0.299923393,0.214143459,-0.319198085,0.250843625,-0.179325462,-0.051882452,0.616051683,0.50457652,0.624994131,-0.145364928,-0.609523742,0.074086839,0.280895862,0.407478184,0.306273637,-0.295759361,-0.171121701,-0.530195539,0.052135652,0.288536735,0.482842528,-0.81543676,0.240911,-0.034675073,0.189645911,0.145381113,0.264765929,-0.362968508,0.231816707,-0.23731475,-0.251057457,0.155387885,0.170007714,0.059634174,0.396318858,0.109032708,0.284357168,0.245683578,0.11993666,0.529423498,-0.077969551,-0.380357756,0.233456426
LRCH4,0.075769656,-0.198742983,0.313314851,-0.388342824,-0.244410371,-0.943189952,0.154535844,0.131746107,-0.097066024,-0.269048508,-0.576501849,0.312372039,0.068369538,0.371361311,-0.189346312,-0.01396542,-0.09122559,-0.621627855,-0.1895696,-0.422658749,0.275612512,-0.491303453,0.41195035,0.850534157,0.429918453,0.364181106,-0.18772977,-0.592377329,0.269186122,0.109033681,0.522339768,-0.277384705,-0.003693426,-0.383195516,0.086864486,-0.052025933,0.223409416,0.253423184,0.175035777,0.282585235,0.103970464,0.155238342,0.215033714,0.527090611,0.058751243,0.16974146,0.393969945,-0.313998338,-0.106749533,0.198912259,-0.543674015,-0.103309335,0.391917628,-0.225245832,0.288132316,-0.313659923,0.340467888,-0.533681178,-0.199742772,0.001877554
MTX2,0.0441664,-0.006602217,0.31489654,0.161989507,-0.120498963,-0.218572238,0.51038363,0.690331305,-0.018308433,-0.456827455,-0.06750064,0.269337264,0.178059213,0.054087511,-1.108162283,0.430447912,0.142093665,0.465802388,-0.387416471,0.006469327,-0.215054407,0.093142781,0.770677673,0.391271129,0.442089103,0.375261898,-0.120831741,0.509854629,0.365311802,0.931475263,0.263079111,0.193691549,0.494401105,-0.003751969,0.976128767,-0.400200339,0.094244157,0.721041245,-0.330666543,-0.148915628,-0.060260526,-0.179636075,-0.334249297,0.292414725,-0.372088825,-0.261244387,-0.06500582,0.094275942,0.236051362,-0.060177112,0.306757048,0.167027328,0.734904196,-0.475702878,0.534279516,-0.238064041,0.180915546,-0.014661444,-0.046984094,-0.08858542
VPS26A,-0.059382034,0.470935775,0.467585475,-0.278862795,0.034035282,-0.126796695,-0.165654829,-0.075801277,0.090718087,-0.09957585,-0.015254116,0.353310799,-0.41878108,0.202151129,-0.123550039,-0.277867149,0.055987381,-0.060042421,-0.229984324,0.005853105,-0.331379941,0.095254352,0.126445186,0.228677801,0.098113133,-0.423755737,-0.000442939,0.347763353,0.352348326,0.17268627,0.648441568,-0.203309342,0.497157715,0.676416048,0.501128385,0.238666721,0.198972263,0.303043361,0.181497631,-0.137009356,-0.160592428,0.473426067,-0.054622191,-0.020313179,-0.258804144,-0.160294933,0.213139868,-0.307990279,0.119143127,0.016695106,-0.082652126,-0.214591923,-0.08841643,-0.022486521,-0.078824575,-0.12131947,0.090292043,0.30843092,0.110094285,0.084624552
NDUFB1,0.805468951,-0.055583428,0.118256335,-0.094974385,-0.255629307,0.242875721,-0.412922282,0.929845769,-0.05458274,-0.03268219,-0.158722073,0.45025879,-0.170985579,-0.299263821,0.049840389,0.857682165,-0.190171597,-0.138886679,0.056018596,0.571890766,0.706549013,-0.508332324,1.279469946,-0.464904949,0.22357217,-0.261252149,1.031593989,0.274012364,0.631176331,0.472414556,0.584940268,0.102398734,-0.069173256,0.586053534,-0.773928951,0.233359347,0.180982015,-0.57251692,0.77187473,0.162583633,0.99775686,0.268607017,-0.068638274,0.19394237,-0.209165716,-0.010411484,0.64985276,-0.296483378,-0.011984456,-0.143015343,0.483280532,-0.089115341,0.191521125,-1.089457472,0.182463637,0.184987049,-0.241969687,0.016631506,0.717612197,0.309341044
PMPCB,0.377604221,-0.025523653,-0.435309436,0.06589306,-0.834606282,-0.337682136,-0.558837064,-0.079059811,-0.127686269,-0.098612905,0.53360275,-0.533773198,0.691564859,0.105669788,-0.372894153,0.374144365,-0.016373022,0.418872203,0.046154374,-0.316587999,-0.05213191,0.695286157,0.110551229,0.031057964,-0.106171349,-0.358106802,-0.639047994,0.598236762,-0.550523289,-0.284797771,0.046709622,0.442586947,-0.381056206,0.131532902,1.138963075,-0.179460888,-0.61578742,1.344883155,0.638084871,-0.740030967,0.352201468,0.115139148,-0.774690784,-0.441003688,-0.240611691,-0.321027306,-0.080200339,0.852137654,-0.40623052,-0.199927939,-0.137522958,0.275242726,-0.234189006,-0.483639258,-0.130975218,0.312578265,-0.319059464,-0.005543372,-0.4617765,0.111176767
SAP30,-0.128615693,0.053138493,-0.33084398,0.887898317,0.090844371,0.284062644,-0.582645756,-0.676128632,0.156944868,0.5082347,-0.539095971,-0.347625491,-0.639658468,0.115946909,0.167101363,-1.333363569,0.15689979,0.070311277,0.575603458,-0.309162178,-0.708557048,0.274411205,-0.093439888,-0.033492202,0.094919032,-0.275888297,-0.05608317,-0.025991712,0.104402019,0.262850253,-0.156422178,-0.375262616,0.164452289,0.110589822,-0.079055849,0.724790658,-0.192482274,-0.989717471,0.054903972,-0.774185797,0.005082828,-0.340560248,0.898831721,-0.276183951,-0.154586844,-0.191125354,-0.044053175,-0.067574786,0.73402906,-0.39193573,-0.874505346,0.078816528,-0.584652516,-0.253784001,1.15104394,0.560185483,-0.006337864,0.2143946,-0.181886203,0.104326435
MED24,0.299508302,-0.373539804,0.066075857,0.857900087,0.082399657,0.566417401,-0.323173822,0.374271117,-0.132396038,0.07878859,0.016771377,-0.171992326,-0.426608753,0.293774305,-0.135340184,0.108103578,0.181715953,-0.043584151,0.007002266,0.084114984,-0.115972052,-0.029188085,0.100674452,0.226717489,-0.040535834,-0.233694144,-0.228454257,0.321210498,-0.036657549,0.128443816,-0.328209932,-0.270010941,0.365509735,0.12107612,-0.125169103,0.035004539,0.937411181,-0.159911112,-0.050734462,-0.3423528,-0.221450689,0.040419122,0.658439621,-0.361707017,-0.473568652,-0.261250896,-0.192963942,-0.03447458,0.538105255,-0.404463036,0.436050487,-0.372909558,0.207790797,-0.203641731,0.726695993,-0.246442202,-0.070004057,-0.009854415,-0.055178345,-0.388742415
KATNA1,-0.182980546,-0.394183682,0.742568079,0.407888497,-0.417420211,-0.74343746,-0.069766975,0.163312579,0.142250942,0.054896239,0.321264411,0.181996792,-0.368083998,-0.418693404,-0.327875402,-0.682011998,0.656963292,-0.348542173,0.161759178,-0.243729105,0.034305048,0.172701902,-0.184783414,0.451973531,0.76651931,-0.431857768,-0.261052166,0.5594105,0.45459517,0.116969147,0.554362855,-0.322471906,0.004285811,-0.417848808,-0.353148932,0.53200277,-0.479974304,0.406121787,0.30467436,-0.026511634,0.155927035,-0.07940606,-0.250672494,0.101402555,-0.312490105,0.028136271,0.017264886,-0.669124727,0.855335696,-0.213757547,-0.026318972,-0.25379641,-0.527576092,0.160907244,-0.779429021,-0.301617852,0.022689584,-0.301973586,-0.210729744,-0.242152092
ERN1,0.289008138,0.242835885,-0.149342543,-0.239174179,-0.489124781,0.02279946,-0.10974127,0.298909396,0.232854682,1.730417655,0.112746251,0.092583274,0.076995002,0.140357913,0.018356519,-0.022334184,0.328662562,0.294642471,-0.183025345,0.225085316,0.144060992,0.125778976,0.255122158,0.267654771,0.282393516,0.412598175,-0.342901271,-0.033497302,-0.605825533,-0.516128176,0.215779293,0.332620628,0.099907306,-0.115295403,0.109498109,-0.081051089,1.067726011,-0.090917036,1.043981727,0.372149522,0.713101698,0.983849936,-0.041125734,0.047540307,0.578247905,1.041663487,0.660358019,0.078860156,-0.000412362,0.167402976,0.108199924,-0.039928686,-0.257698982,0.408841698,-0.029084699,0.055697876,1.570351839,-0.504398935,-0.062447003,0.072984714
CRLF1,-2.036617498,-0.733365163,-0.250506184,-1.392062431,-0.330835312,2.520397689,0.597966325,-1.051449025,-1.250124887,2.303961242,-1.180533651,-0.309063747,-0.083426703,-0.407047526,0.06166512,-0.7725243,1.01408042,-0.93108892,0.798469424,2.496775498,-2.035246309,-0.917737224,-0.970356286,-2.13797565,-0.943701226,-0.201942582,-1.353943582,-2.160044998,0.296795273,-0.586584321,-0.87226842,-0.002544355,-1.946976359,-1.157136156,-1.451328426,1.585862855,-1.208350616,-0.244604518,1.415737807,-1.130402294,-0.51581976,-1.162304259,-1.155530024,-0.596752994,-0.538392313,-0.892121087,-0.385730446,-0.382854948,-1.6686515,-0.022695851,-0.979722766,-0.283246568,-0.51741728,2.794094397,1.172011499,-3.035966075,-1.065792232,1.631741993,0.860603897,0.987402822
PSIP1,-0.34476945,0.007813476,-0.807623195,0.46276442,-0.729824457,1.927714603,1.492612443,0.196935015,-1.30495877,-0.428035986,0.68243988,-0.58795252,-0.720838565,-0.296977113,0.659468891,-0.295441187,0.074617135,-0.615963682,-0.527021142,0.130753442,1.252472248,-1.279054322,-1.872577832,-1.111831584,0.170520266,0.118686854,1.38636373,-0.437890296,-0.42031233,2.308232072,0.181403786,-0.321239084,0.127032958,-1.073663404,-0.321767355,0.127788119,-0.021596317,-0.243012291,-0.541951885,-0.24796183,0.221424084,-0.299289923,0.586019487,-0.506762638,0.502041731,-0.344996723,-0.487677295,-0.312713671,-0.754492524,-0.70541724,0.87645547,0.033697994,0.172520413,-0.488814616,0.183751058,0.823322751,0.65661206,-0.665036788,-1.271700481,0.280707032
ERLIN1,-0.143206937,0.455299587,-0.066111544,-0.235782187,0.505184463,-0.090957458,-0.495861043,-0.124412051,0.848466568,-0.382311273,0.351957511,0.271799666,-0.435627842,-0.225498398,-0.432379575,-0.738050909,-0.200286404,-0.446348924,-0.209302893,-0.352823024,-0.530753389,-0.596067639,-0.723595985,-0.588602888,0.246506498,-0.925938009,0.177674803,-0.168716295,0.567261756,1.050087054,0.070903834,-0.544189403,-0.080832789,0.271573763,0.151103987,-0.17269214,-0.207106712,0.095405091,0.574320688,-0.864522508,-0.3753266,-0.510482769,0.563993209,-0.557180058,-0.911481631,-0.773484304,0.904567904,-1.79758467,0.052008893,-0.331861232,-0.793775331,-0.990023275,-0.147596737,-0.65524923,0.026345169,0.067405466,-0.487725226,1.516590472,-0.368573186,-0.551868931
GPC4,-0.263353953,-0.337888619,-0.758703873,2.68297342,-1.273193596,-0.135667633,0.020327306,0.149540523,-0.030722925,-0.29421891,1.729892748,-0.979536842,1.299756352,-0.147658631,-0.564773975,-0.423590774,0.50153951,-1.053378866,-0.551715026,0.59872633,-0.345611795,-0.69580157,-0.495578048,-0.251849615,0.037837648,0.744367374,-0.183548721,0.692689349,-0.379059738,-0.405825484,0.416364763,0.297482055,-0.215864115,-0.71298594,-0.203086401,-0.138299029,-0.908928536,-1.514764933,-0.775064149,0.976832662,-0.64699343,0.367234847,-1.139688331,-1.470002886,-0.00471847,0.911561352,-0.2843397,0.53752114,-0.707180083,-0.364907886,-1.030248858,-0.642932382,0.815418748,1.119568927,0.1429991,0.270720231,-1.106068711,-0.119999309,-0.105375679,-0.362936243
NDUFS3,0.530186476,-0.09329697,-0.089862086,-0.014971991,0.064434445,0.35911105,-0.152516062,1.512453859,-0.111089263,-0.175651713,0.232185003,0.222893621,-0.053143882,-0.371398848,0.169425791,0.874119761,0.067954162,0.366132786,0.059388279,0.180887284,0.397225248,0.321918609,0.933360087,0.095571327,0.427476438,0.149204069,0.549436573,0.600163066,0.440865349,-0.22759019,0.884860674,-0.109763551,-0.01640271,0.540214477,0.100308118,0.389832123,0.039529318,0.672679448,0.170399803,0.288554022,0.337994436,0.312712215,0.091162711,0.287761065,-0.051651246,0.012438149,0.465855947,0.01015553,-0.158930022,0.148402483,0.502850815,-0.202263063,0.157553597,-0.30095772,0.469492343,0.162252113,0.37158511,-0.047847993,0.539195023,0.024653117
SRSF10,-0.253490624,0.22088712,-0.595445982,0.577552754,0.079107464,0.987939318,0.241965635,0.242105927,-0.226677893,0.64770125,0.282797203,-0.400834191,-0.522117957,0.959938471,0.38550307,0.293701528,-0.140139465,0.216217273,-0.181572237,0.784135403,0.38146548,-0.064274784,0.273990483,-0.008294365,-0.133459346,0.011702331,0.491936623,-0.371814658,0.391682911,0.28719257,-0.102093789,-0.500221517,0.596942474,0.475122606,0.003054055,0.476549775,0.404330313,-0.641312697,0.428688341,0.067287303,0.426162284,0.293200327,0.324688545,-0.289729768,0.500610793,-0.09258669,-0.21438372,0.281249593,0.625640788,-0.526869829,0.658831464,0.458632205,-0.350979618,-0.522853212,0.627402642,0.207825487,0.241017944,0.458909787,-0.603736673,0.17269756
CLN5,0.059930735,1.248756974,1.49102617,-0.431430867,-1.113423098,0.449202806,-1.996781579,0.00713118,0.316464714,0.479884223,-0.567081423,0.605508179,-0.320837149,0.30000648,0.018544194,-0.563558455,-1.054256957,-0.651904625,-0.692834936,-0.485124817,0.518349215,0.108539854,1.407156744,-0.347871198,-1.187286218,-0.949738584,0.718408317,-0.475782684,-0.380464228,-0.848626618,-1.149995586,0.146257585,-0.366427215,-0.36948887,0.500888489,-0.747514604,1.438442088,0.253771031,0.476647567,0.610676245,0.126512741,-0.638683212,-0.210934717,-0.014811879,0.180798388,0.220631697,0.366164392,0.494365534,-0.230812759,0.514830875,0.442846713,0.236293209,-1.345158656,0.150353928,-0.428840115,0.292428879,-1.139204942,0.220606716,0.036811174,0.584472783
HSBP1,-1.201836439,-0.351270709,-0.617358633,-0.043745492,-0.069858107,-0.236976701,-0.085509984,0.436522855,-0.700151862,-0.288659895,1.386995127,0.016599488,0.074856827,-0.028257177,0.255334864,0.29466735,0.159497603,-0.090010428,-0.164262588,-0.292705187,-0.607382562,-0.575202848,0.422528244,0.26461795,0.872242865,-0.521609686,-0.308108167,-0.179522193,-0.057614059,0.239284456,0.741503714,0.194908091,-0.056384517,-0.544975584,-1.235486209,0.269930377,-0.077756913,-0.342028049,-0.538151676,-0.537420597,-0.081980513,0.419052291,-0.565253415,-0.97736134,0.46137129,0.614804662,0.320973435,0.001964629,0.338002069,0.073495345,0.042896192,1.158415527,-0.13281438,-1.189595753,-0.161446386,-0.37068536,0.429511079,-0.284874514,0.137577486,0.099628163
ECI2,-0.343601988,2.314730116,0.673270029,0.454501073,-0.543358921,0.02510421,0.047473249,0.272230259,0.242492102,-0.825215741,1.067247375,-0.521315032,0.099772366,0.592364409,-0.551031259,0.131758693,-0.924350032,0.182162769,-0.341133157,0.072129143,0.363740383,0.885047884,-0.314554087,0.032278963,-1.057893936,0.628658201,-0.651424921,1.988592276,-0.015256061,0.404962966,0.119247465,0.580700759,-0.39359205,0.36099257,0.276312828,-0.618290689,-0.498258804,1.153148272,-0.046560304,-0.841262268,0.085277946,-0.330563426,-0.683228061,-0.352234018,-0.366934695,-0.041755347,0.308117371,-0.471459663,-0.593644549,0.530062716,-0.39363169,0.62329648,-0.328711152,0.525567384,-0.611407134,0.378455663,-0.443306357,-0.184363659,-1.135648261,1.330514307
KHDRBS3,-0.777787328,0.230824081,0.138198835,-0.653151258,-1.883297563,1.383914736,1.730427746,0.873467639,-0.90243211,-1.516687946,0.17507105,0.305759511,0.187792268,2.100327501,0.807240379,0.74331604,0.278791681,1.306073939,-0.842299292,0.900651392,-0.295610512,0.902466639,0.688951905,0.573418235,-0.407489577,-0.904611012,-0.031531502,-2.484716143,-1.143149295,0.432497397,-0.391419842,0.519352699,1.034976447,-0.116937407,1.07543719,1.551603115,-0.198315682,-1.296066861,0.510418093,0.903315507,-0.760222182,0.518456931,-1.033933394,0.030200976,0.536506657,0.87843664,-0.671749353,-0.262134946,-2.118840623,-0.461456167,-0.388936415,-0.97520138,0.482653329,0.029684706,3.272306678,0.364661315,-1.115743866,0.519215894,0.964173408,-0.588744847
TADA3,0.325543574,0.67655913,-0.17034213,0.349433878,-0.364920075,0.881062648,0.484136534,0.346099745,-0.152293781,0.544621907,0.103355621,0.305767505,-0.517456749,1.302912808,0.236362589,-0.625472321,-0.319482732,-0.109379656,-0.181093076,0.595429153,-0.063564037,0.025355368,0.356469801,0.154513765,-0.063314061,-0.031178299,-0.012515509,-0.325691035,-0.453708056,-0.036214217,-0.119040143,0.187723987,0.361039306,-0.047546312,-0.193681459,-0.476175519,0.251575902,-0.257652375,-0.03529301,-0.123229863,0.098392197,0.213873883,0.300435271,-0.098312229,0.005229908,-0.073240691,-0.163420897,-0.055329723,0.1164023,-0.436622206,0.462435964,0.081321316,-0.362079675,-0.045534769,0.657873262,0.437822965,0.072927501,-0.22533576,0.031359083,0.035988839
EED,-0.385986521,-0.132440165,-0.095850562,0.51573268,0.194507654,1.08481633,-0.386099686,-0.108522096,-0.33394452,0.289327963,0.471872076,-0.080301521,-0.125432769,0.128410132,0.514271361,-0.030360143,0.048851591,0.249591978,0.024834613,0.215187649,-0.014070045,-0.078877389,-0.419402597,-0.338367758,-0.130751781,-0.605996326,0.312558178,0.500289541,-0.039887647,0.005680317,-0.196075658,-0.134299404,0.229382782,-0.309418533,-0.307930071,0.274183874,0.167812283,-0.495442689,-0.0600734,0.013893825,0.006229064,-0.105607306,0.705981127,0.139306354,-0.067436924,-0.18095158,-0.200802435,-0.25312915,0.712744362,-0.599832393,0.437525221,-0.405816922,-0.091827996,-0.448962607,0.129311317,0.111707226,0.241333017,-0.008047848,-0.56273268,0.029894095
BANF1,0.062247689,1.456610803,-0.169180341,1.14401962,-0.679784799,0.70633541,-0.607455104,0.323680076,0.456515924,0.282701253,2.215411968,-0.508122342,0.709086909,0.324707522,1.603396626,-0.112649496,-0.722230264,-0.028659389,0.747573786,-0.592808422,-0.913762745,0.469364743,0.305163493,-0.261316045,-0.756932286,-0.147049971,1.265416164,-0.081606356,-1.043604476,0.367659069,-2.239752028,0.471609052,0.667479945,-0.295431376,0.210881428,-0.640630006,0.163171247,-0.206749269,-1.477108303,-0.252154281,-0.16233622,-0.253512227,-0.232766275,-0.964774844,0.601584447,1.020913292,-0.644453528,0.511496567,0.924798579,-0.397521764,0.51982571,0.225975015,-0.953811345,0.25223482,0.20997202,0.92765742,-0.717327919,0.917174079,-0.159570347,0.261897291
SF3B1,0.187545113,-0.151046239,-0.092501408,0.519207485,0.048833429,0.464414773,0.156262789,0.004403033,-0.076691101,0.371779708,0.128590668,-0.068494734,-0.368035793,0.259461502,-0.024041357,-0.008469997,-0.061032535,0.066933787,-0.015423406,0.436075244,0.337264208,0.020843922,0.251392117,0.126068442,0.084113342,0.012472374,0.069978242,-0.044575923,-0.049227224,0.170172766,-0.111943091,-0.253943557,0.027397813,0.018148181,-0.003601602,0.255456311,0.147789296,-0.191958477,0.100928261,0.046359438,0.136305962,-0.138072755,0.193754202,-0.132002573,-0.17717635,-0.281921476,-0.225120556,0.110761229,0.432821504,-0.336380922,0.700038087,-0.236823239,-0.012372137,-0.430584126,0.549783825,-0.114267394,0.172472891,0.14007008,-0.121079932,-0.360520497
CSDE1,0.343064519,-0.044234099,-0.585526295,0.489854168,0.287420337,1.7e-05,-0.744542276,-0.436046527,0.189911933,0.454540721,0.5014387,-0.54292901,0.075200488,-0.23020591,0.014673033,-0.607755376,-0.4186582,-0.067593597,0.451158502,-0.075661775,-0.362529081,-0.26434939,-0.518115282,0.021818669,-0.297069478,-0.204742045,0.081924005,0.19331572,-0.085139839,-0.502083919,-0.960146372,-0.46020868,-0.237204941,0.624622967,-0.311587787,0.068911298,-0.392312587,-0.926554593,0.613046275,-0.246716227,-0.270492726,-0.570131237,0.749434306,-0.427441754,-0.532100724,-0.170572206,0.13494757,0.1098047,0.307153785,-0.413338234,0.114965962,0.520610322,-0.525733951,-0.200332563,0.119061913,0.256981251,-0.488948757,-0.431366261,-0.077614475,0.213993488
STX11,0.49506962,-1.077681752,0.251963202,-1.266263642,0.027408062,-1.193874641,-1.320772576,0.288774609,0.250661693,-0.316926098,-0.865089295,2.349904219,-0.183573272,-0.745036339,-0.049249629,-0.37979321,0.710320136,-0.186193285,0.171036716,-0.649574434,0.514757243,-0.732385904,-0.746715415,-0.259987561,-0.204207096,0.244514416,0.259775331,-0.248122991,0.124830851,0.173053141,0.126079739,-0.184351552,-1.252115099,-0.762878073,0.92091683,0.69433995,-0.728908368,-0.21067143,-0.277006025,0.062662691,0.428857973,0.274790601,0.605642306,1.210631687,-0.30624049,-0.493993277,-0.687158697,-0.603877119,0.267181275,1.473904833,-0.766422563,-0.931293179,0.294366273,-0.603777722,-1.332239034,-0.116076975,0.561763309,-1.339397379,0.312760223,0.796611252
SKAP2,0.711678389,-1.010050283,0.278018209,-0.344783546,-0.222796531,-0.602132987,-0.900504756,0.286621371,0.412207128,-0.300861885,-0.426534486,0.423327362,0.366100684,-0.966961715,-0.202068485,-0.458268376,0.061621943,-0.583778707,0.535520059,-0.36728633,0.35697385,-0.810739175,-0.662117617,-0.352145502,0.027480706,0.757012388,0.21785322,0.23932759,-0.069955185,-0.386880948,-0.625686239,-0.037272482,-0.86409956,-0.72144594,0.396799513,0.436921732,-0.256379346,-0.344408513,-0.581662138,0.288841327,-0.005322328,-0.528027926,0.440334332,0.93693557,-0.756997189,0.017851892,-0.664080302,0.236594015,0.552888046,0.749745637,-0.389788738,-0.242821263,0.183330956,0.134611173,-0.599360716,-0.243888829,-0.130445062,-0.724009977,0.518557091,0.121625261
PRKRA,-0.412863477,0.96151867,0.754301853,0.452334262,0.192553353,-0.030006669,0.337490683,0.358516279,0.330271781,0.582072152,-0.099474636,-0.037787688,0.372113037,0.398301393,0.266192258,0.642996761,-0.586625885,1.082700061,0.103430494,0.63607392,-0.485483225,0.689060545,0.35077376,-0.4690417,0.061706507,-0.282635131,-0.053011575,0.503304873,0.459602424,0.903190614,-0.566204496,0.314635281,0.236202963,0.074051111,0.381266481,0.61050437,0.52094838,0.042993895,0.143456532,-0.11816974,0.113254032,-0.27856609,-0.158815453,-0.34383117,-0.00347865,-0.049348312,-0.309327359,0.251261332,-0.003551669,-0.175397857,-0.733052183,-0.226157201,0.127107422,-0.08476231,0.618181839,-0.262265635,-0.289976553,0.206997353,-0.06115596,0.137328736
MTRF1,0.365153976,-0.240488884,-0.166222162,0.282217224,0.543997396,1.02590729,0.650787926,0.073929368,0.580232038,0.609079392,-0.129534458,0.325368029,-0.339441826,-0.078904044,-0.811894737,0.459986511,-0.223685986,-0.214484203,-0.059484177,-0.15202372,-0.432696159,0.306533198,0.206906849,0.254829465,0.005895853,0.328616687,-0.309133984,0.205757733,0.300963105,0.653887645,0.159283671,-0.221650645,0.029805661,-0.299681942,0.763451702,0.137766511,0.296979108,1.633893727,0.159537092,-0.103173358,0.002461874,-0.399599471,0.129420777,0.156364372,-0.164166706,-0.282310379,-0.20638175,-0.395526467,0.212537893,0.251952535,0.269866439,0.445871044,0.029749127,0.025383338,0.112424212,-0.088265963,0.20103596,-0.033801577,-0.063706144,-0.530079353
RPS6KA5,-0.282067982,0.172269315,0.016395124,-0.219324344,-0.151012521,1.436041066,0.495135636,0.116764781,-1.103976688,-0.393717483,1.041719415,-0.025516617,-0.799876202,0.74884669,-0.366154497,0.633240184,-0.51462808,-0.568647129,-0.784533983,0.290350766,1.434805418,0.865508852,0.622838816,-0.164256159,-0.376696743,0.422155014,-0.029918166,-0.069590625,-0.226891044,-0.02893542,0.060631131,-0.404256006,-0.162532531,-0.522571308,-0.14070671,0.148555527,1.326774308,0.526343116,-0.154008214,0.031606078,-0.446614803,0.768027184,-0.441217692,0.182073393,0.117335633,-0.275562861,-0.237944891,3.23e-05,-0.225471071,-0.232553887,0.198409622,0.134111357,-0.077335053,-0.581252328,0.062701253,0.08886437,-0.261960272,-0.357643615,-0.692364043,0.25474605
MED6,0.515271864,0.11763947,-0.589023146,0.602000355,-0.168983308,1.008471748,-0.095837683,-0.233856857,-0.072040665,0.470932069,0.519730033,-0.32055271,-0.029129303,0.404468852,-0.055929493,-0.003394945,-0.439459836,-0.211094547,-0.094717183,0.369492378,0.371006765,-0.376335627,-0.193382702,0.724451257,-0.045067715,-0.533042162,-0.614854005,-0.147310357,-0.074878511,-0.01494104,-0.12271704,-0.198472429,0.006201486,0.474409586,-0.468348747,-0.067974083,0.361562516,-0.342726076,0.276259255,0.005715448,-0.032041902,-0.057441866,0.535722533,-0.119489317,0.258108576,-0.614828686,-0.398772173,-0.46610502,0.122685501,-0.568798419,0.899396308,-0.053115913,0.083259734,-0.696489729,1.034904575,0.238552265,-0.106328055,0.13323414,-0.50042615,0.211077488
MYCBP2,0.189857524,-0.003799447,0.488758727,-0.302934883,-0.187799055,0.374052616,0.221880365,0.493680994,-0.029568191,0.027546399,-0.670929941,0.5116867,0.075068631,-0.257275921,0.362216689,-0.064732482,-0.173589994,-0.229279055,-0.143344473,-0.527508821,0.45360514,-0.400219954,0.053447434,0.039579154,0.296744931,-0.19035492,0.423614877,0.314444475,-0.129495616,0.114234673,-0.253431829,-0.083117316,-0.078834605,-0.166292487,-0.001794573,0.062409433,0.40821009,-0.041983899,-0.128817969,0.490499781,0.143885098,0.080321367,0.141252752,0.375614894,0.406854994,0.105027011,-0.042450757,-0.567453409,0.216966429,0.041986651,0.239236537,-0.221416778,0.288755188,-0.118539712,0.457214717,-0.123771959,0.632329975,0.164960403,0.221550566,-0.225563157
LYPLA1,-0.404462075,-0.037439244,-0.831426111,-0.225916786,0.266592189,-0.476569437,-0.975179276,-0.888163412,0.316167653,0.50282866,0.931906338,-0.892766164,0.416084171,0.892666598,0.256775924,-0.486351688,-1.057099045,0.268176005,-0.210725961,-1.567056579,-0.871760278,-0.442760963,-0.918364849,-1.188431854,-0.828666997,-0.893786006,-0.911797194,2.44813469,-0.918021447,-0.229962387,-0.938720619,1.42388173,-0.284037634,-0.578835154,-0.056233835,-0.54000851,-0.923601017,1.048414239,-0.783266598,-1.87981517,-0.199946627,0.016993406,-1.50258054,-0.889186165,-1.291275692,-0.442387672,-0.173582631,-0.18372327,-0.723733503,-0.657691865,-0.836942267,0.463367241,-0.432455479,0.351279675,0.13103386,0.446294561,-0.592452873,-0.346047867,0.321743495,-0.234380834
ERAL1,-0.689179185,-0.136037593,-0.461017378,0.179082867,-0.598435546,0.154320531,0.78319286,0.366552977,0.409437884,0.085767401,0.352959441,-0.947067242,-0.503098421,-0.773335952,-0.749019667,0.221983061,-0.150320117,0.535662105,-0.196891978,0.16118328,0.268732626,0.756320681,0.350920774,-0.097903543,-1.198933085,0.713179061,-0.443619014,1.611985223,0.03586906,-0.210851107,0.225724263,0.035251325,-0.671043003,-0.292831495,1.251835033,-0.213360359,0.135097727,0.585203305,-0.470493264,-0.339742252,-0.21883585,-0.345422835,0.514380296,-0.163145849,-0.609434356,0.082506653,-0.373522641,0.672766612,-0.160383818,-0.518558691,0.935561187,0.077137002,-0.083071363,-0.263319832,0.235137769,0.478389624,-0.338946517,-0.542253075,-0.020428706,-0.105765278
FCN3,1.373388893,0.471807355,0.001061398,-0.133663376,-0.317846343,-0.1881422,-0.034630979,-0.478187789,-0.39929663,-0.503376971,0.064280387,-0.381708774,0.625046271,-0.004874545,0.634803497,0.070155639,0.802151399,0.582449302,-0.297769807,-0.481274805,-0.632572103,-1.231292686,-0.616965092,-0.39816211,0.053481755,-0.13581775,1.278966574,0.119435145,0.7493721,-0.212848066,0.269641558,0.187356698,-0.640017933,0.002027972,-0.240725583,0.171478574,-0.121904343,0.370767367,1.303943954,-0.345296481,1.229950959,0.342465248,-0.603915344,-0.266251606,0.062153882,-0.759925883,-0.820182866,0.596938538,1.350831582,1.747770844,-0.329919934,0.376156809,0.173074657,1.052813287,-0.684891066,0.289047143,-0.059179987,-0.846084555,-0.066837342,1.209842502
SNRNP200,0.131315978,-0.220247129,0.174112294,0.388903217,-0.027432039,0.659910378,0.430806774,0.047514153,-0.178061975,0.242893642,0.036212683,-0.210503884,-0.448820821,0.171565392,0.087815388,0.016011727,-0.046205175,-0.106435277,-0.136568582,0.656851639,0.148690093,0.070458691,0.683189441,0.666651391,0.048251204,-0.048037219,0.140280714,0.159551826,-0.065746759,0.083586293,-0.167774913,-0.054153145,0.077291137,0.088687144,0.044799742,0.09019429,0.429126475,-0.123649853,-0.175769761,0.035461981,0.026031298,0.054999939,0.184892901,-0.302280351,-0.070749875,-0.169653613,-0.230693641,0.23940567,0.184978923,-0.425795976,0.446375541,-0.243785288,0.184995791,-0.584395097,0.448092081,-0.00211649,0.191927664,-0.004943158,-0.185164176,-0.37082227
TRMU,0.040950021,0.292566448,-0.108118447,0.211328441,-0.371758007,0.096631634,-0.766688137,0.402949137,0.540701986,0.227919068,0.066741062,-0.2203213,0.159950635,-0.020667414,-0.169912018,-0.055290036,-0.004854498,0.821589563,-0.225864141,-0.377083044,0.014435535,0.152295906,0.237954299,0.27725288,-0.195420912,0.300253368,-0.548873392,-0.223553948,-0.0440975,-0.65574538,-0.021210194,0.819740806,-0.251732002,0.617634442,0.743589841,0.203498087,0.088096288,0.41022549,0.088519054,-0.400468847,0.069204775,-0.08251892,0.005397793,-0.029493505,-0.037265879,-0.003255394,0.054544122,0.020307797,-0.08374023,-0.03025016,0.014869583,0.383099067,-0.351742839,-0.102878249,0.107854418,0.081276637,-0.582208938,-0.206046721,0.183525786,0.109235906
TIPRL,0.485353454,0.271977139,-0.022635893,0.169546066,0.071653812,0.411965071,-0.52260382,-0.694645966,0.236359724,0.006033814,0.378137642,-0.43370955,0.301543659,-0.35373821,-0.085487554,0.674167504,-0.376569693,0.49007671,-0.282168663,-0.01050843,-0.033443882,-0.002075853,0.167160043,0.434053865,-0.422732419,-0.075320193,0.747006278,0.406579602,-0.124102314,-0.51732401,-0.775772211,-0.59295847,-1.164193432,0.282324791,0.3633372,-0.118728566,-0.431185832,0.58661094,-0.188080196,-0.540115327,0.413453408,-0.866858625,0.316245727,-0.69443887,-0.255418604,-0.690167142,0.307560586,0.554604631,0.778516354,-0.405677647,0.141224211,0.305231127,-0.063535384,0.186012657,0.709113313,-0.190454841,-0.097030455,0.811443225,-0.345260488,-0.421727612
OFD1,-0.187379752,0.222613427,0.133455887,0.272452856,0.165913909,0.733762455,0.165192371,0.588767517,-0.11769695,-0.000330055,0.535565197,-0.113837221,-0.38276876,0.354285069,-0.078892056,0.693329403,-0.363454425,0.05384145,-0.49516792,0.443103708,0.157421149,-0.556091523,0.233993819,0.964198839,0.331816618,0.10283683,0.066524415,-0.036978494,-0.123211726,0.326174206,-0.067224249,0.470175932,-0.163218749,0.545211293,0.150985574,0.588054673,-0.313159727,0.075704234,-0.267244553,-0.368660148,0.013447488,0.000997604,-0.157140027,-0.302514199,-0.263261654,0.017025457,0.100737657,0.39275295,-0.079422767,0.017826693,-0.09518906,0.202885993,0.090623331,0.086879969,0.046470737,0.931461401,-0.428113566,-0.338933521,-0.067568953,0.142650285
TOM1L1,-0.244931486,-0.003261739,-0.544994491,0.464579807,-1.063319926,-0.268453083,0.662307722,-0.070609506,0.284949208,0.297210313,0.210275572,-0.686903098,0.114246088,-0.213283549,-0.653343252,-0.318879455,0.174392919,1.62049212,-0.09034354,0.437348748,-0.992554144,0.630513963,1.30797907,1.262925522,0.338087115,0.389880608,-0.305603606,0.88834781,0.141986099,-0.162149663,0.277409807,0.224745214,0.656217706,-0.35824711,0.959154059,0.180697747,0.402662035,0.847940365,-0.339575779,0.251625227,-0.347033569,0.02939172,-0.204206074,-0.903414938,-0.71070651,0.118899561,0.259734986,-0.236062551,0.043767733,0.167487742,0.368922589,0.785622213,-0.394407119,0.136629708,-0.013529697,0.024530521,0.340007175,-0.410155275,-0.305677791,0.058092589
RPS6KA4,0.12960823,-0.321452375,0.24006814,-0.616653993,-0.369949806,0.173303077,0.281786258,0.567458372,-0.387075975,-0.240384485,-0.224836057,0.101291658,-0.290330974,-0.403347329,-0.136996006,0.331685103,0.391785321,-0.504445204,-0.188371257,-0.022694987,0.202427762,-0.132045368,-0.127178228,0.024619226,0.367551927,0.422349984,-0.122157901,-0.445774801,0.847007719,0.055083014,-0.100370491,-0.212137873,0.389036733,0.107420281,0.245205632,-0.186122818,0.161908015,-0.14308214,-0.353471886,-0.140007199,-0.245330338,-0.026232133,0.367200541,0.263824727,0.16435211,-0.003997549,0.524603429,-0.017197701,-0.352564468,-0.001286053,0.443516107,-0.394373189,0.270271226,0.035611109,-0.666012067,-0.53931668,0.191153788,0.386711342,-0.44810555,0.041424647
SURF6,0.041828263,-0.127965292,-0.140621348,0.285199276,-0.699815802,-0.049398837,0.105079098,-0.106224759,-0.552833197,0.082878055,0.006449295,0.060299456,-0.303864548,0.52519528,0.207768828,-0.546633138,0.106381827,-0.157456327,-0.058707409,-0.550101031,0.756117648,0.048371069,0.257329739,-0.221900139,0.188862746,0.016332551,-0.652020467,-0.377196386,-0.459752455,0.982904464,0.073527375,-0.293602485,0.587721935,0.097802766,-0.02235967,-0.489555835,0.009419344,-0.334770544,-0.76657103,0.12021634,0.206281735,0.257502868,-0.097633882,-0.334686613,0.048871886,0.68643137,-0.381970985,0.311126486,0.004161396,-0.171360444,0.434278001,1.09794708,-0.21922832,-0.018002697,-0.039184169,0.172628481,0.046576125,0.262600041,-0.565373457,0.041711314
PPM1B,-0.14296758,0.664777043,-0.426068554,0.491727695,-0.693484284,-0.073787722,-1.26352884,-0.944649915,0.017857855,0.168157646,1.249946239,-0.358184938,0.227743494,-0.028740345,0.471394117,-0.210177344,-0.27098415,0.290254649,0.32457136,0.054936838,-0.378649716,-0.035285068,-0.307394743,-0.634645126,-0.800442826,-0.723345821,-0.437137126,1.090615359,-0.516350839,-0.861889117,-0.486794262,0.35254861,-0.098866281,-0.540997853,-0.113629762,-0.351511615,-0.034736892,-0.477921909,-0.250222721,-0.831165539,0.55421878,-0.125073069,-0.1791372,-0.330711035,0.051618734,0.606636325,0.606899981,-0.447757933,-0.055728537,-0.291765715,-0.560231488,0.626159083,-1.13144035,0.375583245,0.319102614,0.503871527,0.057003101,0.087902516,-0.216287268,0.417968393
ADAP1,-0.629236478,-0.768004147,-0.079284658,-0.113894149,0.067637266,-0.43011166,0.372262087,-0.514991325,0.347384678,-0.090782817,0.111240125,-1.250008314,0.104960705,-1.369872346,0.197950666,-1.400245616,0.36598736,-1.190900823,-0.365772827,0.039500896,-0.087172389,-0.243600428,-0.408331601,-0.535097519,-0.12729945,-0.016658193,-0.935678897,-0.27244924,1.539724664,0.067872048,-0.259508233,0.721790758,0.821816198,-0.673515645,-0.141674094,-1.364724701,-0.203267396,-1.010244801,-0.276832373,0.104187783,0.047581171,-0.044976753,0.110642097,0.153286251,0.020881285,0.249704354,0.374576669,-0.324172714,0.188067285,-0.061516031,-0.508534847,0.121336158,-0.128648457,0.141293466,-0.094791449,0.00844399,0.163240665,-0.369475302,-0.653217201,0.246546941
UTP20,0.199128935,-0.329745373,-0.554408491,0.393066309,0.050140862,-0.059773301,-0.034954637,0.348131961,-0.159291675,-0.282590871,0.080790185,-0.427056273,-0.369273557,-0.234887083,0.079789142,-0.286356203,0.52731852,0.386473749,-0.147039343,-0.431947612,2.1e-05,0.375218702,-0.09339148,0.051635309,-0.06018603,-0.176286583,-0.689681199,0.760454908,0.019269469,-0.106853077,-0.004519642,-0.010324725,-0.126771755,0.130021867,0.067797175,1.152526287,-0.106926136,-0.036653149,-0.132799403,-0.348229116,-0.106628163,-0.522096968,0.116632779,-0.418230216,-0.226458641,-0.144789723,-0.278212903,0.071490453,0.177110407,-0.029532793,0.724627067,-0.113241162,0.056904809,-0.085821876,0.961076662,-0.415641168,0.045116489,-0.675647065,0.461268602,-0.104438966
NUP155,0.090965606,0.201900865,-0.060485847,0.286178836,0.325995232,0.422350953,-0.147758423,0.050706689,-0.018920012,0.150868293,0.398667938,0.01281663,-0.423788535,0.426689278,-0.035130296,0.114049529,-0.222155036,-0.198065795,-0.184992009,-0.012431789,0.132404974,0.155795541,0.024080457,0.507391246,-0.069679144,0.226356727,-0.180027224,1.109567038,-0.110486893,0.158830246,0.039856873,-0.51590483,0.158094785,0.307127357,-0.080621434,0.173866643,0.145922871,0.362832331,-0.273876593,-0.239132092,-0.340257103,-0.197071321,0.028905767,-0.345761081,-0.149983156,-0.137893712,-0.21895062,0.10232858,0.139179669,-0.365366278,-0.047528099,-0.068542704,-0.057461354,0.021954839,0.46524269,-0.14569917,0.149246333,0.297485415,-0.136785407,-0.203008349
RP2,-0.087281418,0.240570928,0.431850942,-0.850135807,0.053879027,-0.559693331,0.225936029,0.384984234,0.348123092,-0.566490783,-0.357543944,0.500644495,-0.102302185,-0.190629671,-0.463526657,-0.127452015,0.233874322,-0.191955895,-0.093058927,-0.208430583,-0.10091889,-0.293389307,0.853931087,-0.066150261,0.001942503,0.051372748,-0.297747237,0.271817551,0.172158811,0.03255782,-0.031954861,-0.04288196,-0.080968965,-0.09630223,-0.086213623,0.11807585,0.424445823,-0.282436534,0.312439565,0.143823691,-0.046631825,0.099306124,0.156553586,0.620616663,-0.034712284,-0.077552439,0.979223912,-0.495503478,-0.375921866,0.470064866,-0.189368394,-0.48582719,-0.088125294,0.242768994,-0.377013137,-0.179488587,-0.005570859,-0.791358412,0.008239028,0.339710775
STK16,-0.490546882,-0.00248387,0.733236858,0.245794362,0.135328193,-0.544534731,0.27566787,0.16195989,0.564448508,0.463522646,0.288221904,0.039225986,-0.157163895,0.290770618,0.351103574,0.351781502,-0.017872481,0.010068392,0.046573352,0.200269762,0.214279876,-0.043034341,0.321550211,0.179663938,0.028904654,-0.009571178,-0.401230786,0.060006599,0.173071116,0.144576177,-0.087861586,0.539340842,0.122792832,0.196486909,0.33040625,0.139850092,0.70064557,-0.062406042,-0.127520416,0.003627855,-0.028057271,0.144614151,0.567382483,0.396868113,0.115059974,0.005826823,-0.076953695,-0.15128352,0.003581587,0.588954964,0.625790778,0.205682406,0.064929003,0.338602788,0.279419125,0.62372713,0.554700084,0.230268384,-0.053145818,0.801679654
WDHD1,-0.35252982,-2.191348403,-1.233423655,2.126081259,-0.236394717,2.776988032,-1.382767624,-0.531761784,-0.664628565,0.945870005,1.444800609,-2.060875453,-0.826386576,-2.353389366,-1.01211176,-1.610104237,0.114258216,-0.078404461,1.059858511,-0.857807426,1.257816163,-0.373627572,-1.1721094,-0.491290374,-0.168084402,-1.255453732,0.584163919,0.731911395,-0.983551867,0.967729865,-1.838451194,-1.163710196,-0.593357127,-1.282488293,-0.575230599,0.347919636,-0.618172697,-1.856403369,-2.786132252,-1.287454536,-2.097806237,-1.081602827,0.839857478,-1.031306256,-2.484949112,-2.83232235,-1.881629577,-1.262416286,0.669685675,-2.453642735,0.577393193,-1.279020772,-0.85510122,-1.805751195,0.813333355,0.348730703,-1.477474727,-1.216753574,-1.393123165,-1.157080185
CRTAP,0.882712619,-0.817759534,-0.200598122,-0.135037584,0.064573491,-0.422899288,-1.407809673,-0.15095967,0.195953981,-0.247531428,0.794532872,0.855891829,0.189954581,-1.166717953,-0.558780105,-0.035441475,0.182332399,-0.561577293,0.670124721,-0.540441275,-0.536959167,-0.601471125,-0.136810254,0.522557663,-0.47339334,0.012201739,-0.312318218,-0.153883917,-0.183626837,-0.376903676,0.017633657,-0.494309416,-0.935035722,-0.649239929,-1.054008239,-0.316971304,-0.418389655,-0.602415318,-0.383061822,-0.223073778,-0.273944722,-0.985078857,0.509983345,-0.054762394,-0.587854949,0.345864597,-0.695133094,-0.451552591,0.441445468,0.336357207,0.49045318,-0.60061026,-0.760555897,0.099971176,-0.184988362,0.421063691,-0.135511355,-0.255640549,0.386224773,-0.455627383
SLC25A12,-0.224286217,-0.712097053,0.778659414,0.328600858,-0.120878115,0.154047481,0.910837398,0.337412762,-0.286091353,-0.082634148,-0.048308042,0.206043909,-0.055722618,-0.884607062,0.367270222,-0.468870523,-0.323250345,0.307418032,-0.01766838,-0.207276793,0.285888778,0.534040511,0.146346175,0.271617176,0.132510293,0.162608851,0.405561714,0.36147012,0.252217536,0.482131172,0.057522662,0.45123081,-0.720615733,-0.795311102,0.430074392,0.297143357,-0.035241804,0.287126036,0.114520508,-0.231586565,-0.39209311,-0.353785148,-0.243593925,-0.197025573,-0.33855948,0.102800814,-0.172900076,0.23116048,0.138695806,-0.091810093,-0.398974107,-0.531481272,0.175013294,-0.165694278,0.619261764,-0.331078176,0.175975901,0.043389765,0.321255635,-0.293584233
TCEA3,0.002701881,0.512409805,0.871673396,2.020565744,-0.831147947,0.376127164,1.155605236,0.288737973,-1.833250062,-1.63051293,0.024012823,-0.063955832,-0.281539587,0.6993032,-0.236424121,0.348126734,-0.174519997,-0.189993573,-0.330003739,0.185001749,0.178776163,0.02581194,2.096161116,0.897568895,-0.284387494,0.72492106,0.015018743,-1.057309673,-0.769213772,1.175740458,0.160571739,0.221874683,0.90305922,1.934276967,0.881595676,-0.179409373,0.893705321,-1.231801818,-0.187040823,0.331805082,0.058879937,0.38043592,-0.118267311,-0.377038052,0.105660501,0.056970668,0.23806224,0.623958803,0.7877836,-0.525065243,0.114899644,1.174075064,0.985775194,0.003368987,-1.071523152,-0.102270399,-0.550382212,1.377236974,-0.270303651,-1.126393
PALM,0.875137199,0.041578286,1.150638069,-0.550331434,-0.142813418,-0.074340485,1.253807042,1.270482663,-0.540075332,-0.762258373,-0.372235542,1.551962395,-0.076408987,0.311398032,-0.088265613,1.153385861,1.779892288,-0.029359915,-1.009866117,0.407372908,0.68069897,-1.053285457,0.38056598,-0.252162761,0.312796859,0.003004705,0.345809047,-0.706290462,-0.616666019,0.257316925,0.811867792,1.385321419,0.072679566,-0.792481576,-0.240584832,-0.099705942,1.532995734,0.722076596,-0.707486414,-0.291759533,0.71936173,0.332575911,-1.386259822,0.167276123,1.562435944,0.713477157,-0.091706292,0.126862801,-0.6288316,1.134931305,0.359838734,-0.377684144,1.047032625,0.342999613,-1.00781623,0.41227523,0.52673916,-0.499213188,-0.301271282,0.898807357
ATP6AP2,0.031660018,-0.333578131,-0.34978567,-0.110554834,0.149951065,-0.549789283,-0.736909016,-0.344396849,-0.014322676,0.150504218,-0.201551322,-0.406168586,-0.391671035,0.076680989,-0.693838538,0.384817313,-0.01686744,0.388353294,-0.486559855,-0.45204915,-0.527719756,-0.356194697,-0.12085554,-0.008093059,-0.208587681,-0.692622334,-0.476809108,1.113462005,-0.352138429,-0.126335554,0.010323662,-0.555895153,-0.419364565,-0.108392081,0.177616675,0.11480301,0.036544586,-0.661438152,0.326402422,0.766239913,-0.20379953,0.007592258,0.122317662,-0.426544237,-0.763630704,-0.330998538,0.600594249,1.067327826,-0.289049643,-0.822753304,-0.34744154,-0.480059713,-0.125561614,-0.522957628,-0.318896397,0.228515258,0.061234642,-0.662879151,0.33545341,-0.629099908
GRAP2,-0.20869415,-0.925245722,0.280860296,-1.223851229,-0.114579083,-0.592047572,0.386736194,0.969147125,-0.024690245,-0.544153586,-0.146613442,0.224196412,0.319315695,-0.384309777,0.82447002,0.191910847,-0.620113287,-0.544651096,-0.12944801,0.297761389,0.949143008,-0.396371016,-0.218998009,-0.36234038,0.598454675,0.493618583,0.444811722,-1.01786931,0.26798251,-0.009817038,-0.419828005,0.260239127,-0.469678631,-1.216795142,-0.032168009,-0.795952198,0.907772831,-0.080977996,-0.719993484,1.461717453,1.079964102,0.50267524,0.116835378,0.912118738,1.477154746,-0.189243401,0.198653563,-0.31105649,-0.220003779,0.404028968,0.050010913,0.030664172,0.99204362,-0.150960899,-1.298253205,-0.562068458,1.080276934,-0.701275529,-0.463278724,1.003321837
RNASEH2A,0.289918237,-0.499359439,-0.423280661,0.228754281,0.243392087,1.586420535,-0.588133614,0.410214496,-0.131883073,0.304166061,-0.309945296,0.11786568,-0.005591766,-0.290043172,0.058061304,0.416316603,0.103521724,-0.31498265,0.419240815,0.434746097,0.514785426,-0.150093242,0.259346226,0.461042788,0.291047224,0.656011132,0.124756804,0.35889567,-0.12886075,-0.412014496,-0.625009203,-0.217002235,-0.564495218,-0.66515482,0.18244436,0.056843572,0.218481163,0.16344608,-0.502724971,0.260634065,0.105800219,0.017697396,0.474082537,-0.727591147,0.751848974,-0.025180593,-0.201239461,-0.144565699,-0.003227703,0.284782122,-0.141534215,-0.347900122,-0.29623085,-0.280421766,0.386165089,0.309985274,0.387402563,-0.587542827,-0.158778533,-0.016731285
CDC123,0.36481388,-0.220700612,-0.899039027,0.84519616,0.252091219,-0.224158399,-1.460925307,-0.832585757,-0.090514757,0.096691243,-0.024176387,-0.915383826,-0.892037815,-0.211973633,0.226344943,-0.623820567,-0.720729213,-0.347888457,1.086748681,-0.433241005,-0.695308367,0.316298971,-0.29359332,-0.56379001,0.3966551,-0.338289181,0.072092824,1.003387602,-0.142531857,0.134401231,-1.395730486,-0.211668804,-0.081259637,-0.385683708,-0.174004136,0.106505376,-0.666563653,-0.806875422,-0.277341843,-0.404390705,-0.18769373,0.037744796,1.609631149,-1.046995024,-0.527470138,0.660675999,-0.387899378,-0.028628779,0.605733213,-0.04672537,-0.501646043,0.382135362,-1.024280555,0.360108136,-0.030837233,-0.192316005,0.137248048,-0.052210137,-0.015078984,-0.072585566
CAPN15,0.435664861,0.078022678,0.181537953,-0.292085003,-0.236262688,-0.002785184,0.903826372,0.083901246,0.466813303,0.034383254,0.341443624,0.24067307,0.07900203,0.08333451,-0.036096933,0.657908422,0.101872281,0.086498419,0.109172934,0.059238637,0.48478423,-0.037632455,0.206675118,0.123160328,0.152203603,0.065747301,0.232474036,-0.163376507,0.09067084,-0.492939844,0.132036029,0.003860114,0.188831921,-0.046837947,0.30448524,0.044088423,-0.181416708,-0.29975487,-0.035603376,0.211761529,0.053598385,0.092154163,0.135952358,0.271603772,-0.101064415,-0.07138567,0.094808057,0.01267485,-0.660667984,0.095389871,0.289928785,-0.080628304,-0.106248208,0.000370101,-0.185476936,-0.109668717,0.409502124,-0.149272196,0.029388336,-0.001234257
BCAR3,-0.886648727,-1.592080066,-0.267997105,-0.516496536,0.363377919,0.492500085,-0.229407984,-0.094195546,2.083278825,-0.473649988,-0.361266349,0.448333716,0.264467743,-0.709525002,-0.128246877,-0.368463234,0.049909366,-0.540292809,0.464410585,0.653891182,0.642155834,-1.347706999,-0.2574367,0.837906893,0.638200685,-0.015147549,0.533664347,-0.164437835,0.810788627,0.307927669,-0.433987032,-0.866359921,-0.932552888,-0.648193673,-0.18483438,0.016407009,0.216541541,-0.393511422,-0.386461878,0.677680299,-0.016875592,-1.016124374,-0.077460109,0.532330128,2.292750671,-0.820662287,-0.427835886,-0.318865035,-0.215932958,0.110571237,-0.783458044,-0.373823782,-0.1899351,0.23183294,-0.551327983,0.268486148,0.141532736,-0.587097031,-1.605195482,0.087711549
EIF3G,0.50299016,-0.019815558,-0.553216117,0.059819348,-0.074466201,0.147612466,-0.189213248,-0.179108837,-0.15187069,0.321314588,-0.038628022,0.102300825,-0.265441627,0.203964817,0.210206311,0.110599654,-0.107878535,-0.299485494,-0.030365122,0.157038339,0.727578177,0.262677314,0.048340066,0.335263274,0.063000911,-0.276501595,-0.134041474,-0.413782178,-0.068192176,0.059482255,-0.110989646,-0.580700048,-0.340724361,-0.103403066,-0.073543795,0.101584173,-0.082790901,0.0243624,-0.323594434,-0.234595548,-0.070019783,-0.139819172,0.281136285,-0.04159061,-0.147653879,-0.212608121,-0.094361343,0.151325107,-0.186873085,-0.079001672,0.614011466,-0.042224991,-0.231555052,-0.600917068,0.271049875,-0.213469769,0.108895291,0.119658246,-0.017899915,-0.071878735
EIF3J,-0.078856588,0.124913116,-1.054499631,0.049777561,1.320627455,-0.437167885,-0.796524621,-0.302315018,0.467577475,1.085337923,0.225284303,-0.425957557,0.157933101,0.135399989,0.485166921,-0.705590248,-0.607322972,-0.135751241,0.918938302,-0.565881715,-0.338356041,0.653328902,-0.859782839,0.234386737,0.035755716,-0.724705245,0.533474132,-0.9458779,0.007271998,-0.138048903,-0.306157691,-0.524923003,0.13003334,0.237776951,-0.272216679,-0.099041425,-0.948885835,-0.625626157,0.083705858,-0.566185765,0.107588223,-0.289010465,1.017607102,-0.080285228,-0.014280418,0.401216396,0.058281499,-0.272093633,0.361491187,-0.39297311,0.000611004,0.095337647,-1.2488528,-0.3341638,-0.476275827,0.090472265,-0.034453025,-0.02408533,-0.392964628,0.313338038
CBR3,-0.850568264,2.03789227,0.166266541,2.07393768,-0.697605121,0.740832677,-0.32786186,-0.181569018,-0.462898119,-1.13768836,-0.302865622,-0.204562417,-0.427676637,0.83215478,0.330711908,-0.513425336,-0.893284878,-0.703563663,0.518703136,-0.153245444,-0.192990184,0.867804714,0.269958933,-0.335596748,1.836874514,0.431929241,1.067662441,-1.039381261,-0.839282417,0.72239933,-0.426061259,0.470528215,-1.399358767,0.653598382,-0.632677817,-0.637118827,-0.426275383,-0.848307551,-0.886744156,-0.573296504,-0.903947454,-0.827324186,1.713203445,0.090599079,-0.458820695,-0.00135528,-0.662007803,-0.49413683,-0.73060101,-0.209347135,-0.977327942,0.621816753,-0.58220907,1.364563434,-0.598792858,-0.494434644,-0.212198257,1.722503155,-0.497919488,0.53517102
PSMD10,0.177107644,-0.284737495,-0.087849804,0.415083654,-0.513450946,0.56308297,-0.79900923,-0.593858617,-0.086513094,-0.418929329,0.574807782,-0.088021508,-0.008947638,-0.51671104,-0.073136165,-0.15065743,-0.336235089,-0.130750367,-0.381020745,0.154916382,-0.233410252,0.346045051,0.616274096,0.489136255,-0.622990872,-0.233114733,0.142006876,0.163260383,-0.410231742,-0.747502888,-0.88116733,-0.290718234,-1.016185113,-0.744762091,0.270364996,0.039872948,-0.095250838,-0.312680965,-0.085040568,0.040236414,0.174787044,0.706849313,-0.027434312,-0.336492557,0.090896107,-0.021304742,0.436013504,0.138394916,-0.614209695,0.009995754,-0.666060397,0.606743839,0.051699378,-0.388460618,-0.379160403,0.965476892,-0.599405506,-0.103940983,-0.247896017,-0.432521335
AP1G2,0.700655642,-0.282288837,-0.354468627,-0.597606924,-0.155492288,0.876353945,0.057849297,-0.095513311,-0.208701488,-0.373721925,-0.317937434,-0.057115994,-1.05434957,-0.143209815,-0.24787725,-0.018820074,-0.572751495,-0.454037131,-0.825504531,0.416357367,-0.120059493,-0.326035903,0.879893206,0.152845917,0.046279485,0.126495253,0.251460459,0.500005281,0.147389551,-0.209554666,0.445224874,-0.417087403,0.40989835,0.011139212,-0.110579648,-0.460570854,0.457231453,0.240538427,-0.075506628,-0.327415038,-0.201208363,0.667019158,-0.321539138,0.126105423,0.244488624,0.612215465,0.516052574,-0.16580676,0.17726594,-0.203815312,1.342095714,-0.622494298,-0.20185553,-0.46676224,-0.196670423,0.089395582,-0.090052255,-0.334458336,-0.307624104,-0.385798092
ZMPSTE24,0.099722265,0.045051383,0.756600357,-0.701096888,0.368631914,-0.142672092,-0.33846909,0.194653581,0.297486991,-0.121963008,-0.606079815,0.247496734,0.150527587,-0.366111708,-0.167629314,0.648554792,-0.125701028,-0.040229615,-0.178794241,0.506675792,0.135880473,0.715998783,0.284746439,0.669093706,-0.159500309,-0.295724785,0.012903427,0.168915425,0.083598111,0.753773998,0.176664483,-0.261617443,-0.786661422,0.433829973,0.186741415,0.250801185,-0.229713451,-0.354252138,0.14391195,0.372288602,-0.125083917,0.447396429,0.716542254,-0.374684539,-0.070981204,0.094315911,0.154724665,0.726150083,-0.357223228,-0.003188804,-0.358530235,-0.143516602,-0.486385836,-0.359187408,-0.736453159,0.313612806,0.756235942,0.12587822,0.519041211,-0.302081123
PPP1R37,-0.236336945,0.337950092,0.055661387,1.03642735,-0.175791611,0.262273606,-0.203058957,-0.517332077,0.514692689,0.225912188,0.697818578,-0.249022176,0.237552789,0.301623855,0.319735085,0.221992945,0.563971401,0.170329653,-0.850259504,0.216068255,-0.085224316,0.046577112,0.396912531,0.342078805,-0.198320188,0.065019569,0.22829538,0.289616347,0.518734801,-0.479953866,0.485645097,0.595510317,0.958384801,0.462876536,0.152694369,-0.113645662,-0.146230965,-0.076225463,-0.152709249,-0.030675711,0.10797,0.211289079,-0.144437121,-0.539278941,-0.247082402,0.510763368,0.855649578,0.350610618,0.188665443,0.121064682,0.085611093,0.132020391,-0.103119854,-0.300964512,0.047521192,-0.161340115,1.325586271,-0.279459331,0.256110911,-0.074504766
TRAPPC6A,-0.330501862,0.265948845,-0.137484268,0.015565655,-0.075997461,0.021901575,-0.058205322,0.048610338,0.726877887,0.313209277,-0.551900343,0.59013225,-0.724228526,0.040765528,-0.454538075,0.070698282,0.304607861,-0.762758663,-0.672590701,0.47752531,-0.336623882,0.020035409,1.445330438,0.392068935,0.203773547,0.103476986,-0.918934487,-0.150952111,0.203697725,-0.041592106,0.374178913,-0.752595323,0.721907546,0.162613605,0.273655584,-0.18172045,0.514797957,0.268807258,0.066891974,0.740330123,0.086401853,0.419632439,-0.063678843,0.936149088,0.042798488,0.045626208,0.205906925,0.079063109,0.791130194,0.078170542,-0.096890195,0.831221652,0.137774557,0.171443539,0.001388617,-0.115043694,0.526641879,-1.270788292,-0.786408743,0.214365431
IDH1,-0.646107347,1.899824313,0.499578936,0.41840956,-0.590698471,-0.282650454,-1.221441246,-1.009702075,-0.457844689,-0.980843908,1.957482805,-1.0950323,-0.424712054,1.002752309,-1.532162013,-0.511962219,-0.780770232,-0.692469499,1.158629776,-1.35849449,-0.640038128,0.937369113,-0.127508349,-0.856785675,-0.058333907,-0.458153956,-2.322294533,0.363953606,-1.274218126,-0.594287119,-0.654648346,0.395481764,-0.193592416,1.40163162,-0.244016332,-1.54236117,-0.189798466,-0.888999592,0.014348588,-1.570332361,-0.304288731,-0.950229073,0.055928095,-0.749016897,-0.041424701,0.334791255,0.154334882,-0.541918177,0.423212207,0.012139676,-0.382615417,4.223103433,-1.014455735,0.544737322,-0.044935301,-0.455582782,-0.937223619,1.0675513,-1.37375602,0.894413395
GATB,-0.421004688,-0.772198225,-0.619388387,0.621021999,-0.304487393,-0.36105572,-0.218490279,0.091425481,1.085946381,-0.149401841,0.6021882,-0.524819021,0.705677251,-0.889846976,-0.802056648,-0.029600388,-0.056627309,0.571662937,0.050611276,-0.176069444,0.260402925,0.92031185,-0.312821606,-0.325752234,-0.053098984,0.079082059,0.01601634,1.034679747,0.210404447,0.218983822,-0.011496171,-0.095985779,-1.538868561,-0.639546664,-0.00104134,0.530236229,-0.224602763,1.661323714,0.514778139,-0.006488587,-0.232798386,-0.409493222,-0.501145878,-0.080232071,-0.283879516,-0.065568861,-0.040410259,-0.226259395,-0.289436488,-0.292643681,-0.493790587,0.200299276,0.027791915,-0.16391309,0.578341515,0.446541022,-0.223867408,-0.611426798,-0.106822804,-0.480266341
SCO1,-0.330518518,-0.095538238,0.208639846,-0.295206275,-0.673176357,-0.029082928,0.503344684,0.086298485,0.095327079,-1.032316718,-0.496175422,-0.037170113,-0.647769174,0.1502166,-1.130023018,-0.508840301,-0.560356174,-0.592806142,-0.292217906,-0.148323838,-0.686814205,1.681346907,0.845165152,0.580485354,0.083574822,-0.370503453,-0.608615373,1.365299839,-0.839616982,0.470736765,1.201727609,-0.371050317,0.316119417,0.710877409,1.784204485,-0.387460332,-0.667794312,1.561456787,0.146070884,-0.880398988,-0.35320875,-0.080747074,-0.904768213,-0.721236346,-0.301877574,-0.106635693,0.109737161,0.154761834,-0.68690794,0.105373544,-0.085765149,-0.965790079,-0.101010322,-0.488757458,-0.255988088,-0.992648418,0.038279544,-1.162516925,-0.073142734,-0.068713933
CYP7B1,0.939578603,-1.110506048,0.709287918,-0.602005452,-0.533311189,-0.237935877,-0.225385043,0.930511697,-0.033184158,-0.313722632,-0.948540169,1.906242188,-0.166928924,-0.085689399,-0.820960937,0.349127418,-0.198637803,-0.598223082,-0.362285209,0.489028865,1.273255563,0.396355194,-0.143718923,0.028652774,0.380693869,0.679836088,0.29339827,0.314104678,0.230597874,0.402081537,0.278588297,0.265853675,-0.34383471,-0.225132488,1.118362566,-0.809522194,0.473882024,-0.323721704,-0.640836479,0.604526106,0.479336723,0.736268413,-1.127260138,0.534100145,1.151383367,-0.373388192,-0.829419571,2.275096501,-0.041771782,0.897211904,0.136163033,-0.479090203,1.318045717,-0.255179993,-0.743174776,-0.933132701,0.523348434,-0.696311681,-0.522796066,0.271595267
ATRN,-0.022958269,0.296335149,-0.011162901,0.617341842,-0.046385993,0.067787621,-0.256897271,-0.801027867,-0.473948988,-0.84094298,0.869100072,-0.036533334,0.236518694,-0.861909328,0.08177986,-0.737168151,0.039212813,-0.119661048,-0.853285265,-0.306482092,-0.859979731,0.160526555,-0.112880941,-0.117168388,-0.18891329,-0.236818257,-0.764363698,1.810456448,0.215732255,-0.39866245,-0.51059087,-0.10602834,0.046424372,0.123862438,0.047345273,0.229062454,0.250044373,-0.795101395,0.012704202,0.277980814,0.21028494,-0.425752693,-0.444052201,-0.185402401,-0.106994799,-0.00679136,-0.003530784,0.051097301,-0.015287295,-0.175180329,-0.407033899,0.3269003,-0.011608152,0.226246906,0.643063641,-0.528710177,0.004776018,1.160509231,-0.086637709,0.102147699
RBBP9,-0.524076912,2.17227142,1.037094833,0.041925618,0.033040423,2.595624613,0.278654623,0.247676353,-0.446755002,-0.506138006,0.186524261,0.069174196,-0.120461743,1.453584663,-0.780537931,0.56404116,-0.131250385,0.37688767,-0.490372491,-0.192883618,0.504449275,1.646426705,1.301015441,1.455723262,-0.037835129,-0.056595113,-1.656164583,-0.182463571,-0.103212359,0.424466839,0.051345819,-0.037748248,0.251019372,-0.222733751,0.939315931,-0.189256993,0.923576799,0.230226128,0.166686947,0.060939468,0.370817524,0.373685315,-0.354669925,0.539359883,0.846089789,0.484426121,0.697082723,0.841592943,-0.112526106,0.627333049,0.24735675,0.59152703,0.12225435,-0.623171952,0.20539871,0.605878675,-0.156385056,0.448652449,-0.969505915,0.121597055
STAM2,-0.075441048,0.325011436,0.134345306,0.051246144,-0.270146471,-0.055708553,0.119899139,0.4392999,0.130263986,-0.186952084,0.023175013,0.105102088,-0.073234003,0.450725878,-0.122315752,-0.007065858,0.184294093,-0.160127208,-0.042878054,0.831814593,-0.061181818,-0.138856079,0.575310489,0.813123595,-0.047879906,0.3039554,0.182701041,0.393943156,0.4489518,0.082215713,-0.004289787,-0.065887802,-0.027572395,0.187397527,0.22436807,0.19800529,0.615114981,-0.406510998,0.200549534,0.056635246,0.24637283,-0.037253999,-0.114160928,-0.160851142,0.223628919,0.218853622,0.004344681,0.101444453,0.246007607,-0.198548571,-0.372364413,-0.279000705,0.039479126,-0.185358065,-0.388059249,-0.308082935,-0.014883242,0.388651928,-0.198146816,-0.270636333
TNFSF13,-0.747756473,-0.757179075,2.871477026,-0.790761561,0.407777563,-0.343209833,-0.22746291,0.046042291,-1.227867523,-2.424240257,-1.592726799,-0.065121636,0.774051118,-0.513072467,0.128324035,0.035848523,1.208641192,0.147179631,0.113103317,0.78249935,0.059860562,-1.059259443,-0.796175717,-0.659446866,0.340831174,1.463922066,-0.228791673,-1.198997444,0.203833889,-0.56524781,0.917689765,1.729446713,-0.801561848,-0.645387031,-0.64671904,-0.508285631,1.307710073,0.228324815,-1.182817261,0.97980013,0.003285539,-0.150389358,-0.770053237,1.512910052,-0.053759894,-1.279808913,-0.647539731,-0.230155858,-1.083361251,1.009865758,-0.276284949,0.101537922,0.555432987,2.348904933,-0.962322783,-0.072061248,0.635035124,-2.048099457,1.415179975,0.721745423
ALDH1L1,0.15504368,-1.651825243,0.10853665,-0.702138398,0.105802563,-0.82781258,0.189231815,-0.685796636,0.098814129,0.324796247,3.068259493,2.558531658,0.547760157,-1.70800476,1.9063334,-0.255598962,-0.443168739,-0.638333585,0.897227209,-0.079190499,0.437232137,0.633352086,-0.043763103,-1.331329125,-0.092250613,-0.399500349,-0.372190064,-0.265352719,0.191085365,0.322735627,-0.61588224,-0.680602793,-0.992840396,-1.387566065,-0.506865478,0.574614205,-0.151020288,-0.126907529,-0.224331148,0.175063625,0.507875747,-0.226295488,0.798908499,0.117825552,-0.286225962,0.125699159,-0.210975165,0.208738419,-1.211375951,0.660308974,-0.454018838,-0.452400041,-0.088222747,-0.023618339,-0.819262127,-0.181798867,0.253418352,-0.231713047,1.909966869,-0.568056267
MMP23A,-0.977573189,-0.11219724,2.512609271,-1.062753274,0.279650472,-0.316186504,1.000558873,0.031975454,-0.753851595,-1.834343053,-0.90154388,0.725733748,1.262639968,-0.330533461,-0.069567348,0.918846982,2.14125454,-0.202636006,0.157493793,2.146123074,0.22529149,-0.803704239,-0.796553428,-0.455039014,1.0552826,1.561087081,-0.140961531,-0.939095929,-0.810182671,-0.521699398,0.841307186,1.940621178,-0.952423078,-0.818757377,-0.471226503,-1.45600333,-0.138620443,1.019523209,-0.830385711,0.744033022,-0.019257048,-0.347288916,-1.975538987,1.647754023,0.277423736,-0.313642512,0.065243168,-0.165353564,-1.023193121,1.049113008,-0.054518748,0.233897718,0.939634674,2.146418122,-0.468325223,-0.081336983,0.381156669,-1.642029913,0.945983028,0.86792995
DGAT1,-0.060993226,0.166660917,0.914168766,0.23891749,1.607712795,-0.139616829,0.43404016,0.422831087,-0.206943706,-0.503469679,0.591471199,0.384883248,0.198256804,0.916584286,0.136840737,0.617170379,0.131006206,0.216675337,-0.129371925,0.233937395,0.040023135,0.177877459,0.422785976,0.347777063,0.688828252,0.112706451,0.213889827,0.249493838,1.738624122,1.539621244,-0.339084804,0.339887286,1.145070718,0.090095692,-0.002348148,0.293296209,0.798903815,0.247448071,-0.32448076,-0.374360538,-0.592863922,0.242730555,-0.319845149,0.233988296,0.424328598,-0.018916907,0.026505753,-0.138789666,-0.087124547,0.165649178,-0.197374434,-0.180137066,0.707246199,0.055399265,-0.231487651,0.29649639,0.00831359,0.992489039,0.567119888,-0.265955061
CCNK,0.134206659,-0.055512861,0.271124533,0.17250723,-0.119139583,1.071105931,0.352497573,0.195801817,-0.20420339,0.179315578,0.26508301,0.238377599,-0.460579876,0.033310106,0.110715192,0.313025956,0.121476331,0.11591057,-0.105366063,0.363224205,0.437059529,-0.221000413,-0.009546386,0.927102646,-0.058409886,-0.690538787,0.304111955,0.052662503,-0.155276277,-0.283670223,0.070235437,-0.247930297,-0.197664741,-0.376542822,-0.239527283,0.432940287,0.302736859,0.175947306,-0.349017823,0.163907268,0.005650125,-0.415594078,0.142645011,0.009633841,-0.040329548,-0.296037987,0.023609163,0.015288837,0.409037289,-0.650519783,0.603847681,0.056301317,-0.047048408,-0.413648782,0.051927768,0.182413283,-0.008165312,-0.181925572,0.356610655,-0.436397858
DHRS3,0.876017644,-1.063265062,1.334573632,-1.406387237,2.351495427,0.801988726,-0.31249727,-0.447759862,0.177327676,-1.630548032,-0.02842969,-0.383352081,-0.777295,-0.931909741,-1.098031363,0.790362076,-0.179716811,-1.037279827,-0.976987064,-1.872282162,0.186240848,0.100857389,0.403898241,1.205464337,-0.176452261,0.825768756,-0.752029351,2.880516594,1.004472334,1.322240104,0.624815952,0.767840661,-1.321541319,-1.69685779,-0.488973076,0.807245249,0.865766711,0.610083042,-0.388087817,-1.166285238,-0.651787903,-0.134021344,-2.019710682,-0.845969131,0.054796565,0.218311274,1.07745311,-1.418242484,2.288912712,-0.073060878,0.492980952,1.885910371,-0.015166488,-0.006126957,-0.515094981,0.304748311,0.295572046,1.058644257,-0.172646831,-0.397821797
ARL6IP5,0.652258644,0.140842607,0.475977788,-0.684066143,-0.03674991,-0.38557531,-0.057444882,0.132047016,-0.09321133,-0.502795214,-0.202687178,0.382916018,0.045295599,-0.32981678,-0.252019105,-0.387763193,-0.088933735,-0.559866035,-0.086040392,0.235506884,0.270981631,0.356733436,0.228906989,-0.227068905,0.200182012,0.264407902,0.107173822,-0.41469459,-0.019859518,-0.385600864,0.643792382,0.692863207,-0.645463548,-0.57887168,0.281911734,-0.339676417,0.223428635,-0.059659478,-0.052559463,0.230577204,0.518204046,0.486744519,-0.12165363,0.677941386,-0.09868798,-0.091369167,0.12262139,-0.523403775,-0.437979727,0.209545062,-0.305859315,-0.361959911,0.391177722,-0.127906829,-0.466861541,-0.09844673,0.676460845,-0.249577124,-0.038716506,-0.014167808
DYSF,0.23244899,0.2041041,0.091941124,-0.762609887,0.456417891,-0.507111424,-0.279858938,0.594483925,0.350751321,-0.477364066,-0.585530647,0.381614857,-0.289236767,0.096604279,-0.846751991,0.043110102,0.740773117,-0.392815619,0.145841671,-0.393287431,-0.406718332,-0.519598191,-0.632312856,-0.350977802,0.437654688,-0.532052669,0.155592711,0.472342942,0.634022559,-0.018288264,0.76664248,0.157197572,-0.270468137,0.211716205,-0.043608593,0.455325649,-0.368628285,0.052934328,0.63017509,-0.542766415,0.096008261,-0.029078787,0.152715896,0.048995208,-0.245277126,-0.804206169,-0.116232936,-0.404900989,0.807679855,0.568412119,-0.197906246,0.274469126,0.462275741,0.050194434,-0.121941908,0.024254703,0.776553813,-0.676835229,-0.145917942,0.69604321
BCAS2,-0.048296866,-0.035364965,-0.094503969,0.548773303,-0.221894448,0.89394787,0.003211062,0.150756382,-0.053857091,0.361704665,0.407905067,-0.275079116,-0.050894714,0.173298217,0.001213903,0.171194472,-0.007850611,-0.045832356,0.430847214,0.273469031,0.365730422,0.103157995,0.096615156,0.237803637,-0.027504391,-0.0206536,0.132303085,0.262678591,-0.158899837,0.337254223,-0.405387933,-0.329256384,0.123129197,-0.177279667,-0.117773872,0.188827995,-0.069383243,0.050284886,-0.397911523,0.269545094,0.043871369,-0.069719848,-0.119228639,-0.216725636,-0.151406477,-0.27680729,-0.221571486,0.562491666,-0.003527237,-0.427229542,0.419106064,0.282801446,-0.141489594,-0.268611841,0.463213151,0.275948517,0.098134328,-0.117663957,-0.153879094,-0.189016725
DCTN3,0.094962408,0.542117448,0.217061895,-0.447866773,-0.279387457,-0.277384715,-0.37173421,0.31540538,0.016790443,-0.178742094,-0.318256518,-0.06641153,-0.106504659,0.200525869,0.212630561,0.185619863,0.175392226,-0.040702691,-0.038814888,0.197569813,-0.513986441,-0.056066818,-0.001343121,-0.243748012,-0.057951655,-0.55751887,0.459028703,-0.417077871,0.321652828,-0.164569974,0.429010722,0.018469455,0.263006919,0.008614839,-0.050322125,-0.043112951,0.551673514,-0.128394516,0.002885008,0.035459474,0.044087459,0.384832349,-0.105065515,0.080869126,0.456250198,0.377046972,0.226110259,-0.854119432,-0.180439567,-0.330989643,-0.116522702,-0.26372992,-0.276969058,-0.382421569,-0.19597254,-0.156853684,-0.000854882,0.274949964,-0.156203726,0.143126864
DNAJC8,-0.33298142,0.184216014,-0.758275921,0.470022315,-0.264925237,1.271996061,0.059203543,0.251942513,-0.073898218,-0.076371459,0.991511116,-0.236596091,-0.346552373,0.070375564,0.687212305,0.465194025,-0.255636731,-0.868264655,0.325169474,0.191846653,-0.34438342,0.156482771,0.005638836,0.30554069,-0.468713203,-0.157638475,0.298636018,-0.681584308,-0.105955924,0.051296319,-0.298318604,-0.846838234,-0.197389733,-0.494329787,-0.55381267,-0.042322692,0.288006781,-0.772023489,0.133150573,0.017891547,0.655661928,-0.305204179,0.168707272,0.016107508,0.684672191,0.430386455,-0.418404932,0.002137821,0.348398297,-0.480504621,-0.593415708,0.624893016,-0.57575528,-0.451307331,0.696945944,0.43664532,-0.576266378,-0.089427857,-0.625062169,-0.245715625
SMNDC1,0.206539178,0.922841361,-0.37245213,0.558936664,-0.770283889,0.680254165,-0.710514997,0.03749924,0.313673259,0.823108766,1.240586274,-0.887130017,-0.167131563,0.312446736,1.02623233,-0.260809943,-0.379169044,-0.337472809,0.128886262,-0.14516916,-0.141790108,0.598643405,-0.448415955,-0.784214499,-0.122770809,-0.773849642,-0.251565934,-0.871937207,-0.212044897,-0.18942899,-0.150899323,-0.625365416,-0.250237884,-0.199857618,-0.140768432,-0.599547127,-0.385165693,-0.14282996,-0.606423176,-0.479864017,0.568151518,-0.395207349,0.768961179,-0.124732162,0.83519244,0.293572982,0.035624558,-0.472131934,0.064026263,-0.768992998,-0.008706457,-0.061567404,-0.621170083,-0.209124971,0.589537225,0.327720391,-0.392073585,0.581089736,-0.595135371,-0.046614668
RAD17,-0.158804208,-0.031848888,-0.14823113,0.281996127,0.050556369,-0.039493069,0.122730738,0.115769564,0.033296814,0.011180795,-0.131268968,0.056802471,-0.00956764,-0.059601584,0.560361765,0.156260107,-0.266116879,0.899391304,-0.351378675,0.123703471,0.310609519,-0.136088062,0.172981169,0.212407886,-1.008968446,0.347059877,0.221823579,0.411104576,0.104915217,0.056892629,0.16414394,0.850695011,0.419183315,-0.278524408,-0.054477917,-0.304446067,0.438437971,0.077927666,-0.125045196,0.020994036,0.07003571,0.290334212,-0.182648045,0.286502411,0.146011287,0.439886725,0.521992644,0.42096053,0.153776218,-0.031457057,0.578032851,-0.295964301,0.137057747,0.240659416,0.106317007,0.483255388,0.12641982,0.047841869,0.044413729,-0.12258275
ATP5H,0.303726002,0.436046681,-0.38984244,0.327565681,-0.132527215,-0.35440758,-0.280113534,-0.055494284,0.438775337,0.256357403,-0.349909538,-0.019057925,0.067920098,-0.112624393,-0.089287063,0.139001386,-0.391789919,1.290581402,-0.480014935,-0.460975341,-0.201712668,0.750112476,0.33642337,-0.45938087,-0.112537379,-0.024607276,-0.01350704,0.070864516,-0.011844333,0.13163887,0.126812758,0.052897618,-0.192852281,-0.044960467,0.83622452,-0.186662804,0.016882826,1.331281079,0.360927403,-0.543536598,0.171831559,-0.166356986,-0.095394105,0.236011607,-0.206229337,-0.493795414,0.532366848,-0.23772451,-0.070105207,0.173646308,0.123600709,0.835404431,0.035990184,-0.40126631,0.094963126,-0.152487435,0.19649569,-0.107478202,0.095585249,-0.044928708
FLOT1,-0.362369008,0.498098919,0.373357556,0.198668301,0.178955322,0.227792149,0.863892499,0.163177188,0.307852102,0.187180314,-0.350642331,-0.14359167,-0.192992406,-0.114565977,-0.238170847,0.335814928,0.134209522,0.503621136,-0.343760581,-0.003836135,-0.116642536,0.393614622,0.875536938,1.430938083,-0.085612302,-0.204518029,0.132393414,0.560235633,-0.023046335,-0.056481957,0.693596808,-0.43411299,1.115792448,-0.217413352,0.001564969,0.433848254,0.652470082,0.20189071,-0.047184751,0.756762642,-0.504142274,0.045244726,-0.236318536,-0.093213802,-0.225349533,-0.573123821,-0.147727313,0.050779669,0.113750031,-0.070007074,0.793795,0.141114846,-0.027477254,0.297849121,0.179708224,0.289850978,-0.062348334,0.32397081,-0.313849354,-0.133863112
TRIO,0.264696484,0.080420727,-0.091711054,-0.055529886,0.161327712,0.281361849,0.040369889,0.096970505,-0.179778163,-0.0523756,0.42021862,-0.255731484,-0.064987305,0.137723856,-0.218855294,0.212993369,0.107873459,-0.272302352,0.045807492,-0.171780129,0.970127178,-0.416127615,-0.48631603,0.223570087,-0.49024543,2.624914626,-0.000117713,0.097362009,-0.147475593,-0.113396669,-0.451713337,-0.07083012,-0.518147517,-0.674237316,0.13354398,-0.237500648,0.077168239,0.675816193,-0.439605113,0.01353993,-0.348544382,-0.423764459,-0.74949437,-0.518845199,-0.363109767,0.026006096,-0.500959456,-0.097963196,-0.844369241,-0.321199763,-0.110252617,0.814128024,-0.279199089,-0.323443188,0.880078611,-0.014901862,0.1297729,-0.442546305,0.169386789,-0.583129629
ATP5L,-0.003246659,-0.17493937,0.20702312,0.520598752,-0.021698674,-0.237183516,-0.303995924,0.137870174,0.36716092,0.025203548,-0.742840663,0.209585495,0.132468003,-0.323293788,-0.208004038,-0.179516004,-0.285924055,0.832278224,-0.622342403,-0.135025817,-0.761644335,0.549825016,0.426066132,0.109802572,0.064295541,-0.3330597,-0.023156059,0.185475387,0.021275501,0.19184143,0.372580164,-0.031846635,0.044548002,-0.032086327,0.477810951,0.024282988,0.428638825,1.035636975,0.265827958,-0.561522094,-0.499257762,-0.03177654,-0.623502156,-0.3931382,-0.383171321,-0.523354009,0.587826248,-0.761130761,0.098419018,-0.218689252,0.017138293,-0.079049385,0.099876437,-0.581358679,0.198254397,-0.262552965,0.474732717,-0.356177784,0.344985038,-0.422602617
MPDZ,0.8108409,-0.200244284,-0.594733924,0.590762131,-0.742556692,0.308887068,-0.418123574,0.165674761,-0.176602277,-0.053779721,0.233426398,0.033859928,0.03136644,-0.045791112,-0.093101723,0.260534118,0.691658807,-0.125723645,-0.353628093,-0.30199048,0.458541565,-0.27336308,-0.225957437,0.160920087,0.150753771,0.281517339,0.378466726,1.051704309,-0.261700677,0.364241662,0.015630062,0.484421197,-0.262021246,-0.215180995,0.186392502,0.234425231,0.27931052,0.660077424,-0.618342058,-0.604344211,0.142940303,-0.020362629,-0.701493025,0.236895416,0.496418618,0.01550467,-0.251251737,0.318460394,0.412959349,0.315622042,0.188414668,0.451282224,0.265880325,-0.268126477,-0.354243045,0.217007914,0.154443202,-0.39862789,-0.24270204,0.272863442
CPD,0.154388893,-1.048354404,-1.679640354,-0.481074199,0.80928304,-0.934018336,-1.439937902,-0.641243942,-0.328769839,1.651110554,-0.408925454,-0.992904619,-0.307376296,-0.596500892,-0.691309125,-0.3371489,-0.164678126,0.213151895,0.356532246,1.092787092,-0.295457359,0.277064298,-1.132948207,-0.583771487,-0.373992404,-0.885154277,-0.087224838,2.963827937,-0.829757746,-0.634875988,0.264011918,-1.138477104,-0.547777698,-0.719031602,-0.062226798,0.302523237,-0.814024406,0.181824565,-1.144831191,-0.182902014,-0.479104027,-1.149311891,0.231839105,-1.323163372,-1.374007861,-0.349008602,0.048954327,-0.724254774,1.236909049,-1.351184958,-0.644526446,-0.706537454,-0.994411923,-0.905249101,0.500397422,-0.079348147,-0.972609679,-1.184435792,0.59609478,-1.13182011
SASH3,0.270013416,-1.340242537,-0.105379768,-0.605534084,0.10661733,-0.408620205,-0.521151837,-0.067471828,-0.0763054,-0.02846626,-0.416614427,0.40604091,0.284851444,-1.464142133,1.054967724,-0.662404811,-0.143512697,-0.274813056,0.415946682,-0.420822579,0.812352266,-0.293345524,-0.80151781,-0.792354269,0.292575722,0.638522216,0.44142732,-0.600000132,-0.537201752,-0.446238412,0.163366809,-0.322057354,-0.939311153,-0.827742888,-0.020678276,0.130683233,-0.657913257,-0.022146924,-0.195941375,-0.011099202,0.646587661,-0.20948854,0.672484187,0.305402759,0.370779233,0.39185972,-0.198290573,-0.400407857,0.076509679,0.737803105,-0.82008994,0.237826646,-0.200764196,0.371465947,-0.68950646,-0.21234952,-0.130898433,-0.857331234,0.001525936,0.467348998
GLRX3,-0.094146926,0.857565609,-0.711219465,-0.267120347,0.188258186,0.32829285,-0.823296256,-0.721295431,0.339893291,0.651662027,0.695054963,-1.007745378,-0.430682798,0.021523766,-0.301668434,-0.255664547,-0.012473306,0.500509286,0.673160036,-0.933387219,-0.669808383,0.101135897,-0.361400437,-0.219295354,0.882143439,-0.557890281,-0.263231617,0.355903804,0.003848123,0.34571647,-0.451559499,-0.530836949,-0.242332949,0.721503862,-0.321089026,-0.179729594,-0.381937264,-0.194428567,0.004626683,-0.47455096,0.236405244,-0.381482426,0.606356188,-0.325587192,-0.613019024,-0.331651156,0.017872311,-0.286970663,0.560908746,-0.524284337,-0.500782821,-0.050680851,-0.501670877,-0.080504891,0.567726701,-0.067055894,-0.191526387,1.335135874,-0.390247816,0.001491633
KRT34,-1.389675548,-0.674719878,-2.447877526,0.927354911,-2.085674387,-1.962880158,3.028221768,-0.426705791,-1.328549523,-0.580078952,0.79475292,-0.777385181,6.351938592,-0.617931955,-2.674860026,-1.942968609,1.239816944,-2.659380355,-0.663270194,-0.543530305,3.949860468,-2.425749144,-0.587929059,-0.420240533,-0.356718156,-0.378050432,-1.36532368,0.310338357,-1.291884233,-1.456450881,-2.597202507,-2.642061093,0.145336218,-0.382344262,-0.461325296,-0.661470768,-0.385911698,-1.685866224,-2.756810217,-0.090658961,-2.142522805,-2.411013758,0.617213438,-2.429776127,-2.124584003,-2.677234699,-1.69869989,-0.426991286,0.105530419,-0.644008284,-0.509500677,-0.244969132,-1.608365201,-0.303352533,0.667162173,-0.777582544,-0.523333467,-2.33238487,-0.141863821,-0.59076564
RSL1D1,-0.68449467,0.145694879,-0.946291516,1.223141741,0.168880668,-0.085392125,-0.718375562,-0.121939466,-0.516094911,0.223948895,0.233530957,-0.881601599,-0.238613402,0.168074541,0.753397926,-0.938087806,-0.767779526,0.070454821,0.784835078,-0.241062044,0.28868496,0.486484743,0.218317508,-0.609533375,0.177401348,-0.197395823,-0.488166066,0.592006088,-0.353096584,0.310970005,-0.479467153,-0.716781109,0.180390571,0.23908364,-0.351099537,-0.281201342,-0.083795471,-0.81149033,-0.490312892,0.090011471,-0.158782017,-0.995868062,0.333720124,-1.108423235,-0.349653341,0.341689093,-0.351064326,0.431402389,0.989217793,-0.921250426,1.263834147,0.118492497,-0.7707251,-0.43043853,0.435944028,-0.456798458,-0.112850948,0.598002521,-0.252016628,0.226776912
WFS1,0.087595714,0.451789582,0.553474001,-0.507150146,-0.199933703,-0.904269516,-0.115061273,-0.291690558,-0.281888085,-0.18619951,-0.091137884,0.767813882,0.298054227,-1.013619975,0.205314355,0.856642308,-0.03407734,0.199954674,-0.393710918,-0.543979288,0.364582091,-0.551038246,-0.488533599,0.635092658,0.249397863,-0.108987894,0.259557547,-0.829383471,0.628985781,-1.069323221,0.184782804,0.899621091,-0.404517985,0.136440046,-0.305306278,0.348225518,-0.004806741,-0.23987541,0.10507135,0.135487529,0.525581693,-0.153561951,0.0572426,0.792696473,-0.046341859,-0.122873225,0.814649846,0.371382445,-0.4506457,0.629219105,-0.855534364,0.546104898,0.157689849,0.157296831,-0.710266184,-0.037656443,0.891115963,0.292880219,-0.084649537,0.273020513
ANXA9,-0.74441177,2.132976866,0.205454095,0.01258842,-0.010336759,-1.017006878,2.103186003,0.114518976,-0.084235211,-0.346459554,-1.29863873,-0.162056655,-0.85948954,-0.235565799,-0.973918928,-0.486908152,-1.023927873,-0.459862171,-1.746222868,1.870969559,0.448340527,-0.281901521,2.084368906,-0.952070621,-0.63716227,-0.539598483,-0.464986344,-0.813099864,1.528937804,0.039702951,1.552057079,2.565263404,-1.397504297,-0.079175774,0.481243097,-1.746231707,0.444284831,-0.481033794,-1.447711597,0.140094129,-0.481533581,1.410120212,-1.321072337,0.693583648,0.922644117,-0.725133619,-0.425902067,-0.470628801,-0.417934374,0.004817935,0.095672515,0.472199494,-0.051621801,-0.383070413,-0.986867879,-0.402971802,-0.476246118,0.710269944,-0.450226242,-0.440034569
CLPX,-0.066010099,-0.135775907,-0.02427526,0.430167441,0.155661553,-0.315370778,0.205970531,-0.018531954,0.530727203,0.466439037,-0.127606594,-0.5311944,-0.300275005,0.248123498,-0.510280485,-0.039754028,-0.387368742,0.413103792,-0.079339462,-0.122194615,-0.302257376,1.141404926,0.142099644,0.121352835,0.118519427,-0.41306459,-0.204992555,0.510858162,-0.286764037,0.342918506,0.026946915,0.096447318,-0.003442163,0.763090268,0.405869801,0.045744243,-0.472393299,0.564987388,-0.030319382,-0.330006071,-0.106049692,0.204941045,0.434743942,-0.527837285,-0.378425171,-0.094025983,-0.292977511,-0.068895023,0.439888743,-0.320779072,0.260870076,-0.151746387,0.064089314,-0.461127742,0.161676542,-0.611379289,0.236325032,-0.136405374,-0.02901074,-0.081208502
NEBL,0.190796416,0.432552989,0.880027345,0.430894686,-0.106004961,-0.170449387,-0.088951514,-0.143324398,-0.093890804,-0.472940021,-0.112792956,0.447842732,-0.010853897,-0.087412148,-0.458932728,0.138337968,0.964127815,0.802843603,-0.301484048,0.191856366,0.046421773,-0.198510567,0.280067051,0.559157899,0.213370222,0.520762297,0.343624291,0.072598141,0.768902328,0.39337981,0.365736243,0.663987363,-0.715440921,-0.517192179,0.204661733,-0.547024214,0.565180517,0.026157579,-0.964961877,0.102801162,0.117639998,-0.136051678,-0.851186935,0.04538933,0.427108806,-0.107343448,0.441093705,-0.492696678,-0.069847439,0.614584127,-0.633235436,0.616115345,0.531560826,0.151828553,-0.382804029,0.532753733,-0.060467165,-0.844847217,-0.483334852,0.354415212
SEC14L2,-0.086538285,-0.234293406,1.310466082,-0.637823514,-0.252852621,0.490768943,0.112596706,-0.3312674,0.177400462,-0.579766555,0.658541488,-0.532661621,-0.651811422,-0.718816807,-0.305248056,-0.600191722,0.627301372,-0.061789301,0.242659427,-0.071203072,-0.915431834,-0.017667663,0.108196185,-0.256135308,-0.332420087,-0.049046545,-0.263056549,-0.163266213,0.821055953,-0.963251934,-0.987238969,-0.174187772,0.182029834,-0.166331939,0.097648325,0.939092294,-0.205456143,-0.670550138,-0.219075116,0.681603367,-0.524300646,0.829520046,-0.223665445,-1.269056197,-0.414665732,-0.351091202,1.56002005,-0.325698196,0.621025575,-0.042107931,0.425475973,-0.069827742,-0.62377361,0.116904256,0.816620791,-0.127430316,-0.117843718,-1.441699058,-0.008686841,0.509971773
TM7SF2,0.137225216,0.627658025,1.501239427,0.75570396,-0.38208061,1.240888335,0.825229069,0.916453599,-0.865719081,-0.331405454,0.429894503,0.083419282,0.717941755,0.403705775,0.476674188,0.803180817,-0.780156832,-0.357013384,-0.878983047,1.306957964,0.324369843,0.076859957,1.377977021,0.866636937,-0.288207998,-0.247049423,0.936959056,-0.285011492,-0.339199286,-0.152797802,0.226601264,0.561930621,2.071468934,0.53895394,-0.105835449,0.720731718,0.985097097,0.204124556,0.427100524,-0.032348983,-0.100847496,0.971283422,-1.331993393,-0.755417278,0.335292194,-0.18495716,0.030220816,0.406173854,0.370312945,0.035579416,-0.046371656,-0.758090869,-0.472406733,0.106655011,-0.317384443,0.515053071,-0.021805682,0.785573248,0.352342531,-0.204718164
SNCG,-1.700140963,-0.174257626,-1.106677728,-0.922283271,-1.259775873,-1.318289017,-0.940782363,-1.266524058,-1.478160026,0.095731652,0.666683698,-1.113337952,1.082696991,-1.867430038,-1.428581161,-1.70041796,-0.61932267,2.568467136,0.933113144,-0.832922051,-2.352669945,2.87635131,-1.673104538,-1.603382382,2.601305006,-1.916643728,-1.452608131,-0.762348133,-0.567956989,-0.063070037,-1.198140331,0.962206551,-1.233161427,-2.092898474,-1.721807391,-0.885232618,-1.117529219,-0.95541112,-2.238862127,-2.143356007,-0.858442539,-1.489257972,2.868953855,-0.215014736,-0.818464757,-0.500518555,-0.935364084,-1.828259112,-1.232030962,-1.164597372,-1.940038715,-0.286645473,-0.92485144,1.533836074,1.559155633,-0.707769654,-1.013550394,3.865219346,0.001516932,-0.24176148
CIAO1,-0.298233857,0.023522011,-0.306362479,-0.518857884,0.234606413,-0.026128461,-0.641883019,-0.046613426,0.087034464,0.379637902,0.237491021,-0.327937091,-0.244128108,0.159840568,0.290250278,-0.117300069,-0.3951562,0.338655232,-0.041681028,-0.079268044,-0.728501589,0.311748922,-0.077372474,-0.016546273,-0.649847794,-0.249088872,0.338703719,0.425334908,0.180295956,-0.171282407,-0.868565747,-0.683803494,0.637041644,0.255316851,-0.037378233,0.500711735,-0.391898111,-0.491340467,-0.173548005,-0.117330805,-0.244779808,-0.233996651,0.469639883,-0.236689823,-0.089848991,-0.570438468,-0.218440568,0.092106959,0.590435221,-0.422183928,0.691040044,-0.081378387,-0.271022615,-0.291736425,0.188075108,-0.441352861,0.100933772,0.099890745,-0.069731291,-0.017960985
PDE5A,0.238951993,-0.256406967,0.530444984,0.290798031,-0.23493018,-0.434366824,0.835389293,0.676761325,0.155250767,-0.291083534,-0.179884402,0.948388569,0.451656202,0.02733367,0.075685293,-0.008433384,1.587139519,0.044883505,-0.021480371,0.172782273,0.240561301,-0.466576132,-0.556563742,-0.119767312,1.968799186,0.48462347,0.802116551,-0.754290799,0.314922444,0.034437856,0.272677224,0.993606425,-0.595347674,-0.643929286,-0.615889827,0.616849302,0.828181206,-0.384239683,-0.448916162,-0.432174986,-0.044144234,0.451596694,-0.427857607,-0.110121519,0.848265312,0.133833267,0.061674019,-0.754195272,-0.597371506,0.359560924,-0.606795981,-0.689925289,0.752142014,0.842776781,0.571981406,0.262520503,0.283607024,-0.843283145,-0.191928693,0.482926189
DFFB,0.733470252,0.037538506,0.562019559,0.372512873,0.518874484,0.724549192,-0.125813349,-0.002630359,0.249437043,0.173147585,-0.040369854,-0.162007605,-0.059305232,0.263892429,0.567700258,0.246555567,0.014513615,0.411163289,-0.094910998,0.255170039,0.226307489,0.131534782,0.248946584,0.335392864,0.087975444,-0.299476551,0.280522822,0.086434223,0.543396616,-0.151777547,-0.194981564,0.213304984,0.031002554,-0.004277687,-0.389027948,0.330813069,0.230111503,0.352933382,-0.111656778,0.15543511,0.174962307,-0.05796243,0.187128072,-0.13514445,0.092916337,-0.035771386,-0.086862267,0.548331756,0.163842281,-0.161956551,0.041221974,0.255368823,0.456480538,-0.75513398,0.462239365,0.352203707,-0.382529882,0.159466767,-0.091608678,0.101311541
SRP72,-0.15748529,-0.134492138,-0.077930658,0.228912655,-0.167347537,-0.311571651,-0.453250799,0.200327188,-0.147053859,0.159987434,-0.658616089,0.324180934,0.084251462,0.004819497,0.392494761,-0.20477415,-0.909540883,-0.176347007,0.882817465,0.03195388,0.399525264,0.440243065,0.288962936,0.130910643,-0.33774597,-0.467769959,0.314735808,-0.064878564,0.221784825,0.506141154,-0.358963108,-0.907294356,-0.057571151,-0.418871991,-0.225794797,0.436093104,0.292920702,-0.261509447,0.18527352,0.436549414,0.051337123,-0.357494727,0.536948908,-0.41752412,-0.196850416,0.023363206,-0.030920504,-0.01881469,0.141169908,-0.099195416,0.149850515,0.211520082,-0.092483674,-0.590598605,-0.075966893,-0.049612561,0.505635874,-0.109302841,0.367128536,-0.038176607
DDAH1,-0.464375166,1.756104318,-0.025008047,0.155347447,-1.013089205,0.910742859,-0.600844493,-0.467191412,-0.895031171,-0.770183639,1.978030327,-0.551174192,0.361028212,1.155371436,-0.283568984,-0.09327107,-0.794500449,-0.200529777,0.238089037,0.445594427,-0.234063908,-0.333178648,1.626436069,0.515618103,-0.854509072,0.796478293,0.285544446,-0.376908695,-0.374910223,-0.130264096,-1.350784396,0.669496584,1.098773368,-0.367548679,0.326626711,-1.722741642,1.857665321,0.083795331,-0.799334084,0.414762537,-1.004129282,0.665279293,-1.316041118,-1.069019522,-0.243199638,2.05377422,0.487960446,-0.579850947,-1.181494703,0.101324428,-0.916530823,1.304332352,-0.129785595,-0.050159335,-0.806221687,0.970181037,-0.307185445,-0.470741326,-1.124428605,-0.111597592
RECQL5,-0.428097323,-0.167870694,-0.135348808,0.45737674,-0.55589074,0.719811189,-0.03771223,0.224045815,-0.134873311,0.380870942,0.323270222,-0.078598036,-0.432344021,0.079784381,-0.438106271,-0.509007925,-0.273568424,-0.131722973,-0.205039801,0.398303371,-0.04876136,0.063662257,-0.391354592,0.59129741,-0.307242229,-0.679502488,0.089602482,0.268690139,-0.109925216,0.595735108,-0.114626229,0.134898378,-0.65064666,-0.404345094,-0.773128053,-0.426721738,0.122773808,0.192124218,-0.156687906,0.065345651,0.034973213,-0.112672274,0.164686271,-0.289553004,-0.012556579,-0.166303742,-0.220902147,-0.920682589,0.566070378,-0.129182452,0.46613386,-0.022447816,0.479082174,-0.715608568,0.517580649,0.461740339,0.26137337,0.026855286,-0.452797658,-0.201476382
URI1,-0.271079539,-0.364170487,-0.82791903,-0.287204556,0.630771121,0.060392159,-0.018957177,-0.137339313,0.388245974,-0.092501463,0.418877972,-0.000544336,0.186847555,1.061561611,0.277007037,0.493725703,-0.043124363,-0.061765227,-0.637080732,-0.551022214,-0.297390164,0.458837018,0.034518684,-0.255559081,0.386384486,0.155279042,-0.266414781,-0.230043259,0.088285646,-0.143104046,0.176223244,0.071428387,-0.23956719,0.296306551,0.355001459,-0.023778065,-0.114635681,0.00076082,-0.016112953,-0.021797935,-0.230760489,-0.379096031,-0.076473684,-0.016759103,0.268946232,-0.218857542,0.344799513,-0.460144324,0.011825968,-0.446470582,-0.798476107,-0.307516842,-0.163838103,-0.239378521,0.211076221,-0.328185611,0.277352672,1.05924369,-0.16991803,-0.179007143
B3GAT3,-0.557490082,-0.669320095,-0.168060311,-0.230283803,0.057076479,-0.421103935,0.286236329,0.93128603,-0.648086466,-0.139547706,1.206268474,-0.448909208,0.792503068,-0.649838535,-0.575045912,0.052397264,0.253358265,0.222058992,-0.042606185,-0.13528304,-0.518260671,0.718580158,-0.288007003,0.173997682,-0.250242059,0.306350444,-0.642756814,0.528911894,-0.364659353,0.316622868,0.259919587,0.607821253,0.337943758,0.231718578,0.531114495,0.083942818,-0.144542577,0.529459282,-0.240903989,0.06905875,-0.291461771,0.214424292,-1.333687894,0.179018158,-0.065408812,-0.195222398,-0.227666611,0.331815511,-0.384563711,-0.11731981,0.187249472,-0.265199881,0.459870954,0.010520674,-0.032353018,-0.115429468,0.48512596,-0.212386254,0.553597447,-1.189160291
STK17B,-0.767240952,-0.176671527,0.301129123,-0.980932087,0.074320536,-0.670752059,-0.195302524,0.576855106,0.009737494,-0.281951862,-0.640520764,0.786144897,-0.618412021,-0.648715832,0.804513711,-0.27576456,-0.379118945,-1.373156499,-0.014093162,-0.717062237,0.275048003,-0.5552059,-0.234038756,-0.672290295,0.10383015,0.13511162,-0.231548448,-0.092751417,0.615479957,0.678915041,-0.279047872,-0.327417136,-0.592777024,-0.481759891,0.112484698,-0.449045005,0.10394648,-0.205419934,-0.248499762,-0.245210149,0.46727829,0.021775582,0.80412611,0.504779657,-0.263318412,0.004693906,-0.373029351,-0.333710975,0.173553994,0.176748963,-0.101810726,-0.378134338,0.315303014,-0.102020722,0.368821172,-0.407358496,0.403160543,-0.41924964,0.168934048,0.221334957
MTA2,0.056242446,-0.17606883,-0.223832919,-0.137118482,-0.29913695,0.545169708,0.062414241,-0.101496878,-0.172842049,0.201232516,0.272313911,-0.219120661,-0.429772313,0.177578015,0.305383853,0.277091201,0.132003907,-0.438141179,0.127081008,-0.153534105,0.480702171,0.064627313,-0.042959167,0.057590971,0.06928132,-0.292599866,0.035837688,0.012500589,0.165301676,0.077332832,-0.43015319,-0.363177595,-0.094715219,-0.143560822,0.047052119,-0.191814679,-0.025184905,-0.06878092,-0.114852788,0.262989676,0.268560864,0.05983508,0.232215701,-0.194609613,0.383826608,0.122448069,-0.006820026,-0.355130168,0.057492851,-0.488097706,0.199692097,-0.34016859,0.04765902,-0.43378367,0.729992524,-0.046458078,0.305222134,0.321664303,-0.514112332,-0.121139336
STK10,0.130283196,-0.970026266,0.069657139,-1.013137287,-0.047332293,-0.652898588,-0.053191311,0.15221336,0.149395422,-0.34662544,-0.609483247,0.360528957,-0.175014992,-0.873573986,0.018153326,-0.416900051,-0.014023329,-0.694076325,-0.019881174,-0.191422141,0.787798221,-0.596471979,-0.476149505,-0.784161423,0.130243505,-0.261595322,0.224536951,0.006079106,0.584685582,0.01299798,-0.242455286,-0.516399972,-0.448319572,-1.042008256,0.106225229,0.091175735,-0.303054698,-0.106694082,0.2176733,0.195416619,0.492997709,0.147209697,0.267983636,0.814413241,0.199966541,-0.226773699,0.399709115,-0.823194978,-0.181868412,0.278554533,-0.399637857,-0.172999825,0.500946779,-0.581351617,-0.956804783,-0.041340447,1.000074576,-0.893120837,-0.136169823,0.188360675
PRKD3,0.223954806,-0.511480755,0.092347244,-0.040326486,0.243198767,0.299249647,0.604959564,0.209091942,0.087431203,0.101463417,-0.078643384,-0.049305056,-0.199902829,-0.259435356,0.417753582,0.335553331,0.231420782,0.033704486,0.530008929,0.447533904,0.794366726,-0.197712565,0.180494622,-0.178972262,0.327223922,0.13394847,0.146769612,0.390693415,0.167777781,-0.047345381,-0.457955192,-0.021323721,0.010499744,-0.65928245,-0.435282597,0.009696433,0.029033224,0.115975705,-0.299475837,0.034730443,-0.229657013,0.205869497,0.01310667,0.118387301,-0.36438177,-0.441098017,-0.992974349,-0.063637292,0.795049998,0.399454894,0.573911968,-0.417202316,0.369810856,0.205043789,0.178857568,-0.077225038,0.706588653,-0.210812688,0.071565746,-0.024432564
GFPT2,0.771101866,-0.923591035,-0.618731753,-0.895039907,0.697799537,-0.49967635,-1.98256627,-0.619832972,0.739405345,-0.255974233,0.016703396,-0.669092569,0.078334459,-1.827394502,-0.139966742,-1.02106829,0.090202235,-0.091409408,1.455726932,-1.225716381,-0.938394825,-0.128365757,-1.662956644,-0.942797655,-0.559989488,-0.096254448,-0.393329961,-0.65113232,-0.983284033,-1.676789465,-0.369574689,-1.06619734,-1.173272957,-1.847701498,-1.305109093,0.118194811,-0.8528902,-0.749611238,-0.266203023,-0.228676601,0.240837386,-1.164006094,2.233032618,-0.374657924,0.081026776,0.260273044,0.562030399,0.625974353,1.827222791,-1.036724846,-0.322871698,-1.06943551,-1.279634314,-0.251658132,0.10042512,-0.395508465,0.159692072,-0.03784015,0.528297436,-0.337851521
TPPP,-0.147569217,1.029220434,0.829745584,-1.116263966,-0.796371368,-0.588429726,1.243139147,0.027039746,-0.490601486,-2.11569758,-0.383150563,0.344540315,0.28965121,-0.360918706,1.095609162,1.493673559,0.08649168,-0.736019494,-2.195914973,1.323817775,-1.684073813,0.305113751,0.422630479,0.452748273,-0.337905584,3.950255501,2.127808884,-1.915126557,-0.749174085,0.155640421,5.335643926,-0.522385422,-0.483422783,0.690911071,0.591417664,-0.008773694,0.538749763,1.930574544,-1.364424192,-0.75010102,0.254177667,-0.02513988,-0.751407239,-0.158340324,0.704056734,-0.477671141,-0.747941292,0.328814631,-2.198674219,0.262805758,-0.411031615,-0.168898263,0.583705842,0.306009536,0.350607237,1.075384879,0.573679807,-1.252474018,-0.824164153,0.288453597
ATG12,-0.766704041,-0.694214148,0.50428667,0.237609107,-0.342411912,-0.427999926,-0.104386353,0.124437527,0.463041901,-0.414169992,0.313352613,-0.457089121,0.0363367,-1.057102667,0.08114677,-0.623834675,-0.125683116,-0.617065654,0.014095377,0.055793851,-0.833023142,-0.39196636,0.208177599,0.157110117,0.096592474,-0.128354361,-0.237491115,0.239245581,0.404986626,-0.044764996,-0.210444725,-0.877872345,-0.086956568,-0.107059907,0.080857543,0.073911734,0.240599834,0.199061411,-0.242206745,0.102808505,-0.875821707,-0.766042641,0.031237066,-0.598752875,-0.013731484,-0.19364497,-0.160394766,-0.153656467,0.038968804,-0.172033149,-1.269691322,-0.030409364,-0.336723892,-0.073323722,0.369797774,0.535654769,0.021315772,0.551768776,-0.015492881,-0.098391591
KBTBD11,0.214756408,0.300896893,0.727611323,-0.303026099,0.323148873,0.132629956,0.547085683,0.435111071,0.356915581,1.185100267,-0.7806807,0.782747793,0.256736094,-0.060459303,-0.390856986,0.294898012,1.184650804,0.44150463,-0.214486918,0.069388142,0.340244897,-0.780155756,0.490641653,-0.704705998,1.775903779,-0.051664908,-0.399287584,-0.309981191,0.927225178,0.052363211,0.084862919,0.794840154,0.04068894,0.320579256,-0.082697654,0.075572733,0.864372251,-0.032860518,-0.484204053,0.173776701,-0.015923531,0.409774484,-0.451942828,0.371614833,0.570227731,-0.275311345,1.030364264,-0.194550486,0.315668517,0.057352177,-0.195975979,-0.484396839,0.557474111,0.281063967,-0.142826401,-0.591612107,0.803498451,-0.273567233,0.07886795,0.146628702
LTN1,-0.218801496,-0.063430292,0.303058876,0.265816466,-0.006097907,0.208465338,0.237782786,0.044585093,0.087550714,-0.014691597,-0.404425224,0.027863302,-0.344300752,0.038096655,0.095955687,0.207280639,-0.668484801,-0.323712559,0.135163823,0.167047211,0.050089735,-0.131816663,0.505820462,-0.057561622,0.002208649,-0.240426009,0.112153099,0.05830278,0.211526565,0.096149807,0.291335503,-0.437963216,-0.242472437,0.05873911,-0.497263827,-0.362587451,0.465358514,-0.20019879,0.083243531,-0.124813235,0.25353559,-0.14964203,-0.062695322,-0.359607672,-0.220142117,0.181741702,0.1907281,0.454529064,0.29391968,-0.019542678,-0.187506605,0.15583397,0.211559258,-0.072000532,0.095733342,0.18728419,0.091265768,0.205840937,0.007455762,-0.50840962
TOMM70,0.035938332,0.187653178,-0.21387505,0.345598124,-0.257866979,-0.073549499,-0.384348404,0.181485064,-0.368269857,-0.535754547,-0.017141504,-0.657935617,-0.426174127,-0.592584,-0.864958029,0.132368842,-0.804923121,0.791539842,-0.313791238,-0.547787304,-0.231271715,0.820526884,0.110353172,0.465584818,-0.229730892,-0.284100484,-0.591940391,0.220080024,-0.043614023,0.75366787,0.293676463,0.122203405,-0.120441202,0.04502726,0.591785371,-0.589170154,-0.080013178,1.097904074,-0.059340321,-0.236405104,-0.24131871,-0.592825368,0.055621934,-0.594572992,-0.414452851,-0.166459075,0.211248386,0.492227242,0.065825708,-0.957256686,0.566244612,1.234193812,0.107990764,-0.470585604,0.278418532,-0.251820648,0.558556893,-0.311335091,-0.423726568,-0.451372951
IPO13,-0.25051592,-0.399253289,0.561471315,0.057311212,-0.220769213,0.184679868,0.12538515,0.159011876,0.148079321,0.065520393,0.035120129,0.355408273,-0.118504425,-0.206480733,0.019984415,0.322040762,-0.054489088,0.155543123,-0.312530243,0.16095481,0.743423058,0.033190978,0.814163657,0.542798983,0.125724584,0.378795849,0.188513332,0.329685576,0.227263775,-0.132129282,-0.031369462,-0.042990792,-0.200634781,-0.053133222,0.037130002,-0.231427585,-0.035905715,-0.144517677,-0.715566868,-0.014523166,0.05240933,-0.288337967,0.501098368,0.594571366,-0.13892083,0.075225835,-0.037146242,0.637007834,-0.078862746,0.410634931,0.19990766,0.635803728,-0.046517669,0.058729342,0.186720148,0.084686926,0.202778924,-0.37425347,-0.090110462,-0.170315659
DDHD2,0.027873438,-0.078448823,0.600826522,1.154313522,0.991414972,0.695515828,-0.264487324,0.188297135,0.896697049,0.790353117,-0.147072507,0.035277895,-0.250526202,-0.425218536,0.227223721,0.217061241,-0.080106452,0.700293233,-0.794758885,-0.211299526,0.196324335,0.606708393,0.213738337,-0.48014302,0.154605389,-0.136336885,0.212389249,-0.084013984,-0.065401953,-0.370697135,0.635385004,0.221585,-0.146491463,-0.08821186,0.081825153,0.708247944,-0.294101578,0.149440027,0.567231722,-0.215016696,0.554108963,0.128047662,-0.645787782,0.098694069,1.063588089,0.554461586,0.609821556,-0.701026645,0.003416772,0.015918531,0.635469156,-0.049077616,0.053715802,0.378809527,0.227995004,0.382008407,-0.317467648,-0.09282897,0.647900777,-0.634834093
MYO1D,-0.862929533,0.659581478,0.935319013,0.203139686,-0.632800018,0.215731946,0.727263556,1.221084051,0.341868387,-0.490360649,-0.822946616,0.642639719,0.309609384,0.247765186,0.361884192,0.462632391,0.101516077,-0.174413247,-0.535613163,0.931011605,-0.366341679,-0.025482912,0.780784989,0.567674543,0.143266061,0.413757854,0.091026729,0.291917315,0.026161445,0.05552287,0.07289842,0.849328491,0.295459347,-0.64237244,-0.254575565,-0.912913972,1.130081036,0.68558181,-0.390258564,0.514625158,-0.22681188,0.319054788,-0.752377075,0.263906287,0.576788291,-0.060199959,1.278554171,0.155208724,-0.941937864,0.073832963,0.637860163,-0.638625941,0.327512405,0.855011418,-0.800588152,-0.092889318,-0.381935748,0.951784571,0.254769009,-0.414148287
TOX4,0.121908529,0.302568847,-0.4870951,0.869333625,-0.13576255,0.524485582,-0.287146765,0.353995073,-0.21519843,0.856757002,0.093861064,-0.39167491,-0.098125851,0.671613847,0.051046584,0.246602592,-0.372656862,-0.081958827,0.36935226,-0.120663593,0.114998966,0.185677985,-0.233886844,0.44324134,-0.158118115,-0.689259135,-0.105620033,0.474481624,-0.801537767,-0.074859457,-0.871104802,-0.523267577,-0.090699336,-0.090438119,-0.487597713,0.000542397,0.096055113,-0.056155685,-0.802121172,-0.310625767,-0.357194793,-0.351095421,0.72747261,-0.734150254,-0.154399277,-0.366682746,-0.278699221,-0.396244348,0.254785412,-0.916979765,0.89895676,-0.33348618,-0.262169255,-0.617553667,0.399867145,0.38799971,-0.298009509,-0.419638936,-0.236892185,-0.51908157
MICAL2,0.839991532,-0.393534907,-0.121592999,-0.987740249,-0.263051355,-0.55258629,0.076235441,0.650709077,0.023138507,-0.205388628,-0.517330461,0.35464402,0.03060326,-0.802544988,-0.025218029,0.01263955,0.418008291,-0.203285753,0.568140151,-0.322698647,-0.303329845,-0.303310933,0.000654021,0.833913669,0.133541565,0.720841193,0.563236009,-0.457643835,0.300803857,-0.700612936,-0.01610897,-0.128564705,0.79279512,-0.249005589,0.603157426,0.330975819,0.06730319,-0.484040438,0.179369681,0.183578145,-0.155917733,-0.100570962,-0.108207082,0.07442093,-0.334973487,0.126426335,-0.057626419,-0.076680336,0.071475212,-0.094897082,0.289889512,0.168180612,0.164647261,0.440144744,0.399884694,0.265047177,0.175617781,-0.053288081,0.239940197,0.193829773
SEC24D,0.058658885,-1.152570989,0.545538995,-0.418106212,0.388101616,-0.346701132,-0.115782673,-0.466180196,-0.119139293,0.564715939,-0.669148189,0.695563791,0.00308806,-1.14981347,-0.162070773,0.237214728,-0.330721102,-0.419252459,0.253729475,-0.662733584,0.699274623,0.040723292,0.03726905,0.498026188,-0.439130947,-0.480435828,-0.27854995,0.131955913,-0.275854477,-0.05210153,-0.839371573,-0.708378688,0.315772382,0.569593746,-0.320437715,0.858513359,0.068706169,-0.189374497,0.42501282,0.600153057,-0.135639494,0.02777569,0.52833813,-0.153943506,-0.549213282,0.723357198,0.118508782,0.088425835,-0.399752437,-0.039834711,0.373989039,-0.442854228,-0.452221347,-0.234076837,0.287910553,-0.357581607,0.167805912,0.40123265,0.541188136,-0.175426
SUPT7L,0.124390093,0.02431959,-0.229602536,0.305502081,-0.361547063,0.580199378,0.076335049,-0.077334328,-0.210899368,0.33065875,0.175053582,-0.034256457,-0.347558699,-0.080878464,-0.008469046,0.389158762,-0.132109941,0.048620564,0.201042935,0.042284767,0.315258651,0.117958299,0.429128722,0.098742406,0.147393015,0.206495485,-0.166968166,0.669803437,-0.462906187,-0.056516489,0.318974617,-0.188523698,-0.351119421,0.377211586,0.095062702,0.146189855,0.068238984,0.11739997,0.104577215,0.155537076,0.105064991,-0.138785224,-0.033494357,-0.052211953,0.346408423,-0.053253393,-0.426341513,-0.095256309,0.96675335,-0.326658656,0.16805109,0.36918637,0.100835812,-0.095250761,0.642427773,0.370328127,0.788686791,0.139733733,-0.00359492,0.35186264
FCHSD2,-0.025827495,-0.549435166,0.544885375,-0.244480777,0.122792529,0.071046608,0.085607072,0.689705983,0.084215852,-0.488282967,-0.246139109,0.66884792,0.334430948,-0.334976379,-0.021301338,0.214037258,0.313328293,-0.279521102,0.049426717,-0.041165602,0.528287726,-0.291457066,0.277978129,-0.320675514,0.122987983,-0.230014836,0.242640569,-0.641717917,-0.062926915,0.174569516,0.07989792,0.156848605,-0.583496863,-0.422598968,0.034588444,0.011609538,0.27279156,0.135983237,-0.411910682,1.020179264,-0.011604145,0.191663689,0.419007393,0.570467289,-0.25220941,0.115051018,-0.05003557,-0.171638782,-0.139252711,0.16640927,0.243162669,-0.630087493,0.369401479,-0.131231097,-0.498677934,0.093020214,0.533976758,-0.452567284,0.612007326,0.042531431
UFL1,-0.131594824,-0.233102002,0.408283137,0.247806435,0.015162495,-0.336219961,-0.020215049,0.016859522,0.337470441,0.104182485,0.133421529,0.798203277,0.100007261,-0.368932558,0.192448234,-0.283853953,-0.620563301,-0.479211474,0.03195019,0.340216972,0.505695833,0.441685778,0.883252892,0.282852868,0.163535401,0.010649135,0.283345829,0.235138742,0.245037755,0.792915302,0.318119313,-0.505895075,0.108607491,-0.423546478,-0.332388193,0.127426825,0.654107525,0.371780948,0.064367173,0.18238399,-0.012500594,-0.17227622,0.157900041,-0.046680246,0.283365563,0.192097226,-0.128269475,-0.479522042,-0.178403906,0.370349772,-0.547331069,0.499026998,0.044812579,-0.431643982,-0.337707904,0.001426107,0.509021161,0.044160333,0.1942823,-0.38284208
SORBS2,-0.642111361,2.158298491,-0.439126074,-1.803376695,-1.198353866,0.668422631,1.382293242,-0.909435638,-1.090601356,0.536306242,-0.889940537,-0.115346688,-0.818048437,1.316989122,0.759241799,1.222357633,-1.054174224,1.77019217,-1.032987553,0.51798395,-0.122278505,1.520349274,1.096576182,0.335697108,2.206403821,0.283782244,0.943405823,-1.742226798,-0.140980609,0.333661587,-0.528314612,0.635251688,-0.895986408,2.360148407,-0.34344878,0.979956533,1.241870049,-0.258711563,-0.252525859,0.478935374,0.157307092,0.155437351,-1.090552429,-0.298869773,-0.300896949,0.154295581,-0.41284633,-1.265292467,-0.877293815,0.202285617,0.554018775,0.076857494,0.18170801,0.624366865,0.649945184,0.193750821,-0.614241594,2.245858613,-0.51634087,1.728930164
TMCC1,-0.70449776,0.798060946,0.183073174,0.304253276,-0.609760235,0.295785096,0.016206861,0.015503527,-0.596069885,-0.500673753,0.194871959,0.1616468,0.315460481,0.073699243,-0.576755645,0.01111912,0.661334485,-0.074325074,0.037701932,-0.062608286,0.026693564,0.069180098,-0.071192307,0.419115555,0.399241304,-0.288160872,-0.719163904,0.079004591,-0.229539643,-0.175360711,0.259082227,-0.045551792,0.092861706,-0.143753057,-0.051654715,-0.167601383,-0.635280373,-0.378741317,0.214343115,0.786175955,-0.539066175,-0.346207755,-0.74928599,0.244496886,0.319921609,0.387135104,0.056720431,0.520604237,0.065212252,-0.240382535,-0.185544654,0.28971923,-0.361319274,0.063207842,-0.381936952,-0.075878766,-0.202136865,0.278246968,-0.375775288,1.533485862
PHF14,-0.508631947,-0.117873758,0.369922672,0.753042207,0.063943911,0.623713875,0.473810025,0.332544045,-0.133912588,0.025248056,0.560582877,-0.219057114,-0.402952552,0.507192566,0.146962291,0.149253391,-0.089261935,-0.368488923,-0.236263636,0.610865464,0.361167803,0.142252253,0.800422727,0.578502593,0.250692009,0.129359663,-0.07134613,0.01268225,-0.065213083,0.244308383,-0.047229822,-0.232387734,0.910854247,0.756678769,0.702746457,0.065833689,0.257430541,-0.135915013,0.045289926,0.723570206,-0.26392101,-0.152951151,-0.236487605,-0.238024366,-0.742572304,-0.276420041,-0.154877916,1.071054277,0.302057194,-0.014947542,0.914652147,0.492188782,-0.126002724,0.118246557,0.466345676,0.054200168,0.349227025,-0.283015122,-0.114687872,-0.385592711
SASH1,0.053278167,0.023182251,-0.056529239,1.298494553,-0.355440743,-0.248873692,-0.719008042,-0.255269595,-0.365762269,0.067150268,0.975790958,-0.030143767,0.018420988,0.314935262,-0.163432926,0.128033476,0.383347284,-0.122227919,-0.555150611,0.253340098,0.023581873,-0.211206827,-0.049159861,0.112235697,0.018441582,-0.120005642,0.06627267,0.011247723,-0.173184516,0.539186268,-0.247569725,-0.226283724,-0.651222138,-0.604673588,-0.565587098,-0.757278983,0.074746781,0.453698663,0.980944327,-0.490819395,-0.599647336,-1.032524168,-0.125835176,-0.309593313,-0.171587537,-1.052264593,-0.656919344,-0.997993611,0.13322675,0.306919202,1.086017165,-0.102846292,-0.037765552,-0.153311511,0.39695698,0.1534293,-0.733231679,0.026221919,0.025371506,0.757234439
TMEM63A,-0.270986234,0.39540721,0.17205534,-1.752208707,0.152991313,-0.525042088,0.440513069,0.167374648,-0.52040558,-0.544882469,-0.186329918,0.147709636,0.347667641,-0.189230529,-0.235802413,1.226434937,0.997723097,-1.125298236,-0.980284227,1.337000955,-0.562372748,-0.966066801,1.376466632,0.910945668,0.04408212,0.039963115,-0.196813382,-0.53955518,0.868696119,-0.184878513,0.806370362,-0.052322901,0.471844382,-0.0786588,0.15019103,-0.363435733,1.294813276,2.657806592,0.241543257,0.554379321,-0.345295608,0.88528997,-0.858285783,-0.124380171,-0.075956791,0.34624844,0.871743719,-0.186741821,0.010900119,-0.276440552,-0.046893791,-0.52701065,0.886504517,-0.027838186,-0.708243698,0.15981344,0.200647648,0.179036699,-0.527071837,0.142466542
FARP2,0.142177409,-0.015195693,-0.107201771,0.093592898,-0.237064571,-0.071064141,1.274564392,0.298451965,-0.122071274,-0.126376846,-0.310922785,0.122081691,-0.269868927,0.124169569,0.265244168,0.197055026,0.359696119,0.430384564,-0.104373859,1.770235608,0.02653751,0.125065734,1.075198286,0.555474807,-0.323163994,0.086355177,0.088847414,0.16975531,0.878644062,-0.058400338,0.186572194,0.022861906,1.38014359,-0.026893296,-0.205023755,0.430971433,0.358779022,-0.279442422,0.319776371,-0.353679329,0.448234001,0.178896235,-0.420770164,-0.083760699,0.351573987,-0.078294734,1.151791381,-0.570662676,-0.337543121,-0.066655266,0.187336657,-0.274086898,-0.044126122,-0.113978199,0.81233412,-0.046719812,-0.2318362,-0.384041272,0.125972124,0.304621629
UBXN7,0.676742908,0.286615536,-0.310254577,0.349917255,-0.881248684,0.973809663,-0.768511411,-0.327391558,-0.389322586,0.564501784,1.853118316,-0.122246028,0.169732882,-0.535745664,0.310321518,0.198028794,-0.371190551,-0.207415144,0.320063603,0.136584106,0.752001068,-0.540315162,-0.188614517,-0.346697921,-0.42958743,-0.327939522,0.43713526,-0.1663467,-0.080917807,0.075705374,-0.788960324,-0.191319133,-0.588025243,-0.07477252,-0.271210088,-0.172300881,-0.335071183,-0.369977365,-0.760646292,-0.215601612,0.675614778,-0.303630804,0.306487724,-0.337095036,0.372550702,-0.174606437,-0.240931679,0.667781555,-0.088724679,0.019647042,0.28417261,0.154077386,0.024329522,-0.050215727,0.583798531,0.335973955,-0.278792426,0.408136293,-0.18021572,-0.043953004
SUN1,-0.157363625,0.6413823,0.646260923,0.417488272,-0.318352115,1.037294088,0.840649191,0.111373594,-0.584913813,-0.544306112,-0.301027735,-0.141307523,0.701507654,0.114698765,-0.004399744,0.418363391,-0.007875898,-0.512230366,-0.768673317,0.96726157,0.246679892,0.150104711,0.181522322,0.886157623,-0.266247281,-0.090779452,0.660418295,-0.680519086,-0.113668644,0.492320203,0.256194566,0.241442406,0.098601368,0.271727364,-0.419656196,-0.290253169,0.373246979,-0.123205904,-0.175285171,-0.171084123,0.205629275,-0.02082601,-0.735133379,-0.225306323,-0.0041966,-0.120048272,0.279944998,0.922578224,-0.227467297,-0.167223704,0.33504738,-0.370166185,0.767945184,0.654311579,-0.215954732,0.163768462,-0.299843,0.284634636,-0.308241548,-0.509515493
PLPBP,0.774078327,0.489768035,-0.130534085,1.32491728,0.031217042,1.084265978,-0.67403765,-0.462699054,0.128094006,0.275332317,-0.304338132,-0.211292253,0.169515434,-0.767965014,0.425993914,0.51122986,-0.357893033,-0.127462576,0.100746223,0.348305729,0.681962265,0.196481291,0.401176503,-0.403396952,-0.073017779,0.467332449,0.480227561,-0.36327505,-0.372626103,-0.593893999,-0.291320448,-0.051750706,-0.910964939,0.460058458,0.494023497,0.37047205,-0.474050724,1.461848086,-0.228210269,-0.967299779,-0.123903627,-0.066927155,-0.399354216,-0.227786076,0.110562937,-0.450698921,-0.041917576,-0.464230524,-0.630316021,0.331083138,0.862316705,0.310646449,-0.167677775,0.028673113,0.655107866,-0.100921365,0.628949843,0.169019779,-0.508538592,0.483211923
ERLIN2,0.101821012,0.671344949,0.096741939,1.168516751,0.99578171,0.51211484,-0.274568459,0.017434452,0.671010086,-0.081137167,-0.331134685,0.062787492,-0.054512721,-0.11714224,-0.764006941,0.442091167,-0.762930894,-0.547674777,-1.371987531,0.467151057,0.405254105,0.334324399,0.561277955,-0.326331508,0.289803665,-0.155431344,0.269419491,-0.101449287,-0.017204579,-0.486467787,0.572441602,-0.38369907,0.977732626,0.431424865,-0.255101414,-0.378991997,0.798341263,0.488800598,0.118429772,-0.713096094,-0.462641125,-0.471575184,-0.691637928,-0.514750947,-0.294841472,-0.557964822,0.492564379,-1.087188305,-0.83798244,-0.094437745,0.19695079,0.022182275,-0.360160041,-0.36333753,0.591908524,-0.300178709,-0.03698965,1.697290154,-0.496151842,-0.819250385
PRPF6,-0.072106353,-0.129286809,-0.011371808,0.281149378,-0.150686767,0.704648629,0.722187081,0.096453044,-0.151900357,0.07099124,-0.278248977,-0.394518989,-0.60394466,0.07061231,-0.184037528,-0.252024481,-0.033025703,-0.327897432,0.122954801,0.393831203,-0.039324708,0.112882954,0.857141908,0.48820321,-0.051826093,-0.016850059,-0.124509027,-0.03529194,-0.220563567,-0.048635571,-0.374929991,-0.190058345,0.081433047,-0.109959309,-0.068171486,-0.185419633,0.729007076,-0.187570134,-0.16525972,0.059926068,-0.085765347,-0.040771704,0.199403077,-0.29348057,-0.10659859,-0.16732118,-0.08378193,0.293973108,0.06643476,-0.499888772,0.625702993,0.150513792,0.159432113,-0.484982866,0.556767113,0.112367089,0.14444274,0.164157986,-0.418791663,-0.440945694
ABCA8,0.421739686,0.364652279,2.860849471,-0.244884105,-0.290375555,0.091516192,1.749399479,0.935167881,-0.65941775,-0.702711396,-0.684727026,3.13516244,-0.312316213,2.282850281,-0.211105892,0.098550042,1.998242286,0.137523285,-1.148429108,0.984368242,0.361667897,-0.833449295,0.032838334,0.209383977,1.970690731,-0.585717259,1.487609911,-1.22429226,-0.602976736,-0.090432698,0.797443582,1.542150269,0.515841774,-0.385355527,-0.696178071,-0.964684864,1.787442494,0.442043256,-0.592820187,-0.107513195,-0.037897488,1.357389028,-0.858577295,-0.70438926,1.731542554,-0.770028449,-0.338723177,-0.745094476,-0.556566977,1.011962188,-0.820314065,-0.663855398,1.3785779,-0.106250845,-0.499967239,-0.257825385,0.014437469,-1.127622841,-0.757647809,1.052009806
PCF11,-0.174901703,-0.139669965,-0.145511706,0.222261213,0.233219712,0.48575197,0.057140493,0.34035931,-0.310545396,-0.132487148,0.064898191,-0.1086082,-0.367751056,0.287633156,0.215301634,-0.011850282,-0.311144581,-0.066487325,0.062885725,0.212944817,0.139553308,-0.02006377,0.013235311,0.069714874,0.216855659,-0.247890786,-0.108835593,-0.47307593,-0.098114367,0.203082136,-0.320361564,-0.273882601,-0.377910249,-0.046017864,-0.025539606,0.158015604,-0.021928437,-0.009680419,-0.039140762,0.168183087,-0.020195461,0.051533492,0.374296968,-0.098475059,0.379663381,0.334373865,-0.107477886,-0.189245449,-0.058125288,-0.248737456,0.236397384,0.034624795,0.018721888,-0.283930342,0.499092001,-0.127686287,0.322290443,0.118638807,-0.15035055,0.070252047
FRYL,0.250610195,-0.580428053,0.041104556,-0.354830551,-0.007935149,-0.281557919,-0.020133773,0.122709867,-0.13057658,0.092945601,0.200657709,-0.002013427,-0.130223089,-0.548561932,0.102371298,-0.036189456,-0.014660292,-0.171830123,0.495315205,0.154157765,0.313279594,-0.140708594,0.15110695,-0.310382084,0.276170662,0.177732086,0.468324923,0.053895245,0.637872482,-0.255161497,0.448494444,-0.079823096,0.00246821,-0.426219619,-0.308764978,-0.105750938,0.247515428,-0.332826781,0.019531402,0.218571882,-0.105358988,0.139771053,-0.109618606,0.252210152,0.449770688,-0.426018626,0.440358494,-0.232609797,0.201146205,-0.050003331,-0.293509671,-0.268042579,0.159670567,-0.140429255,-0.287723777,0.317302179,0.267911348,-0.276775679,0.178866493,0.259241628
ENDOD1,0.295306744,0.370285382,0.019375709,0.309017235,-0.178129601,-0.438968282,1.001166366,0.907928968,-0.702127553,-1.601431797,0.506036494,-0.193967623,0.47562399,-0.164722752,-1.264810743,0.345809594,0.542014564,-0.627928257,-0.490188609,1.82947581,-0.662964717,-0.422163018,0.618273606,0.013299407,-0.250480076,0.179422158,-0.57885045,0.005857704,0.520761359,1.022211388,1.558651708,1.656566247,-0.263428383,-1.223432006,1.124274347,-0.312658741,0.54666728,0.369640853,-0.892306135,0.42412463,-0.560769421,0.753481996,-1.246613827,-0.021470034,0.249777911,0.065807348,0.557384069,-0.286303351,-0.620784274,-0.053143828,0.6894847,-0.281317813,0.739809316,-0.19776349,-0.691207284,-0.150571661,0.162692561,-1.379435241,-0.515487261,-0.131186288
CDK14,0.232762642,-0.238567513,0.361016598,0.460811965,-0.228651369,0.135143082,0.914639098,0.501549472,0.014008794,-0.144383651,-0.153900138,0.68075727,0.675652069,-0.56994822,0.538038764,0.479474789,-0.160316603,-0.480613908,0.708143075,-0.065400525,0.065023441,-0.194508123,-0.151872269,-0.129196008,0.489551407,0.002498715,0.228207714,-0.134263049,0.051290672,0.094153946,-0.017932037,-0.172535022,-0.379736027,-0.543531145,-0.239982121,0.09855104,0.206473499,0.576465393,-0.446744627,0.786624499,-0.375908605,-0.04458328,-0.461264734,0.295066293,0.118834429,0.092597456,0.217109486,-0.14015346,0.174031112,0.207412399,0.181525756,-0.192937175,0.474330142,0.323267851,-0.118585277,-0.009479254,0.209422181,-0.422225622,0.80355375,0.265293335
GLCE,-0.3007095,0.035753422,-0.125459774,0.202922007,1.11672821,-0.179400308,0.296712999,-0.111077778,-0.095049256,0.674289608,-0.587184859,-0.156950017,0.344719713,-0.01509683,-0.216802547,-0.697117701,0.111113082,-0.222683453,0.762988945,-0.170914908,-0.209068392,0.527978205,0.13005313,0.329612944,0.215711521,-0.457041653,0.411896995,0.091333389,-0.109373169,0.902727546,-0.473689349,-0.364854125,0.958205592,1.52947994,0.001244264,0.523397476,0.094626719,0.888840595,1.116393458,-0.127962581,-0.453434306,0.146890133,0.902211803,-0.638157738,-0.400570042,-0.338261974,0.521352255,-0.729002496,-0.51833797,-0.181971444,-0.586905553,-0.053817265,-0.207429499,0.186528893,-0.089125179,-0.434587827,0.624135411,0.156464757,0.069459432,0.841419662
GLS,0.235558798,-1.605145533,0.382665626,-0.789853671,-1.589758392,-1.040617976,-0.78048317,0.843149432,-1.275456897,0.091010014,-1.060066495,-0.324252678,1.653779698,-1.690659043,-1.326837461,-0.151233225,0.678743985,-0.242526367,-0.71213387,1.31278953,-0.058892579,-1.186293301,0.148733758,0.925535525,-1.022288402,1.269878118,-1.181561781,-0.781589283,-0.871755809,-0.760820274,0.567407911,0.696311973,-1.617197829,-0.77477419,0.110706169,2.625819976,0.137991215,0.045199869,-1.251268574,0.935055839,1.37403781,2.802682289,-1.025726514,-0.541819997,-0.660738092,-0.871433037,-0.953883696,0.813595703,-1.385136617,-0.340121286,-0.49465941,-1.118487159,0.115277197,-0.84382015,-0.343536804,-0.783263959,2.824597408,-1.977035781,0.397349934,-0.829247257
HAUS5,0.059271933,-0.538196667,-0.35262728,0.208438877,-0.226556228,-0.242250071,-0.083104307,0.328744678,-0.212103302,0.377908771,0.089316578,-0.150566851,-0.040062873,-0.084005534,-2.34980228,0.090623985,0.472627942,-0.794261137,-0.097422394,-0.124733267,0.175691452,0.239014304,0.006199188,0.422085805,0.243093892,0.019074803,0.243682274,0.753697461,-0.829304786,0.489601154,0.130032841,-0.709653534,-0.271708702,-0.776128325,0.253278543,-0.007567273,0.13040043,-0.352735553,-0.181609754,-0.073871913,-0.107452037,-0.403165935,0.151796394,-0.021039413,-0.050096429,0.294731902,0.014873793,-0.037362016,-0.163484179,0.034612484,0.109640721,-0.711392936,-0.084976031,-0.370605171,0.055852051,-0.307434127,0.206965199,-0.535640111,0.064351683,-0.069155596
ABLIM3,0.726871582,0.162747341,0.206425535,-0.423645643,0.465522947,-0.10617408,0.380858689,0.023450219,0.492373812,-0.64421131,-0.6758526,0.048835687,-0.086257437,0.378719294,-0.042355112,0.252137872,0.215119695,1.39545605,-0.231518512,0.012103254,-0.17500121,0.237351393,0.086247262,0.021936388,0.374703233,-0.558686655,0.624306059,-0.060759785,1.524116351,0.223753089,0.625690486,1.031811573,0.017136299,1.653808892,-0.135117275,-0.217742664,0.228300639,-0.112102555,0.240884328,-0.107845306,0.100745844,0.6476018,-0.032471164,-0.160289339,-0.063573175,0.058913494,0.671319462,-0.818198154,0.349881483,0.489909143,-1.179208739,-0.268839853,0.746363249,-0.37670016,0.113460697,0.269650882,-0.690689343,1.873038795,-0.0570182,0.262384729
FBXO21,0.363637823,-0.149963606,-0.051914718,-0.314330178,-0.22396878,0.065264412,0.631950647,-0.586394332,-0.089165493,0.372544985,0.463776578,0.231670521,-0.564197539,0.359325748,0.015787242,0.519832565,0.019174898,1.410819348,-0.275759112,-0.200322069,-0.003797883,0.640833055,-0.203858184,0.580738591,0.240036987,-0.203905398,-0.000499776,-0.316236821,0.151047996,0.215717335,0.347729514,0.354979244,-0.017346521,0.143755135,-0.270190114,-0.277882361,0.23102097,-0.065936024,0.724243516,-0.722022325,0.239573235,0.195306445,-0.333668359,0.288379093,-0.376021314,-0.022552749,0.023172138,0.357472838,0.157663021,0.383349257,0.43710032,0.509485684,0.235941446,0.276582203,0.62578089,-0.28762743,0.378853268,-0.076516796,0.613331448,0.483385697
KDM4B,-0.050322485,-1.209268509,-0.799951284,-0.24174575,-0.022723704,2.176841665,0.100648322,-0.262225154,0.085377472,0.851174934,-0.310688119,-0.432270675,-0.253572789,-1.02783055,0.327698155,0.046843279,-0.406655654,0.396445886,-0.027339425,-0.21658747,0.451427719,-0.035632923,-0.253284603,0.570629642,-0.278321692,-0.165395263,0.298560468,-0.095030026,0.014430463,0.090353643,-0.213711823,-0.52782915,-1.119498168,-0.061062476,-0.245337192,0.257799255,0.040059766,-0.273272372,-0.186826886,-0.220199033,-0.090579346,-0.077059208,0.076330005,-0.40257082,0.21385731,-0.004244827,-0.221608855,-0.201130132,0.10425085,-0.38559475,0.409195349,-0.329696649,-0.077076925,-0.167977947,0.833328995,0.246697034,0.041648893,-0.858683195,-0.098551473,0.050667759
RHOBTB3,0.045288879,0.077675303,0.054217288,0.209283068,0.090293736,-0.411624272,-0.327709082,0.316180403,-0.012255701,0.101348788,0.700746971,0.117578675,0.241986358,0.005278341,0.142641307,1.347779436,0.383963377,0.591608875,0.085715276,-0.219927192,0.164065111,0.047035058,0.07864305,0.610549757,-0.277217303,0.049222688,-0.626420808,0.465945523,-0.407048441,-0.218034728,0.179685616,1.252918149,0.139733068,-0.116481109,-0.072459416,0.238586982,0.134261087,1.089333426,-0.01417414,0.113339577,0.04146036,0.759255357,0.128483347,0.02885588,-0.117932164,-0.016440222,0.084332145,0.005037439,0.938150659,0.074760369,0.276065865,0.173594629,0.762670815,0.071348959,0.191493657,-0.259349512,0.229035466,-0.025542961,0.324891502,0.13286071
SLCO2B1,0.564871125,-0.90630655,1.082048111,-1.201857618,-0.770101371,-0.45025047,0.042271469,0.979141374,-0.017030981,-0.760244014,-1.145388579,1.644566335,-0.101712227,-0.401152392,-0.949288695,-0.432220913,0.174887431,-1.240898027,-0.389854641,-0.361232848,0.41860169,-1.074503484,-0.635727298,0.041890938,0.35635111,0.932130226,-0.121282141,-0.816355519,0.230215505,-0.27434051,0.049529947,-0.436491143,-0.403998308,-0.289719925,0.413287351,-0.329059513,0.347849963,-0.016247766,-0.709245324,0.798289124,-0.254606844,0.592562495,0.130682289,1.240426927,-0.295112541,0.583793874,-0.662502126,-1.183084191,-0.300818459,0.760377016,-0.453288695,-0.301849041,0.352347857,-0.115065177,-0.320900672,-0.458354791,0.396024802,-1.085765913,-0.292041678,0.309461098
SOGA1,-0.220015714,-0.244409795,-0.118673742,0.829454826,-0.544950709,1.830855148,-0.291421022,-0.157255931,0.229435583,-0.144371241,0.389571072,0.568288798,-0.240477622,-0.010520101,0.077787404,0.282581524,0.438240717,0.577931954,-0.23712614,0.155345921,0.041535155,-0.61950979,-0.099446513,0.700964208,-0.171155442,-0.485454815,-0.064717965,0.072137558,-0.164974695,0.02773357,0.352542229,0.062187432,0.191381328,-0.359485902,-0.269363396,0.170933752,0.132872619,-0.82831883,-0.750687768,0.269709734,-0.19713773,-0.080537148,0.24320879,-0.139404124,-0.206648585,0.488882703,-0.467638376,0.326574971,0.258780325,0.017866002,0.054110142,0.188978029,-0.205707378,0.234129027,0.338793507,0.954502338,0.246588162,-0.006873755,0.157166323,-0.11928154
USP19,0.286739181,0.138624181,0.167624802,0.087740236,-0.076781681,0.106541444,0.01014568,-0.161324765,-0.166257043,-0.001701328,0.248194739,0.121783343,-0.029055474,0.495599797,0.108665029,0.243106784,0.012699604,0.053768107,0.137238385,0.271673349,0.318617996,0.007033472,-0.200317366,-0.0831987,0.059806503,-0.145459156,0.151602979,-0.21076002,0.249467856,-0.522728198,0.330739313,0.201916361,-0.177508323,-0.10129122,0.054440197,0.333983091,-0.016865428,-0.068023894,0.10274143,-0.367611318,0.02545611,-0.052752196,-0.21761361,-0.009508556,0.204913001,0.372781341,0.190639548,-0.255848497,-0.101219155,-0.019410371,0.42668271,0.110263943,0.106715944,-0.128101941,0.331847435,-0.200375773,0.214583371,0.475667237,0.022225974,0.184823556
WDR47,-0.006880604,0.146709777,-0.071584512,-0.092189312,0.101281704,0.322892612,0.826873645,-0.007267189,0.264675997,-0.333991647,0.264408101,0.232371353,-0.478943855,0.104261989,0.179332459,0.496066601,0.563626831,0.252440872,0.407677186,-0.081560987,0.305941518,-0.074431205,0.002429641,-0.510443815,0.394692433,-0.02823587,-0.089198908,-0.05287899,0.165069376,0.170599129,0.09188492,0.117837944,-0.212396939,-0.144877594,0.072113569,0.735066873,-0.008009444,0.13316752,-0.037430499,0.068652625,0.012502999,0.283991898,-0.09238041,0.446214186,-0.048456346,-0.009070062,0.055493774,0.036685324,0.10705196,0.086711503,0.339405428,0.109264401,0.262046857,0.169514318,0.65541537,0.179410693,0.205841363,-0.152314186,0.148983012,0.016404286
AP2A2,0.065611378,0.013352906,0.714121608,0.002503196,0.092253335,-0.35743738,0.299675414,0.368119955,-0.091115399,-0.278769353,-0.249126172,0.872018316,-0.021155984,0.004100055,-0.160053509,0.234230238,0.358409863,-0.000146795,-0.203519435,0.426420342,-0.199452618,0.151873479,0.297991309,0.083414458,-0.017322474,0.306716826,-0.097070563,0.13567794,-0.013263513,-0.158488402,0.484824739,0.135730454,0.342805266,-0.10541897,-0.075067311,-0.018927607,0.195810015,0.257287477,0.101615564,0.322657403,-0.008715735,0.397564235,-0.310762713,0.206068898,-0.179899875,0.309380478,-0.022203953,-0.198459443,-0.008456457,0.333461421,0.229804593,0.006714268,0.089924217,0.129441314,-0.03374238,-0.105621731,0.513658062,0.22925474,-0.080692934,0.248847526
SEC31A,0.049512165,0.035921728,0.585514725,-0.365059121,0.158976031,-0.363967089,-0.183008985,0.065426123,-0.062720565,0.113553444,-0.436869553,0.597527007,0.030468884,-0.166720493,0.150501377,-0.052322074,-0.121049224,-0.400709236,0.237711659,-0.276950027,0.180589561,0.050025532,0.227181021,0.290430893,-0.009329455,-0.170113083,-0.252241151,0.034932045,-0.002210159,0.235306409,-0.128463526,-0.297437774,0.350188423,0.443241956,0.174358379,0.475246488,0.009363408,0.184927431,0.555150598,0.278347478,0.025753512,-0.031168107,-0.164000541,-0.136122461,-0.320445686,0.024117673,0.020975968,0.034249583,-0.219292147,0.011041895,0.00958717,0.436263815,-0.155664127,-0.155838738,-0.221627164,-0.262256763,0.367951683,0.775685131,0.298105955,-0.125245372
CLSTN1,-0.530062538,-0.387894473,-0.669293794,1.046442373,-0.450936527,0.441906028,-0.106291077,-1.06624607,0.66298228,0.85487187,2.519487179,-0.784505961,0.220906469,-1.047997795,0.143970367,0.344507141,0.08831692,0.931982837,-0.565010483,-0.116067894,-0.477305458,-0.100329302,-0.861809251,-0.492374661,-0.932934367,-0.685100054,0.863022347,0.633693226,0.546369547,-0.623666919,-0.425926559,-0.223339347,-0.535463747,-0.933556258,-1.249764502,0.031574099,-0.566813275,-0.3754857,0.004110914,-1.269937461,-0.085226254,-0.768931777,-0.441600552,-0.452891347,0.230942924,-0.373832473,0.108446644,-0.099827058,0.05769743,-0.94090259,0.548202051,-0.498070174,-0.367749866,0.344597031,0.330857038,0.766957204,-0.551822066,0.325452762,-0.339376666,-0.430190703
FAM13A,-0.065414295,0.244862811,-0.321821693,-0.190726097,-0.421397322,0.670710436,0.315298685,-0.736120157,0.05058674,0.237918921,0.11628783,-0.575726017,-0.029362484,0.040105849,0.320229547,1.049892259,-0.172251169,0.23239483,-1.035937147,0.067922656,-0.563428945,0.339894128,0.336105145,0.013770244,-0.684659757,0.70981954,0.141662125,1.757124586,-0.503215018,-0.543218156,-0.151150903,-0.087469201,-0.046591995,0.393180393,-0.046824117,-0.067269586,0.082672391,-0.455584433,-0.130032807,0.06999434,0.190026337,-0.192583551,-0.291493012,-0.456965408,0.06497504,0.032203232,-0.077474582,-0.895311146,-0.504828761,0.075314891,0.186883362,1.13439887,-0.003230557,0.381474838,0.467746417,1.284136953,-0.257033013,0.276553731,-0.476746814,-0.298029594
HEXIM1,0.630566351,-0.743128102,-0.117764176,1.73778902,-0.651007495,0.214396885,-0.133363649,-0.461127208,0.431107492,1.665851452,0.477011896,0.379137416,-0.529103017,-0.069926971,-0.327904824,-0.138707215,0.540085258,0.281095062,-0.344950653,0.483033505,0.325388586,-0.402572895,-0.4433673,-0.395905039,-0.126432243,-0.324391605,0.371862719,-0.301625488,0.454964652,-0.49717216,-0.439752575,-0.172542655,-0.10049579,0.096678629,-0.518962446,-0.376152725,-0.332932011,-1.057967539,0.377009953,-0.371802622,-0.074057389,-0.433291748,0.406083822,0.094639142,-0.262952714,-0.618655763,-0.157767104,-0.374177412,1.056688491,-0.002991784,0.73863794,-0.106180704,-0.028961693,0.311667425,-0.174534394,-0.296245026,0.119553724,-0.302595645,0.099272072,-0.014477543
TJP3,0.304141646,0.377519298,-0.16774062,-0.10689399,1.4229734,0.255033701,0.681760156,-0.397781756,0.477856178,-0.414499148,-0.413390188,-0.068176125,-0.965806426,0.563875465,-0.545247913,0.475078387,0.091383646,-0.356059659,-0.406212115,-0.642963499,0.174237451,0.009841743,-0.326070116,-0.865556295,0.672924901,-0.489374341,0.249380394,0.576067054,0.815173174,0.220335891,0.472022418,0.680852139,0.342575108,0.805376835,0.160148945,-0.252938799,0.145844953,0.484736935,0.538027731,-1.473761904,0.211911664,0.673189915,0.233528527,-0.008283264,-0.032519273,0.155920978,0.973674354,-0.177553467,0.783813388,-0.215638956,-0.196611197,0.303456873,0.171406277,-0.058813347,-0.242091883,0.239841044,-0.603298088,0.687474979,-0.935942898,-0.080550349
INMT,-1.721573484,0.083866414,0.309699028,-0.179797823,-0.653348863,2.403623684,0.500008479,-0.539810173,-0.22294319,0.213822162,-0.055210233,0.202716323,4.831369756,-0.218352253,2.517344082,-1.463640572,-0.800757312,-0.669836629,1.753958563,0.178223596,0.018009461,-0.228739795,-0.796338974,0.011415374,-0.586178942,-1.301223622,-1.516333832,-0.33628214,2.091619006,3.77596572,0.445114607,-0.853108936,0.317978904,1.253083668,-1.173734086,-2.209258535,-0.143517116,3.167917971,0.33878639,-0.690280239,0.354961625,-0.891137666,-0.373210648,2.224629144,0.157388116,-0.103001904,0.720426368,-0.941138854,-0.037325697,0.314068579,-0.036946123,-0.548843978,-0.264725971,3.049881189,-0.161350471,0.230693748,3.861167764,-0.781290274,-0.254440961,0.174768439
YIF1A,0.032745053,-0.012639583,1.25955565,-0.508084813,-0.18348212,0.122554797,0.336018704,0.516890647,0.459376367,-0.638976253,-0.627305886,0.643982662,0.117236245,-0.419334975,-0.056850027,0.387434989,0.098158576,-0.128578097,-0.217704794,0.844832038,0.227173316,-0.137251504,0.070157932,0.309196895,0.248018749,-0.272132179,0.342400082,0.047161156,0.225127824,0.149788384,0.611882094,0.131000018,0.25807291,0.097781268,-0.442880529,0.075970233,0.233424589,0.16754005,0.033416592,0.24394393,0.114898052,0.160807444,-0.032188768,0.204277067,0.129462559,0.016352202,0.381462573,0.000298794,-0.139519218,-0.815027722,-0.186332765,0.104455538,0.380510797,0.323953184,-0.034061143,0.36064345,0.896078852,0.090880141,0.38023549,0.094791611
UBR5,0.120474689,-0.17306846,-0.113769896,0.787434644,0.157381769,0.692747959,0.11760719,0.045206123,-0.028405499,0.25747984,0.416103556,-0.177969719,-0.364323347,0.273189824,0.045117332,0.247158503,-0.097274758,0.006612841,0.319362807,-0.04146722,0.106074288,0.314394809,0.129868024,0.384275723,-0.096988706,-0.338696628,-0.303959676,0.469023722,-0.189593438,0.53536543,-0.118712128,-0.411401939,-0.03955204,-0.349262009,-0.160331454,0.205394959,-0.040540922,-0.12550689,-0.171338353,-0.2809543,-0.088889049,-0.313812927,0.192072119,-0.562589042,-0.602684651,-0.489499061,-0.212122312,0.014956635,0.148111416,-0.248621998,0.872668007,0.222897888,-0.037676452,-0.346703068,0.76658577,0.302599599,0.046862916,0.028991606,-0.003678635,-0.325261967
AGFG2,-0.051446744,0.207954754,0.433843105,-0.194458199,0.269734655,-0.246656525,0.671406098,-0.003815879,0.140793177,0.514730332,-0.550375842,0.168492941,-0.44693054,-0.163541488,-0.014789354,0.324420042,-0.150156311,0.099513314,-0.548134704,0.228768385,0.505947986,-0.050164305,0.521840634,0.636567506,-0.203741872,-0.239705585,-0.092262091,-0.357525552,1.257380461,0.272963011,0.290726568,0.360919589,0.096743749,-0.433144832,0.524986366,-0.207405759,0.757772404,0.288684557,0.004288062,-0.307281281,0.013894278,0.143609992,-0.283018228,0.109563729,0.159851087,0.06704677,0.229716109,-0.504311702,-0.500264743,0.287513439,-0.248124138,-0.088313916,0.146217639,0.267130602,-0.255643082,0.218100753,-0.138750998,-0.324358935,-0.63302475,0.107907497
PRSS23,-1.058866068,-0.522560878,2.805892829,-0.624521498,0.225432055,0.910297338,-0.496103855,0.191556946,-0.497473834,-1.882700923,-1.333600978,-0.171650106,2.709709357,-0.542460664,1.1246657,0.132765547,3.386240522,-0.878410403,0.491611403,1.99150018,-0.443338777,-1.285862624,-1.109404735,-0.647436593,1.200962946,1.461136803,-0.347487838,-0.65484743,0.18799523,-0.441951639,1.801512596,2.702919037,-0.233258596,-0.180990356,-1.246229782,-0.781578265,-0.141084299,-0.321666339,-0.704226602,1.362409963,0.471520796,-1.040267048,-2.328098387,-0.117671923,-1.14676037,-1.068930345,-0.228749345,-1.104073949,-0.323034987,0.744886175,-0.713920662,-0.339666421,0.805310068,3.112883866,-1.229732178,0.319883735,0.79175529,-0.7429854,1.487885744,0.442072079
SCAF4,0.117882526,0.081314451,0.447959796,0.581443165,0.119832226,0.90126202,0.649770006,0.676420516,8.22e-05,-0.269122997,-0.148303085,0.089796137,-0.371489,0.808602966,0.182253311,0.808986399,-0.211226034,-0.189262634,0.032925165,0.278685324,0.850768823,-0.314835758,0.480941258,0.439553143,0.397076323,0.047588848,0.507280606,-0.479182365,-0.026610676,0.35620024,-0.04234486,0.226825474,-0.01824865,-0.045481048,-0.476213099,-0.030425514,0.447221886,0.006805065,-0.576810186,0.052872786,-0.188245824,0.258282651,0.700115829,-0.067700498,-0.19045342,-0.299465935,-0.136798051,1.168097501,0.072228319,-0.258899629,0.311818143,0.169390291,0.385741878,-0.36535533,0.563876851,0.896384907,0.62694036,-0.515804614,-0.302464403,-0.537583154
NDUFB6,0.317845335,-0.042877258,0.191027431,-0.101816068,0.104176564,0.649346339,-0.378286609,1.284790189,-0.174659251,-0.073934462,-0.031676069,0.12065411,-0.040936182,-0.30316423,0.159281374,0.549833228,-0.069317126,-0.010271829,-0.107525851,0.299499586,0.10791763,-0.438419046,0.840055206,-0.249425801,0.646236695,-0.271912774,0.660535227,0.432305638,0.265777569,1.120179763,0.615384302,0.235046927,0.475757302,0.525687073,-0.225812117,0.284350693,0.275349031,-0.215614027,0.077909787,0.612977693,0.189253517,0.322467141,0.009696588,-0.118723399,0.081594693,0.129027337,0.340387477,-0.382221732,-0.215637224,0.13466065,0.311525076,-0.244036584,0.64736914,-0.302379711,0.037547527,0.270199589,0.220719886,-0.209116881,0.32847841,0.307140555
MFN2,-0.086154138,-0.192572087,0.542506904,0.024691751,-0.253015123,-0.303995911,-0.025156776,0.240813703,0.157786731,-0.278820445,0.007679211,0.08541473,-0.12956849,-0.010943005,-0.602855588,0.183788934,0.184538385,0.714677183,-0.515806289,-0.009737767,-0.040977531,0.338886997,0.10387703,0.747066507,0.106872259,0.495028955,-0.231315128,0.070897247,0.0422429,0.732139009,0.437490302,0.381188015,0.002114484,-0.31083278,0.320307047,0.023103231,0.497413643,0.304627465,-0.136401343,0.075013968,-0.32484627,-0.124856327,-0.479088889,0.292167173,-0.099723846,-0.132114918,-0.183619301,0.056802786,-0.226297021,-0.280548413,0.266905147,0.684278058,0.434559,0.070395094,0.304609332,-0.107825293,0.050886035,-0.072242981,0.238165061,-0.125461787
SNUPN,-0.003565894,-0.398858741,-0.158550017,1.294304379,0.093593027,0.195461576,-0.171133339,-0.790379271,0.394935751,-0.05570989,-0.091158801,-0.265970643,-0.379275318,-1.039170193,-0.597862684,-0.034581316,-0.49437076,0.300837352,-0.177630719,-0.892596751,-0.155423871,0.131323844,-0.057733498,-0.897042487,0.034232697,-0.092312304,0.011216053,-0.124941867,0.154029724,-0.346513288,-0.176470011,-0.55081614,-0.343309067,-0.148586721,0.038470195,0.215057873,0.253141719,-0.146406261,-0.099025299,-0.081911832,0.235492122,0.1324461,1.245096196,0.550299297,0.098127716,-0.020580807,0.437721965,0.089672842,0.578055133,0.460436474,0.305199369,0.227868922,-0.017939762,0.111525893,-0.014757177,-0.682881413,-0.080169228,-0.797974999,-0.522435107,0.424462109
AKR7A3,-0.648006574,-0.341991427,-0.118005652,-1.251437735,0.039560849,-0.603642068,-0.968764511,-3.954087734,-0.170779501,0.586721852,-1.058291002,-0.384039118,-1.849589226,-0.309058088,-0.149840913,-1.006575072,-3.098419543,3.547221807,-4.363338893,-1.172445167,-0.301990166,2.16030813,-3.87854292,-0.575247702,-3.277693008,-4.829446103,-0.620683952,-1.386751724,2.472074327,-0.973174979,-1.453712158,0.596498555,0.458075714,-3.835624551,-3.530758898,2.242178157,-0.038836193,-1.510743091,-1.091128286,-3.946317755,-1.013918685,-0.410732827,-0.747885182,-0.151024725,-1.122528661,-0.803012456,1.246714774,-1.557892359,-0.596069006,-2.761777409,2.187239804,-4.161360382,-0.769416458,-1.59204859,1.347372398,-0.563730617,-2.952757707,-0.675817028,1.104498603,-0.07912757
UBE4B,0.01433673,-0.22698864,-0.004921971,0.256375006,-0.064346425,0.383964821,-0.338181787,-0.114362122,-0.079684015,0.164723832,0.166464645,0.108942428,-0.115699894,0.321598706,-0.10623815,-0.003717148,0.101299399,0.298580412,-0.078988312,0.136509709,-0.283476928,0.382697716,-0.032894588,1.163922496,-0.091043217,-0.139988373,-0.072794334,0.97388272,-0.158330671,0.730970746,0.050291476,-0.269760067,-0.142809714,-0.279343525,-0.135683722,0.177014628,-0.274338404,-0.217720467,-0.060079643,-0.460734686,-0.012061846,-0.049118978,0.171303645,-0.019834019,-0.450777,-0.453103414,-0.537059621,0.545178189,0.117997148,-0.169602952,0.71772088,0.003314442,0.069331161,-0.165577993,0.392582718,0.022379393,0.020356784,-0.627681384,0.009733103,0.015259177
ELP1,0.129298968,-0.145151449,0.134737056,0.348916591,0.048222855,0.282741349,0.279427565,0.38496213,0.010674473,-0.239018368,0.277151125,0.0439626,0.081487507,-0.166097369,-0.071618094,-0.459424218,-0.111759729,-0.147293163,0.325524013,0.11718203,0.013061299,0.115898081,0.396286762,0.062687019,0.533684903,0.225154673,0.308520166,0.285636925,0.171277313,0.392220412,0.520216518,-0.332736284,-0.09427691,0.563105762,0.395554518,0.225636359,0.066642488,0.059068624,0.11681834,0.041571081,0.011249974,-0.187538749,0.509524883,0.048393517,0.357400935,0.319752165,0.052467479,-0.158537053,0.53892478,0.024105811,0.051361929,0.291193383,0.044015133,0.018067686,0.325116361,0.52284439,-0.187406314,0.192554774,0.05322099,0.158670495
UBL3,-0.515894866,0.376213814,0.32778699,-0.201330689,-0.250321126,-0.890599595,0.09244289,0.29696211,0.194589065,0.039753012,-0.506243087,-0.200321038,-0.475893196,0.36521632,-0.379277094,-0.673042696,-0.261953718,-0.148191742,-0.481318182,0.290734553,-0.216589005,0.374512545,1.069285681,0.798500768,0.962193016,0.012846271,-0.124771324,0.114081691,0.504958718,-0.122130438,0.100374575,0.331507169,0.279489725,0.974447188,0.180237574,-0.808014188,0.406883787,-0.55759191,-0.018522569,-0.260403333,0.204827256,0.278619044,-0.178137234,0.064855271,0.455646804,-0.00414435,0.534323261,-0.732495228,0.121125684,0.584888522,0.087230678,-0.160073294,-0.036248251,0.338261182,0.076962425,0.347345464,0.917298564,0.134346038,0.127317792,0.106154618
NDUFA3,-0.171892708,-0.702981987,0.269668754,0.2692646,0.39634375,-0.464956558,0.235272671,2.128856021,-0.847474517,-0.879039533,-0.109562025,0.319905173,-0.585989213,-0.79774844,0.900477793,0.277765809,0.381955983,-0.044351762,-1.007053658,0.623295813,0.444004697,-0.932449688,0.941986038,0.065768103,0.830931985,0.468838053,1.21709102,0.090415165,0.829363418,0.073201084,0.962613856,-0.214858718,0.566127483,1.124941513,0.03502381,1.010238329,-0.242477726,0.100405265,0.104985457,0.818108077,0.127190649,0.630166396,0.136280719,-0.413830175,-0.761832003,-0.037198878,-0.198051833,-0.192494231,0.009699294,0.242744772,-0.472990731,0.479834765,1.119573649,0.074421313,-0.278823904,-0.048393739,0.993078189,-0.206526232,0.802595721,0.123343015
NDUFB4,0.467041323,-0.256898375,-0.247409883,-0.186721305,0.050314202,0.634070289,-0.125217299,1.825363548,-0.31676665,0.241018313,-0.27272703,0.454479356,-0.142731215,-0.23365712,0.347836181,0.806762148,0.085995332,0.06343189,0.1511307,0.385611411,0.341055046,-0.618672427,0.615544391,0.12235345,0.483614747,0.096854473,1.021361383,0.179399736,0.785633707,0.143786759,0.840591991,0.047228193,0.115911002,0.673488236,-0.715901225,0.391736666,0.383373084,-0.470518481,-0.008071046,0.224189116,0.025123177,0.704142901,0.225705478,0.709352736,0.028118505,0.193622247,0.180913884,-0.51986723,-0.177488956,0.212217111,0.221591889,0.046053673,0.361475499,-0.467956285,0.291274752,-0.271932701,0.390172316,0.040084763,0.461387366,0.292096513
NDUFB8,0.120523707,0.076934009,0.06995612,-0.019238997,0.14762714,0.385387565,0.138388309,2.060909597,-0.652776837,-0.022040244,0.101994665,0.641504372,-0.404094221,-0.076478117,0.435749474,1.09420251,0.283230273,-0.290890329,-0.018883665,0.656999284,0.642628828,-0.860610398,1.040195615,0.29072636,0.800087852,0.047344479,1.157108142,0.347553713,0.470864412,0.148484882,0.936698265,0.015322451,0.297286015,0.980926889,-0.486028987,0.682963018,0.543917106,-0.657180104,0.601948093,0.742069553,0.610769236,0.454786187,0.154998792,0.307410621,0.086726292,0.047906213,0.245162506,-0.685328707,-0.065381933,0.266073606,0.781445901,0.19850335,0.712594162,-0.474906265,0.294894068,0.019658222,0.563928811,-0.073593114,0.910551739,0.241418457
SCEL,-0.862830202,1.729537999,-0.546587742,-2.123982228,-0.679264535,-1.541755605,-1.481121026,-0.034892659,0.827129589,-1.371632992,-2.224945168,-0.346311931,1.05078854,0.644471731,-1.103867101,-0.822024157,1.379008702,-1.38470146,-0.895703179,-1.132958017,-1.553938583,-1.836607229,-1.109137822,-0.246150427,0.888133022,-1.347176119,0.394846177,-1.878198137,-0.861484394,-1.805954225,0.338068701,1.158248753,-1.609764713,3.297966861,2.256622966,-1.15289629,-1.648090432,-0.10145948,2.040127393,-0.792924329,-0.818231363,-0.527755719,-1.417842571,2.724268308,-0.585463609,-0.976207727,-0.475832354,-1.101120445,0.976983137,-0.209929183,-2.689299206,-0.727153855,1.037838322,0.060363366,-1.264410942,-0.123456936,-0.727969487,3.112466206,-0.726591994,0.032366393
NDUFA7,0.55923336,-0.090782626,-0.156878842,-0.209721155,0.215196433,-0.01972522,-1.554294914,1.087730806,-0.228879137,0.61460692,0.128293977,0.497151196,0.169872641,-0.893787281,1.104417133,-0.181656354,-0.421217195,0.367974705,-0.029916599,0.405793893,1.20084949,-0.728101824,0.966641168,0.382198093,0.374285513,-0.236219525,0.021687993,-0.367711779,0.62937269,-0.687646512,0.190830862,0.623189992,-1.066090582,0.225117453,-0.320996778,0.387213714,0.236870382,-0.811202403,-0.402877247,0.1937818,-0.02314702,0.058810435,0.261521821,0.137543921,-0.00746101,-0.110650067,0.347901867,-0.648666457,-0.571107763,0.358698572,-0.177189555,-0.335592215,0.00519431,0.056386588,-0.189890662,0.65328707,-0.266984646,0.274760298,1.160794162,0.281607993
VAMP5,0.204511234,-0.154286899,0.443339503,-0.646593977,-0.522367878,-0.557590225,0.231603731,0.103691083,-0.120772657,-0.146450877,-0.595977764,0.542480973,-0.12734596,0.451603707,-0.333206192,0.243028676,0.79735568,-0.469606093,-0.017906566,-0.362139441,0.4705204,-0.526945245,-0.071780399,-0.570539778,0.139515824,-0.586330787,0.07767697,-0.719967286,0.102971483,0.62229691,-0.378479783,-0.622963263,-0.244138646,-0.519286155,-0.155575126,0.058265209,0.273089375,-0.486390692,-0.168498622,0.017926429,-0.075028331,-0.03034456,0.245221178,1.102279846,0.252054314,-0.518508055,-0.384909234,-0.303089963,0.52005959,-0.224785007,-0.268852768,-0.357340603,0.391751658,-0.839272386,-0.932845232,-0.146339465,0.28462134,-1.013892695,-0.663611306,1.070063066
RTN3,-0.365666176,-0.859232849,0.353835997,-0.15801443,0.954935594,-0.500257461,-0.207080656,0.143415877,-0.738621875,-1.158397437,0.177631594,-0.180139227,-0.051181063,-1.129268831,-0.620436068,-0.353277633,0.331307741,0.301251925,0.040998131,0.568643613,-0.629050499,-0.454715955,0.334830553,0.013824702,-0.150911452,0.498746628,0.219090288,0.567395347,1.011867433,1.474727587,-0.153273103,-0.186498922,-0.181554162,-0.921728864,0.14504531,0.227743512,0.791556077,-0.448124927,-0.503617282,0.472282286,-0.488715392,0.309257676,-0.148073275,-0.21277797,-0.933982771,0.023423625,-0.530698304,-0.524484149,0.344671925,-0.486431946,-0.231858293,-0.775718802,0.6466526,-0.674608769,0.595223954,0.284387585,-0.385277831,-0.891008166,0.144633077,-0.211338404
RCBTB2,-0.163417945,-0.050102202,1.265085714,-0.015046301,-0.394687234,0.479330656,1.160181178,0.545169742,0.138129777,-0.185644629,-0.265438309,0.794851122,0.262280634,-0.186765454,-0.17202966,-0.190304419,0.582754296,-0.273172434,0.083020632,0.208859828,0.06506872,-0.438497468,-0.246975272,-0.131530167,0.450161008,0.194340501,0.287573781,-0.385318497,0.259212937,-0.160665406,0.127711451,0.365997134,-1.138030107,0.262947479,-0.219517732,-0.018259678,0.387311888,0.145657343,-0.07148443,0.453844425,-0.003031405,0.294757409,-0.176366027,0.46755586,0.214088627,0.231739351,0.039504114,-0.409696989,-0.08476076,0.381565073,0.039936109,-0.116487457,0.430655086,0.51830762,-0.222362469,0.008558546,0.120131676,-0.662219957,0.386080426,0.356787977
LETM1,0.214106068,-0.316658667,0.545529479,-0.405216092,-0.241920044,-0.527957601,-0.329793843,-0.008913476,0.491955331,-0.422223091,-0.274249445,-0.369927396,0.163874832,0.01128956,-0.611036786,1.050814982,-0.882622539,-0.106029538,-0.838223053,-0.34615681,-0.814673164,1.110982403,0.021170564,-0.027621832,0.134238478,-0.039593078,-0.48021819,0.072194702,0.060126339,1.008082014,1.794846353,0.250358056,0.12436853,0.372923421,0.506662831,-0.660649511,-0.48069126,1.416384888,0.651169291,-0.430745201,-0.062958252,-0.616053839,-0.504605467,-0.325749221,-0.507393383,-0.483364869,-0.236714565,-0.286090431,-0.2412421,-0.420228039,0.313210023,-0.163473057,-0.288967398,-0.571194083,-0.151600522,-0.543666441,0.611638473,-0.37124462,0.478312536,-0.389952486
EPN2,-0.043982343,0.123028158,-0.058095706,-0.014664794,-0.398098706,-0.073867709,-0.125476479,-0.021492484,0.03116693,-0.093289306,-0.228162831,0.009268692,-0.033600503,-0.114714594,-0.26692668,0.343618541,0.474988288,0.403623944,0.148622125,0.254768941,-0.629490091,0.751417357,0.312245279,0.272406923,0.470778567,0.086263524,-0.678720828,-0.315875392,-0.281743021,0.323830618,0.054770616,-0.176856679,0.215081884,-0.811246538,0.452551726,0.225350944,-0.245604767,-0.306255507,-0.31273059,-0.100962973,0.037971161,-0.486503895,-0.821879348,-0.603532759,0.743884665,-0.142012017,-0.099215956,0.667066447,-0.471124684,-0.093463323,0.665763395,0.168982403,0.245136407,0.211656549,-0.298776862,-0.18798778,0.541756969,-0.395429215,0.006565785,0.231601046
STBD1,2.437066396,-1.728840777,0.022394251,-1.079262975,0.563311277,-1.065873671,-0.128368947,0.161929234,-0.638864738,-1.65232763,-1.336537377,-0.255906464,-0.436879106,-2.091272452,-0.819152977,1.506417565,0.467004103,0.431629662,-0.237625345,-0.255584806,-0.228682718,-0.497972576,-0.279216998,-0.962455005,-0.21424923,0.276530632,-0.132085926,0.627503805,-0.198034619,0.121439337,0.988618226,0.303879546,-0.563849385,-1.111021246,-0.708217724,-0.489000135,-0.198071067,-0.140896737,-2.198279242,-0.687380739,-1.017034094,0.019795198,-0.523527655,-0.937432788,-0.230614895,-1.077751692,-0.377105676,-1.460817327,-0.356050305,-0.643134138,1.427748928,0.986009878,0.891593129,-0.04922951,-0.075080403,0.047745625,2.325171127,-0.691154926,-0.483836062,-0.38680643
ZRANB2,-0.045599014,0.642400659,-1.061793138,0.623370162,-0.014296519,1.353435464,-0.019937667,0.451050702,-0.099817918,0.224500449,0.837516553,-0.536409749,0.326199842,-0.126609984,0.57660899,0.064868337,-0.621024424,-0.603884039,0.747550991,0.059221467,-0.60903787,-0.483716182,-0.306312763,0.061371556,-0.184271163,-0.011871145,0.373233265,-0.82519348,0.055951234,-0.169413749,-0.089702115,-0.423547691,0.247465336,0.825457327,-0.037567662,-0.252224387,-0.369018368,-0.474131123,0.374932599,0.426358163,0.46065075,-0.615379158,0.265610787,-0.651446978,0.223804946,0.043804916,0.110313931,0.149621795,0.733058261,-0.22050162,-0.152439463,1.005134327,-0.035109426,-0.330315662,-0.408480663,0.918681131,-0.380737643,0.542817397,-1.019614753,-0.063017219
SNX4,0.355902936,-0.175976102,0.575698908,-0.134296689,-0.761095178,-0.048104718,0.34442857,0.183911343,-0.119731443,-0.336578196,0.045868797,0.062589809,-0.198690778,-0.424188206,-0.263330991,0.281292496,0.002437036,0.083820283,-0.528711223,0.228588456,-0.131979181,-0.589549224,0.555283704,0.689522071,-0.15296216,0.38539646,0.233580843,-0.238451676,0.039113729,0.35776147,0.788592563,0.749773099,0.129289287,1.131925179,1.036289807,-0.806874276,0.759065025,0.170072798,0.614626708,0.811747871,0.021560721,1.325860845,-0.840093982,-0.000550636,-0.347929703,0.790037023,0.803540506,0.266623602,-0.650780151,0.100901426,0.522078188,0.164031435,0.162326357,-0.242250543,-0.427323869,0.115490554,-0.193068582,-0.503558765,-0.325245802,-0.375307617
LUC7L3,-0.187945836,0.418721732,-0.77816037,0.77737078,-0.46816656,1.139223188,-0.198055222,-0.541139598,0.145200993,0.741167245,0.84577864,-1.299863802,-0.54854201,0.400040852,0.43342784,0.392208434,-0.620153886,0.391977085,-0.119245499,-0.626430785,-0.72025639,-0.122885371,-0.713521168,-0.623022292,-0.828173662,0.0939906,0.479602166,-0.322403626,0.067499516,-0.425131328,-0.710667813,-0.115406639,0.098924313,0.815223604,0.010111995,0.227213225,-0.50620518,-0.533773233,0.269617313,-0.218261531,0.421860988,-0.525821597,0.03761736,-0.593386722,0.440924885,-0.190207461,-0.337203877,0.429188071,0.701035053,-0.564037916,0.590847108,0.399369408,-0.538917167,-0.250258102,1.000827877,0.34995374,0.025724755,0.582904756,-1.071951635,-0.133428631
APOL3,-0.080687343,-0.857487305,-0.272223894,-1.031483984,-0.719085804,-0.642450873,-0.062364166,1.023342494,0.06984673,-0.058393505,-0.680859823,0.795502902,-0.350602259,-1.523853709,0.402293333,-0.838742158,-0.114740569,-0.307460889,-0.518804651,0.224978943,0.182164183,-0.839801558,-0.192185798,-0.407086649,0.515480844,1.245477857,1.663343204,-0.571689531,-0.376946871,0.783706555,-0.38474843,-0.256225913,-0.607251923,-1.089756101,-0.686114851,0.159273394,-0.048207246,-0.753514199,-0.185845737,1.153443296,-0.440617371,0.302854682,1.448448153,0.346652137,-1.070256387,-0.758216445,0.211592767,-0.160353493,-0.310251963,-0.655074263,-1.210050791,-0.050255227,0.027845546,-0.456688877,-1.356424655,-0.422719752,1.004450481,-1.275971609,-0.607833386,1.072422056
KIF4A,-0.601216422,-1.612719546,-1.685684411,1.878256611,-0.766523591,0.670710603,-1.657150759,-0.880015995,-0.208497042,1.795949605,0.197636173,-1.459212788,-0.664791528,-1.324860771,-3.160032364,-1.005723823,-0.116320386,0.637319225,-0.210742244,-0.733631949,0.749038682,-0.51305418,-1.08624593,-0.448004362,-0.212082254,-0.427236845,0.026429401,2.090694502,-1.386984536,0.664014827,-1.331060371,-3.077593408,-0.460613812,-0.953737909,-0.063918274,0.746721437,-0.526251834,-2.201059172,-1.602001771,-0.855811755,-1.615142568,-2.953838832,1.270501284,-3.178080727,-1.565467806,-1.716643604,-1.281548443,-0.878670641,-0.081058486,-1.356680796,0.560892437,-1.039856493,-1.157607062,-1.144293231,1.323780785,1.912297035,-0.672436797,-2.444717951,-0.091129762,-1.200999026
SBF1,-0.177187427,0.068394351,0.225229183,-0.120273792,0.212461048,-0.142590072,0.200258401,0.429980724,0.078673434,0.255747546,-0.543541154,0.203193903,0.059060035,0.184402388,0.18565176,0.122176555,0.109355156,-0.293801146,-0.009334713,0.457893737,0.534733406,-0.312739239,-0.003673184,0.323281896,0.560178598,0.31261681,0.458520738,-0.096741212,0.68127354,-0.072172658,0.068112584,0.161941047,0.046565909,0.096704078,0.274837158,-0.031764366,0.428733673,-0.135330041,-0.095077168,0.09810603,-0.140365521,0.017076546,-0.239627125,0.252996385,0.580575554,0.073740514,0.554876036,-0.373576434,-0.051280106,-0.120466322,-0.208630938,-0.189077464,0.097679501,0.315184809,-0.138257266,-0.266961456,0.515112457,-0.034853423,0.022379997,0.140108537
GOSR1,-0.311775975,0.140494563,-0.073645571,-0.115961064,0.106293883,-0.410088299,-0.092049621,-0.38716584,0.55671066,0.894914959,-0.643923665,-0.208209244,0.127464164,-0.077929749,-0.426020082,0.303427107,-0.297848491,-0.051740426,-0.295368549,0.290728251,0.192295599,0.404954644,0.399284731,0.169777529,0.1609363,-0.091136785,-0.139554158,0.336336096,-0.357011823,-0.112424653,-0.205016352,-0.46204106,0.199070795,0.767989833,0.567991956,-0.010815715,0.281310483,0.202235958,0.117857307,0.384649449,-0.134965487,-0.225958191,0.693464178,-0.240576868,-0.394392253,-0.621993621,0.081525728,0.228208964,0.238645943,-0.479923125,0.826974189,0.184701544,-0.296625148,-0.698768867,-0.065371336,0.194257681,0.090157228,0.381986956,0.201175094,-0.449673905
KAT7,-0.290999076,0.679695563,0.298804448,0.06403837,-0.254613333,1.076417928,0.384727205,0.323452422,-0.129565808,0.897932633,0.236446293,-0.030178871,-0.357113976,1.12649158,-0.062201888,0.394125597,0.398867033,0.276568325,-0.313721338,0.461688884,0.600353398,0.022100023,0.308803318,0.973946497,0.310295949,0.071447644,-0.239023402,0.1511533,-0.026794348,0.229164506,-0.123133771,0.236997454,0.419011837,0.08362932,0.421091086,0.493999763,0.549837816,0.515878202,-0.050585939,0.347786334,-0.371532153,0.034519083,0.151710916,-0.070710192,0.445936616,0.086345649,-0.070205023,0.10299745,0.224870096,-0.436162544,0.618816157,0.127943513,0.178056085,-0.379023571,1.099477948,0.011262455,0.203850077,-0.443187839,-0.234502261,0.250523012
ATE1,-0.353590378,1.349136449,-0.641172517,-0.518448974,-0.187446209,-0.600427937,-0.465482147,-0.897323148,0.431227594,1.134603218,0.55677286,-0.515715805,-0.177475398,0.478317916,0.291190829,-0.324785204,-0.384723054,1.015087084,-0.195008297,-0.406268606,-0.548738395,1.704851037,-0.330428723,-0.295234366,0.347203932,-0.602637295,0.13413058,-0.414643811,0.194094454,-0.194769208,-0.160075209,0.385356148,-0.501649472,0.562170856,-1.144377503,0.523221224,-0.096642991,-0.368327789,-0.008502027,-0.537542001,0.168624349,-0.320237456,-0.677824194,-0.690534012,-0.271554078,0.420095247,0.193356418,-1.158565419,0.10611419,0.339044115,-2.200493836,-0.343712587,-0.311399284,0.595926231,0.64139343,0.423618657,-0.333238785,1.424883157,-0.441466478,0.8223929
CCNDBP1,0.710246045,-0.083082997,-0.419362013,0.036442286,1.238897163,-0.003098323,-0.758775326,-0.036546674,-0.210872696,1.422455478,-0.11000601,0.100988068,0.494211581,-0.243893964,-0.284022339,0.519642654,0.82276203,0.331923589,0.867089372,-0.07333714,-0.351890025,-0.076707493,0.007984462,0.285251088,0.001914704,-0.116889232,0.013834714,0.163471916,1.788266535,-0.223951832,0.267534267,-0.327006136,-0.237065054,-0.222115803,0.108688531,-0.037217224,0.030007158,0.47051916,0.230032827,-0.022136834,-0.269181257,0.160957737,0.12116367,-0.137093425,-0.272051191,-0.26293961,0.724342081,-0.023120371,0.04864893,-0.074155668,-0.375714383,0.035686521,0.377173664,-0.066788683,0.047349154,-0.564218103,-0.007374736,-0.612667414,0.082963074,-0.035198544
VAPB,-0.40481829,0.14942305,0.094591451,-0.1434057,0.468821118,0.413032748,0.859985021,-0.076058306,0.061763872,-0.025680087,-0.03752824,0.007713565,0.095042516,-0.392555714,-0.979223698,-0.014635635,-0.370154094,-0.300433713,0.381058189,-0.118549334,-0.135376757,-0.509386805,1.706115943,0.345043301,0.037892394,-0.243390165,-0.057437382,-0.646757629,0.228641585,0.19093501,0.32149413,-0.551788628,-0.134105049,0.15258075,0.03209943,0.231729377,1.052783153,0.319647034,0.173210092,0.161569453,-0.632673415,0.852695872,-0.159753258,0.168729207,-0.58050426,-0.843084616,-0.19662277,0.32514471,-0.509214179,-0.071840911,-0.047827015,1.162731781,-0.576825169,-0.211129246,-0.143155814,0.38868938,0.033477673,0.333949034,-0.473605706,-0.53106541
RASAL1,-0.26010912,0.010264324,-0.43359564,0.310039732,-0.367668193,-0.430388652,-0.141950679,0.376079524,0.046249213,0.448254383,0.011199282,-1.054481768,0.425829634,-0.922293,-0.726007866,-1.579395749,-1.182946394,0.467862295,-1.636957913,-0.291920933,-0.913669176,-0.043124345,0.415403797,1.560666995,2.020310009,-1.474281123,-0.615500308,-0.358041488,1.39957354,0.512933357,-0.392810309,-0.0634246,-0.051733851,0.592856584,-0.432801695,0.655987128,-0.138853512,-0.796084847,0.248163601,-2.600179834,-0.724421597,0.489167074,1.107348539,-0.683456398,-0.287956219,0.145243168,2.268939097,-0.920177417,-0.160250262,-0.120694924,-0.035326952,-0.658407137,0.004140165,-0.064833272,0.399145377,-0.353774927,-0.401652698,-0.01621628,0.647365507,-0.069001956
SNAPIN,-0.383437498,-0.032559838,0.05402647,-0.263373944,0.063217285,-0.160850229,-0.620551468,0.426092427,0.395347519,-0.044009278,-0.437613431,0.254717991,-0.404031271,0.010143349,-0.010899716,0.397651144,-0.158464482,-0.167469496,0.745550299,-0.072503672,-0.652516961,0.281437089,-0.012354815,-0.052429142,0.40371461,-0.147268207,-0.104703473,-0.023863364,0.226640857,-0.064564359,0.634722715,-0.340057133,0.010835861,0.462982191,0.333507611,0.27236198,0.62031169,0.380630418,0.275452344,1.22506543,0.367829521,0.566570842,-0.283944606,-0.003339435,0.278959101,0.628322603,0.558120359,-0.388606085,-0.057848937,-0.183081471,-0.390654876,0.288279516,0.063106093,0.468404114,-0.158577058,-0.354436923,0.394985356,0.334411274,-0.682056161,0.3412281
MPZL1,-0.281140974,0.171873993,0.230807541,-0.504068865,1.640144734,-0.555189217,-0.285165505,-0.183251167,-0.147616141,-0.367321504,0.202741782,0.112816762,-0.107800673,0.334048697,0.433641,0.321105847,-0.200644629,-0.458723742,0.473272669,-0.04984844,-0.232116351,-0.09053843,-0.083995668,0.523046098,0.255580147,-0.840597719,-0.244976868,-0.334333235,0.197659105,0.919586825,0.501227899,-0.42631084,0.122775831,0.184655684,-0.503269087,-0.280819777,0.012236353,0.217496191,0.14816393,-0.493283339,0.237984611,0.03198578,-0.155423464,-0.163491461,-0.067034822,0.015773497,0.1145724,-0.232971823,0.115266467,-0.409835924,0.630434104,-0.248741739,0.253302512,-0.329128849,0.590907692,-0.241911818,-0.340872175,-0.047651805,0.397659742,-0.116374986
NDUFC2,0.148473248,-0.046232298,-0.161461921,0.088339714,-0.463194939,0.240789871,-0.4543798,1.845417664,-0.29641671,0.025639242,-0.045424601,0.510137018,-0.208373054,-0.388487866,0.274900699,0.845657703,-0.226466589,-0.287606922,0.020407286,0.372839261,0.428781297,-0.490913085,0.73640051,0.030041714,0.335643243,-0.311631441,0.818092672,0.372969402,0.499389138,-0.118899557,0.777136579,-0.031027756,0.323377479,0.786995476,-0.446657361,0.523140028,0.403661395,-0.907282542,0.177973912,0.341524484,0.191406184,0.001626466,0.016778193,0.006543344,-0.715253326,-0.180031588,0.229086834,-1.077233031,-0.190732117,-0.285707773,0.665468968,-0.489508023,0.251090606,-0.332683308,0.198168307,0.240743672,0.51173455,0.032927507,0.593464742,0.522963459
NDUFA10,0.32454731,-0.193525668,-0.189670175,0.081169228,-0.071536661,0.512230742,-0.240226142,1.694577334,-0.335591855,-0.385860953,0.046113735,0.331783619,-0.167549758,-0.5012218,0.385935002,0.915780849,-0.3294911,-0.225680122,-0.095390844,0.455523055,0.342939249,-0.398237489,0.925662801,-0.32348675,0.131938014,-0.135270785,0.783039618,0.505432439,0.462175619,-0.039762724,0.811833715,-0.312234958,0.190668959,0.874960467,-0.549517064,0.231509215,0.160811239,0.230860348,0.164888963,0.277526431,0.091532035,0.456738006,0.199733173,0.157463358,0.106967646,0.138375187,0.535666592,-0.707826031,-0.409200491,0.309418861,0.594141449,0.003706362,0.282707998,-0.522367189,0.315071706,-0.017008961,0.244455096,0.291465756,0.706458461,0.13460743
FKBP9,0.413254785,-0.006472006,-2.085256799,1.674065299,-1.595177057,-1.179548683,-2.752596347,-1.405599314,0.14784579,-0.026539584,0.997584214,-1.147327432,0.085568741,-1.031561247,0.451955298,-1.114012618,-0.188662599,0.481463418,0.065822196,-1.125162934,-0.541026004,-0.669004462,-0.547752125,0.476782776,-0.881388675,-0.462061216,-1.148031969,-0.886894616,-1.127130971,-2.035899642,-1.06933885,0.573178229,0.039016646,0.328941314,-0.85399949,-0.534743126,-1.363037588,-1.36331454,0.99682332,-1.389246847,-0.193395396,-0.875159798,-0.386679276,-1.844079338,-1.377620732,-0.245915552,-0.660084436,0.713446092,0.689466133,-0.522967416,0.455089661,0.079483004,-1.90544355,0.542381945,0.377435716,0.007642643,-1.178742952,0.324913005,0.936903747,0.502288616
CELF2,0.490371276,1.035816565,0.314361172,-0.659527716,-0.327233638,-0.205960439,-0.366653547,1.090243833,-0.291855807,-0.533691696,-0.388391151,0.496845782,-0.153948896,0.38229718,0.334724056,0.126261425,0.094082098,-0.538015968,-0.130938879,0.210107728,0.303893978,-0.779471203,-0.376906512,0.119152868,0.161261992,-0.161464418,0.518553639,-0.344614735,-0.266201223,0.08724106,-0.248893765,0.523133192,-0.113718464,-0.49243815,0.303460736,0.171331763,0.338414699,-0.216776037,-0.090873479,-0.25425243,0.470237805,0.297357714,-0.364076094,0.097769557,1.161777396,0.376612804,-0.077869181,-0.710773162,-0.13952754,0.443225686,-0.88618376,-0.258223476,0.36520497,-0.167483221,-0.380044375,-0.091892296,-0.066521828,0.003292476,-0.223536823,0.439424589
PGLS,0.977290153,-0.340831528,0.92338353,-0.314013506,-0.153908009,0.43158944,0.072579197,0.490163877,-0.174600621,-0.843273237,0.072890148,0.380958928,-0.24685972,-0.175916733,-0.304561584,0.494515633,0.141722909,-0.884812817,-0.404379009,0.486067939,0.165007381,-0.425442392,0.730271892,0.70202936,-0.134943477,0.393144473,0.117587876,-0.993527342,-0.033178104,0.289897751,0.284738033,0.087707249,-0.196659304,-0.201393304,0.247892853,-0.213541556,0.385036059,0.159043206,-0.212795213,0.368994957,-0.034169896,-0.018315081,-0.163994204,0.434099391,0.368308395,0.316488929,0.084258817,0.091529917,0.404348283,0.323183024,0.143557511,-0.559807364,-0.115284255,-0.108198714,-0.288496054,0.049452453,0.050275897,0.881349219,-0.153605251,-0.239149094
PAPSS2,0.302071577,-0.443374118,-0.475511651,-0.542816727,0.679897707,-0.936258076,0.57381498,-0.383084759,-0.339731633,-0.437176512,-0.072145041,-0.355347686,-0.563442651,-0.820086249,0.191960395,-0.343281727,0.044661073,0.820812009,-0.342294061,0.105780724,-0.715988886,-0.544011329,0.284698055,-1.304592769,-0.559357247,0.075760867,1.090046845,-0.992727685,-0.510350113,1.804522971,-0.275863486,0.355162424,-0.453620136,-0.680761837,1.80378118,-0.754353209,-0.704303344,0.59850352,-0.748996385,-0.321925709,-0.337143384,0.437809405,0.115796528,-0.943699205,-0.305579182,0.476179212,-0.068042718,-0.288249862,-1.193333362,-0.148194556,1.042717719,0.388287336,0.088257231,-0.549441374,-1.037645185,0.854187005,4.288996257,-0.976583239,-0.318695841,-0.499070421
SMC2,0.14773586,-0.954477224,-0.90985779,1.228644949,-0.004879292,0.637170389,-1.259895053,-0.564777089,-0.58704205,0.955058556,0.313847182,-0.95220812,-0.585653806,-1.185209512,-1.119852245,-1.018040517,-0.215823291,0.678162123,0.063418309,-1.174986466,0.442813232,-0.616077095,-1.07318237,-0.272337749,0.13641698,-0.949407846,0.495955542,0.866210587,-0.632560004,0.902036566,-0.889587891,-0.968425,-0.824467031,-0.630337237,-0.048598137,0.007030398,-0.865340595,-1.011053587,-0.695319491,-0.505487203,-0.841927178,-1.233434416,1.261904349,-0.741105265,-1.127697864,-0.882956236,-0.933360248,-0.643590819,0.812566475,-1.128975033,0.780655825,-0.763064034,-0.709320525,-0.812069812,1.690636167,0.604204872,-0.647149955,-0.730565934,-0.714189163,-0.782197832
ATG7,0.49918839,-0.507847618,0.550928978,-0.34169649,-0.0919312,-0.04369504,-0.490455171,0.524003339,-0.126358254,-0.47145475,0.014379524,0.671947236,0.072098474,-0.282961512,-0.293372752,-0.336246611,-0.040088207,-0.35588619,0.086759287,0.099041975,0.119018776,-0.490182642,-0.19047715,-0.244393891,0.202061549,0.545865783,0.390068833,-0.024735322,0.254677117,-0.640574464,-0.044375834,0.023598152,-0.116064641,-0.348889913,0.097228084,0.277171879,-0.17093343,-0.181355974,0.104677051,0.261353448,-0.100313326,0.049553941,0.003186979,-0.257420415,-0.603321149,-0.354683912,-0.264566466,-0.511744783,-0.34642299,0.490449325,-0.29128078,-0.230373837,-0.071169936,0.176466137,0.304651906,-0.134679806,0.20769918,-0.343304415,0.216970346,0.136471986
TACC2,-0.689113145,1.629612867,-0.155519044,-0.12871746,-0.011855501,-0.813710792,-0.062882934,-0.541063874,0.400450637,1.277461504,-0.523862892,-0.122092541,-0.04986585,1.38552206,-0.159321943,0.132896267,-0.38658784,-0.433177171,-0.4957254,-0.378752533,-0.577216737,1.516576209,0.197216531,-0.103188865,1.657184229,-0.147851656,-0.792786383,0.118507149,-0.497283059,0.810279072,0.653368633,0.032180423,-0.5935035,1.005837594,-0.387714049,-0.54888407,-0.334260554,1.148458518,0.207676257,-0.885858402,-0.406237873,0.131225191,0.853489338,0.061093462,-0.399671735,-0.112363117,0.036559638,-0.89599799,1.516770492,-0.090142264,-1.37768379,-0.671605929,-0.240722834,0.262492946,0.871174957,-1.053415833,-0.26903537,1.973957447,0.033630439,-0.253251331
TRIM16,-0.23019913,0.626537487,-0.323350592,0.011087409,0.693061904,-0.754343687,-0.188757815,-0.093211197,0.476917066,-0.170883171,-0.319277986,-0.93880388,-0.364553598,0.025909105,-1.088499478,0.000179272,-0.836461848,-0.045255804,0.300944719,-0.185209994,-0.549345221,0.234566539,-0.209712899,0.49738003,0.078722979,-0.096234431,-0.847411378,0.386915698,0.070537468,0.127898652,0.323727639,-0.491126958,-0.229908457,0.702970429,0.846304646,0.056547522,-0.399210964,-0.101811012,-0.816700587,-0.483653508,-0.049241532,-0.905458179,-0.332532664,-0.320981945,0.0719367,-0.064615919,1.059078117,-0.381856442,0.095284936,0.312550175,-0.523956439,1.280041297,-0.496820592,0.962000616,-0.396915429,-0.443200093,-0.305856603,1.015739795,-0.08557518,0.737774721
FARS2,-0.069025065,0.953532447,0.897892458,-0.300084368,-0.64077308,0.13707876,-0.132530853,2.225658802,-0.081704856,-0.552033548,0.023028053,-0.010496557,0.400963444,0.010995315,-0.775073448,0.92448539,-0.178912066,0.832465287,-0.26035317,0.084871645,0.159200302,0.46465931,0.20628211,-0.118476809,-0.241413824,0.169755819,-0.663762399,0.387024167,-0.428685851,0.27147059,0.307654852,0.776968744,-0.311304944,-0.3746808,0.893884168,0.559557286,0.115402778,1.547124332,0.583898005,-0.468177186,0.019895478,-0.285921751,-0.262719774,-0.240656575,-0.397163493,-0.729455486,0.201247244,1.58964275,-0.843995563,-0.104039753,-0.327869137,-0.302988188,0.621639372,0.219306285,0.137370631,0.090633277,0.011195471,-0.902154664,-0.127172656,0.062727886
ZBTB7A,0.182312941,0.257880666,0.308615125,0.165078801,1.051772769,-0.3239142,0.554609336,0.248996029,-0.185669891,-0.192497436,-0.046262691,-0.415444749,0.341370227,-0.128910382,0.359768705,0.425204693,0.167329844,0.25509665,0.213317158,0.181641531,-0.058670672,-0.071686003,0.068006827,-0.070144999,0.395350348,-0.036924258,-0.2977525,0.825928047,1.096390052,0.443197,0.031095962,0.050381641,-0.447779542,-0.215247098,0.088783295,0.478885905,0.420394344,0.320751234,-0.972267298,0.001759562,-0.256556355,0.356223565,-0.227476782,0.336495144,0.042179334,0.404895042,0.715888612,-0.07751128,0.663631671,0.018930686,-0.421683838,0.024099637,0.20515489,0.147130562,-0.370788387,-0.261077226,0.119071501,-0.132353085,-0.645489687,-0.018023619
LYPLA2,0.109878634,0.363347006,0.87462727,0.236237095,-0.481480038,-0.133361541,-1.254549683,-0.895942323,0.118249592,-0.412605038,1.890550609,-1.421878976,0.64717943,0.160993306,0.703728231,0.146318857,0.427530668,0.339628603,-0.520322793,0.07648835,-0.446375465,0.123351682,0.650559481,-0.034213027,-0.398680117,0.087560908,-0.385036741,1.202557723,-0.649629524,-0.335470458,-0.09971713,0.406061597,-0.673161415,0.252870208,0.155826517,-0.638353957,-0.270040637,-0.065333235,-0.315836531,-0.620605237,0.15921561,0.175704803,-1.035997926,-0.201397587,-0.462953198,-0.874916411,-0.754345166,0.971923715,-1.019086733,0.043272768,-0.790617218,0.755633229,-0.113653338,0.171378969,0.164242562,1.151849474,-0.403405546,0.297128006,0.049667772,0.631354773
IPO7,0.169898811,-0.300042598,-0.110784004,0.696269664,0.420785232,-0.454150654,-0.363923536,-0.27604138,0.06711325,0.348874357,0.322206404,-0.374907446,-0.426126572,-0.112528929,-0.162935843,0.279037644,-0.063091776,0.009982185,0.291594355,-0.022439721,0.035761486,0.521825401,0.266820138,0.941957508,-0.096932745,0.057195396,-0.202434266,0.789055032,-0.210789185,-0.195479969,0.292073552,-0.665792538,0.031368048,0.409768991,0.195426196,0.573111328,-0.223435644,0.301835789,-0.185001558,-0.291923686,-0.116831994,-0.196577972,0.144471963,-0.208762385,-0.811378951,-0.312000408,-0.544337473,-0.18670728,0.321453949,-0.309964545,0.358307966,-0.102298061,-0.363068703,-0.099524757,0.732775495,-0.129062809,0.051972735,0.538913155,0.120590211,-0.141219764
ARIH2,0.524525362,0.069496167,-0.169563341,0.335291326,-0.885632755,-0.14305911,-0.118418509,0.419252299,-0.248619418,0.129533916,0.535059642,0.72652854,0.482854372,0.344620393,-0.155622425,-0.085767324,0.870248178,-0.281912797,0.478909462,0.112385144,0.091876433,-0.008828259,0.019480841,-0.013828668,0.354194911,-0.347996799,-0.709793018,1.040480563,-0.678280925,-0.01649893,0.024149164,-0.021168223,0.045385311,-0.507657159,-0.100860161,0.741602126,-0.014078442,0.175725066,0.094536007,0.139055103,-0.195231149,-0.421108445,0.285730006,-0.086046114,-0.751285821,-0.096360866,-0.54641069,-0.157534652,-0.507104975,0.192517169,0.932164326,-0.408491757,0.37684563,-0.032078578,0.644998177,-0.313361726,-0.066119983,0.136812863,0.236407546,0.846204248
TNFAIP8,0.327999681,-0.90413099,-0.161848326,-0.473036531,0.491479884,-0.095968788,-0.041984375,0.84480796,0.440443568,-0.350714868,-0.323322314,0.723468205,0.188715303,-0.25271274,0.025595902,-0.021159553,-0.152208136,-0.276155094,0.246002735,0.154188242,0.568733339,-0.73728138,-0.175428825,-0.243141993,0.317672358,0.56960135,0.639302053,-0.427305816,0.341294439,-0.157466705,-0.129968304,-0.014030282,-0.416043012,-0.790951992,0.461397285,0.348764795,0.258489184,-0.02460907,0.046557902,0.478103652,0.462001961,-0.198669166,0.630895619,0.04372155,0.480374131,0.308781532,0.371312089,-0.437766153,0.213147931,0.096538629,-0.53294367,-0.022673552,0.28239875,-0.416785317,-0.793107083,0.07387054,0.783247208,-1.005513584,-0.244232466,0.264215524
MAP3K6,0.159277651,-0.783179533,0.589091502,-0.129654917,0.334143315,0.240888192,0.38876213,-0.096974316,0.335227248,-0.483110868,0.987562692,-0.121055939,-0.04439863,-0.70071355,-0.306478087,-0.043812443,0.564787919,-0.243222725,-0.465927889,0.066899306,0.452883692,0.072965555,-0.028452628,0.668090056,-0.009695893,0.034985882,1.311894127,-0.104163293,1.039585226,-0.226607875,-0.021071853,-0.347629205,0.211848109,-0.436226736,-0.07673301,-0.18430825,0.321530553,0.061969391,-0.379162103,-0.06911494,-0.428771901,0.226595304,-0.028343986,0.396117553,-0.073643997,0.345039281,-0.317200419,-0.102136634,0.68060773,-0.002398721,0.0160726,-0.028673601,0.061311678,-0.335906404,-0.072372863,0.60041775,-0.149041752,-0.265272726,0.089070015,0.107805907
SLU7,-0.172989053,-0.228589608,0.13848021,-0.284950072,-0.193107348,0.744631127,0.393325724,0.1557981,0.131421206,0.373884429,0.184911362,0.179048171,-0.2839215,-0.335573563,-0.12984278,0.127811304,0.091176268,-0.213038081,0.030118055,-0.004744053,0.13738,-0.280316672,-0.147641965,-0.083118999,-0.440446442,-0.138848876,-0.086315257,0.061334158,-0.108577044,-0.130940684,-0.132481526,-0.369759418,0.479382789,-0.332179463,0.006867665,-0.042507217,0.264420276,-0.095795195,0.154395274,0.25423271,-0.081638785,-0.411106805,0.425789488,-0.031353152,0.076135365,-0.065714863,-0.071983901,0.003919366,0.217896745,0.002482701,0.297245335,0.013995859,0.445140786,-0.164064831,0.234201109,-0.042891044,-0.268160856,0.11353916,0.067156767,-0.490565348
PGM3,0.077911051,-0.843315054,-0.402392383,0.729303373,0.376580043,-0.558601393,-1.346462811,-1.075221839,1.027326764,1.341585952,1.374301476,-0.36751725,0.876672791,-0.901909583,-0.20360363,-0.957043402,-0.520851934,-0.248342995,0.329039342,-0.747117719,0.088118777,0.834503205,0.143873552,-0.178918644,-0.172759919,-0.559152375,-0.575764612,0.98756701,-0.670199322,0.01061322,-1.001617342,-0.275952062,0.184231564,-0.732246777,-0.518192879,-0.238240179,-0.01291236,0.237639895,-0.599156287,-0.231707289,-0.04813637,-0.526423336,0.012987303,-0.84237541,-0.705137963,0.150147746,-0.446302874,-0.743635971,0.071414275,0.309403017,-0.64591112,0.614239197,-0.688301327,-0.279140712,-0.121663126,0.329203734,-0.543293366,-0.382394114,0.17851134,0.089478951
MOCS3,-0.245388814,0.169882766,0.017459224,-0.230501544,-0.465873321,0.907907796,-0.385628145,0.598336717,-0.289159781,-0.026386373,0.176091004,0.075939621,0.219917412,0.423412154,-0.51350484,0.300065147,-0.008566849,-0.372461945,-0.01108079,-0.091337784,0.200982359,-0.131907191,0.492803512,0.615640172,0.293333571,-0.498384994,-0.069372355,0.91065279,0.450474178,-0.406116348,0.379420801,-0.133098199,-0.464212052,-0.000201147,0.11635659,0.51193403,0.67409916,0.402006685,0.010277574,0.546298565,0.000689701,0.455958355,0.230358918,-0.379858552,0.008414363,0.219937954,0.360438387,0.234970571,0.017921225,-0.092304721,0.12450581,1.604002601,-0.240685506,0.151723805,-0.064485282,0.418171522,0.054501112,0.080524694,-0.073632112,0.156906031
CD2BP2,-0.5818414,0.056520322,0.040397178,0.193264006,-0.385235968,0.52806786,0.583727106,-0.271643224,0.049846262,0.284421586,0.233851916,-0.52108486,-0.54773599,-0.21066313,0.077945028,-0.218832548,0.024445819,-0.064919912,0.279980127,0.485606392,0.082008444,-0.107218767,0.86172397,0.529691344,-0.482050001,0.049298163,0.181605403,-0.058745182,-0.426549703,-0.18250977,-0.00587597,0.671846354,0.184050551,-0.573364818,-0.378819974,-0.336935405,0.515190286,-0.532464729,-0.110870357,-0.371073133,-0.201427434,-0.177782822,0.504406958,-0.013695485,0.288815132,-0.08864704,-0.238902701,0.599160057,0.870882579,-0.159844992,0.194834702,0.318432536,-0.220566399,-0.094818641,0.53518993,0.574575313,0.276201553,0.1034159,-0.542853491,0.115186613
TNFRSF6B,0.182553071,1.089222049,-0.274706033,-0.306042307,0.409567435,-0.067323647,0.37197718,-0.008937681,0.083972131,0.132920703,-0.120269745,0.979197153,0.398098433,1.077229318,-0.005112199,-0.659369219,0.504634602,-0.078845938,0.087367081,0.47470567,0.290411806,0.097806623,-0.363320534,-0.093475963,1.494230257,-0.007141148,0.087769344,0.272544532,1.003033456,-0.252273896,0.882748741,0.341735832,0.019599597,-0.628089349,-0.155906901,-0.435622026,-0.239478059,-0.267432529,0.464222441,0.966679241,1.610971625,0.242641234,0.276742314,0.103144437,0.564042395,1.231418198,0.353571085,-0.380067838,0.037534134,0.397948295,-0.301282922,0.06259646,0.38415256,0.365610571,0.009761647,0.030240157,0.303891444,-0.284099266,0.348254412,0.733127708
SVIL,-0.052319939,-0.430076446,0.47010257,1.777027018,0.168924035,0.036621406,-0.328765215,-0.173996023,-0.201527941,-0.453605137,0.097913544,0.453293162,0.294752433,-0.020226191,-0.338207956,0.673569758,0.51150852,-0.531813497,-0.345676463,-0.108838183,-0.565082926,-0.242113028,0.04079958,0.5048367,0.948721399,0.157742999,0.372658138,0.381160938,-0.085785065,0.407341696,0.463619909,0.032799545,-1.003866522,-0.784607515,-0.374866118,0.115258503,-0.005882853,-0.046284697,-0.663843127,-0.327841271,0.093478225,-0.278740047,-0.327667376,-0.246029454,0.090406197,0.37329146,-0.164358376,-0.943795484,-0.808927618,0.03092526,-0.241020291,0.352658961,0.558355672,0.56181489,-0.349465902,0.045663441,-0.104799833,-0.507156693,0.267122439,-0.133096221
PIGN,0.537995092,0.866453589,0.549240039,0.375183519,-0.473467845,-0.123218527,0.75605813,-0.076715049,0.201148368,0.117721662,-0.169686087,0.116986669,-0.994259937,1.076054747,-1.092513033,0.267770108,-0.190134022,0.888056946,-1.068778145,0.064330921,0.186690267,0.142389862,0.317587778,0.943644677,-0.175995539,0.577875999,-0.061108293,0.522715641,0.137128974,0.27902101,0.197654191,-0.469348137,0.024499024,1.0422983,0.551366991,-0.593441819,0.475560246,0.748632422,0.05408392,0.723023087,-0.018213741,0.538899388,0.5497958,0.37085332,-0.170864392,-0.050273026,0.12016087,-0.288678795,0.634057387,0.040666754,-0.063694633,-0.585988155,-0.029619921,0.326180378,0.271305447,0.010058857,-0.368554302,0.697170086,0.743689105,0.440346076
PAPLN,0.106207214,-0.281098839,0.577457247,-0.262284816,-0.071893212,0.277608604,0.528024588,0.520248356,-0.14419687,-0.522200945,-0.002987869,0.234377834,0.464959863,0.234606058,0.255710755,0.044484075,0.433845662,0.041710571,0.009705707,0.406172612,1.029036798,-0.619030188,-0.328074898,-0.332571982,0.425158731,0.389806143,0.427550887,-0.539639569,0.067619824,0.149911564,0.635342996,1.056991695,-0.274545752,-0.478294096,-0.295220445,0.080800073,0.437616445,0.456554024,-0.912351924,0.605681158,0.39549521,0.483593756,-0.457974824,1.539989094,1.657290212,-0.249714857,-0.38603538,-1.784227726,-0.431385706,0.022392643,-0.129813686,0.358354505,0.42558775,0.03638655,-0.707472998,-0.091950353,1.251254477,-1.11077413,-1.207714026,0.628314098
BAG4,0.061599407,0.646362928,0.282175148,0.815373759,0.058963179,0.744476501,-0.209855317,-0.001813155,0.754620724,0.647556639,-0.04646138,-0.032142059,0.502912223,0.523500034,-0.050441821,0.037190318,0.710014588,-0.095730604,0.443372021,0.269642493,-0.207751298,0.459661249,0.077707158,0.148902568,-0.139518219,0.369021794,0.147027403,-0.045962269,0.194909281,-0.15150149,0.17023317,-0.148247722,-0.293618375,0.334580144,0.623046325,0.239413354,-0.342059143,0.202591426,0.114094646,-0.070975631,-0.035738156,-0.555385862,-0.281872804,0.016236563,-0.463071242,0.225089457,0.596774439,0.128727042,0.216680111,-0.210990744,0.613398105,0.020721234,-0.264346666,0.407746306,-0.018417354,0.145819214,0.067224912,0.606731483,-0.257710017,-0.778607098
AHSA1,0.096048824,-0.137748195,-0.137037622,1.113093099,0.036705778,0.134407017,-0.026466804,0.110956131,-0.306402655,0.131712117,0.638879168,-0.250346351,0.082602901,-0.013653458,-0.199874279,-0.381680379,0.031343558,-0.659593812,0.660059488,0.629773966,-0.250557512,0.677976205,0.451036829,-0.433234029,-0.041183737,-0.05490544,-0.036564843,0.849309461,0.11542675,-0.588026137,-0.287968704,-0.464032279,-0.337936303,-0.611752544,-0.114670963,0.348215341,0.145929225,0.030380366,-0.398826385,-0.420832351,-0.27946949,-0.796711285,0.09107967,0.139683432,-0.680693856,-0.121123792,-0.563074819,-0.072919262,0.178932618,-0.37625765,0.430531201,0.494287544,-0.593647013,-0.252295537,0.042276379,-0.338806637,-0.454765185,-0.283665985,-0.201829197,-0.268396325
SLC34A2,1.410047258,-1.848458823,0.997185108,-1.466288759,-1.030515372,-0.595151192,-0.361338022,0.981528011,-2.270827021,-2.269492499,-1.338796769,-0.654471098,-0.611930296,-1.451473013,-1.700143162,1.85638136,-0.358689701,-0.215899961,-2.34044777,-0.065875824,-0.963054695,-1.030701649,0.665273976,0.014204664,-1.432489283,0.573712422,0.829351464,-0.458734854,-0.446224739,0.750812263,2.780257141,1.454855121,1.264124198,0.016209298,1.844688003,-0.326126762,1.650644315,0.769132646,-0.51183921,0.734047994,1.348410785,2.359716006,-1.119456319,1.435818183,0.953451113,-1.119168517,-1.260015081,-0.491721717,1.43334233,-0.756603488,2.742925049,-0.781490723,1.661251485,-1.112167233,-1.10732261,-0.750261383,-0.412730887,-0.574588403,-0.021311906,-0.632206835
PARN,0.24144975,0.749104965,0.334059873,-0.001708458,-0.368436941,0.229557674,-0.020403154,-0.344803382,-0.083241484,-0.463508805,-0.157945647,-0.873262521,-0.619354809,0.296945939,0.164517911,-0.072085612,-0.789402425,-0.282080813,-0.348769859,0.315305733,0.221908082,-0.062763522,0.870734358,0.423744169,0.610979762,0.171241662,-0.172468609,1.244089175,-0.418973245,-0.107732052,-0.369253753,-0.049489935,0.043397071,1.327902528,0.60051155,-0.178940196,0.043471846,-0.147249212,0.538127132,-0.309898896,0.015750886,-0.638057135,0.439547196,-0.574748088,-0.501739063,0.125070089,-0.299175934,0.478140761,0.427478573,-0.111932887,0.411758372,0.451221833,-0.23077995,-0.128722574,-0.039135086,0.761184284,0.580985353,1.187083337,-0.448488085,-0.243982167
PSMG1,0.190717566,0.806600734,0.369667805,0.876166297,0.482933411,0.598631689,-1.350313698,-0.168593351,-0.162447036,-0.350227329,0.567122461,-0.329523996,0.043626531,-0.026241596,0.549260953,-0.927584174,-0.557819845,-0.158542387,0.864934511,0.056100279,0.174570163,0.220274237,-0.433242607,-0.271459547,-0.163779611,-0.27859033,-0.456422753,0.596201097,0.048720088,0.787220042,-0.390799173,-0.155736948,0.281743215,-0.176088771,0.021485815,0.225094005,-0.182027315,-0.312391758,0.005227166,0.113508698,-0.081521445,-0.12399703,0.704482775,-0.430517271,-0.249736492,-0.062565367,-0.039862989,0.686896316,0.436599379,-0.093286669,-0.216629939,0.824864733,-0.740006341,0.640551499,0.643493778,0.725517712,0.191046346,0.240734071,-0.286227485,0.096241575
FMNL1,0.465765537,-1.438255078,0.248166991,-1.146903163,0.12661547,-0.739089086,-0.224364127,0.577271196,0.792351129,-0.503970776,-0.769344648,0.19626268,-0.00273357,-1.09161271,-0.020553532,-0.568827437,-0.009957239,-0.921808928,-0.052432637,-0.360789349,0.611380996,-0.398156003,-0.63574682,-0.502380453,0.110729708,0.11595482,0.45590733,-0.311107534,-0.045851032,-0.040839271,-0.453928904,-0.436840447,-1.13205632,-1.044148331,0.091748404,0.316005419,-0.17169294,-0.16177728,0.011256265,0.595368256,0.321541445,0.401599312,0.69805096,0.97922448,0.179222171,0.072549955,-0.673765703,-0.76831013,0.124662218,-0.111083673,-0.354534307,-0.327176239,0.509887773,-0.22679773,-1.040401795,-0.158972987,0.947195323,-1.306458866,0.046383726,0.130873646
SGPL1,-0.36544307,0.219781638,-0.005113886,-0.526230993,-0.019728994,0.006754995,-0.579651581,-0.162123238,0.316421438,-0.516818327,0.253933325,-0.410626243,-0.212698735,-0.881587176,-0.097643017,-0.486323912,-0.004658709,-0.441420207,0.226116593,-0.07761502,-0.277784822,0.319427582,-1.403238263,-0.330690885,0.217430983,-0.977846302,-0.160357425,-0.520768292,0.283348291,0.459572162,0.072451304,-0.992107278,-0.016238129,-0.306322503,0.213577944,0.023277547,-0.360247435,-0.58613391,-0.522250429,-0.397715174,-0.699339343,-0.49807205,0.591820826,-0.402724275,-0.689781141,-0.45592481,-0.357075714,-1.082794361,0.263624721,-1.206742937,-0.36710492,-0.122559765,-0.357958813,-0.830377135,0.256563651,-0.213434427,0.234670204,1.085388744,-0.040417344,-0.766644206
ABCA1,0.87618701,0.341475061,-0.129483091,-0.667934978,0.136179124,-0.331109156,-0.046617563,0.620009857,-0.009937793,-0.437277353,-0.409983709,1.479140326,0.055287218,0.296812721,-0.106824938,0.192851254,0.402863978,-0.10338341,-0.026919815,0.334274711,0.177865587,-0.589047651,-0.255046357,-0.278325091,0.16962445,0.102754823,-0.156511931,-0.215081521,-0.000388601,-0.506944401,0.156748475,-0.055894456,-0.360829803,-0.4757584,0.281158754,0.638694235,-0.010287857,-0.437423382,0.348582708,0.409785542,0.366015524,0.125453286,-0.096418586,0.920455907,-0.255494566,-0.159550057,-0.026583687,-0.310176218,0.278114692,0.803120348,0.155923141,-0.991662872,-0.007003644,0.511172944,0.449470222,-0.039287231,0.166222736,-0.097895714,1.30236926,0.949199541
H6PD,0.114246444,0.310145044,0.458304711,-0.606882155,-0.181762393,0.764633516,-0.316333369,-0.03611617,0.128822912,-1.021352841,0.125532263,0.218208236,0.576760146,-0.646429076,-0.126667676,0.325412444,0.216752108,-1.018753283,-0.560515666,1.148169568,0.233876235,-0.578477546,0.167748348,0.314537443,0.555309997,0.331928817,0.355448789,-0.73570407,0.036982119,0.333924181,-0.875227637,-0.495248618,-0.546541358,-0.421660968,-0.529515982,0.047685935,1.300907742,-0.213252465,0.229324932,0.260668179,0.07305577,-0.634312887,-0.120589644,-0.337717823,0.058315635,-0.08897187,-0.64008882,-0.130342419,0.504405163,0.187187291,-0.4088914,-0.426615652,0.534299321,0.065770924,-0.734531009,-0.093039502,-0.245587954,0.498447807,-0.570123915,0.23023302
SEC24A,0.119015616,-0.366582625,-0.148709369,-0.809163658,0.435679709,-0.596295383,-0.118554799,-0.11948184,0.366620261,0.84211895,-0.415309426,0.697229518,0.657812216,-0.260818134,0.465316757,0.337189407,-0.247045465,-0.547541661,0.381337256,-0.267815965,0.884786577,-0.258056938,-0.406711059,0.027492092,-0.143566982,0.183589038,0.026880123,-0.248962287,-0.228197269,0.165028936,-0.357198693,-0.595598818,0.218484367,0.231275967,0.64005748,0.818201093,-0.394491686,0.566453742,0.617184413,0.446183762,-0.177633563,0.067384071,0.739836387,-0.046424054,-0.514177161,-0.420045322,0.040645304,0.582819616,-0.754239909,0.14829065,-0.223432659,-0.310139404,-0.421607439,-0.29515273,-0.193069828,-0.547452724,0.855386832,0.424162536,0.513373086,0.034892489
SEC24B,0.206251748,0.051897959,0.312636072,-0.036418364,0.007831469,-0.014470552,0.071803066,-0.11948184,0.173516654,0.143650245,-0.187766509,0.378989366,-0.044212256,0.26598609,0.014454994,0.132535132,0.022555468,0.323568321,-0.105086176,0.055455101,0.174774757,0.281706732,0.455656558,0.34410996,0.057065685,0.105136321,-0.063309909,0.317774624,0.122777053,-0.164236978,0.338114116,0.296609793,0.52687789,0.419851225,0.367317401,0.209962876,0.04748562,0.409645176,0.246263096,-0.002726383,0.061882872,0.081184939,-0.383649518,-0.071740919,0.06722289,0.085099362,0.217105911,0.375321371,0.021341282,0.056381644,0.458122117,-0.082395796,0.250028269,0.044479275,0.264913456,-0.153237795,0.469810679,0.279682526,0.480140534,-0.15099032
ADGRL2,0.531755956,0.612288563,-0.301608977,0.538562377,0.487977254,0.023858741,0.747214596,0.222651009,-0.136778275,-0.5366843,1.142353516,0.901283605,-1.444362638,1.363054484,-1.412084818,0.314474054,1.026483503,0.186482858,-1.710505928,-0.278507305,0.764304275,-0.223512452,0.021654708,0.406399026,0.309787441,-0.270766866,0.65744035,-0.336486607,0.073950177,0.442814893,0.505678522,-0.205239603,0.349033989,0.429490817,-0.232827391,-1.296841565,0.44968555,-0.107297058,0.113869622,-0.555587878,0.191932897,-0.255143391,-0.366710268,-0.357865552,0.301409343,-0.087900217,0.572018628,-0.450959743,-0.607665748,0.504167719,-0.376151482,-0.277130645,0.828130182,0.0906473,0.06251226,0.22102545,0.145505643,-1.171578107,-0.812907897,0.60967009
VNN2,-0.046702803,-1.045832532,-0.356848396,-0.668304097,2.371443852,-1.585583785,-1.511900854,0.809945813,2.346336409,0.205969525,-2.079213355,-0.350743589,-0.25189875,-0.844045977,0.044169657,-1.423044512,0.46476466,0.347845706,1.13281158,-1.153340739,-0.668417118,-1.061021755,-0.973676513,-1.138534753,0.162185607,-1.049961746,0.21936462,2.209129463,1.231937195,-0.214429917,-0.890303519,-1.682043771,0.423528047,-0.676840855,-0.969565414,1.776271165,-0.417757439,-1.244623121,0.09647756,-0.52421755,-0.416766806,-0.652450139,0.443538976,-0.046103508,-0.590890422,-0.744243352,-0.415203963,-1.151529673,2.651506416,-0.257615006,-2.248227568,-0.555049412,-1.198139928,-0.468311109,0.570298819,-1.069649923,0.244815089,-1.447881716,0.238740769,-0.262908675
CBX6,0.222749267,0.115408284,0.218753728,0.251042885,-0.884673171,0.622334917,-0.293403508,0.007388254,-0.211384692,-0.032921604,0.533392939,0.039070706,-0.041158409,-0.084130826,0.139461552,-0.102913862,0.07987181,0.151451136,0.148096149,0.061725601,0.316245658,0.075976678,0.111569589,0.14174284,0.121756369,-0.02327089,-0.008707841,0.233000349,-0.209907741,-0.159561293,0.023923721,0.112502094,-0.113799173,-0.070907651,0.205497795,0.111892206,-0.001697652,0.001499472,-0.160069112,-0.011164335,0.069855753,0.46167385,-0.366219345,0.102346747,0.020449447,0.118167228,0.06649429,0.109863708,0.088995528,0.160938971,-0.044667472,0.071785323,-0.852051822,0.119984034,0.036870916,0.331576314,0.205269893,0.159581631,-0.069044187,0.19308373
NADK,-0.132112891,-0.062778961,0.394520224,-0.393982931,0.086509823,-0.586977899,-1.129754457,0.035755119,1.136514991,0.027989959,0.105739743,0.186252038,0.79065129,-0.18962825,0.12403084,-0.282209709,0.01209979,-0.732063711,-0.025969713,0.480075109,0.429207305,0.207258884,-0.496246437,-0.501143373,0.025789189,-0.438121022,0.054074824,-0.153944882,-0.159271386,-0.331892066,-0.231723109,-0.540323579,-0.541064465,-0.431395579,-0.205040425,0.359207058,-0.231373861,-0.337145329,0.343985305,-0.361249304,0.053418712,-0.602765296,1.199029797,0.395722137,-0.410082929,-0.421541365,0.692022143,-0.457015415,0.291947676,0.108806878,-0.233116138,0.022454015,-0.654108042,0.051027292,-0.220729731,0.080765757,-0.110951645,0.705114805,0.41364529,0.235119227
TDP2,0.315196565,0.949631426,0.02426308,0.564373234,-0.168753779,0.341255175,-0.563191436,-0.544263708,1.217398937,0.561546727,1.308866995,-1.853008344,-0.220448714,-0.670133816,0.362834409,-0.15715204,0.259781293,1.063534057,0.212028917,-1.787888708,-0.419783249,0.073101803,-0.714458342,-1.280005148,0.151475334,-0.809608307,-0.385492016,-0.276425408,-0.32189388,-0.189052298,-0.456079392,0.329854872,-0.410844442,0.349900445,-0.527329993,-0.075661878,-0.310027131,0.034288613,-0.008335744,-0.374973684,0.042093482,-0.371970475,-0.123191003,-0.071818507,-0.07367487,0.049061881,-0.120155709,-0.330051432,-0.112449919,-0.870170646,-0.172823819,0.719459847,-0.38931842,0.526698346,-0.223035165,0.574637245,-0.525826381,0.595746675,-0.648848283,0.756773809
SFT2D2,1.121544024,0.084608673,1.575037245,-1.112383799,0.788085188,-0.093812481,-1.127400633,-0.142371979,0.633684188,-1.125808449,-0.140633652,-0.347120051,0.281900421,-0.103342552,-1.02609511,-0.295242333,-0.001122243,-0.177611203,-0.195302999,-0.544036759,-0.140895581,0.097785375,0.174933724,0.597038737,-0.303058373,-0.657639671,-0.635399119,-0.417607585,-0.131145129,0.211141415,0.396931036,-0.181704051,-0.648267481,-0.055304707,0.253500886,-0.906353452,-0.082692426,-0.189120039,0.022301005,-0.009614822,0.021555426,-0.23450487,0.237339555,-0.386381405,-0.265456791,-0.647930657,0.137315215,0.654702117,0.898660358,-0.744546261,0.259873444,-0.964203082,-0.163491038,0.059106796,0.571834759,-0.056589145,0.483139521,-0.12946891,-0.632860375,0.018913978
MPC2,-0.654431845,-0.020218683,2.31316105,0.087419939,-0.134727657,-0.691320209,0.561965942,1.213420868,-1.014691122,-1.054873126,-1.573299481,-0.566669119,0.137093734,-0.491660758,-0.248902589,-0.138299241,-0.986805077,1.18724046,-1.110538616,-0.074820395,-0.40295249,0.840370529,1.232996642,0.443803087,-0.558437527,0.096428456,-0.040991963,0.638567948,-0.008016921,2.223565092,2.59822874,1.803698479,0.318549291,-0.863659719,1.520056694,-0.531895653,0.652383953,2.815923963,0.340970649,0.276133994,-0.32390417,0.87492199,-1.247219617,-1.312887267,-0.631817337,-0.190532507,-0.025274092,-0.492464492,-0.510723871,-0.439528668,1.581440617,-0.27205648,1.444406178,-0.893905639,-0.220073663,0.406368505,0.352196775,-0.690715786,0.151262965,-0.741707019
ETHE1,0.377958347,-0.450444272,-0.642987068,0.131285908,-0.149219085,0.093926081,-0.995623463,-0.279481809,0.679614124,-0.004915672,2.363429519,-0.84590568,0.056460349,-0.538253551,-0.092453157,-0.190881448,-0.594557287,1.23655454,-0.061141875,-0.997266661,-0.852642148,-0.655876023,-1.040737076,-0.540960486,-0.167953623,-0.719116399,0.235946878,-0.250515775,0.471095312,-0.986586034,-0.214450673,0.35042944,-0.006987054,-1.043074049,-1.174651999,0.655190002,-0.621937929,-0.617710431,-0.13672605,-1.058465698,0.074549311,-0.402252428,-1.179743665,-0.578338359,-0.303971105,0.02058431,1.384239871,-0.901063705,0.041577433,-0.09036579,-1.610067078,-0.699449895,-0.771672002,-0.129400895,-0.900976195,0.130901975,-0.419190141,0.045453416,-0.595630076,-0.242682317
ACSL3,-0.223290463,0.297781301,-0.039714303,-0.526211257,0.847434698,-0.837342895,-0.258890525,0.176515162,-0.13312112,0.449895865,-0.221050388,-0.066309169,-0.006967406,0.403862251,-0.389397852,-0.254926766,-0.172588891,-0.405744171,-0.117202162,-0.265568283,-0.885976836,-0.020717283,-0.773825819,-0.953490331,0.186033584,-0.907429754,0.116050201,0.66557741,0.371287806,0.074550132,-0.147745586,-0.533142129,0.448018006,1.461254703,0.162462448,1.10671228,-0.120473161,-0.589214318,0.369991774,0.039410583,-0.200783063,0.081597429,0.388494175,-0.614122285,-0.677041572,-0.366528455,-0.19644874,-0.573022685,1.216482428,-0.405121838,-0.435987231,-0.848260577,-0.403379736,-0.269326788,0.803582278,-0.423226218,0.026751534,0.520766679,-0.007090371,-0.13774111
POLR1A,0.936578187,-0.545841279,-0.346331873,0.502066488,0.067573663,0.151912177,0.379781086,-0.107291827,0.072712088,-0.334850683,-0.197266798,-0.289045412,-0.070097908,0.398424436,0.355554822,-0.051916374,0.440826581,-0.164612992,0.618493349,0.189901098,0.214706785,0.28130512,0.10028945,0.599726611,0.215327365,-0.148234099,-0.195356382,0.288620057,-0.670448203,-0.673509547,-0.133192331,0.084723482,-0.517382484,0.054272564,0.28656722,0.255744996,0.148184076,0.420290345,-0.317250077,-0.325014805,0.39494537,-0.465696905,0.032505989,-0.519993235,-0.203868161,-0.380833158,-0.243750806,0.11848369,0.544411317,-0.219244589,1.036614789,0.024790879,-0.345473807,0.107716444,0.658113931,-0.645993435,0.346752073,-0.257299359,-0.078326851,-0.059331513
PCNT,0.075058484,-0.043153913,0.442821281,0.07084977,-0.108343322,0.442584,0.08027927,0.40778214,0.068786449,0.026343415,0.460915962,0.493680288,-0.129125978,0.391561076,0.357869076,0.375712189,0.013391016,0.026404933,0.065105332,0.67110955,0.325203925,-0.443009894,0.709387964,-0.036902537,-0.16632707,0.217718865,0.255425801,-0.072691374,0.285837275,0.048177226,0.384296656,0.291731603,0.177384562,-0.022043761,-0.031973685,-0.079309207,0.181927362,0.083341384,-0.198713597,0.30080777,0.092321343,0.245593704,0.406149716,0.353848762,0.254827767,0.107183862,-0.007022924,0.413173361,-0.113886106,0.131660166,0.259209291,0.221218877,0.142376447,-0.038893235,0.226111071,0.366733289,0.284000494,-0.290372198,0.034877061,0.101792816
YEATS4,-0.842047215,0.082769472,0.150527619,0.779230435,-0.051793926,0.984950807,0.204499966,0.427926031,-0.295905162,0.31308904,0.978536813,0.198921067,-0.443572519,0.455545987,0.437103151,0.12887325,-0.342463309,0.207308191,-0.147372202,0.195371502,-0.344098109,-0.471757192,0.479303681,0.422066109,0.172462225,-0.476661204,0.625916432,-0.574200616,-0.048658999,0.113761995,-0.341876117,-0.169730177,0.059689676,0.076492185,-0.24686307,0.530554717,0.281252174,-0.290618946,-0.449953784,-0.103229783,-0.315527473,-0.147865775,0.223954075,-0.405069826,0.194323684,-0.416318446,-0.313598123,0.055970784,0.213646439,-1.072628199,0.191350324,0.045141511,-0.00353739,-1.036294277,0.643677675,0.663549129,-0.169258433,0.787505056,0.170417187,-0.184156774
ZBTB11,-0.069670195,-0.130549434,-0.4852094,-0.300047123,0.187540593,0.130588528,0.381589999,0.191847652,-0.195090102,0.439604218,-0.005160527,0.566909044,-0.155725811,0.539718039,-0.359569002,0.398596437,0.014579427,-0.125514404,0.054952016,0.461548072,0.574370061,0.125005324,0.163875634,0.703529239,0.172855166,0.293767565,-0.416693861,-0.49011695,-0.360623644,-0.048868691,0.047297995,-0.333478016,-0.381823568,0.008261666,-0.256956774,0.075316872,0.669844391,0.042736689,-0.00354132,0.045111989,0.055386722,-0.004451971,0.159976924,0.045037134,0.04000564,-0.041349009,-0.118896368,0.045601103,0.186735179,0.179693474,0.553176367,0.377407873,-0.216280442,0.48831484,0.070090298,-0.370866684,0.357298189,0.257859254,0.166547118,0.295915025
CNOT4,-0.147311758,-0.068659895,-0.402921337,0.176768672,-0.408006414,0.175696449,-0.047767304,-0.356282163,-0.109525982,0.585443788,-0.053658794,-0.359165086,0.062100285,-0.317753685,0.354085059,0.035473649,0.74994108,-0.133547453,0.281140812,-1.045497234,0.016942191,0.252780784,0.164169598,1.285920597,-0.150895268,0.12600888,0.319338863,-0.101032181,0.026152293,-0.323725005,-0.18044352,0.204273554,0.047658607,0.360944832,0.145217124,0.779795777,0.175439424,-0.403123071,-0.009196054,-0.111121617,0.954069189,-0.077867058,0.257777779,-0.429873904,0.129597881,0.380882753,-0.316484992,0.322195068,0.315768417,-0.390507398,-0.212575833,-0.087353072,-0.3526759,-0.199951048,0.836120357,-0.337821978,-0.283363265,0.549337133,-0.359302188,0.24571067
STAMBP,0.275234021,0.29469186,-0.839826064,0.312731987,-0.001174038,-0.032790587,-0.741515964,-0.20320803,0.587179601,-0.359353685,0.25121904,-0.865813428,0.044073152,-0.071460377,-0.005480941,-0.315128341,0.251023118,0.13284832,0.087322171,-0.132051862,-0.3890982,0.281732849,0.373058418,-0.445145343,0.10360688,-0.720421853,-0.22825156,-0.100893935,0.106355801,-0.265068356,-0.351191084,0.112813181,0.406656297,0.629976783,-0.275272659,-0.26772836,-0.51090987,-0.844252544,-0.126767735,-0.510924371,0.053399945,-0.417432816,0.670669766,-0.373602821,-0.012625068,-0.057739256,0.218885068,-0.469084408,0.557839245,-0.696271851,0.595142504,0.212075696,-0.857116814,-0.092389992,-0.354115456,-0.007234789,-0.448177922,0.61222393,-0.806778742,0.154027762
CPSF4,-0.603595623,-0.140978383,-0.313327234,0.705730693,0.038178475,0.175669605,0.185587636,-0.118025842,0.00385279,0.243620549,0.349346622,0.472322151,0.074582817,-0.243712061,-0.18876801,-0.43070836,-0.058726589,0.237797115,-0.0218192,-0.085403217,0.363170935,-0.006932075,-0.260369423,-0.030346617,0.152343063,-0.080806048,-0.022534221,0.42551074,-0.299792213,0.075819385,0.308322535,-0.244527303,0.109703561,-0.537637047,-0.414921073,0.597606183,-0.094696271,-0.052978904,0.024438557,0.440849346,-0.372865742,-0.090704145,0.072330707,-0.390509178,0.085000228,-0.028917341,0.59209644,0.259794299,0.566264922,-0.006556324,0.528203074,0.380854179,0.45566834,0.540119212,0.337842947,0.089190498,0.282924294,-0.619679646,-0.002746523,-0.141382787
ASMTL,1.133505264,-0.278527239,2.014999842,0.628638085,-0.47474317,-0.045441603,0.914788668,0.470766107,-0.27759332,-0.496157368,-0.210527285,0.331867127,-0.17267344,0.453923279,-0.34650085,0.360610951,-0.373669929,-0.134773172,-0.457036978,0.955870937,0.304658034,0.006654622,1.103809043,-0.389074908,0.140896542,0.523119682,-0.096843212,-0.473791621,-0.141890703,1.585396654,0.663753662,0.044897221,0.662124856,-0.534163308,0.550654395,-0.04220431,0.073560966,0.798782117,-0.374269714,-0.425762574,-0.040941625,0.082193237,-0.52839228,-0.673229365,-0.041719796,0.83672533,-0.823692818,-0.427904754,-0.029738215,0.362582171,0.445418598,0.388335753,0.170390652,-0.367906265,-0.311181773,-0.318326798,-0.02223641,-1.18580929,0.339821841,-0.025999932
CDS2,0.180343001,1.297421507,0.461242163,-0.518335363,-0.22351943,0.220739468,0.077668774,-0.109926525,-0.092518871,-0.251835846,-0.160738025,0.489281461,-0.106104532,0.223210123,-0.166786667,-0.050533314,0.533831803,0.051696135,-0.448342821,0.197443318,0.178552313,-0.423766744,0.028555946,0.119892687,-0.165843856,-0.237811779,0.104910472,-0.531475954,-0.031742737,0.287806213,0.031440681,0.61729142,-0.393542452,0.070213924,-0.177804943,0.403109339,0.532747796,-0.056431896,-0.100918603,-0.122272275,0.310203766,0.159976379,-0.028584904,0.185459696,-0.32726985,-0.000959454,-0.042176832,-0.007438559,-0.150409746,0.402495216,-0.076093165,-0.13501523,0.018630049,0.271424169,0.182316723,-0.483314707,0.617784714,0.009939584,0.296637333,0.428369549
KRT75,-2.754071521,-0.919189862,0.00462935,-0.918531027,-1.700725143,-1.389330549,0.313538854,-0.473448127,1.095157408,-0.384006796,4.422759107,-0.317690486,6.006221592,6.506392817,0.152314963,-2.112218525,-0.249250894,0.805447068,-0.993164069,-1.02802649,0.035253705,-0.47702225,0.097989035,-1.863173975,-0.649731432,0.607196543,0.015785628,-0.732553529,-0.886256958,-1.895890749,-0.526580987,0.732210661,-1.359289196,-0.309446154,0.02833882,-0.64581925,0.649920029,-2.269195654,-0.432952064,0.089532351,0.352995832,1.53762855,-0.380615953,-0.155835297,0.501332049,-0.330662536,-0.126903533,-0.103468288,-1.155588249,0.616465627,-0.921894242,0.115296685,-1.215127098,1.359520713,-0.890717056,-0.505440098,0.460584983,-0.727073709,-1.347055931,-0.199388483
FGFR1OP,-0.094328449,-0.166106769,0.071740455,1.018919166,-0.310437326,-0.542814185,-0.400190714,0.566772246,0.105689533,0.519800596,0.604758298,-0.719783891,0.688918177,-1.003738534,-0.127134547,-0.131399935,0.383633139,-0.568139322,0.368614367,0.065157757,0.057086799,0.550667039,0.087788178,0.177585034,0.228875676,0.09268669,-0.343841739,0.692166459,-0.061837655,0.253241845,-0.280391694,-0.790312585,-0.216435896,0.214029233,0.161269998,0.933524112,0.282652993,-0.250184211,-0.550386862,0.321714503,0.147133439,-0.761333309,0.364492726,-0.563187657,-0.190326809,-0.305640753,-0.544579535,-0.006764722,0.796073902,-0.134663533,0.102407675,0.281210047,-0.8645728,0.28741517,0.772479081,0.675661282,-0.394104525,-0.101897761,0.024742725,0.225852669
PPP1R3D,-0.050174172,0.08946911,0.169201517,0.360220089,0.402218907,0.257445808,-0.812795626,-0.787184534,0.677358862,-0.686288331,0.512866314,-0.076933564,0.468060055,0.293687789,0.121639721,0.474206333,-0.624936173,-0.070860804,0.336208712,-0.64697022,-0.215102799,0.111997461,0.018240835,-0.290887148,-0.62075614,-0.091758623,0.140321912,0.643982108,0.733454344,-0.282691967,-0.281006754,-0.239791809,0.018126037,-0.333483849,-0.109061951,-0.508793722,1.047859085,0.107486058,0.012195941,-0.025104214,0.229410633,-0.396311768,0.974459695,0.515301489,-0.101588039,-0.136365335,0.060221185,0.107602067,0.274326281,-0.206632794,0.017010912,0.294013884,-0.271829062,-0.128253014,1.084067743,-0.044915252,0.03818852,0.117240376,-0.398839128,0.388436355
BRD1,-0.026494569,0.201361261,-0.100136684,0.714235065,0.124381336,1.086501077,0.772409191,0.606456759,-0.327875234,0.16157596,0.151622354,0.221748767,-0.682136117,0.749366016,0.066464297,0.384696529,-0.158970587,-0.282565538,-0.456672697,0.849480786,0.073555191,-0.604508451,0.391835893,0.343199637,0.2919867,0.197168403,0.365055714,0.509424859,0.176087142,-0.128131811,-0.292053229,0.150861537,1.114350797,-0.033759233,0.041234009,0.155763796,0.674366626,0.394981192,-0.26769813,0.337507636,-0.499216124,0.644571745,-0.207527987,0.168456149,0.350722889,0.41040741,-0.073335063,0.210582529,0.25030471,0.199757667,0.629408987,-0.056773991,0.556103754,0.017305235,0.568370983,-0.132854278,0.287580048,0.023525032,-0.304621325,0.102395477
HERC2,0.170659009,-0.107783662,0.028023425,0.178732545,0.497266039,-0.196794168,0.070202161,0.033855559,0.201026932,0.400093949,0.124579921,-0.175569509,0.228481181,0.210621496,-0.159166002,0.286852732,0.368837586,0.032295577,0.087139009,0.1618009,0.303157493,-0.432760517,0.1188452,0.344916045,0.21029955,-0.035055277,-0.345142622,0.647333209,0.081565074,-0.264097744,-0.161865486,0.107999007,0.007073125,0.0676964,-0.105301948,0.018499372,-0.045179028,0.341317984,0.060035079,0.061976548,0.317465283,-0.012689778,0.105840813,-0.101654132,0.385075184,-0.212839098,-0.07520202,-0.069029311,0.479397571,-0.050581707,0.308185397,-0.131726912,-0.266315191,0.117213714,0.284735267,0.039074373,0.464126638,-0.236285267,-0.044628935,0.209759531
RAB3D,-0.469610726,-1.021774825,-0.608138328,-0.755595234,2.107514729,-0.171561647,0.088772851,0.114607149,0.160964712,0.775264905,-0.51529009,-0.748124755,-1.719680357,-0.610567256,0.212057126,-0.454455246,-0.394078398,-0.701128744,-0.242343726,-0.815809061,-0.814593345,-0.761059343,-0.561966127,-0.238575083,0.282616675,-0.938210829,-0.504783595,0.259871226,0.264137093,-0.485783045,-0.258797049,-0.215668093,4.109624909,1.346482858,-0.140680383,0.232590327,-0.451511491,-0.159692007,0.091566411,-1.811702037,-0.52423806,1.042406654,-0.727107143,-0.911912768,0.051786766,3.071875897,3.495825346,-0.364914632,1.56121815,-0.519986316,-0.942436403,-1.09324245,-0.855908148,-0.607510549,-0.105086796,-0.585171261,-0.5248325,-0.672981082,-1.107303292,-0.954650574
SNAP29,-0.170876609,0.10784398,-0.106185965,0.125580374,-0.504068988,0.018863326,-0.036794516,-0.233068,0.06093073,-0.053546524,-0.219034066,0.094371238,-0.043375126,-0.774111868,-0.52666002,-0.178140138,-0.748425034,-0.591563484,-0.17630371,0.158587794,-0.100713264,-0.177819778,0.181048565,-0.363148354,-0.27435069,0.052173791,-0.15430012,0.640365431,-0.029464726,-0.162773444,-0.804666157,-0.029807421,-0.162417838,-0.309422663,0.254593879,-0.335583248,0.073143105,-0.128726542,-0.648056078,0.001639773,0.66200529,-0.282793337,-0.074139877,0.855985433,0.264772395,0.020562697,0.095122873,0.116897426,0.14887604,0.206225646,0.295870829,0.111374131,-0.263895682,0.010834816,-0.500881304,-0.22958579,-0.105046776,-0.084253947,2.403666185,-0.257123987
OXSR1,0.149154754,0.222476236,0.066181918,-0.121933459,-0.006873144,0.532640627,-0.085188613,-0.021987405,-0.142393958,-0.289339919,0.475741254,0.08659755,-0.059673428,-0.04608903,-0.418517025,-0.078526431,-0.160014385,-0.132373444,-0.297640649,-0.002865002,-0.184822182,-0.215430837,0.341883139,-0.286374395,-0.296349188,0.004622161,-0.204575872,-0.298834194,0.43052462,-0.224568399,0.446695094,0.109302511,-0.111128283,-0.256097868,0.143797952,0.265142658,0.192093002,-0.270500257,0.525186673,-0.314356797,-0.224581981,0.295028837,-0.216214656,0.18187075,0.250478543,-0.367134135,0.73231833,-0.413516971,-0.300412283,-0.138366919,0.598199384,-0.030841691,0.176089326,-0.140168878,0.448439042,-0.107671119,0.080554297,0.167724154,-0.072202879,-0.1826368
GGPS1,-0.251585921,1.504737369,-0.625346801,-0.120773383,-0.603974826,0.211553926,-0.746187797,-0.798394013,-0.248873596,0.493198155,1.161235954,-1.737371521,0.716309541,-0.70133804,1.059548997,0.008515469,-0.573167403,0.46336468,-0.174851818,-0.468865789,-0.417127658,-0.426597659,0.622400104,0.091055881,-0.23693102,0.283544627,1.216017255,0.329620499,-0.404529418,-0.450430438,-1.402170484,0.76163069,-0.188587197,0.767122825,0.831792982,0.556106684,-0.492331477,-0.043295604,-0.536727299,-1.240983047,1.395661532,-0.987530631,-0.485063038,0.001739194,-0.792575877,-0.687697121,-0.442822864,1.027501035,0.973390848,-0.55579141,-0.652942644,0.079866731,-0.688634934,0.741439376,1.430884628,0.061351808,-0.534167793,0.893298725,-0.891157286,0.407392429
HSPA4L,-1.328249188,0.066889506,-1.080065153,2.463559512,-0.501029938,-0.828314271,-0.638971942,-0.856117248,0.295815101,0.571447459,2.767549673,-0.959598479,-0.384231088,-0.276436275,-0.960888667,-1.01788337,-1.005122106,0.240608565,1.327767363,-1.289266549,-0.499640435,0.96136986,-0.268697277,-1.047873411,0.262747564,-0.517791056,-0.182671334,0.770707539,-0.478473862,-0.448342242,-0.858834075,-0.568191278,-0.594428416,-1.212993301,-0.505050828,0.791965596,-0.529571725,0.370383734,-0.259567184,-1.737669121,-0.609001725,-1.585913888,-0.125155525,-0.916350569,-0.795807794,-0.330491319,-0.631026967,-0.91743241,-0.626516263,0.305252464,-1.154248613,0.894027818,-1.21037904,0.146175217,2.215903537,-0.158741613,-0.310032824,-1.005417306,-0.406113459,-0.271780516
PTBP3,0.158668839,-0.151056757,0.279856306,-0.502466958,0.650762386,-0.078851001,0.685865586,-0.187265714,0.303515951,-0.067368688,-0.198647439,-0.284611398,-0.157820638,0.004482513,0.306919316,0.050378587,0.327034084,0.303177313,-0.036296125,0.295605324,0.015554395,-0.12923637,-0.169509379,-0.244676371,0.603057441,-0.570793691,0.111786821,-0.325486796,0.123986972,0.063625882,-0.170947996,-0.295128627,-0.136769353,-0.07827495,-0.099313158,-0.07342577,0.01124817,0.13912787,-0.484774828,-0.34479709,0.014198639,-0.135305784,0.234621633,0.346109635,-0.137249388,-0.475631044,0.099351754,0.05422436,0.277227936,0.466425328,0.454858812,0.063028461,0.185623984,0.676134505,0.613674508,0.676404113,0.192761333,-0.122197949,-0.024588943,-0.264336588
TBC1D8,-0.385003899,-0.283191019,1.086065006,0.026856383,0.282018866,0.08014813,1.062473995,0.692060398,0.988308285,0.853014564,-0.006783946,0.301101155,-0.662715677,-0.40168527,-0.247193363,0.263525804,0.344167079,0.137053231,-0.52718194,0.646138054,0.427796354,-0.372873694,0.405527771,0.213723279,0.091666118,-0.010733841,1.016127365,1.714531628,0.498064989,-0.539071873,-0.139039199,-0.058522633,0.854917771,-1.17190406,-0.431754663,0.993935545,0.012302015,-0.194940704,0.213365637,0.488868537,-0.291712902,0.220735254,-0.797008404,0.210412802,-0.33191298,0.282566312,0.387837184,-0.354240353,-0.145530334,-0.177254263,1.575201747,-1.147184182,0.138094107,-0.356232894,0.361863493,0.212142938,-0.658892481,-0.038175421,0.006340578,0.208469412
STARD3NL,0.018126613,0.699039054,0.978984818,-0.868730894,-0.462734624,-0.479391115,-0.047687829,-0.11144919,-0.520902862,-0.673299964,-0.532857368,0.61594603,-0.388069842,0.08113873,-0.311032647,0.105094891,-0.335489536,-0.357215045,-0.700523962,0.296253748,0.400359485,-0.416737238,0.963002462,1.444539919,-0.192669744,-0.188837165,-0.103836404,-0.187602405,-0.452114932,-0.078578881,1.989924977,0.500022344,-0.499193054,-0.625052957,-0.080423961,-0.45437091,1.619619948,0.711947887,-0.516482821,0.508247383,0.295699568,0.653310078,-0.402882581,0.022138359,-0.176416483,-0.521948878,-0.331808248,-0.350048135,-0.055370206,0.423000727,0.040695835,0.423986684,0.318326495,-0.258593829,0.137712422,-0.190044965,0.199467181,-0.402268102,-0.289064992,-0.209235807
LSM8,0.327594097,0.847130327,-0.627987428,0.169369999,-0.066498882,0.512918573,0.07731155,0.246347215,-0.091395782,0.354909383,1.217110029,-0.692754956,0.070676386,0.271200345,0.668013995,0.001127447,0.19500455,0.074381959,0.727365363,-0.387930297,-0.068173632,-0.573869944,-0.346545745,-0.355484164,-0.16792661,-0.147158904,0.188353812,0.392335972,-0.172636223,-0.247509971,-0.169237633,-0.145919861,-0.007174141,-0.20628144,-0.273315984,-0.173391988,-0.22700667,-0.069384789,-0.182702738,-0.059568909,0.125345942,0.340883765,-0.097013439,-0.514665198,0.36359407,0.137400334,0.126175963,-0.010067083,0.254584788,0.014044581,-0.076266398,0.924840492,-0.299705211,0.119794993,0.070970344,0.250276859,-0.351131182,0.262692612,-0.652312995,0.421875446
AP2A1,-0.059623858,-0.375396643,0.601314573,0.018684522,-0.262072833,0.000572325,-0.09191455,0.36275986,-0.109859643,0.045516388,-0.087313356,0.824063124,0.461691442,-0.615163763,-0.027830051,-0.175204482,0.288419244,-0.1659695,0.178167199,-0.140469354,0.098129281,-0.391214313,-0.278701265,-0.572121033,0.152234177,0.187661807,-0.040678527,-0.682798514,0.475907587,-0.093425354,0.158378916,-0.000445632,-0.273214793,-0.270385991,-0.301539753,-0.331678429,0.127677814,-0.441153203,0.098941765,0.310643687,0.156539871,-0.064276502,0.12570107,0.172405823,-0.233303151,0.192164667,0.282131775,-0.203163691,0.381018398,0.02015411,0.238287344,-0.740083208,0.289990878,0.096934161,-0.473445352,-0.251655889,0.195831641,-0.295467369,0.154670859,0.109698028
WIZ,0.086596542,-0.088626229,-0.179326938,0.884163315,-0.310105763,0.956283348,0.269771146,-0.1725622,-0.00602332,0.579201605,0.15275031,0.212562936,-0.48246242,-0.176103869,0.003151072,0.228855824,-0.160203921,-0.10949216,-0.211750308,-0.36281493,0.432342218,0.125847445,0.008632153,0.284721981,0.721258514,-0.389852371,-0.102711343,-0.125861636,-0.494386079,-0.011692408,0.074416887,-0.566342199,-0.127923932,-0.237777454,-0.919910575,-0.159587334,0.141519394,-0.576495481,0.359086794,-0.21325049,-0.1260346,-0.217579837,-0.046081774,-0.113089442,0.506216055,-0.522492878,0.175677302,0.512765306,0.733411702,0.340921537,0.406112069,0.035417345,0.263856042,-0.119234579,0.66160862,0.532253906,0.68583491,0.59041376,-0.183906867,-0.145413304
DDX58,-0.059663137,0.890404881,0.269978013,-0.797536628,0.007019275,0.266642507,-0.77532058,0.714646781,-0.121856496,-0.782784781,1.089788557,0.517660563,0.560034781,-0.515042105,0.292141657,1.39010075,0.938123616,-0.805390982,0.346281588,0.209001778,0.742398033,-0.561509959,-0.297114077,-0.06224194,-0.265847938,0.957236811,2.130707035,-0.87053464,0.259039336,0.127138083,0.052196113,-0.244040957,-0.640449041,-0.863335755,-0.176436109,-0.225010482,-1.010893595,-0.27664045,-0.111064628,-0.134029404,0.071206736,0.565902045,0.038485205,0.392059467,0.332111887,-0.019999544,0.374008302,1.159947881,-0.827058083,-0.105803885,0.026957876,-0.159092183,0.112918502,-0.43010178,-0.369059285,-0.197530374,0.538152637,1.279614427,0.023422987,-0.208986369
ZMYM6,-0.28730779,-0.066874437,-0.286379511,0.169276473,0.156760668,-0.600770764,-0.01521142,0.022282876,0.183643513,-0.000399665,0.177874064,0.109350167,-0.134358675,0.013634158,-0.495470146,-0.204179805,0.18320277,-0.232017542,0.011956872,-0.004882275,0.638248801,0.024443068,0.148596155,0.473076863,0.12438553,0.01826275,-0.48097598,0.037627168,-0.25287143,-0.231456179,-0.004294183,-0.200265641,-0.602442689,-0.135649288,0.36370823,0.104242743,-0.007771591,0.51347666,0.067854001,0.089112579,-0.027430787,-0.010458974,-0.70086477,0.214680434,-0.159490649,-0.179151945,0.132082414,-0.089714707,-0.551874666,-0.098356028,0.231135873,-0.020617228,-0.248854936,-0.192501439,-0.677919328,0.378905865,0.171698445,-0.500396623,0.048655911,-0.726883003
STAU1,-0.051512783,-0.493249204,0.059823443,0.308950235,-0.021300872,0.697606135,-0.802513595,-0.034230342,0.024015662,0.175853941,0.285487947,-0.511189827,0.174606924,-0.417518683,-0.552776654,0.508258369,0.254181785,0.222715167,-0.102460877,-0.476915361,-0.220923526,-0.256640415,0.060556015,0.307984013,-0.507493141,-0.351088638,-0.308883278,0.670463934,0.934366591,-0.454440077,-0.217191004,-0.420897357,-1.181351013,-0.437494275,-0.218618679,0.217276488,-0.254371682,-0.249754266,0.152831689,-0.013677487,0.86727721,-0.125985332,0.29989032,-0.518622907,-0.420937965,-0.269275592,0.100661705,0.332150129,0.598146157,-0.487547157,-0.061823009,0.986533679,-0.750311279,-0.203431321,-0.089010713,0.795066188,-0.225361611,0.107885239,-0.206584771,-0.468629703
TTC4,0.052420091,-0.436995829,-0.008163364,0.569920046,-0.269497273,0.574012608,-0.655441052,-0.103758579,-0.173977555,-0.048956827,0.702764481,-0.23490972,0.020388076,0.101079881,-0.358701892,-0.255007286,0.086466139,-0.132810321,0.086946999,0.468254609,0.153075129,0.273404238,0.188285114,1.175458993,0.136477264,0.161606745,-0.133117081,0.017421813,0.009499075,-0.27695675,0.476959773,-0.022581166,-0.446154231,0.28097258,0.192962246,-0.187010787,0.639319222,-0.292696393,-0.352330636,-0.283724124,0.166722524,-0.238053953,0.724231343,-0.327415731,-0.426177906,-0.753660676,-0.00389628,0.425682809,-0.290416444,-0.598924098,0.248319829,0.21852693,-0.119084,-0.212215427,-0.066954922,0.184096452,0.46752352,0.212632765,0.005422339,-0.270736077
CAVIN2,0.793549262,1.813734194,1.184788428,-0.794270461,-0.500293296,0.006455823,0.728992264,1.103475249,-0.959329996,-0.78237469,-0.683992604,1.385163967,-0.09619221,1.090899235,-0.294117107,0.908015357,2.263922608,0.6913236,-1.40309158,0.566092298,0.32187797,-1.222526512,0.043137682,-0.004714114,-0.040080576,0.316878508,1.869103416,-1.220047941,-0.193397364,0.485068108,1.383635573,1.042902279,0.279113454,0.452500897,0.975184328,-0.13516464,0.879860523,0.783888428,-0.500428102,-0.349156276,0.916240364,0.679705324,-1.388654127,1.393487871,1.759843163,-0.546148107,0.120971183,-0.468881414,-1.110918348,1.283263771,-0.973135059,-0.546046788,1.32382918,-0.0207687,-0.943850804,1.548507709,0.829733785,-0.963239579,-1.278603481,2.269219759
BAG2,-0.921440321,2.432374075,-0.410135437,0.429689573,0.090060718,-1.499387989,-0.966437639,0.020322816,0.26366818,0.507696962,0.767796607,1.14597993,0.381602324,1.221193102,-1.175486168,-0.858973355,-0.205065997,-1.587170141,1.673874773,0.448920776,0.113425772,1.653004194,-1.549223227,0.784511554,0.34164475,-0.572690736,-1.156311826,0.848346914,-1.528082947,1.271328852,0.006409828,-0.377518525,-2.115455225,-0.04751872,0.186433717,-0.523590857,-0.430964809,-0.881491335,-1.087457307,-0.529664547,-0.902735636,-0.623924918,0.140666576,0.662788957,-0.016641045,-0.614673909,-1.508786062,-0.683447182,-1.11944818,-0.266788102,-1.027630564,0.776328738,-0.340488307,0.333661674,-0.997214981,-0.581524113,-0.663299262,0.085524117,-0.344186867,0.837732823
BAG3,0.684952974,-0.304327268,0.099975725,-1.147827311,-0.338395336,-0.30196418,-0.767704701,-0.141838499,-0.077020584,-0.062736793,1.070130618,0.213641743,0.699364394,-0.851054779,-0.461509019,0.412375419,0.182257108,1.092765983,0.173437559,-0.763720084,-0.637995354,1.100933886,-0.114340673,0.651886645,0.498147052,-0.027335063,-0.196640521,-0.844975758,-0.09443735,-0.129662809,0.109974282,-0.091734299,-0.74954864,-0.086034792,-0.259405213,-0.426611617,0.115492262,-0.034126699,-0.84806784,-0.586923603,0.89885176,0.270237566,0.35622557,0.2276488,0.063157452,0.276126297,-0.329697296,0.046568406,-0.19596897,-0.232267013,-0.092902876,0.210497394,0.263525815,0.410424987,0.01574248,-0.365643751,0.224864211,0.706624879,0.518881134,0.084428484
MAP4K4,-0.10388076,-0.2768747,0.325972694,0.041738333,-0.153276883,-0.227173059,-0.171780055,0.038009919,0.60904062,-0.155167466,-0.421666852,1.140847057,-0.230276933,-0.262965821,-0.674686303,0.282879378,0.472101724,-0.415389133,-0.197217067,0.274568093,0.279906516,-0.426310616,0.071504868,0.253505731,0.416138885,-0.101289234,-0.389761186,0.831083327,0.329764251,-0.198126128,-0.620020036,-0.32714243,-0.53230471,-0.574690776,-0.1369546,0.09035074,0.166442445,-0.198345246,0.216369497,-0.224385126,0.169992581,-0.32131968,0.283782792,0.087269734,-0.622369372,-0.321631209,-0.020891102,0.013213396,-0.005480899,0.75330149,0.555520109,0.165877682,-0.088787756,0.405564671,0.946584178,-0.156796491,0.322333508,-0.621975227,0.608286932,0.07642897
MLYCD,-0.211461884,0.061820094,0.724686184,-0.209983594,-0.466632892,-0.218071848,-0.159089395,0.439953495,-0.383017912,-0.587189442,-0.500937812,0.233237209,-0.193990664,-0.353965638,-0.655089147,-0.241210712,0.796076424,0.210810246,-0.887587137,-0.729114231,-0.317622059,0.48859603,0.800598423,0.072941787,0.870903117,-0.629771254,-0.485596152,-0.554833026,-0.077333173,-0.030767253,-0.177395042,0.492347619,0.232913193,0.002838247,0.559254431,-0.536165657,0.647925939,1.862513614,0.373730231,0.030412749,0.151368934,-0.452296713,-0.225986953,-0.373943763,-0.121142706,0.088285872,-0.007869782,-0.311509474,0.044722984,0.457123338,-0.23927401,0.086794555,0.538883021,-0.066893661,-0.326136364,-1.627682325,0.201066696,-0.361881946,0.195639009,-0.12483089
CRYZL1,-0.293010961,-0.267686592,-0.418589607,0.741204958,-0.889003111,0.134478881,-0.062031453,0.549970523,0.014024563,-0.242039798,0.049438079,0.134276605,-0.111921962,-0.540844009,0.645979802,-0.039284955,-0.662958355,0.306240304,-0.134349318,-0.7669639,-0.470893859,-0.096953562,0.269028252,-1.01261874,-0.464263092,-0.431186437,-0.096368269,0.167369215,0.191065901,-0.046711217,0.546514692,0.524598048,-0.098663105,-0.683827325,-0.57784531,-0.47016758,0.135091456,0.382169297,-0.361699193,-0.040192962,-0.128096847,-0.262880441,-0.067928136,-0.213582286,0.321245703,0.490672122,-0.451445199,0.323304545,0.212226464,-0.195991274,0.283647529,0.727973151,-0.241051335,0.666004747,-0.035550474,0.388941824,0.511356388,-0.045589883,-0.023017851,0.3609391
AIFM1,0.174827906,-0.13665279,0.538896993,-0.396070832,-0.237279806,-0.508034036,0.443854631,0.970889903,-0.137403898,-0.43494144,-0.923999721,-0.030858522,-0.183850788,0.078027703,-0.703683269,0.301602921,-0.501926446,0.183905193,-0.557573975,0.506206739,-0.753567315,1.248790876,1.224725752,0.639331518,-0.112601137,-0.450140622,-0.860525241,0.129723749,-0.644591364,0.569757977,0.578802738,0.280235179,0.730714437,0.159188209,1.389586885,-0.240122632,0.423961058,1.923241873,0.967485035,-0.112767579,0.059763633,0.779371841,-0.442188899,-0.343891739,0.413460072,0.082870239,0.449468999,0.539545939,-0.96777622,0.178217508,-0.501894508,0.229569842,0.960760419,-0.593913323,-0.395309516,-0.359638041,0.148303061,-0.511518063,0.187765427,0.03798427
CLIC3,0.739798697,2.349007446,0.536116927,-0.698958778,-1.189679379,-0.89670638,-0.976771418,-1.105831196,-0.320674466,-0.44541599,-0.854985534,-0.086300508,-0.319295451,0.55220403,-0.157661907,-0.225974481,-0.028376822,-0.158530553,-1.70158574,-0.448998963,-0.529884672,-0.61327685,1.287691172,-0.292313744,-1.168199214,-0.142016729,0.521987146,-0.551106483,1.407187525,-1.403084526,0.265840086,1.414380822,1.800867663,1.092612235,0.01361081,-1.131329147,0.224280086,-0.435215747,0.54917174,-0.290639774,0.548747434,0.449009065,-0.88727999,2.051750642,0.685923792,-0.829459269,1.005004883,-0.180158012,0.332806484,0.779356149,0.245622986,-0.472357104,0.076655143,-0.132710668,-0.170844736,-0.475948801,-0.062624376,2.933058457,-1.551781927,1.183952355
EML2,-0.546595333,1.316222014,0.740215552,-0.263962722,0.052316178,-0.74133853,0.393661984,-0.592089306,1.199182133,-0.44681771,-0.622751174,0.002475855,0.688927143,1.296987148,0.163655314,-0.329913243,-0.849824271,-0.16854773,-0.702946796,-0.060096061,0.327687013,-0.066492427,0.720546928,-0.401382577,-0.635479481,-0.02615584,-0.150171272,-1.345574731,0.451479968,0.033569953,-0.453975207,0.361571549,0.119181294,0.462392121,1.183984126,0.253717897,0.016071862,0.162211071,0.257995552,0.123006067,0.38188272,0.200094194,-0.738222017,0.115356781,-0.173782606,-0.075489612,1.142349851,-0.404581208,0.523207807,0.309799351,-0.099325388,-0.836178345,0.345167446,0.156991278,-0.430446246,-1.244764498,0.683499059,1.308705497,-0.370997277,0.705017356
LATS1,0.047792128,-0.658421181,0.326391098,0.228511481,-0.006335446,0.181516721,0.061145404,-0.539672452,0.584793397,0.16624596,0.483513513,-0.026813816,-0.120466459,-0.05463918,-0.087801111,-0.002962569,1.155053346,-0.004801995,-0.373823784,-0.029766566,0.285964601,0.341243268,0.119244525,-0.384170615,0.959734957,0.115369969,0.192215424,0.372367533,0.059404439,-0.132745614,0.210890397,-0.029370306,-0.164179951,-0.33472747,0.017611909,0.505732458,0.171998492,0.045133136,0.097356764,-0.274706288,-0.259290192,-0.054117953,-0.016263738,0.053603028,0.02008871,0.080803022,-0.289105174,-0.145635214,0.182303285,0.129520523,1.065450626,0.048139818,-0.172807078,0.033168572,0.17003642,0.340655589,0.210365723,-0.353021935,-0.061594326,0.057099393
GNA14,-0.306413213,-0.610388552,0.671637622,-1.14804944,0.01272334,0.469097499,0.332050971,0.685183664,-0.280348615,-1.068993612,-0.165596948,0.637208347,0.433617013,1.371260813,1.191560053,1.112252918,0.973865827,-0.379680448,-0.007752977,0.925028361,-0.243724535,-0.609039274,0.781982441,0.380602853,-0.168761191,0.491188426,0.299281005,0.786927438,-0.027004895,-0.288991131,-0.527422119,-0.152211329,1.078839022,-0.02909229,0.487714899,0.672733221,0.070915961,0.718318469,-0.041525611,-0.863924666,0.386888387,0.00915258,0.621144164,-0.863170678,0.515399708,1.073418884,0.609735979,0.651890014,0.172545892,0.523820657,0.554478118,-0.238823926,0.921157331,0.435087635,0.434414028,0.697020837,0.163748531,-0.123038671,-0.381465931,-0.615527658
TSPAN15,-0.073657938,0.113312096,0.365663149,-1.099199382,0.444771269,-0.40371336,0.215925097,0.293335526,-0.529058281,-0.993106464,-0.074792048,-0.663592154,-0.021212041,-0.088020763,-0.903995368,-0.27630328,0.473629809,-0.925520657,-0.108709345,-0.017984774,-0.690628082,-0.133926419,-0.319869563,1.014352452,-0.346391496,-0.998108652,0.536003393,-0.477007336,1.943389692,-0.06975647,0.007556906,-0.684645788,0.417878266,-0.101704735,0.019765285,-0.427990166,-0.089772364,-0.005034136,0.014389498,-0.411237459,-0.183069133,-0.061641009,-0.116609072,-0.922707891,-0.058992896,-0.465108335,3.012629687,-0.753738965,0.332406564,-0.265244116,-0.788316079,-1.127628778,-0.082315232,-0.062333828,0.034396509,0.091466832,-0.482055344,0.025051187,-0.562725021,0.072936595
BPNT1,-0.146072143,1.802834629,-0.982914346,-0.158564307,-0.970900876,0.979391425,-1.943646481,-1.078338359,-0.336589409,-1.033714315,1.538007361,-1.48471474,1.573547693,0.994771162,0.34005188,-0.139403015,-1.179886991,0.502454198,-0.446316233,-0.266042599,0.051414116,1.395979999,1.109928071,0.112754904,-0.373329695,-0.232563173,0.317676579,0.00343941,-0.395761507,-0.703577761,-0.82618526,0.340720426,-0.776816267,0.855845667,0.604205791,-0.25188341,-0.324712282,0.649738078,-0.413929881,-1.621642356,0.161961384,-0.354895812,0.112017132,-1.247662114,-0.317040507,-0.738931186,0.14891013,0.419114878,1.121077635,-0.201787837,0.591140582,0.115800658,-0.713632897,0.1262915,1.303743292,0.589831348,-0.119679414,1.377826604,-1.190663759,-0.049560085
FADS2,1.247569076,-0.788683319,0.195662257,0.404352787,-0.066260936,1.035324194,-0.430120368,-0.58737414,-0.231588471,3.10888871,0.473889085,-0.843870621,-0.381319267,-0.683978654,-0.131849682,-0.134877358,0.640333221,1.540940298,-0.315117832,-1.610708959,-0.034877215,0.016140395,-1.622674184,-0.953601234,0.113165962,-1.084933923,-0.500264495,0.049996457,-0.26868802,0.160173427,-0.258920718,0.43046742,1.57641378,0.275474283,1.011122908,0.934863068,-0.410814879,-0.54884282,-0.086123924,-0.854167119,-0.554266534,0.191223674,0.769441791,-0.280665155,-0.93564985,0.322012686,-0.456051799,1.496243625,1.069343495,-0.828423832,2.857129853,-1.280070793,-0.428116009,-0.837383868,0.6728287,-0.284923363,-0.465286138,-1.176475107,0.854244313,-0.33666897
DDAH2,0.2263587,0.480721323,0.609260639,0.528711573,-0.101190033,0.409000414,-0.362222583,-0.084632306,0.084330204,0.042347363,0.568079529,0.163010079,0.272975611,0.518025455,0.307886319,0.749388954,0.863955501,0.568522825,0.119093209,0.433830372,0.15838559,-0.566933387,0.090895678,1.340189889,0.0092509,0.070122037,0.255838531,-0.002144451,-0.279956189,-0.199930866,-0.327500489,0.783254248,0.760694897,-0.631152084,-0.037823433,0.468311923,0.25803375,0.540085613,-0.684952809,0.477130839,0.045016155,0.972625106,-1.165339668,-0.120716266,0.871809164,-0.027380242,0.538649959,0.04848975,-0.618184299,0.404800319,-0.541308216,0.015386319,0.242641007,0.528117975,0.341987103,0.783980778,-0.180044642,-0.573076686,-0.39102421,0.771664254
ABHD16A,0.224298078,0.94635817,0.621568479,-0.467155006,-0.154362105,0.368858747,-0.113671864,-0.186961874,0.014311612,-0.061426094,0.036723967,0.451501632,-0.377990765,0.229307675,-0.745237811,0.452526014,0.055352029,0.177420299,-0.188947926,-0.06304773,0.437619205,-0.000331181,0.151118652,1.321337112,-0.558006337,0.130853752,-0.391163204,-0.481431905,0.05479213,0.322818488,0.223843673,-0.042091725,1.881987658,-0.121335919,0.529039334,-0.233357921,0.240677176,0.88258743,-0.068649874,-0.372083663,-0.53057886,0.178502762,-0.260065872,0.13474125,-0.127370926,-0.118163817,0.228417605,0.612154709,-0.422617607,0.266840429,-0.068857393,0.413291388,0.109037401,0.14846816,-0.366026322,-0.016005654,0.480468154,-0.255645339,0.015908524,0.210729245
C6orf47,-0.251025794,0.96584532,0.661553346,0.396504733,-0.744297402,0.577114547,0.05800127,0.753303451,-0.175635388,0.008979218,-0.308233699,0.209153742,-0.552300278,0.280871547,-0.913877061,0.557492694,0.870735325,-0.214193855,0.233861204,0.260921768,-0.47283667,-0.873830213,0.346484137,1.297899008,-0.723732308,-0.265216558,-0.320236874,-0.569867874,-0.268827976,0.273817977,0.05615301,0.873499422,1.224013941,-0.680408602,0.146445784,0.017585398,0.848889471,0.020799981,-0.748183587,1.033762454,-0.609648454,1.281072229,-0.804048908,0.371304023,-0.298546407,-0.726262057,0.115228953,-0.105080765,0.194024643,-0.311260433,0.296870466,-0.200994693,0.330405713,-0.529490356,-0.759220444,0.646546673,0.523278388,0.075942744,0.029344868,-0.222322523
TXNDC12,0.086229331,0.357953858,0.210677708,1.573883093,0.054945934,0.196063393,-1.879225361,-1.047161119,0.648015108,0.30285745,1.34881721,-1.354909889,0.335910524,-0.898398564,0.439968772,-0.907155156,-0.203840509,-0.203281294,0.404752268,-0.646678457,0.072488094,0.620096285,0.1986876,-0.046298487,-0.632348944,0.24310083,-0.109316206,-0.044002347,-1.158933672,-0.342342003,-0.639832905,-0.26388968,-0.47803736,0.430687057,0.137594423,-0.524667943,-0.873200385,-0.914600699,-0.74754703,-0.394674894,0.022468888,-0.112431772,-0.13953076,-0.606089846,-0.777536287,-0.249140003,-0.190568638,0.244997405,-0.369088028,-0.148919724,-1.95449986,0.355118856,-0.769816183,0.404153004,-0.639567707,0.689695679,-0.805036922,0.744213483,-0.751097033,-0.40531053
TRUB2,-0.391069057,-0.770395501,-0.651875903,-0.295696033,-0.09996236,-0.266764741,0.474553045,-0.026497989,0.033708796,0.35027902,-0.302667856,0.343437203,-0.563218999,0.231603998,-0.403445939,0.451248209,0.413087323,0.213437485,-0.220533337,-0.069050688,-1.107832105,0.116574335,-0.486355235,0.053124856,0.656273812,0.310125289,-0.917795098,0.664974522,-0.496346935,0.043387215,0.253664725,0.353633512,0.248058071,-0.193043928,1.176484312,0.298613463,0.334872248,1.32523491,-0.354620971,-0.977865655,-0.535652098,-0.079805588,-0.225423461,-0.226404187,-0.963121266,-0.430741381,-0.29535614,0.080610747,0.196955226,-0.201990257,0.068228436,0.034836564,0.111776725,0.142395779,0.174886213,-0.516714184,0.316692496,0.639228002,0.105238482,-0.938961027
ECD,0.193101062,0.064876216,-0.339515077,0.225755031,0.443398769,-0.032168598,0.281819691,-0.379183625,-0.338566837,0.513845336,-0.03275427,-0.116475514,-0.48489022,0.385866554,-0.097186903,-0.013346932,0.438165767,-0.706185771,-0.06670116,-0.335787792,-0.169794861,0.005728232,-0.099452289,0.984207191,0.474809741,-0.31507274,0.047175993,0.465245577,0.234863908,-0.022832788,-0.241879972,0.100934212,-0.09903176,0.116897049,1.596995,0.180384256,0.103321532,0.727760164,-0.239886167,-0.084064821,-0.269636659,0.038293952,-0.010698724,-0.457407329,0.027905217,-0.350209906,-0.084566872,-0.07982792,0.167600409,-0.510874923,0.039096326,0.028469609,-0.250454385,-0.430854276,0.232284931,-0.020725994,0.407736262,-0.346693268,0.299894022,-0.051990386
EFEMP2,-0.513113004,-0.829108276,0.905226738,-0.72001827,0.954459898,-0.475369961,0.480481293,0.434266838,-0.031523473,-0.406545077,0.16736757,0.399190187,1.147067721,-0.896977741,0.646345231,0.413041962,0.968486779,0.097453576,-0.221636124,-0.038100622,-0.282448576,-1.108292562,-0.48316283,-0.434738953,0.805463712,0.927526529,-0.230637693,-1.004833497,-0.220589176,-0.487793333,0.673041423,0.325825249,-0.425746758,-1.028573642,-0.712546216,-0.388361389,0.405902345,-0.17591918,-0.734386716,0.237405515,-0.745522671,-0.302494019,-0.425971817,0.415515408,0.159417327,0.986053483,-0.807728705,0.384126265,0.185605346,0.259100835,-0.261254185,0.143531455,0.164406092,2.263275548,0.908465266,0.572829956,0.546779372,-0.664265543,1.814378654,0.614916682
RECK,0.003730255,-0.714689146,0.947851348,-0.366089783,0.452494285,0.392083101,0.603975331,0.840613407,0.016445855,-0.1758903,-0.376399211,0.722536491,0.742885968,-1.087592812,0.312803316,1.213648271,0.50474568,-0.161872798,0.306792419,0.710292791,-0.154234544,-0.544094394,-0.176960614,-0.345578241,0.746216834,0.381340564,0.50551545,-0.572561159,-0.194856637,0.171369304,0.331166453,1.165547119,-0.311216245,-0.688461921,-0.409043132,-0.112508538,0.446781946,0.364139682,-0.395980502,0.767339797,-0.06387345,0.544801177,-0.447909303,0.259310265,0.683255939,0.381936259,0.01315245,-0.295990138,-0.317283175,0.335509745,-0.458911004,-0.015327214,0.984434796,0.715320621,-0.272989169,0.07877914,0.351835829,-0.420150399,-0.386898829,0.563856602
MBD3,0.390175449,-0.158860078,-0.442188632,0.218254194,-0.514177885,0.576125845,0.466644042,-0.417690501,-0.623034304,0.523304672,0.631993667,-0.027670248,-0.465309573,0.256020873,0.340432067,0.441185571,-0.111658775,0.032002843,-0.450527252,-0.220463651,-0.216469215,-0.087814165,0.314497045,0.062461699,-0.232840615,0.016573185,-0.069466471,0.431465235,-0.744102913,0.285945851,0.292740712,-0.071233507,-0.159948824,-0.051456029,0.294321059,-0.224702512,-0.500256243,-0.302015448,-0.047704307,0.220486234,0.279605083,-0.206954716,0.160472957,-0.763372656,0.226473717,0.038882054,0.031016801,0.386963656,0.242322016,0.674091891,0.836785402,0.302291665,-0.090264207,0.429903551,0.963454945,0.382257775,0.223735385,0.722379583,-0.273199239,-0.295737903
TOP3B,-0.265890502,0.358697539,0.09954739,-0.009216707,0.512562123,0.622025845,-0.152218871,0.40508131,0.126200621,0.233489955,0.102192098,0.555084691,-0.469066358,0.506290414,-0.26092538,0.529811651,0.273521525,-0.36209315,0.235931633,-0.710838733,0.145013977,-0.279260259,0.16835575,-0.272773463,0.277128315,-0.370624036,-0.079666412,-0.244665795,0.609004981,0.878224042,-0.711123708,-0.683926083,0.299221333,0.146598994,0.367330399,0.350763852,0.085052912,-0.167255574,-0.299451073,-0.130295486,0.095604352,-0.017533879,0.233158842,0.071609737,-0.041110342,-0.110887658,0.592318604,0.032787745,0.803992769,-0.01134117,0.315818231,0.061101444,-0.080696089,0.249855541,0.025140035,-0.201222904,-0.025962946,-0.150662432,-0.192630304,0.324581856
NUDT3,0.391622054,0.19505881,0.19925286,0.967771721,0.326937206,0.495335934,-0.237438535,-0.346285263,0.514731646,0.611164134,0.143855658,0.151563959,0.366057083,-0.929049361,0.613788475,0.727257521,0.230200718,1.050790602,0.016511435,-0.169774901,-0.11362651,0.192195074,-0.398014021,0.571884808,-0.212298024,-0.056538299,0.111147007,1.110754953,-0.192946635,-0.099277225,0.276494618,1.003945249,-0.735523414,-0.555602674,-0.124371641,0.128639764,0.391325001,0.289997913,-0.284135224,-0.184798062,0.128125521,-0.227028971,-0.504303261,-0.254925294,0.322196125,-0.242913952,0.29328165,0.172127121,-0.272590531,-0.510571919,-0.226765072,-0.234125102,0.10039352,1.073732761,-0.141383542,0.285537253,-0.018287191,-0.320967834,-0.54121844,0.905700364
AGR2,-0.620037194,1.844881061,-1.46871619,-0.168848972,2.321141772,2.046209718,0.644655289,-0.105464101,0.092294944,0.242016172,-0.42292298,-1.91922299,-1.602985949,0.020869287,-1.039855169,-1.642131568,-0.530407415,-1.991285447,-0.265091495,-0.842855111,0.35736517,-0.705415698,0.745752023,-1.345800747,-0.088730861,-1.008986671,0.916964039,0.157597109,0.047637199,-0.947813171,-1.420945371,-1.798415956,3.434905281,3.311276351,-0.168578387,-0.907221443,-0.862760206,-2.160688591,1.760207339,-0.873539363,-0.694976123,-1.948438226,1.067179626,-0.321721396,-0.678833623,0.563700816,2.649717205,-0.526423434,0.916237515,-1.014294613,-0.074066188,-0.002344158,-2.131179341,-0.071474544,-1.915974056,0.373948647,-1.767020824,3.692615216,-1.555270475,-0.045532904
BCL10,0.084429967,-0.284108357,-0.362741364,0.64650708,0.186034039,0.667892837,-0.85135812,-0.478144987,0.35792896,-0.24613172,0.59982975,0.039634955,0.092108482,-0.591998147,-0.282378362,-0.311672996,-0.543653381,-0.750392907,1.041443392,0.125323555,-0.037720048,-0.37073816,-0.32227671,1.304956238,-0.968768655,-0.26111346,0.170372115,0.555502498,0.643101851,-0.477419574,-0.873627815,-1.072069847,-0.245203932,-0.728288297,-0.522349787,-0.651632779,-0.818632386,-0.318178961,0.184488393,-0.550910232,0.170060854,-1.012774083,0.290462286,-0.473110264,0.170442416,0.209538087,1.001025716,-0.224207285,-0.04638759,-0.402277564,-0.389717628,0.315042457,0.022099821,-0.470651998,-0.471762569,0.310734851,-0.844421757,-0.989595335,-0.296435856,-0.474594398
NDUFB10,0.388286059,0.013935476,-0.166907253,-0.219290697,-0.130030364,0.544577084,-0.107294557,1.089889742,-0.290447909,0.183295829,-0.29401711,0.355528805,-0.061732338,-0.02881443,0.257746329,0.599529809,0.1029428,-0.015158411,0.017284735,0.377909554,0.544973413,-0.395107202,0.899933262,-0.200826455,0.238015131,-0.088978533,0.556536389,0.839195147,0.289992294,0.724988901,0.904705221,0.13817846,0.322075294,0.539419717,-0.148614768,0.070536906,0.249164313,-0.043911656,0.21011274,0.185181089,0.040310598,0.363957109,-0.091659592,0.430941786,0.442701035,-0.186256824,0.349006755,-0.277805011,0.072556333,0.37001758,0.587098684,0.065782468,0.377729612,-0.612637162,0.123803406,0.302522737,0.155078565,-0.301757609,0.304896858,0.259552117
CLPTM1,0.206922968,0.51993883,0.248499147,-0.063806329,0.154784826,0.118611705,0.145110844,-0.110183911,-0.096848003,0.131374361,-0.01645177,0.57306142,0.366411485,0.336597862,0.007026687,-0.094444065,0.210764909,0.082802172,0.080925747,-0.048760409,0.551942235,-0.158973119,-0.101375899,-0.246155107,-0.011828945,-0.227278385,-0.116287794,-0.1347621,0.173286833,-0.062883903,0.171215045,0.074672056,0.485812855,0.088079423,0.513501482,0.694517307,-0.240852139,-0.108157938,0.398179662,0.855403455,-0.053171012,0.252958644,0.055058691,0.291624924,-0.084448126,0.196566202,-0.086527396,-0.175876231,0.251758154,0.184559237,0.192804168,-0.372951524,-0.244635594,0.045536013,0.008644033,-0.277339846,0.334150313,0.483609572,0.558766327,0.029639897
ZBED1,-0.190402916,-0.124462003,-0.039468358,0.04016338,-0.057423475,-0.097967891,0.247829581,-0.152880987,-0.010009066,0.638829855,0.52597339,0.427011529,0.196804806,0.703435776,0.283446651,0.947358853,0.113286545,0.292412041,-0.019459413,0.254326402,0.341981683,-0.15541001,-0.025552518,0.202333074,0.504521482,0.293039031,-0.47208294,0.415772543,-0.219688774,0.452102945,0.453541984,-0.111444046,0.097081272,-0.098063067,0.031986137,0.582006452,-0.236275663,0.336469929,-0.605880731,0.0776271,-0.305513476,-0.247430263,-1.028174905,-0.410691435,-0.447674392,0.077311482,-0.452968198,-0.340283216,0.126038019,-0.025882547,-0.133532394,-0.296491268,1.053069004,-0.146499257,-0.714046115,0.238104731,0.354552234,-0.326513815,0.609210337,-0.818697775
MOCS2,0.64310142,0.73483324,0.19346025,-0.638059474,0.459121694,-0.544982696,0.203696834,0.294642911,0.153782893,-0.011830402,0.777330715,-0.258729778,-0.099865567,0.041171876,-0.545343155,-0.243912093,0.15717042,0.455253652,-0.352398462,-0.216530199,-0.092338761,0.158199164,-0.009516612,0.505810813,-0.244964648,0.275876514,0.179362395,-0.945403824,-0.249125834,0.147258245,1.237121908,0.741406408,-1.001748019,-0.316267259,0.64506652,0.195764868,0.718745251,1.854269031,0.147999581,-0.051278006,0.964803397,0.017292696,0.661906573,-0.027947963,0.723545103,-0.169233346,0.309941102,0.583190653,-0.824353814,0.294628056,-0.295139489,0.520937829,-0.630669423,0.968122044,0.729698028,0.60848522,0.100523755,0.081621074,0.107776169,0.567946301
TOMM40,-0.041685969,-0.109711632,-0.090604153,0.505561776,-0.359203463,-0.050846272,-0.298171436,0.002482879,-0.214897453,0.407362854,0.191550044,-0.396158396,0.445200523,0.152677524,-0.492039167,-0.22517431,-0.294305551,-0.041250049,0.486560234,-0.48803127,-0.316605229,0.100818374,0.07404504,-0.236918438,-0.41150359,-0.196808526,-0.41341987,0.928024071,-0.126594389,-0.103441091,-0.059340231,0.01698066,0.242122657,0.270864516,0.882720351,0.122234226,-0.29319092,0.186463625,-0.385969639,-0.124140646,-0.46797057,-0.504501455,-0.320478951,-0.24860953,-0.870320997,-0.442277952,-0.177478082,0.162310042,-0.08807794,-0.310803839,0.337280499,-0.153305978,-0.28101138,-0.394433938,0.045123187,-0.362720212,0.175916765,-0.032799663,0.143823713,-0.436695311
NAPSA,-1.112477079,0.781247452,2.186163931,-3.985425197,-2.241940746,-2.797038658,0.657461003,0.002132701,-2.219913076,-2.736745152,-3.485245544,-0.400571914,0.470553912,1.102877712,-2.496110285,1.286823529,-1.798830139,-3.011625431,-2.343818787,-0.858398191,-2.891743614,-0.378391209,1.953378532,4.658818491,-2.177154037,-0.629966104,-3.112522061,-3.171996266,-2.974063566,-0.70876979,0.607090506,1.995693785,2.393201996,-0.950713674,0.510094723,-0.882347336,3.264532064,1.467265253,0.014849729,6.204725904,-0.396714104,-0.387667892,-2.748630222,3.240295187,-0.49576534,-1.299135418,-2.893152178,1.891713544,-3.471316968,-0.445807739,-0.586854128,-0.35961525,-0.419694582,3.201064276,-1.119134883,-2.52581055,-0.07833659,1.999783498,-2.420395553,0.478619961
PEX11B,0.642607414,-0.049556172,0.439186377,-0.61484163,-0.248959992,-0.039926856,-0.760973818,-0.964890605,0.026544149,-0.63039617,-0.47890382,0.293782639,0.15978717,0.478248275,0.174025476,0.446079517,-0.583359734,0.068665221,-0.878518529,-0.535594751,0.227757999,0.66756283,0.067351588,1.210371509,-0.753413252,-0.655326218,-0.198370971,0.349107414,0.652801318,0.246890532,1.62584761,-0.178416998,-0.252251886,0.294699876,-0.063222537,-0.091409963,0.445307219,1.964222033,0.000600371,-0.602099726,0.837139865,-0.119406411,-0.447852565,-0.214148614,-0.002242507,-0.283053668,0.545266592,0.110353891,-0.696486918,-0.048995704,-0.008272372,-0.048332649,0.1822867,0.109469942,0.930810417,-0.04752747,0.978702763,-1.18959377,-0.061003669,0.138542075
PAK4,0.084586781,0.0046255,0.002222372,0.99789847,0.598546474,0.501121841,0.288466783,-0.060833471,0.621189495,0.331517083,0.593306125,-0.615299736,-0.059817208,0.356283898,-0.140685656,0.399124625,0.622617791,0.399325272,-0.082188954,-0.140645057,-0.307002041,-0.308093439,0.694192915,0.300878928,0.385872823,-0.251591835,-0.160983063,0.195564283,0.554364871,0.002638281,0.048504529,0.165076433,0.889844294,-0.221814367,0.252795756,0.167825498,0.295799459,0.047398159,-0.031091798,0.167430886,0.342652075,0.154705055,-0.528471759,-0.190521083,-0.016176731,-0.169169146,0.370982839,-0.158279792,0.679608429,0.082203621,-0.029728437,-0.388084715,-0.059952074,-0.121471838,0.26558011,0.122893545,-0.220907816,0.37123762,-0.413055338,0.031767478
WNT11,-0.448784725,-1.350264057,2.88149783,-1.603203787,-0.365796843,-0.080808301,1.24135356,1.557464112,-1.177724811,-1.284096134,-0.892728853,0.205977071,2.442283852,-0.858031228,0.687447268,0.266859796,2.411868547,-0.051703847,-0.178029338,2.007009561,-0.132365494,-0.988932261,-0.430542988,-0.020005874,0.302079497,2.693770705,0.009940118,-1.175274176,-0.091166232,-1.120898482,1.434194921,2.430035499,-0.909862883,-0.854744626,-0.899876655,-1.470469162,2.342683354,0.406409415,-1.912943858,1.138680675,-0.534131478,-0.228425133,-2.234635442,1.169710511,-0.199618355,-1.445104381,-0.690855328,-0.511697492,-1.148434245,0.911061918,-0.046467324,0.082257574,0.504065965,2.597132256,-1.863339504,0.403585208,0.374677606,-1.725182649,0.555678197,1.170452707
CHEK2,0.131477228,-1.457082898,0.075495286,1.23424636,0.523427519,1.379963959,-0.695004671,-0.627230152,0.413711231,0.742749459,0.603387761,-0.496731784,-0.442749427,-0.852783989,-0.102306715,-0.667712125,0.508017999,-0.258280375,-0.153412785,-1.536176371,-0.169480952,-0.037866454,-0.502810223,-0.065226195,-0.295953521,-0.56033436,0.351351527,0.565764271,-0.235245907,0.240290303,-0.421835879,-0.355835598,-0.121980796,-0.469096308,-0.441872604,3.405011232,-0.404334358,-0.189020384,-0.136821997,-0.580198595,-0.302940316,-0.317863839,-0.028912341,-0.457202878,0.000334406,-0.383240634,-0.091635471,0.23441458,0.819081892,-0.055380786,-0.085915874,0.064391886,-0.665693754,0.129776403,0.447743582,-0.295196976,0.004035931,-0.384609119,-0.369867757,-0.38754506
APBA3,0.67039113,-0.532779635,-0.711300864,-0.099990689,0.538293097,0.337346805,0.030567695,0.015734262,0.068281036,0.58148841,0.247409709,0.214829502,-0.233066716,-0.420766155,-0.149261064,-0.038805174,-0.079657721,-0.337111591,-0.06335375,0.067105677,0.572755532,0.054300244,0.034373114,0.034679837,0.169259978,-0.038630629,0.510351881,-0.159727568,-0.474654164,0.22988218,0.098003119,-0.196077466,-0.34547156,-0.153177633,0.099726988,0.138651817,0.584999645,0.09649279,0.006217746,0.709437257,-0.028753219,-0.038662533,-0.190782157,0.559131612,-0.130488946,-0.168404183,0.092892109,-0.036800535,0.456914232,0.001894739,0.859658732,-0.072572652,-0.273006094,-0.035366248,-0.13978602,-0.002563684,0.198480906,-0.6243578,-0.08520986,0.125006463
ACTL6A,-0.093676347,-0.152509356,0.133628681,0.322617125,-0.281888889,0.647407807,0.157709683,-0.077139662,-0.464401705,0.500812769,1.034570046,-0.453963727,-0.388759838,0.031966717,0.074691394,-0.092895296,-0.393855173,-0.16729009,-0.458698621,0.269105629,0.366408521,0.095813736,0.329599923,-0.222428555,-0.370039795,0.200060446,0.060976138,0.37430694,-0.083990682,-0.171770977,-0.371495563,-0.284368993,0.048182921,-0.258834428,0.127396386,-0.028202207,0.074394408,-0.307267337,0.042500688,-0.07087815,0.11071989,-0.080758226,-0.095481933,-0.072606293,0.14129382,-0.142956623,-0.065586747,0.303013853,0.052171795,-0.158700269,0.099349281,0.01139748,-0.101231008,-0.242804875,0.603558524,0.588398893,0.094058572,0.056893445,-0.243007326,-0.155619309
MT-CYB,0.880816193,-0.488479681,0.213327394,-0.212196301,0.06511177,-0.295490366,0.381898432,-2.796712313,-1.162925487,0.56716968,-1.009552928,-0.057355381,0.357086542,0.510448374,0.075112519,0.5409903,0.668178562,0.876645079,-1.488296002,0.578753319,0.460571017,0.10544328,0.475449353,-0.066489411,1.160268359,-0.073980634,0.902323579,0.511846207,0.221442947,0.223449799,0.327685667,0.47550069,0.387973738,-0.069247628,0.321446622,-2.635890414,-0.051677188,0.650194668,0.12383245,-2.367297842,0.212652043,0.515837929,-0.502588273,-0.400286307,0.124334511,-0.086266233,0.678898121,0.076032779,-0.248763081,0.247006223,1.389184962,0.221742045,0.168701565,0.109349493,0.56113409,0.343631526,0.030335188,-0.204005287,-0.465121897,0.869021076
CYB5A,2.464067365,2.029494246,0.977852975,-1.456096144,-0.354875085,0.279475096,-0.459466968,1.09697007,-1.87573316,-0.687542434,-0.265182373,0.154000937,-1.901712227,1.917072316,-0.75665543,-0.164911542,-0.26365948,-0.134238822,-0.669688417,-0.440080999,-0.40270035,-0.189588632,0.77976175,0.473595007,-0.054700903,0.123503841,1.270968978,-0.700012022,0.75458193,-0.615370723,-0.154794041,1.741178308,-0.811639111,0.989694124,1.397798586,-0.878214864,-0.134060438,0.091823143,-0.247136313,-0.005007249,1.487769328,2.586157336,-1.326406873,0.081166017,0.081259475,-1.041563568,-0.297001023,-1.108493159,-0.582115877,0.568720594,-1.302831947,0.376534052,0.320351596,-0.614394369,0.333114405,-1.256058226,-0.566201469,-0.047102,-1.414332558,1.038143096
ADH1B,-0.071364429,0.899863672,2.944244892,-0.731873869,-0.649087141,0.102004768,1.81581815,0.314598153,-1.166012891,-0.824080916,-0.648677927,3.248284057,-0.831600371,1.039452025,-0.968033681,1.013161483,-0.023934658,0.284347346,-1.740775756,1.51345757,1.544203752,-1.185818441,0.127127775,-0.434613156,1.870257262,0.223580704,1.381666892,-1.127539256,-0.62596571,1.408749904,0.125168857,1.937622324,0.238519309,0.799297072,0.219170326,-0.363961847,2.721711086,0.5347276,-0.959096713,0.967253499,1.172428976,1.704975512,-2.081831675,0.453140061,2.073473009,-0.887484129,-0.428291645,-1.246641089,-1.565382724,1.828708199,-1.059671028,0.32497423,1.626948653,-0.093674477,-1.989392312,0.073910114,0.986347437,-1.115642658,-1.880253681,1.994320386
ADH1C,-0.352032146,2.31494907,-0.178320696,-1.276506027,-1.826779507,-0.662932254,3.729226812,-2.741233281,-0.237042039,-0.459517625,-2.119609059,-0.649168639,-1.864654219,1.289504427,-0.510300262,-1.387234147,-3.311212157,0.641421802,-2.913189022,-0.293006811,-2.650173546,0.750732723,1.518198688,-0.436732785,-0.852298696,1.680637828,-0.518686566,-1.076556733,-1.704729522,6.02220613,-3.227170313,0.262469541,-0.922170412,5.760732744,-1.141409165,-1.900712308,-0.411323791,-1.658236112,-1.542399309,4.139939198,-2.37585646,-0.436998491,-1.140502048,-0.165528325,-0.660789582,3.238437028,0.885657504,-1.257037439,-1.599284842,-0.264216076,-0.49212878,4.86574731,-1.041521919,0.881198335,-2.366906976,-0.772283434,-0.937507854,2.18428248,-0.916316192,3.706907096
LDHA,-0.208139638,-0.459984787,-0.485888377,0.347415868,1.040109463,-0.266567372,-0.512616131,0.049935617,1.794658133,0.017586027,0.093399159,-1.081671834,-0.429440339,-1.188721366,-0.114842842,-0.433099541,-0.400170481,0.727822498,0.564512238,-0.056061617,-1.052944309,0.162312838,0.812073399,-0.066151157,-0.562239307,0.297666323,0.718221811,-0.204356088,0.24427481,-1.22178787,-0.525544697,-1.262427793,-0.216271844,-0.811336627,0.511308902,0.910006612,-0.207334618,-0.794498189,-1.301943154,0.127932182,-0.656784661,-0.907656735,-0.216394809,-0.631823528,-1.163481988,-0.07290787,-0.468938082,-0.580263575,0.358071571,-0.979918679,0.172587748,0.096411567,-0.674009072,-0.045595405,0.74263178,0.272791568,-0.04241529,0.944342367,0.459908387,-0.851354315
ALDH1A1,-0.446776167,0.062576256,-0.474230123,3.624952271,-1.555578272,-1.009439807,-0.761478365,-2.005142843,-1.031648814,-1.289332195,2.777194525,0.333442244,0.036486059,-1.583466479,-0.557943457,-1.083102758,-0.887112488,2.235356519,-1.777426215,0.068864929,-0.240387925,-0.291449702,-1.134314066,-1.747289637,-0.057911931,0.152413234,-0.646064264,-0.66916998,-0.18264818,-0.031962566,-1.41016538,1.151582296,-0.524005492,-1.063952043,-1.37123728,-0.877276251,-0.189593714,-0.986231924,0.887440425,-0.765410661,0.679950285,-0.654471961,-1.882852067,-0.723631719,0.225040043,0.982065887,-0.360101786,0.216681902,-0.538253928,1.66148244,-1.31184132,0.152469613,-0.817343893,0.487700883,-0.285487728,0.241841074,-1.424994984,-1.702017052,-1.85057048,3.345155536
GLUD1,0.122507671,0.893841583,-0.327930408,-0.187230022,-0.605899265,-0.016087406,-0.050361382,-0.141817423,0.589559756,-0.376994165,-0.213578944,-0.413481358,0.276934101,-0.551931653,-0.020816883,0.055415152,-0.017151543,-0.306997361,-0.255389553,-0.055130038,-0.525160439,0.795616724,-0.049207689,-0.677338136,0.487108869,-0.263308122,0.264143466,-0.499779885,1.000961086,0.201029138,-0.428787095,0.545096327,-0.148136658,-0.168334214,0.890284663,-0.425159436,-0.487461983,0.295262937,-0.152086309,-0.688175538,0.106155554,-0.079699875,-0.506438009,-0.175106461,0.284793182,0.29894546,1.051856772,-0.431058362,-0.032924305,-0.113651366,-0.480289236,-0.370396058,0.613496771,-0.09604951,-0.623595135,0.093279876,-0.133444737,-0.093577318,0.023948864,0.48323425
DHFR,-0.068926027,-0.388124853,-1.19024515,0.303200311,-0.576188551,0.707373259,-2.130363029,-1.0713708,1.100478837,-0.362662757,1.087601147,-1.455602689,-0.659214906,-1.675234278,-0.787292346,-0.955113407,0.350833293,0.211341835,-0.003310417,-0.465855269,0.70922523,0.230587933,-1.006823028,-0.470398284,1.210633674,2.866267163,0.889583182,0.658148128,-0.790849432,-0.47358675,-1.681910205,-0.884082335,-0.991268503,-0.378038043,1.473742216,0.383526991,-0.38586541,-1.501225286,-0.217597412,-1.168698453,-0.616882963,-1.3166441,0.502306059,-0.573722303,-0.550395097,-1.100328368,0.041806841,0.193747003,0.605240576,-0.919606022,0.541134088,0.388376898,-1.417121269,-0.430836944,1.396644863,0.995936291,-0.215052719,0.44760479,-0.72136151,-0.140466687
CYB5R3,-0.13584763,0.647912017,0.881563835,-0.049473772,0.158258712,0.189745001,0.370226688,0.66357488,-0.178080851,-0.437669067,-0.381739025,0.5555309,0.32523095,0.155460063,-0.11570783,0.003294754,0.004842387,-0.089856171,-0.535191516,0.299145706,-0.046310364,-0.118756577,0.096981898,0.011317083,0.341632354,0.29059609,0.150964436,-0.105495134,0.638516606,0.074921036,-0.069261799,0.460151254,0.59963948,0.105979258,0.064161052,0.023437175,0.753875966,0.002656498,-0.055607997,0.161486856,-0.136633557,0.171678337,-1.096225939,-0.023270712,0.45570552,0.119217185,0.211465239,-0.606647786,-0.22443733,0.130792571,-0.065373687,-0.374921805,0.403460545,0.217341361,-0.162416026,-0.175079628,0.049514944,0.295148345,0.216149608,0.07680764
GSR,-0.355519914,2.397287197,-0.693241595,-0.762674468,-0.670852328,0.415148435,-0.382845531,-0.296629583,0.786642461,0.050642425,0.395008779,-0.718944038,0.109108537,-0.039624283,0.342685887,-1.10226396,-1.357655788,1.482909208,1.229842104,-0.562565899,-1.522413597,1.020004403,-0.399220178,-1.160904055,-0.213882484,-0.506800817,0.185860642,-0.66188907,-0.458291831,0.016768062,-0.228556185,0.093657771,0.093880087,0.770805912,-0.967591992,-1.103264459,-0.89803923,-0.428310099,-0.124383421,-1.003278842,-0.040541387,-0.532438603,0.127927221,-0.195117471,0.689180512,0.848854981,0.326510419,-0.944046972,-0.6275021,-0.229152143,-1.751183521,2.572523959,-0.857006721,0.884112627,-0.403204385,-0.079539445,-0.520417499,3.016461276,-1.101424978,1.826216412
MT-CO2,0.342303479,-0.332161221,0.20388348,-0.203827085,-0.072417438,0.287171443,-0.414227096,0.115193456,-0.595550822,0.242123606,-0.040937379,0.372442218,-0.991097079,0.222563882,-0.222688092,0.355010528,-0.142470762,0.431378077,-0.341212983,0.191413068,0.313131373,-0.693511086,0.672220194,0.478923518,0.558892646,-0.261643996,-0.334428758,0.469221029,0.384872565,0.778200653,0.580328381,-0.111348215,1.107767832,0.445231358,1.59870236,0.50771776,-0.154753093,1.154770719,0.86138014,-0.195844094,-0.37771607,0.140327165,-0.285134722,-0.223877442,-0.051131808,-0.341503258,0.204384062,0.335411634,-0.104079008,0.287069599,0.578043084,0.180696867,0.702103722,-0.607151809,0.056543586,-0.067378524,-0.133452972,-0.897326711,0.500717499,0.243466328
SOD1,-0.56298408,1.139067755,-1.170273734,0.25721959,-1.943308437,-0.505066856,-1.366335813,-0.969377129,-0.09139625,-0.526480377,3.336209308,-1.236567157,-0.147487649,-0.344473427,-0.129363517,-1.313899385,-0.687107533,-0.619923045,0.349344703,-0.989904997,-0.993210005,-0.63570419,-0.172466689,-1.072580585,-1.061287629,0.128239521,0.181672474,-0.823406411,-0.89225375,-1.67297678,-0.651652252,-0.653617328,-0.284112894,-0.699594774,-0.733215918,-0.919553744,-1.332408945,-0.740531544,-0.968490462,-1.277312329,0.665392351,-1.353591493,0.019006672,-1.134928115,-1.263960933,-0.330405735,0.113198124,-0.448248144,-1.210968053,0.051670888,-1.01651827,4.163693192,-1.221123484,0.060412666,-0.12127495,2.797926846,-0.161573899,-0.209938872,-1.001093979,-0.274242619
CP,-0.748083701,0.168157912,-1.032341046,-0.56767121,1.274551044,-0.055378878,-0.861873079,-0.724408461,-0.085529889,-0.321619144,2.411088056,-1.219816785,-0.390248406,-1.324640525,0.306582682,-1.232054163,-0.452209959,-0.949249899,0.942065692,-1.487121294,-1.176294799,-0.836738511,-1.665426941,-1.663889516,-0.796346417,0.549762915,0.787526064,1.009254547,-0.0448278,-0.866933409,-0.915573747,-0.577112525,-0.376523133,-1.774490211,-1.106379041,-0.466855108,-0.642244886,-0.88631214,-0.344841893,-0.551830795,0.59944959,-1.488249764,-0.256123138,-0.695365272,0.026195794,2.18271568,-0.421874268,-0.237880151,1.224613508,0.315437914,-0.314807754,1.253061896,-0.920469372,0.96511431,-0.407579414,0.8138895,-0.702332264,1.399093773,-0.705433871,0.019142639
F8,-0.292990295,0.586476243,0.620926684,-0.939980913,-0.126454196,-1.067546795,0.773565531,0.020102324,-0.428395797,0.513798367,-0.158987939,-0.081060507,0.970430113,0.051210173,0.661610066,0.363131835,0.076301219,-1.20992479,0.627256837,0.298817861,-0.220058413,0.099448217,-0.234028231,-0.448557666,-0.135188389,-0.354386558,-0.426597597,-0.768938711,-0.950062651,1.297923219,-0.082744717,-0.812266429,0.495382982,0.555245004,0.029351895,0.908170881,0.011860614,-0.022587121,0.670417049,1.170801411,-0.038041235,0.322938608,0.29939116,0.218631908,-0.413167823,0.048846142,0.274608497,-0.000398676,-1.677419242,-0.60289841,0.048324642,0.511965631,-0.409134108,-0.604579624,0.070207123,-0.494110598,0.473704533,0.053815746,0.579637589,0.1180509
F13A1,-0.436473214,-0.808009454,-0.108005719,-0.232737767,-0.985587829,-0.321136237,-0.090182509,-0.193933168,-0.576631774,-0.701327207,-0.019206833,0.478603556,-0.108693764,-1.254501633,-1.419988301,-1.004757214,0.786820989,-0.805380045,-0.502144568,-0.88315099,-0.693418451,-0.753198578,-1.133392232,-0.980373763,-0.355592935,0.265190485,0.086199851,-0.84118207,0.535916317,-0.413356153,-0.911701743,-0.13632427,0.132910507,0.538765776,-0.55643561,-0.477910935,0.032928716,-1.062186474,-0.33900505,1.678989467,0.693715742,0.168703962,-1.202555856,0.217434529,1.007793252,0.747398952,-0.634638804,-1.511738173,0.315346893,0.306684122,-0.66936412,0.009005997,0.939120082,1.900892945,-0.900469684,-0.599843075,0.413576582,-1.566472252,-2.385360933,0.969713844
PNP,0.080384307,-0.777834266,-0.517998868,0.927692379,0.469252033,0.210776206,-0.596024261,-0.709263035,-0.00855963,0.047599739,-0.110140091,-0.195261863,0.164644173,-0.411325156,0.044901368,-0.293445624,0.267360295,-0.031217038,0.338894859,-0.43639725,-0.242072046,0.462959403,1.232042311,-0.706574835,-0.449357128,-0.456600479,0.286911496,0.300406545,0.270229392,-0.68474151,-0.246594678,-0.596447522,-0.507862043,-1.114725351,-0.90503391,-0.06049482,-0.346304142,0.494084359,-0.393029086,-0.630794761,0.081369542,-0.470044806,0.573269347,-0.36287714,-0.313029603,0.018565509,0.639825895,-0.584217313,-0.115370198,0.116295626,-0.525140577,-0.680669594,-0.354046672,-0.075331092,0.781519279,0.199002991,0.393284772,-0.617058869,-0.087484404,-0.067891566
HPRT1,0.016862139,-0.213671514,-1.685497275,0.90061409,-1.157475057,-0.028563042,-1.748437618,-0.455810516,-0.577865467,-0.387787576,3.516244117,-1.442213917,0.056760454,-1.040066402,0.033298797,-1.866052686,-0.543603612,0.304140543,0.175291095,-0.976178547,-0.970800412,-0.82981468,-1.198521175,-0.706003558,-0.863979504,-1.195740585,0.007863454,0.250620618,-0.954156456,-1.486410665,-0.471165852,-0.492841657,0.43340536,-2.027746097,-0.633925422,0.009956906,-0.558397106,-1.624529782,-0.689600069,0.375275702,-0.519435943,-0.899528515,-0.41726517,-1.843459921,-0.458919449,-0.166591799,0.216875637,-1.733023395,0.318763698,-0.841787963,-1.103260553,1.251697725,-1.681555639,0.109749496,-0.262283844,1.402503324,-1.587604192,-0.503715016,-1.292035419,0.023473639
GOT2,-0.430557391,-0.186848948,0.603397856,1.224485178,-0.486704525,-0.27447779,0.483990569,1.096995352,0.412698478,-0.389716352,0.255836457,-0.708499782,0.3813555,-0.275104564,-0.642538246,-0.227306563,-0.072477393,0.370922581,-0.926325776,-0.577051674,-0.566812772,1.337169274,1.066560355,-0.041014053,0.190345377,-0.331230677,-0.975298485,0.01371558,-0.372304081,-0.009994559,0.528613595,0.256383517,0.119585687,0.326807962,1.395002056,-0.063206432,0.414057148,2.467507689,-0.059125194,-0.464877628,-0.24777862,-0.773406331,-0.351048338,-0.960685123,-0.288883086,-0.218594393,-0.102462693,0.836905786,-0.201402346,-0.265191495,-0.282224812,-1.125192151,0.144043571,-0.853234398,-0.595053352,0.0863087,0.883362167,-0.901929308,0.054281292,-0.111747087
ABL1,-0.058051446,-0.047053433,0.645691891,-0.468847075,-0.220278236,0.115273794,0.291229435,-0.120107305,-0.169669219,0.236580613,-0.210405266,0.371737961,0.580492961,0.333210789,-0.281946114,0.003332326,0.06677048,-0.188429683,0.33991735,-0.421370963,0.466178429,-0.173222301,-0.086641352,-0.374859717,0.214457437,-0.090073688,-0.358047867,-0.27584773,-0.176092131,-0.028203268,0.554884822,-0.02962591,-0.473765444,0.151540135,-0.217908683,-0.068671863,0.245955694,0.384862187,-0.088670502,-0.211901521,-0.353824965,0.136294609,-0.003099591,0.485956853,0.085649182,0.021051514,-0.307217222,0.223713409,0.356032923,-0.136841794,0.688709184,-0.225208742,0.227076962,-0.332031438,0.317704466,0.26664286,0.121954284,0.141659302,-0.105270678,-0.014969197
EGFR,1.770196082,-0.219210504,-0.202292465,-0.507622086,-0.685913302,-0.326542701,0.558273233,-0.29502306,0.029978897,-1.617019027,0.895024142,-0.42170147,-0.063838049,-0.428608822,-0.945770284,0.882698942,0.375900865,-0.913337015,-0.94282608,0.986991407,-0.087403641,-0.676415378,-0.043781397,1.45647261,-0.784419319,0.417954214,0.306376697,-0.25229241,-0.077070214,-0.008139418,1.539341404,0.721644553,-0.348187423,-0.912900516,0.640531517,-1.138490916,0.121212218,0.280141452,-0.889088174,-0.472761227,0.851584144,-0.28064334,-1.084073406,-1.069470531,-0.203641287,-0.607347904,-0.090761806,2.334048013,-0.782793558,-0.61236939,0.054109879,-0.524099683,1.0825184,-0.343659412,-0.38901223,-0.464770203,0.05583733,-0.885786449,-0.733863306,-0.860137006
PGK1,-0.300226023,0.02282537,-1.63369706,-0.030014591,-0.826252577,-0.840032503,-2.517882438,-1.093158759,-0.401577837,0.740612386,1.861611961,-1.68664617,0.485751836,-0.090141636,0.923280788,-1.441438768,0.339541171,1.615089975,-0.134011635,-1.55664574,-1.61846327,-1.009148521,0.062651687,-0.943210568,-1.048980956,-0.604400644,-0.18527745,-0.141054203,-1.211868155,-1.239867531,-1.865687507,0.415702126,0.086435122,-1.424326916,-0.582370064,0.698311864,-0.352378891,-1.493290896,-1.856979719,-1.366203136,-0.887750572,-0.352399347,-0.649942442,-1.327124151,-1.870549609,-0.188529892,-0.661334958,-1.299727773,-0.638406689,-0.681954343,-1.128122863,0.996859994,-0.705633102,1.549141811,0.472660742,1.244598128,0.669791996,-0.781020685,0.19049571,-0.302249176
AK1,0.825987833,1.830074546,3.200800067,-1.603909935,-0.8512532,0.099609536,-0.000457503,-0.054310531,-0.939008644,-1.179618101,-1.014473243,0.506669471,-0.474071897,1.263835378,-0.208266627,0.591698452,-0.580842553,-0.332489011,-1.850846935,-0.046374629,-0.324081385,-0.757755096,1.853167792,0.478685539,-0.684277397,0.254785275,0.061424095,-1.027398012,-0.441015042,-0.404592902,2.086229601,1.140472663,-0.287114198,0.814846196,0.642895039,-0.585108305,2.625232889,1.7280831,0.122221263,-0.095231687,0.432067017,1.316320167,-1.280809142,-0.420026054,0.593934632,-0.60983413,0.761265323,0.316292642,-1.086640718,1.003531731,1.536559559,0.641116207,1.74173578,-0.102407367,-0.44375556,0.124183894,0.435143555,0.284153277,-1.315349825,0.064553196
F2,0.845456674,0.764357263,-1.030854292,-0.478163491,-0.964094651,-0.710689732,-1.221729677,-1.004937954,-0.695828127,-0.348291308,0.075589284,-0.550167349,0.662445737,-0.346107289,0.195329263,-0.833842608,0.65008012,0.886228832,0.368074612,-1.498409416,-1.177899692,-0.683537531,-1.404837152,-1.268720588,-0.288258641,-0.121573699,0.238279133,0.501832448,-0.58474385,-1.369375788,-0.363647538,0.742332664,-0.735205447,-0.895708036,-1.482983891,0.219885797,-0.847633848,0.143387367,0.365051737,-0.848425533,1.004260449,-0.573977513,-0.756706986,-0.220033381,-0.250469476,-0.369821024,-0.476526827,-0.244800781,0.586102937,1.049903071,-0.881477106,0.347467289,-0.619826312,1.614455491,-0.233611256,-0.061505786,-0.425661282,0.396856048,-1.026736743,0.134174004
C1R,0.570853943,-0.816358457,-0.162329785,-0.732882313,0.240121143,-0.423224507,-1.280192951,-1.252632395,0.147857086,-0.247755537,-0.461545213,-0.171219531,0.31485145,-1.021581337,0.2500461,-0.863057877,0.061767283,0.333368255,0.529026563,-1.144187086,-0.816985287,-0.671079533,-1.257255603,-0.940180415,-0.017881492,0.48243349,-0.624826047,0.808680165,-0.298629548,-1.011734785,-0.26593435,-0.423730089,-1.046130044,-1.09541379,-0.919962848,0.508503832,-0.581202782,-0.270352794,-0.134368632,-0.19784857,0.07658717,-0.928274415,-0.028024913,-0.026649775,-0.067915573,0.721604073,-0.358546122,0.443296912,1.302469488,0.686291747,-0.279209737,0.044120017,-0.264073931,1.330270187,-0.281230503,-0.170883733,0.843197316,0.147432935,0.343389534,-0.058061893
HP,1.771293623,1.607808057,-2.663919361,-1.233408554,-0.912124903,-1.467941192,-1.726076274,-1.193262757,-1.481527117,-1.360578977,0.322943432,-0.967715271,0.999541479,-1.594477399,1.23589318,-3.071490075,0.220523903,-0.992287019,-0.375120321,-2.78365491,-2.618430797,-0.978914402,-2.312781436,-1.94834398,-1.991462704,-0.498400628,-0.46017155,-0.153048743,-0.642656759,-2.730401848,-0.898127962,-0.087114634,-0.336933612,-2.132631384,-2.329801902,-1.871137476,-1.03941855,-1.874632727,0.218756621,-1.343049858,2.709130057,-0.394901916,-2.016952092,-0.64793308,0.887446418,0.392226431,-0.50788998,-1.49466604,0.313162917,3.353811789,-0.80119637,1.721707882,-1.660758811,0.611471745,-1.597228847,0.88179353,-1.279855335,-0.89506623,-2.219735314,0.123831923
F9,0.478309689,0.856308342,-0.743973411,-1.012285966,-0.148161419,-0.307054097,-0.250978441,-1.329220768,-0.689879019,-0.857035701,1.708909818,0.464156205,-0.502116192,0.682331085,-0.244938273,-0.256030859,-0.011876301,0.276975688,-0.344718248,-0.387202935,-1.472570558,-0.726981446,-0.83988421,-0.357660182,0.198801515,0.672241943,0.485623069,-0.210187579,-0.099400984,-0.175009657,0.144066134,0.765894027,0.564340105,-0.604501461,-0.995982929,-1.162270724,-0.259144841,0.266042331,0.164327568,-1.646785905,0.342422226,-0.060989622,-0.64531777,-0.798112582,0.26868554,-0.578340144,-0.169724355,-0.468617557,0.695330805,1.485095237,-1.448617874,0.54692764,0.452824815,2.051144894,-0.305530698,0.153272619,0.61872787,-0.567155678,-0.727092946,1.497685243
CFD,0.05491812,0.078587482,0.592642227,-0.298226403,-0.003520201,-0.436392538,1.018075861,1.308681885,0.15318837,-0.182749853,-0.146055238,0.119802304,0.698981065,0.854131602,0.089323575,0.199577279,2.207469186,-0.160243063,1.321197032,0.191863138,0.013144279,-0.333444216,-1.115661827,-0.253408841,0.89457215,-0.11522792,0.000638955,-0.00509903,0.390725472,0.007371818,-0.012863336,0.30892332,-0.445248766,-0.359681283,-0.607345062,1.558690877,-0.017609235,0.419942388,-0.327274262,0.674366692,0.002707078,-0.027385464,0.44266095,0.350292106,0.216850746,-0.000232352,0.352115096,-0.685817615,-0.106880288,0.725420318,-0.23399034,-0.650215903,-0.000756133,0.557223565,-0.751172028,0.056420603,1.305557499,-0.514179628,0.044192907,0.721228284
PLG,0.162943635,0.147682875,-1.882680537,-0.604601508,-0.976117177,-1.418800741,-1.112727934,-1.330413323,-0.595161236,-0.821617225,-1.656973823,-0.43471176,-0.923238023,0.177212112,-0.57976104,-0.965057035,0.930373715,0.414316098,0.00598967,-1.039149463,-1.982885307,-1.583569041,-1.26597621,-0.669780335,-0.969433871,0.436139518,-0.210352358,1.453336486,-0.961819166,-1.109949985,-0.457774909,0.018965629,-0.954316608,-1.254206062,-1.601672132,0.722590011,-1.070396551,-0.060718092,0.173101964,-0.920616785,0.198818415,-0.806254226,-1.31614593,-0.388579322,-0.28297898,-1.91753589,-0.931419166,-0.432187688,0.818502661,0.448913538,-1.24181833,-1.126707741,-0.860454747,1.317823873,-0.711582678,-0.3621886,-0.408532631,-0.586481044,-0.327061982,-0.463386404
F12,1.118934077,0.606406569,-0.806952031,-0.614368597,0.089154714,-0.096441679,-1.424997861,-1.023538097,-0.100276026,-0.801866817,-0.174607937,0.099905474,0.479334547,-0.06039298,0.306295952,-0.733320966,-0.167679643,0.091604069,-1.22931442,-0.69401033,-0.34961055,-1.195763768,-0.985948885,-0.750141166,0.426065191,0.518542381,0.183025808,-0.449538577,-0.001507086,-0.909190663,0.506946216,0.583139542,-0.728545138,-1.047519256,-0.914949214,0.640093803,-0.40334576,0.402290077,0.782908859,-0.304518115,0.217722162,-0.61077882,-0.051946386,-0.253863591,0.071335378,-0.133033873,-0.596322112,-0.0117311,0.985996505,0.996782734,-0.714015201,0.075312269,0.486522023,1.829353311,-0.56056769,0.648307628,-0.114938193,0.272232021,-0.396592304,0.25958609
PLAT,-0.742666853,-0.23358115,0.535663806,-2.262703882,-1.701289778,2.363826822,1.21122644,-0.802628065,0.210190127,-0.166428416,0.075099817,-0.299430067,-0.819570374,-0.234509587,-0.105181667,-1.436450709,1.234916922,-0.746812931,-1.654769992,0.345625682,-0.814445162,-1.109730361,-0.289456827,-0.493831704,0.120299223,1.084568913,4.515519164,-2.108976218,0.699314328,-1.590038053,0.476172088,-0.258032933,-1.676035718,-0.874913102,-0.550190389,1.123867642,0.32122274,-0.424799189,-0.952512554,-0.951124021,-0.164002915,-1.673732748,-2.068460144,-0.227794104,1.103956123,0.337785019,-0.360704378,-0.085012342,-2.115654637,0.310207179,-0.405046351,-0.157687666,-0.30461329,1.846761221,-0.789903004,-0.073788922,0.078865462,-0.787388341,-0.071611,-0.655570209
CFB,1.878947188,0.607546092,-1.231555508,-1.06933397,0.024373052,-0.849618736,-1.193841921,-0.239754966,-0.834413576,-0.323081275,-0.741693102,-0.672545431,0.761225664,-0.437434528,0.763510181,-0.523102697,0.078767398,0.418046072,0.638118888,-1.583968825,-1.117771786,-1.137994539,-1.308083062,-0.878262985,-0.884035507,0.759245287,0.451047034,0.423211427,-0.224804353,-1.08909178,-0.965359168,0.172572283,-0.769647626,-0.661749175,-1.444084286,-0.195032515,-0.537934824,0.41023882,0.446497015,-0.425597427,0.556862431,-1.030906118,0.053477047,-0.475764169,0.312901382,0.000527716,-0.616485792,0.76906381,2.04010803,0.902294414,-0.449675755,0.466771118,-0.093998684,1.522127735,-1.041145853,0.712286013,-0.177707645,-0.06333393,-0.618379162,0.073076857
