,AP.27JZ,AP.2XNK,AP.3336,AP.352Q,AP.3FY5,AP.4HAU,AP.4M7L,AP.52RG,AP.5JDU,AP.5L2V,AP.5MX6,AP.62LT,AP.67ZV,AP.7GDN,AP.8MWD,AP.9D3B,AP.9LNA,AP.9PXS,AP.A5NG,AP.AAFC,AP.AGZG,AP.B2SL,AP.B9CH,AP.CT3G,AP.D35H,AP.D9X4,AP.DM87,AP.DMUM,AP.DT88,AP.E7CU,AP.E98M,AP.EPNF,AP.EZEX,AP.FX68,AP.HKYN,AP.HMFR,AP.HML4,AP.JBET,AP.JK59,AP.KX5B,AP.KXUT,AP.LWHD,AP.MAZ4,AP.N8FG,AP.NMZS,AP.QAHT,AP.QUHC,AP.RA2G,AP.RBLG,AP.SJVE,AP.SS2L,AP.U8MP,AP.W455,AP.WDKZ,AP.WPAM,AP.WTXJ,AP.XCJX,AP.XSR5,AP.XVLY,AP.YTZ8
A1BG,215,72,115,380,72,49,52,49,28,35,79,147,172,66,145,113,74,268,170,156,237,156,42,67,87,25,73,100,39,147,131,67,403,15,52,201,36,265,49,79,69,38,45,193,66,30,32,295,80,163,114,165,35,139,19,34,46,26,128,52
A1CF,0,0,2,2,87,0,0,0,3,1,0,2,0,0,2,0,0,3764,0,0,0,42,10,0,5,0,0,6,199,1,1,9,2,0,0,0,0,0,36,0,0,0,0,5,1,0,897,0,0,2,0,0,0,0,0,1,0,0,6,1
A2M,57797,60732,149204,50304,28077,44242,78669,109481,23607,22200,30810,306278,75013,26003,28716,45345,174506,46683,53823,157750,112330,25012,30413,54176,96117,37651,57726,27958,39891,53169,59550,140323,62250,50888,64469,29178,110372,64175,36486,65931,46073,54758,22975,169836,128306,20344,49356,47297,31146,158838,15371,58273,78944,138022,22724,27620,41912,28126,46758,44841
A2ML1,3,2,1,1296,11,1,7,8,117,3,55,1,1,2,1,1,2,1,2,6,369,37,0,1,92,0,7,29,24,5,15,5,4,128,11,8,1,1,12,1,2,3,1,0,1,2,43,0,993,4,4,6,2,4,4,5,0,2,0,7
A3GALT2,1,0,10,7,8,4,2,4,2,3,5,3,3,3,0,2,3,12,1,12,2,0,1,1,0,4,4,1,1,3,9,3,1,0,6,3,18,4,0,3,3,4,2,4,1,5,5,4,2,3,1,2,0,4,3,2,4,1,4,22
A4GALT,191,138,279,607,293,862,847,295,547,148,734,500,364,92,185,184,663,164,343,1262,530,160,92,147,481,86,913,483,349,294,201,303,818,177,137,490,124,261,202,284,121,161,203,252,391,179,207,358,797,498,456,140,151,348,394,700,125,109,488,301
A4GNT,1,1,1,1,1,1,0,0,1,2,0,5,3,0,0,2,4,0,0,1,0,2,1,2,3,0,0,0,2,0,4,3,0,3,11,1,0,2,4,0,0,4,0,10,1,1,26,0,0,0,0,1,4,2,3,1,0,0,0,10
AAAS,531,925,817,1290,1173,541,670,849,759,1056,578,801,822,544,752,712,1226,1328,734,1159,781,1277,668,1461,1104,386,938,825,582,509,846,1200,912,827,826,860,1256,643,610,908,648,474,992,698,790,488,718,1029,723,627,690,748,515,938,598,810,3867,985,861,722
AACS,657,241,657,1887,1839,529,788,585,593,2183,437,589,980,379,1553,760,1213,5733,919,2401,625,2177,727,2214,1669,358,672,1052,761,662,849,647,2238,1139,899,1046,637,678,662,877,810,871,1841,736,570,918,685,1333,1529,480,1065,977,349,743,1236,1177,521,407,1670,853
AADAC,98,6,165,363,19,5,473,91,2,13,116,83,5,33,1,24,87,6,13,74,255,12,209,23,125,62,46,17,277,103,22,41,38,45,177,26,311,22,19,198,65,280,1,8,104,509,1965,50,40,26,124,93,23,3,5,10,22,32,1,679
AADACL2,1,0,0,5,0,0,0,1,0,0,0,0,0,0,0,0,0,0,0,0,0,0,1,0,0,0,0,0,0,5,0,0,0,0,0,1,0,1,0,0,0,0,0,0,0,0,3,0,0,0,1,0,0,0,0,0,0,0,0,0
AADACL3,0,0,0,0,0,0,0,0,1,0,0,0,0,0,0,0,0,0,0,0,0,0,0,0,0,0,0,0,0,0,0,0,0,0,0,3,0,0,0,0,0,0,0,0,0,0,0,0,0,0,0,0,0,0,0,0,0,0,1,0
AADACL4,0,0,0,0,0,1,0,0,0,0,1,1,1,0,0,0,2,0,0,0,1,0,2,2,0,0,0,1,0,0,12,1,0,0,0,1,0,5,0,0,1,0,0,2,0,0,0,0,0,1,0,4,0,0,0,0,0,0,0,1
AADAT,127,213,295,361,51,252,188,174,274,90,244,130,77,87,34,204,154,336,93,208,217,391,489,292,174,103,181,269,112,583,260,388,497,633,551,184,254,186,111,189,156,215,48,112,137,95,79,170,115,111,204,62,93,95,279,318,134,103,88,247
AAED1,514,553,863,407,642,340,809,905,262,287,361,1089,594,397,364,467,1249,346,670,1035,774,730,223,738,999,243,433,775,462,933,894,746,846,408,1206,381,426,737,362,564,557,721,680,771,803,326,528,881,391,1123,419,507,455,780,409,568,459,560,633,451
AAGAB,890,2021,1371,5030,3236,1061,1505,1350,1704,2067,967,1345,1750,906,1397,893,2673,1481,1762,2266,1611,3911,1096,3442,3458,580,1225,1317,1309,1290,1443,1213,3014,2325,2320,1091,803,1326,1054,1857,1049,1184,1951,1346,1520,879,2549,1986,2136,1220,1303,1826,832,1333,1396,1477,1125,1163,1601,1256
AAK1,1107,1003,1911,1008,1172,728,1235,1116,1281,953,735,1341,1910,434,1543,925,1694,2115,1052,1847,885,1776,1299,1270,1029,983,1674,1064,1266,1065,1582,1678,1021,1603,1439,1009,1244,1180,1413,2352,988,1365,1858,2919,922,1109,813,1319,1580,1342,1450,1101,1005,1467,1281,1121,1470,638,1366,1965
AAMDC,188,624,215,1462,195,265,162,489,158,136,268,307,286,230,234,219,593,368,253,591,268,205,385,542,368,118,253,292,258,408,265,291,247,141,486,201,261,340,145,464,216,170,138,191,262,155,555,341,185,258,166,258,250,389,270,264,101,418,261,116
AAMP,2068,3702,3860,10156,2872,1503,2973,3246,2306,2804,2243,2142,2268,2389,2004,2362,3177,3123,2548,6784,3080,5563,4045,4386,4289,916,1839,3484,2635,2499,3707,2929,5377,3655,3935,2067,3271,2122,1674,3130,2233,1759,3137,1823,2348,1274,3347,3942,2575,2090,2273,4599,1769,2905,2465,1922,1402,3101,1761,1593
AANAT,0,0,3,2,0,0,1,3,1,1,0,2,0,0,4,3,2,5,1,6,0,0,2,0,1,0,4,1,1,0,0,1,2,2,2,3,2,2,0,1,3,0,3,0,3,0,0,7,1,4,7,3,0,3,1,0,0,0,0,2
AAR2,771,653,1063,1505,1012,1428,700,1079,695,1277,744,880,943,607,795,833,1427,1212,1038,1895,998,1062,1001,1763,940,401,697,1565,1140,649,1000,744,1250,1203,1183,979,1062,1021,587,1216,761,759,1076,780,877,644,751,1477,923,786,1169,1111,495,1256,735,1197,619,1010,751,563
AARD,82,16,27,52,15,43,8,22,2,8,87,73,13,183,1,187,127,44,1,62,154,9,28,110,17,16,52,66,8,52,53,254,35,27,40,4,33,45,13,19,62,30,2,28,11,6,76,49,10,61,312,94,25,5,17,28,32,5,8,9
AARS,2146,4673,4045,15129,4073,2547,3556,4298,3749,6015,3184,4524,5157,3374,4617,3460,3797,13260,3537,7205,4601,12349,7250,7224,5342,1329,3283,6506,2305,4088,2818,3220,6745,5905,4867,4649,4201,4456,3080,4576,3346,1996,6609,2047,3563,1934,2487,13701,5847,3232,3123,6532,1658,5132,7409,6171,4244,3754,5800,4759
AARS2,717,2250,952,2174,695,1480,865,1009,787,1210,849,791,1192,921,1023,1522,1200,1297,951,1615,1736,1192,843,2500,776,498,1075,1265,611,897,1014,985,1588,1019,1214,938,1088,1242,685,1635,626,831,831,814,840,686,785,1914,932,599,756,937,630,1506,803,1076,728,820,822,1052
AARSD1,46,88,70,98,74,34,63,76,39,106,34,78,55,49,55,44,115,77,33,141,76,163,82,112,99,46,72,105,53,49,64,51,70,59,109,48,59,57,29,88,33,48,68,45,56,19,41,102,59,53,65,66,27,44,68,52,47,55,47,39
AASDH,463,1443,978,1742,575,642,1035,740,905,540,609,779,1067,736,671,1140,794,988,916,1429,785,1967,1466,1156,1184,404,815,612,715,1026,800,954,1553,1184,1109,559,1132,952,498,986,965,699,647,763,832,475,737,1625,1135,513,1042,897,476,910,601,1019,788,748,668,686
AASDHPPT,892,1988,1080,3171,2045,1438,1083,1680,1269,2299,1386,1330,1894,816,1539,1426,2004,2030,1525,3104,1644,2072,2026,2359,2504,614,1016,1871,1051,1810,1389,883,2319,1528,2749,1158,1480,2404,926,2603,1316,1136,1157,1172,1540,946,1336,2209,2009,1181,974,1086,760,1607,1286,1517,920,1739,1160,892
AASS,2742,2171,1344,552,633,547,979,3521,403,1020,541,1479,910,624,447,699,2138,721,1079,1042,639,1565,1403,3076,2311,921,1158,1084,2896,688,1530,1511,1274,1686,1620,947,1884,1090,980,2150,1175,2333,1247,1516,1333,852,1097,1740,1316,3635,1046,571,539,1384,1112,521,598,672,957,1557
AATF,760,1431,1303,3695,1433,1215,1324,1933,1261,1834,686,1148,1288,793,995,1134,2569,1587,1485,2715,1485,2400,1299,2282,1760,758,1103,3308,1091,1086,1832,1271,1853,1332,2270,1033,1401,1694,834,1825,1031,804,1987,1300,1135,667,1041,1862,1289,1178,2131,1713,805,1591,1347,1093,1102,1074,1284,772
AATK,396,868,793,620,116,67,117,309,339,622,58,460,87,166,71,111,523,167,113,347,174,81,127,320,873,260,402,162,433,90,178,993,213,581,245,206,58,107,436,115,229,509,1447,1258,334,32,465,171,199,492,1871,78,153,294,183,107,172,367,123,534
ABAT,868,536,2730,601,141,334,591,572,160,614,326,672,584,283,1695,716,975,5858,258,636,1094,1847,1642,837,376,298,983,664,291,854,959,919,1726,617,534,547,1045,1690,479,381,327,260,326,803,727,283,795,756,222,746,1241,613,585,538,782,818,345,712,748,367
ABC13-47488600E17.1,48,51,73,11,21,33,110,32,20,21,19,24,27,6,12,33,67,43,20,74,50,13,64,100,28,48,80,14,58,19,30,98,257,18,33,21,48,32,43,157,22,138,108,125,31,78,57,25,19,31,16,19,37,32,39,32,46,57,14,118
ABC7-42404400C24.1,149,24,118,10,48,26,26,137,10,44,12,222,37,48,11,93,202,77,22,87,99,215,163,140,95,62,140,43,60,270,74,106,43,67,80,77,157,55,32,30,121,358,7,177,57,29,206,145,46,139,34,89,160,13,39,21,28,40,3,109
ABCA1,12955,9896,8570,2364,9410,4449,8476,15928,4635,8562,5308,16660,9655,2704,6203,7566,13437,5213,6125,11177,6283,6253,2797,5269,8568,4609,8871,6840,6274,4492,10851,7800,7972,6250,9077,8359,4937,5316,11124,11962,10042,7953,8267,14259,7437,6294,4542,8361,11012,23171,7452,6361,4200,11832,9374,8044,6453,10542,13772,6736
ABCA10,162,421,894,102,219,390,817,357,177,208,203,580,338,158,375,438,705,289,263,535,105,140,197,212,562,340,531,150,489,568,556,879,130,218,677,364,673,496,154,926,270,473,285,718,432,402,423,578,258,462,102,193,393,252,232,228,320,80,277,630
ABCA12,235,15,2643,105,687,1003,253,462,624,9,593,55,1655,57,513,151,1879,132,341,636,1004,416,305,1153,3304,321,757,1566,117,3103,4164,72,159,822,833,109,323,91,65,182,64,1203,1591,18,171,89,88,40,101,24,89,249,522,86,1407,2835,270,1210,1377,19
ABCA13,910,233,462,2012,438,479,3378,1632,532,143,1849,1128,483,215,1523,6543,1182,59,532,6725,1662,1454,520,6071,4152,315,2521,1662,863,950,462,2223,144,2165,468,2877,2387,631,725,7312,6210,571,1438,174,1494,3142,1740,897,6448,742,6964,56,211,218,289,2479,1896,65,62,813
ABCA2,1231,966,1678,2577,848,851,3049,1370,1181,1823,941,1244,3192,570,2014,1498,2123,2878,1143,3010,1080,571,1002,1354,1188,934,2229,1226,1168,1493,2236,3066,2980,1556,1251,1291,1273,1515,1275,2562,1312,1234,3139,2812,1343,1111,793,1698,1411,914,3039,1587,1299,1763,1772,2217,1300,1214,1113,2037
ABCA3,16389,1686,16016,2622,2495,1250,11807,6454,143,2309,1104,14565,5619,7530,1752,8625,12227,19317,1551,9069,5135,25510,2955,11741,6551,5571,7383,1829,5332,3015,7645,6051,8611,7984,14839,14736,5693,10872,2037,8694,11930,22120,861,18794,3402,1388,4897,8344,1643,13251,4988,1006,7473,2450,5580,3369,6110,1608,5999,8201
ABCA4,893,132,229,53,29,343,124,146,8,34,120,137,70,24,14,63,845,30,852,440,604,117,146,961,49,690,67,37,23,81,1253,4704,7,110,2778,125,666,62,16,5659,157,13,207,39,254,70,18,80,99,30,194,73,327,75,173,52,106,1673,12,55
ABCA5,810,1390,1505,1992,1888,1172,1922,2251,1290,2487,1209,1624,1669,694,2191,1792,1590,3683,1156,2790,1157,2021,2353,2469,2087,939,2020,1864,2139,2873,2744,1787,1492,1256,2978,2118,3636,1929,1035,3230,1327,1635,1433,1900,1502,1620,2635,2277,2089,2096,613,1202,1073,886,2168,2249,1319,583,2377,1356
ABCA6,711,1243,3660,473,796,647,2167,1485,546,510,858,2129,1399,536,1724,1256,3318,628,835,2864,1003,590,970,1674,1889,1262,1336,711,1183,1091,1789,3093,851,894,1867,869,2536,1630,749,2375,778,1346,819,3175,2060,752,866,2043,783,1610,485,1106,1538,1825,668,866,1106,512,872,1997
ABCA7,1380,533,1036,1037,652,1290,2493,1467,602,1520,299,1248,1230,422,2660,1336,1181,607,925,1615,1841,679,1446,1105,1744,464,3586,1081,1553,877,1591,2294,1824,1246,1221,1536,1653,1178,1474,2190,1510,1765,1685,1880,636,1365,590,1083,2535,1042,1507,1314,775,530,572,2342,1490,490,648,1571
ABCA8,766,2087,2107,335,480,879,1734,1698,113,408,574,4258,919,1542,298,812,3324,431,507,1688,846,158,510,964,1760,620,1348,187,448,1042,1287,3116,964,414,1585,598,2517,1201,334,946,583,935,189,1129,1947,323,1150,1441,439,2180,185,500,1060,755,404,481,425,532,319,826
ABCA9,381,695,1487,154,397,364,839,583,273,318,308,1011,585,251,667,568,1261,291,413,1046,188,171,309,395,966,542,752,324,505,568,698,966,208,278,821,403,901,614,339,1346,337,430,597,1169,605,312,382,858,509,656,207,429,723,710,235,384,497,136,279,884
ABCB1,126,424,236,54,153,59,429,242,87,570,62,349,157,129,160,107,397,4831,192,419,312,273,156,275,427,128,218,103,185,309,163,222,217,70,249,121,193,232,198,245,306,193,342,450,343,187,299,143,209,403,68,214,319,212,76,53,187,67,510,335
ABCB10,1008,1526,1487,1636,1140,1111,1057,1260,1040,1499,796,1041,1212,946,1184,1300,1805,1176,757,1671,1648,2791,1303,1921,1772,541,1056,937,1273,1641,1007,1005,1774,1341,1975,1309,849,1316,799,1192,1488,1765,1339,1124,1059,610,1195,1508,1558,1033,1081,927,751,1672,1326,1194,717,1068,873,854
ABCB11,7,0,6,2,1,0,7,11,6,3,5,10,2,1,5,3,5,120,13,12,14,3,1,2,16,1,6,7,64,7,3,5,1,84,9,23,9,5,2,10,8,2,10,1,5,3,7,5,1,5,4,12,0,8,43,15,2,3,9,8
ABCB4,34,21,75,5,101,32,122,68,37,337,48,78,148,16,470,37,307,762,60,173,64,56,123,612,214,33,77,39,36,63,36,50,38,3,133,131,260,89,81,97,45,51,72,76,71,92,39,64,122,53,53,46,43,109,274,98,104,39,136,42
ABCB5,21,18,26,3,7,28,6,6,0,9,10,107,35,3,1,4,54,6,24,17,8,4,3,19,57,7,2,13,12,20,12,9,8,33,14,5,5,7,13,17,3,9,1,39,13,8,15,5,1,95,0,10,6,26,18,11,3,2,14,10
ABCB6,45,369,123,317,273,56,116,74,45,167,86,92,98,235,81,106,128,250,182,235,83,399,109,232,456,26,74,97,69,68,115,98,207,729,125,67,103,41,34,89,106,89,295,70,88,39,33,132,95,46,182,341,47,163,377,77,54,542,39,268
ABCB7,756,1575,998,1772,1242,1097,918,1327,783,1471,746,959,1003,776,1096,1000,1653,1486,803,2379,1189,2027,1450,2317,1692,501,825,1047,657,1154,1353,1030,1260,1183,2451,1008,1252,1358,670,1065,760,833,885,1125,989,658,1031,1455,736,907,1185,1214,853,974,1214,1527,744,1092,948,692
ABCB8,794,1307,979,1128,927,429,1793,779,954,712,438,866,948,965,1450,1158,1210,805,1079,1177,832,844,586,3527,1094,475,691,759,645,540,962,1374,1282,2412,1029,1044,793,922,619,1272,913,839,1128,1043,581,513,566,776,840,631,626,1005,510,1017,837,500,786,713,698,1056
ABCB9,256,85,384,254,264,303,226,228,135,301,210,189,285,54,258,387,360,604,243,326,294,375,350,532,189,142,379,249,240,187,506,219,411,139,282,187,235,168,222,251,355,286,379,224,343,194,434,712,293,141,433,372,172,303,181,341,320,114,267,178
ABCC1,2360,1984,2896,2742,6653,2197,4180,2334,10525,2458,2461,3481,3552,710,2308,2531,3476,3120,2977,4983,3903,8894,2065,3433,5831,1765,3369,2993,1642,3745,3834,3366,1627,5684,2232,2096,2593,2299,2506,4057,1827,2116,9464,4161,1939,1476,2059,3139,3361,2810,4382,3782,1772,4806,4119,3096,2193,2297,3037,3722
ABCC10,935,2360,1649,1652,709,1209,1092,940,978,1274,661,926,1386,1045,1201,1719,1330,1447,928,1878,1210,1902,957,2699,926,544,1085,1007,773,896,1317,932,3277,1649,1171,999,1031,943,939,1736,724,1068,1081,1299,874,832,751,1724,1082,663,1136,1295,786,1645,1006,915,867,750,978,1765
ABCC11,9,17,15,33,12,2,27,9,18,3,13,5,14,6,4,3,5,28,5,19,7,31,35,20,6,5,9,10,11,13,4,6,24,17,2,4,16,2,4,9,9,7,73,20,4,10,8,25,12,7,11,16,5,7,3,45,20,7,7,28
ABCC12,4,0,20,0,0,0,27,14,0,2,1,3,2,0,0,4,0,4,1,17,5,3,108,12,1,3,3,27,0,9,20,6,1,1,6,0,122,0,2,28,10,3,1,5,6,113,1,6,0,3,7,3,3,1,0,4,1,0,0,1
ABCC2,42,80,78,13,9610,54,133,36,8252,109,116,75,85,69,83,55,95,6525,2884,117,48,18715,61,69,12009,37,60,78,92,2954,41,61,67,70,106,58,76,39,52,102,51,62,198,66,59,41,50,66,284,65,78,49,50,2531,412,52,71,89,236,2958
ABCC3,5037,16248,7849,256,3953,5429,17835,7570,6287,1130,3765,996,10387,7065,2018,16673,9896,3576,5964,16890,2329,6135,7874,8986,12206,5767,9042,577,6015,7287,20262,25470,14524,22884,10994,1523,3988,10825,3823,15435,2683,4024,9827,6844,6993,7050,8237,5772,2565,1398,13963,11530,6053,8230,5676,4943,4847,10824,1012,5040
ABCC4,1771,5932,3635,1160,3076,3422,5412,2720,1929,1424,2072,1868,1373,1306,951,4493,3242,2956,1798,4127,2661,3727,2499,1720,2766,1228,1285,2863,1092,3493,8933,2520,4854,5707,2977,3032,3530,8320,1985,2937,1091,1965,2459,1758,1963,3708,1050,4897,1745,2154,2851,2938,1431,1956,3172,2659,2057,13239,1893,1688
ABCC5,2301,1011,2887,2799,1251,1636,3457,2479,965,1189,7932,2307,2755,543,3695,3021,2335,1487,1742,2974,2658,3910,1720,1337,2009,1510,2887,2189,1725,1779,2870,2317,2012,2218,2016,2010,2243,1354,1873,4947,2307,5184,2886,2746,1517,2175,2306,2972,2731,1841,3276,1712,1262,3015,3166,2000,1367,925,1659,4515
ABCC6,602,1806,2250,1311,687,608,1344,1294,770,465,405,591,827,948,251,1181,738,458,325,1216,1151,1456,971,1360,512,457,2402,469,357,699,2168,2491,2422,917,2506,496,1570,1148,533,1100,1112,832,854,778,848,637,590,2417,533,552,521,595,1174,291,862,1266,553,1332,181,826
ABCC8,5,5,44,3,7,9,26,9,0,372,8,26,1,14,192,10,88,1577,0,28,44,96,47,203,1,38,12,7,2,8,25,49,70,29,43,18,21,41,78,8,27,24,1,15,46,89,9,33,1,48,65,73,4,5,1596,242,21,128,189,32
ABCC9,1401,2954,1381,600,886,948,991,1107,926,1075,799,1832,1155,1714,634,904,2885,935,1619,1906,983,4701,560,1051,1476,775,1246,1622,1224,1513,1176,1340,1442,4198,1537,875,1611,1709,1099,1939,1017,762,749,1463,1447,443,801,2215,1222,2185,1240,979,1007,2888,1504,1300,1237,1650,1708,2238
ABCD1,447,282,1015,725,598,420,626,627,511,674,358,659,569,220,436,572,503,1116,315,1257,598,1402,613,890,461,257,857,535,350,303,429,580,441,284,439,551,454,396,553,1032,384,424,785,665,516,325,268,676,1601,672,292,528,424,568,496,567,291,303,722,524
ABCD2,103,27,176,26,157,63,243,321,165,205,62,339,228,60,437,80,159,77,241,248,270,249,118,172,415,76,219,120,150,378,154,120,84,23,335,208,186,183,221,309,299,209,268,579,276,104,249,330,292,256,41,167,180,47,26,110,272,48,199,140
ABCD3,3070,4680,4333,4173,5685,3549,4778,4340,2490,2442,3061,2610,3106,2078,1670,2661,3510,3346,3036,7745,4913,5053,4917,8199,5104,1997,3240,4024,2690,6210,3652,3613,7900,3536,6744,1942,4399,4010,2077,5214,2341,3892,4217,1780,2594,1803,5941,7958,3495,2690,2392,5708,2561,2037,1930,3871,1718,2014,1928,1615
ABCD4,717,598,973,1171,786,925,795,952,675,879,517,849,1049,517,899,693,1329,671,635,2514,862,1097,1107,1154,1242,476,1240,712,877,586,887,873,1069,497,944,766,1148,875,733,1487,566,495,742,1102,963,776,862,1471,853,808,1001,907,537,1039,654,1061,734,596,623,847
ABCE1,1906,3486,1839,7362,3864,1746,2795,2274,2107,2726,2116,2191,2391,1220,1909,2010,3657,2839,3841,3392,2344,6121,2588,3742,4547,1118,1521,4659,1722,2864,1870,1915,3066,2968,3780,1855,1986,2913,1282,2826,1415,1468,2252,1671,2066,1126,1975,3828,2191,2419,2823,3602,1303,2200,4419,2479,2039,3754,2008,1282
ABCF1,2011,5259,1677,7025,3569,2549,2481,3424,2355,4496,2240,2176,2597,2012,1568,3739,3179,3141,3040,5568,3704,5282,2202,7717,2219,924,1886,3689,1615,2458,2384,2084,13520,3144,2728,1873,2112,2726,1464,3555,1218,2201,1956,1770,1672,1276,1896,4128,2091,1814,2236,2741,1426,3758,2270,2812,1483,1594,1732,1895
ABCF2,506,416,317,1175,851,265,923,572,304,424,303,410,449,265,553,414,916,365,748,662,392,532,409,1323,697,214,327,399,292,352,646,518,419,685,648,391,322,548,273,601,374,282,712,345,386,217,286,497,487,371,349,567,269,403,746,298,388,532,332,307
ABCF3,1158,1276,1298,2914,1046,966,1553,1551,728,1192,2050,1352,1811,507,1173,1035,1416,1075,1221,1888,1622,2587,1012,849,1271,664,1278,1362,956,1186,1562,1360,2005,1565,1338,879,1094,1073,949,2087,1079,856,1989,1287,1011,918,1245,2029,1753,1138,1310,1011,766,1406,996,858,882,1220,1064,1014
ABCG1,1621,366,1867,817,1538,1420,4265,2173,1874,1113,1793,3363,1395,347,2172,918,2386,1768,691,3398,1517,802,1678,1555,1671,890,1715,971,1107,482,1753,1081,7763,857,1870,2607,1332,1096,1737,2429,1981,1358,1265,2497,1064,991,939,1433,1128,4393,1181,1013,1192,1324,2025,1975,1047,591,3578,3760
ABCG2,208,575,449,78,309,101,188,214,76,82,235,755,196,135,96,164,779,98,116,364,328,369,399,271,546,149,189,243,154,340,310,288,218,185,449,79,188,243,237,262,248,175,518,374,376,90,270,480,126,972,236,522,208,256,145,220,140,175,165,282
ABCG4,6,5,1,2,2,0,4,8,7,6,1,11,5,2,3,3,7,12,5,1,0,1,0,2,8,1,4,5,3,1,2,4,0,2,1,9,1,4,8,4,2,0,4,1,4,2,1,10,4,14,21,1,6,10,9,1,2,1,3,2
ABCG5,0,0,2,39,0,0,0,0,2,0,0,0,0,0,0,0,0,1,0,0,0,0,0,0,2,0,0,1,1,0,0,0,0,0,0,1,0,0,0,0,0,0,0,0,0,0,5,0,2,0,1,0,0,0,0,0,0,1,0,0
ABCG8,3,0,0,15,0,1,0,0,3,3,2,0,0,4,0,1,0,1,0,1,1,6,0,2,0,0,1,0,0,1,0,0,0,0,0,0,0,0,0,0,0,0,0,1,0,0,1,1,0,1,3,0,0,1,1,2,1,0,0,1
ABHD1,14,4,18,0,3,6,30,18,15,4,3,9,11,2,1,19,14,16,4,35,23,16,18,40,5,3,10,9,5,33,12,17,0,7,7,14,15,5,7,9,12,0,6,5,13,4,9,1,28,4,34,7,6,9,6,6,9,19,4,6
ABHD10,597,1237,744,1469,758,665,903,982,518,865,700,816,676,274,695,571,1045,1238,666,1067,1314,1865,921,1325,1396,376,552,702,728,1053,1415,827,1325,848,1195,538,812,851,642,937,940,675,1048,875,816,603,1287,1613,1249,710,505,1579,574,790,625,714,486,735,609,452
ABHD11,628,721,840,1701,1344,752,1250,1098,536,836,820,219,919,861,1043,1666,1258,1016,781,2304,508,764,733,2623,1132,351,561,980,534,823,938,1496,1685,805,1622,1233,506,1541,378,1406,689,506,925,341,589,285,308,904,729,234,510,1202,675,866,614,993,642,647,382,462
ABHD12,1043,3530,1560,2638,1740,1459,1258,2060,1187,1419,1447,1675,1814,1352,1355,1885,2523,2977,1252,2497,2189,3105,1425,2330,1714,843,1232,1888,1110,2994,1468,2096,1832,1333,1909,1365,1004,2101,1179,2164,840,1184,2554,2021,1268,926,1237,2821,1099,1823,1401,2169,818,1310,1816,1721,1103,1542,2039,1113
ABHD12B,8,3,4,1,1,0,8,19,3,0,19,20,2,0,3,11,10,3,4,26,0,0,0,10,55,2,25,1,3,3,3,25,0,5,1,28,23,9,0,4,12,0,5,1,1,1,7,0,2,5,1,0,1,1,0,6,0,0,4,5
ABHD13,1130,1676,1361,963,1340,1436,1336,1397,1229,1410,513,1347,879,784,1251,797,1774,1134,1243,2171,1315,2194,1532,1664,2262,502,1202,1161,1193,1968,1276,1023,3059,1471,1918,724,1220,1213,888,1312,981,1374,930,1259,1579,971,2038,1545,1421,1466,883,1236,846,1387,1288,1190,1196,1711,1316,574
ABHD14A,150,648,198,170,167,143,328,289,52,283,170,210,153,242,188,169,205,131,144,280,302,333,401,422,198,78,182,147,89,197,308,301,405,411,225,262,335,285,116,199,134,184,162,223,300,89,178,208,85,191,249,253,158,155,120,153,145,445,119,119
ABHD14A-ACY1,0,0,0,0,0,0,0,1,0,0,0,0,2,4,3,1,4,0,0,2,0,0,1,0,1,0,0,0,0,0,0,1,1,0,0,0,0,0,0,1,0,0,0,0,0,0,0,0,0,0,0,1,0,0,0,0,0,2,0,0
ABHD14B,842,1802,735,1214,1238,846,1234,1608,519,637,432,896,564,1567,550,891,1208,726,631,1643,1246,1119,1504,1351,1109,399,850,519,890,1094,1620,1435,1014,1995,1989,641,1548,1605,510,956,622,652,842,1021,1330,414,1024,1237,567,854,950,1858,730,832,608,713,1010,1810,517,516
ABHD15,552,545,888,1506,502,462,719,641,688,550,287,810,682,335,659,628,857,1730,397,1590,894,1472,919,591,884,411,800,699,528,520,797,659,1542,545,913,636,719,551,494,944,520,547,657,1002,656,402,503,671,616,639,1018,651,335,753,303,532,506,657,811,741
ABHD16A,95,347,178,237,133,144,126,162,78,128,135,142,104,123,121,160,175,166,142,252,226,208,121,423,170,61,112,95,97,132,111,139,432,143,206,108,113,165,81,137,69,141,97,117,157,79,131,320,92,140,109,183,86,182,88,112,63,131,98,102
ABHD16B,0,0,2,0,0,0,3,0,5,0,0,3,2,0,1,1,0,0,0,0,1,1,16,0,0,0,1,1,1,4,3,1,0,0,0,0,2,0,0,1,0,0,0,0,0,0,2,0,0,0,1,1,0,0,0,0,5,0,4,0
ABHD17A,902,522,668,1198,474,709,885,845,479,791,466,823,642,302,916,645,1092,689,793,1036,934,980,573,648,834,372,829,703,415,714,906,1279,917,840,834,698,555,807,602,1087,977,649,796,912,763,463,767,880,521,890,669,792,506,688,599,676,669,499,638,706
ABHD17B,471,780,624,997,702,633,961,736,398,689,665,909,566,519,751,734,1148,919,645,1021,996,1107,748,925,1650,302,580,748,486,761,1244,667,1522,824,939,381,556,721,567,578,786,742,741,518,810,329,827,942,707,771,526,493,402,637,810,578,408,832,653,656
ABHD18,599,933,950,742,875,717,1043,784,1090,1015,476,800,910,567,727,869,952,1217,858,1176,860,1831,1069,1183,1307,460,1008,1024,959,1116,633,926,1793,875,1105,737,1034,802,563,1064,514,830,921,856,768,549,948,1227,761,809,880,1171,571,956,1134,1147,788,881,742,691
ABHD2,9634,27571,15252,5148,24436,4189,12879,8736,23871,13806,4544,10198,18046,9223,10121,8328,13325,17037,10644,30294,9256,34637,8142,16514,50468,6214,14187,5925,15943,8048,11342,15688,16230,18781,8165,10041,8775,8767,11496,18080,4650,10567,25454,17245,9721,6500,63994,6026,7620,11839,4320,20408,7615,21813,8959,12024,8029,13060,15111,13076
ABHD3,425,910,675,1040,914,382,1312,718,1004,866,600,966,751,505,613,692,1334,937,873,1021,1155,5570,677,1122,1310,326,756,777,1025,3032,744,489,1113,570,1008,607,669,870,546,780,896,761,1336,1171,600,537,1606,1214,706,860,829,870,424,869,841,712,574,406,1194,802
ABHD4,1260,1277,946,1097,1022,647,804,553,578,786,531,858,874,579,605,812,911,549,1334,1362,1376,3925,768,949,1179,289,815,758,484,837,1422,844,822,1139,415,766,769,676,560,780,1062,491,3192,593,582,730,562,1268,782,634,1747,1060,478,1754,948,906,397,934,652,779
ABHD5,1362,1246,1550,696,1633,1114,1347,1256,933,1179,1301,2077,1252,620,834,956,1822,1321,851,1613,1089,2001,684,1971,1768,632,1352,1491,947,954,1927,1352,1715,1548,1976,1186,733,2594,752,820,833,1297,1128,1578,1847,446,1493,1607,908,2200,758,873,885,1019,1345,1492,740,1545,1227,791
ABHD6,291,135,338,56,121,233,286,300,156,215,165,508,191,94,123,186,334,162,243,349,284,333,132,245,431,121,261,177,199,165,238,345,362,255,350,189,282,197,211,218,208,267,325,439,297,130,507,355,202,379,446,223,195,246,164,167,161,161,258,153
ABHD8,330,84,359,624,223,284,331,323,156,324,158,341,233,87,260,182,327,211,186,393,422,172,192,343,236,122,307,180,126,269,491,636,226,173,238,312,202,210,234,304,268,177,343,284,502,197,155,353,699,216,445,231,243,256,214,287,205,480,255,145
ABI1,1830,2707,3251,6512,3723,2031,2698,3058,1786,2705,2122,2820,2558,1915,3032,2477,3645,3440,2656,3369,2922,5175,1897,3079,5382,1074,2022,3664,3433,2998,2949,2267,3544,1549,3455,2394,2548,2669,1931,2859,2562,2394,2986,3001,2554,1714,3882,3267,3151,2670,2764,3048,1661,3108,1937,1950,2291,3223,2764,1754
ABI2,1347,1716,1827,5135,1673,2505,3118,2641,1315,3601,1612,2021,1949,810,2859,1894,3432,5777,1848,3696,2025,2178,1842,2882,2219,1485,2847,1741,2133,2409,3888,3602,3701,1513,2916,2074,2051,1613,1241,2495,1457,1235,1767,1714,2515,1510,1427,3018,2507,1843,2061,2041,1338,1947,4751,3735,1818,1927,2118,1614
ABI3,463,146,503,93,289,122,378,733,193,197,197,469,424,121,329,167,565,303,468,462,590,332,135,336,520,299,672,145,293,275,345,442,227,137,546,277,240,326,493,549,355,368,530,800,302,372,234,287,316,503,276,476,282,246,154,249,348,106,348,478
ABI3BP,1036,1571,2484,413,841,999,1841,1316,396,447,718,3091,942,666,672,996,3083,922,735,2113,1601,517,890,1361,1736,1233,1901,786,1159,1625,1791,5057,1060,597,1613,563,2632,1699,651,2245,912,1666,1434,2845,2035,721,871,831,668,1506,218,864,2290,1252,277,1114,1727,369,211,1281
ABL1,2828,2565,2535,3212,2278,2955,3319,2406,1481,2264,1723,3918,3080,1593,3406,2304,3901,2430,3146,4243,2559,2547,1805,2465,4183,1162,2905,1928,1561,1685,3330,3748,2925,3244,2653,2759,1991,3458,2325,3262,1743,2014,2440,2556,2458,1714,1438,3330,2135,3127,2902,2350,1925,2790,2727,3551,1740,2322,2335,3072
ABL2,4331,5719,3117,4659,3839,3100,3274,2668,3725,4194,2038,5892,5000,2375,3945,3433,5052,5100,3564,5333,2829,8124,2456,4473,3975,1884,3219,3416,2614,3144,4007,3121,4500,4592,3697,2576,2935,4914,2515,3904,3255,2834,5049,3782,2283,1924,1921,4455,4859,5499,6455,2750,2233,5666,6082,3171,4073,2836,4086,3082
ABLIM1,3988,3559,8515,4677,8082,5131,6341,3863,7608,7978,4723,3334,3813,3716,6215,4288,8744,5591,7760,8002,5355,16488,4765,5369,26033,2451,4803,6094,4926,7072,7027,6243,10340,25617,4664,2944,3209,6247,6273,7630,2765,6552,8874,4367,4987,2739,11963,4061,17420,4081,1276,5381,4211,5204,4132,2806,2554,42729,4377,4644
ABLIM2,100,131,245,52,129,74,169,134,245,427,26,78,211,103,357,187,206,1365,48,351,122,137,213,214,85,106,135,34,114,130,241,256,339,165,112,140,129,164,76,180,216,99,364,277,159,51,154,180,36,94,251,170,140,157,301,350,178,90,219,214
ABLIM3,738,359,598,183,254,181,922,488,1712,254,222,746,379,161,163,215,1232,3499,269,512,472,897,221,452,1517,500,463,183,1633,508,740,782,358,887,867,246,535,300,297,346,294,452,1758,505,568,205,826,365,249,1111,361,313,324,1223,262,237,348,1723,615,799
ABO,245,206,125,10,110,147,331,94,123,132,15,39,228,57,401,133,69,16,20,260,43,154,458,72,202,40,75,12,161,99,296,170,246,701,147,115,88,283,98,161,46,169,24,234,74,172,169,241,167,21,202,75,107,15,153,72,132,86,83,215
ABR,2960,1563,5051,2275,2532,2759,5151,3971,3152,2387,2580,3909,3630,1112,3140,2157,7206,5558,2773,7267,2322,6088,4341,6233,4046,1848,3717,1721,2720,2452,4657,3815,5640,2245,5636,2678,4302,3243,3553,5499,2627,2898,2780,4325,2842,3231,3184,4510,1819,3964,2595,1999,2757,4289,3340,4046,2201,994,3733,3719
ABRA,2,0,2,0,2,2,1,3,1,0,0,14,1,0,0,1,8,2,4,1,0,0,0,0,0,0,1,0,0,1,0,0,0,1,0,3,1,2,0,0,0,2,0,1,1,0,1,5,4,1,0,1,2,35,0,1,6,0,0,0
ABRACL,427,332,925,229,698,427,513,687,647,473,1135,554,512,183,343,401,1172,324,774,1201,933,1897,437,1205,1405,242,439,1946,608,1102,862,431,832,569,819,370,348,1047,537,925,383,485,513,850,683,356,715,2262,808,477,520,1119,314,517,613,648,361,553,859,327
ABT1,573,2316,670,1742,1110,982,757,785,568,1228,620,565,696,727,631,929,1142,1019,926,1414,1337,1671,792,1885,1088,324,525,793,568,951,877,783,1885,722,1073,534,756,985,413,921,507,773,599,594,762,387,1229,2076,567,648,516,1008,535,1441,648,850,486,1022,585,410
ABTB1,520,643,565,272,354,385,754,540,494,391,269,256,430,144,698,364,763,645,351,803,447,512,340,725,634,343,501,218,948,571,565,870,843,917,456,321,454,474,474,962,411,419,531,808,496,466,1458,530,450,385,811,631,434,603,319,303,454,363,367,690
ABTB2,428,61,496,351,215,243,450,175,403,528,250,85,284,136,182,235,567,349,177,785,273,433,125,286,123,136,274,319,246,99,454,315,159,182,271,530,207,448,115,239,170,193,279,208,225,143,289,187,337,170,433,121,139,274,390,229,206,270,179,219
AC002310.11,0,1,0,1,1,0,4,0,0,0,0,0,1,0,5,0,3,3,0,3,0,0,0,0,0,0,0,0,0,0,0,3,0,1,0,0,1,3,0,0,0,0,0,1,1,0,0,1,0,0,0,0,0,2,1,0,0,0,1,1
AC002310.13,0,0,0,0,0,0,0,0,0,0,0,0,0,0,0,0,0,0,0,0,0,0,0,0,0,0,0,0,0,0,0,0,0,0,0,0,0,0,0,0,0,0,0,0,0,0,0,0,0,0,0,0,0,0,0,0,0,0,0,0
AC002398.9,1,0,0,0,1,0,3,1,0,0,1,0,0,0,1,0,0,0,1,0,3,2,0,0,1,0,0,1,3,0,1,2,1,1,0,0,1,0,0,1,0,0,4,2,0,0,1,0,0,3,2,0,0,0,1,1,0,1,1,0
AC002985.3,0,0,0,0,0,0,0,0,0,0,0,0,0,0,0,0,1,0,0,0,0,1,0,0,0,0,0,0,0,0,0,0,0,1,0,0,0,0,0,0,0,0,0,0,0,0,0,1,0,0,0,0,0,0,1,0,0,0,0,0
AC003002.4,0,0,0,0,0,0,0,0,0,0,0,0,0,1,0,0,0,0,0,0,0,0,0,0,0,0,0,0,0,0,0,0,0,0,0,0,0,0,0,0,0,0,0,0,0,0,0,0,0,0,0,0,0,0,0,0,0,0,0,0
AC003002.6,0,0,0,0,0,0,2,0,0,1,0,0,0,0,0,0,0,1,0,1,0,0,0,0,0,0,0,0,0,0,0,0,1,0,0,0,0,0,0,0,0,0,0,0,0,0,1,1,0,1,0,0,0,2,0,0,0,0,0,0
AC003005.4,0,1,0,0,0,0,0,1,0,0,0,0,2,0,0,0,0,2,0,0,0,0,0,0,1,0,0,0,0,0,0,0,1,0,0,0,1,0,0,0,0,0,0,0,0,1,0,0,0,0,0,3,0,0,0,0,0,1,0,0
AC003006.7,1,0,0,3,1,0,1,0,0,1,0,0,0,0,1,1,0,0,0,0,1,0,0,1,0,0,1,0,0,0,3,2,0,0,0,0,0,0,0,3,0,0,0,3,0,0,0,2,0,1,0,0,0,0,0,0,2,0,1,0
AC004067.6,1,2,2,0,0,0,3,0,0,0,0,6,2,0,0,0,0,0,0,1,1,0,0,2,0,3,1,0,1,0,5,0,0,0,1,1,0,1,0,2,1,3,1,7,1,2,1,4,1,2,0,0,0,1,1,1,0,0,0,0
AC004076.7,19,66,29,143,4,41,26,12,15,49,21,11,20,9,22,29,42,61,34,18,16,36,21,41,36,7,18,31,12,11,12,16,35,14,32,20,38,45,5,35,10,13,10,34,26,10,12,17,15,12,31,17,10,28,6,12,25,9,28,7
AC004076.9,2,5,1,6,4,11,8,1,3,3,1,2,3,1,5,4,1,5,6,4,4,2,0,1,3,0,7,2,1,8,9,2,9,2,1,3,2,5,0,3,4,4,1,3,3,1,0,5,1,4,3,1,0,12,2,2,2,0,1,4
AC004381.6,77,101,183,251,188,353,257,160,125,279,199,86,105,55,98,176,255,321,94,356,310,315,279,300,254,63,341,519,115,520,194,116,428,76,210,174,226,156,59,154,107,104,344,133,137,94,71,306,230,65,209,147,79,72,420,646,92,144,134,231
AC004754.3,5,4,12,16,1,4,17,8,5,17,3,18,12,6,10,8,10,13,5,17,2,5,13,9,7,3,15,6,2,6,18,7,8,5,13,5,9,8,2,18,11,13,12,4,11,4,7,15,5,6,10,9,16,16,14,22,9,6,7,11
AC005281.1,35,23,20,9,2,4,48,47,16,9,63,26,12,21,118,25,36,8,20,70,15,21,133,48,139,10,63,20,40,12,39,41,9,40,49,57,65,45,23,18,35,0,53,9,9,0,45,13,25,19,20,33,5,71,36,22,4,84,4,104
AC005324.8,0,0,1,2,0,0,3,0,0,1,1,1,0,1,1,0,1,0,1,5,1,0,0,1,0,0,1,2,0,4,2,0,4,0,0,0,2,0,0,4,0,0,0,1,1,1,1,2,1,0,0,2,0,0,1,1,0,0,5,1
AC005779.2,5,1,8,5,3,3,6,2,5,1,2,3,2,1,11,4,6,0,1,4,2,0,0,4,1,3,1,0,1,1,3,11,8,7,2,1,5,1,1,5,3,6,9,10,2,5,1,1,4,0,1,7,1,5,3,4,7,3,2,8
AC005787.5,1,0,1,25,0,2,0,0,0,6,0,0,0,0,17,0,0,43,3,4,0,25,5,4,6,0,0,8,9,1,0,0,21,0,0,4,0,0,1,0,0,0,2,0,0,0,35,0,2,0,3,0,0,5,9,4,0,7,12,0
AC005921.2,0,2,2,0,1,0,0,0,6,1,1,0,1,1,3,1,3,2,1,0,0,0,0,1,6,0,0,7,5,0,0,0,1,0,2,0,0,0,0,0,0,1,1,0,0,1,60,0,5,0,3,0,0,0,0,2,1,0,5,0
AC005943.2,0,0,0,0,1,0,0,1,0,0,0,0,0,1,0,0,4,1,0,0,0,1,0,0,0,0,0,0,0,0,0,0,0,0,0,0,0,0,0,0,0,0,0,0,0,0,0,0,0,1,1,0,0,0,0,0,0,0,0,0
AC006486.9,0,0,0,2,1,0,0,0,0,0,0,0,0,0,0,0,0,1,1,0,0,1,0,0,0,0,0,0,0,0,0,0,1,0,0,0,0,0,0,0,0,0,0,0,0,0,1,0,0,0,0,0,0,0,1,0,0,0,0,0
AC006518.7,0,0,0,0,0,0,0,0,0,0,0,0,0,0,0,0,0,0,0,0,0,0,0,0,0,0,0,0,0,0,0,0,0,0,0,0,0,0,0,0,0,0,0,0,0,0,0,0,0,0,0,0,0,0,0,0,0,0,0,0
AC006538.4,0,0,0,0,0,0,0,0,0,0,0,0,0,0,0,0,0,0,0,0,0,0,0,0,0,0,0,0,0,0,0,0,0,0,0,0,0,0,0,0,0,0,0,0,0,0,0,0,0,0,0,0,0,0,0,0,0,0,0,0
AC007040.11,5,5,0,20,2,8,8,2,4,2,2,2,6,0,1,1,3,9,3,28,0,8,6,3,2,0,1,1,3,2,4,3,1,1,0,3,2,1,0,4,1,4,5,3,1,3,0,2,11,0,7,1,4,8,35,1,17,3,2,1
AC007192.4,2,0,0,1,1,0,0,0,0,0,0,1,1,0,1,1,0,1,0,1,1,0,1,0,0,1,0,0,0,1,1,0,0,1,0,0,1,1,0,0,0,0,1,1,0,0,0,0,0,1,0,0,0,1,0,1,1,0,3,0
AC007326.13,0,0,0,0,0,0,0,0,0,0,0,0,0,0,0,0,0,0,0,0,0,0,0,0,0,0,0,0,0,0,0,0,0,0,0,0,0,0,0,0,0,0,0,0,0,0,0,0,0,0,0,0,0,0,0,0,0,0,0,0
AC009014.3,0,0,59,0,0,10,0,1,0,1,6,3,0,0,0,46,24,338,0,0,16,6,1,1,0,1,1,1,6,3,0,1,1,0,0,1,1,3,1,0,1,0,0,0,0,2,52,0,0,1,0,2,0,1,49,15,0,0,0,0
AC009133.22,0,0,0,0,0,0,0,0,0,0,0,0,0,0,0,0,0,0,0,0,0,1,0,0,0,0,0,0,0,0,0,0,0,0,0,0,0,2,0,0,0,0,0,0,0,0,0,0,0,0,0,0,0,0,0,0,0,0,0,0
AC009133.23,0,0,0,0,0,0,0,0,0,0,0,0,0,0,0,0,0,0,0,0,0,0,0,0,0,0,0,0,0,0,0,0,0,0,0,0,0,0,0,0,0,0,0,0,0,0,0,0,0,0,0,0,0,0,0,0,0,0,0,0
AC009336.19,2,6,5,16,1,1,0,4,0,10,1,0,1,0,0,3,6,1,4,7,5,0,3,5,1,3,2,1,0,0,4,2,0,1,0,0,3,1,2,6,2,0,1,1,2,0,1,3,1,0,4,3,1,0,51,3,1,1,12,1
AC009477.8,10,0,0,4,1,0,0,0,8,1,0,0,0,1,0,1,0,0,0,0,0,1,0,1,1,0,0,1,0,2,0,0,0,1,0,0,0,4,1,0,0,0,0,0,1,1,0,1,0,0,2,2,0,0,0,0,0,0,0,1
AC010547.9,7,31,40,2,12,14,16,13,4,6,2,5,13,11,19,10,15,25,12,14,7,20,5,14,35,10,7,1,21,4,7,10,10,73,22,5,7,9,7,31,4,10,21,12,8,14,12,26,8,14,17,8,8,17,14,13,22,10,2,16
AC010642.1,49,81,59,143,126,115,57,44,83,157,49,61,72,37,71,59,115,129,68,124,70,54,48,57,111,33,91,65,66,69,81,61,70,78,87,107,76,54,47,95,46,63,77,73,33,47,61,101,103,65,114,50,27,61,77,71,82,57,88,78
AC010646.3,0,0,0,0,0,0,0,0,0,0,0,0,0,0,0,0,0,0,0,0,0,0,0,0,0,0,0,0,0,0,0,0,0,0,0,0,0,0,0,0,0,0,0,0,0,0,0,0,0,0,0,0,0,0,0,0,0,0,0,0
AC011513.3,0,0,0,0,0,0,0,0,0,0,0,0,0,0,0,0,0,0,0,0,0,0,0,0,0,0,0,0,0,0,0,0,4,0,0,1,0,0,0,0,0,0,0,0,0,0,0,0,0,0,0,0,0,0,0,0,0,0,0,0
AC011530.4,3,0,2,2,0,2,3,0,2,1,0,4,0,0,2,3,0,4,3,0,1,1,2,0,2,0,1,0,0,0,2,1,1,1,0,2,3,0,1,0,2,0,1,1,4,1,2,0,1,0,0,0,2,2,2,1,3,0,2,1
AC011753.3,159,204,279,495,305,156,163,354,76,457,209,235,244,177,288,229,483,346,348,309,264,839,358,406,471,59,130,794,117,256,219,456,352,335,454,278,231,237,187,262,270,194,353,172,281,129,258,392,293,212,412,430,151,316,278,207,159,425,237,223
AC013269.5,0,0,0,0,0,0,0,0,0,0,0,0,0,0,0,0,0,0,0,0,0,0,0,0,0,0,0,0,0,0,0,0,0,0,0,0,0,0,0,0,0,0,0,0,0,0,0,0,0,0,0,0,0,0,0,0,0,0,0,0
AC013271.7,2,0,2,2,6,3,2,3,0,0,4,31,1,0,5,0,1,2,3,38,1,5,0,1,4,2,0,1,1,0,7,3,0,1,1,3,7,0,3,3,0,0,5,3,0,8,1,0,3,3,4,2,1,16,0,5,1,0,4,20
AC015688.3,10,4,11,2,3,7,4,6,2,2,3,12,9,1,8,14,8,4,4,21,15,8,4,13,4,3,35,3,13,3,2,6,8,5,9,4,12,6,5,14,5,5,4,15,7,14,6,11,2,14,2,9,6,5,1,3,8,5,5,7
AC017099.3,60,94,163,36,51,111,194,78,21,52,64,79,91,43,80,172,98,59,47,162,91,49,109,82,90,62,299,37,55,105,112,163,179,101,73,93,167,77,42,156,106,59,169,140,79,53,51,84,75,79,82,116,70,68,55,133,88,35,54,83
AC018755.18,1,0,0,0,0,0,0,0,0,0,0,0,0,2,0,0,9,0,0,0,0,0,0,1,3,1,0,0,0,0,0,0,0,0,0,0,0,0,0,0,0,5,0,1,2,5,0,0,2,0,0,0,1,2,0,0,0,0,0,0
AC024592.12,21,21,13,63,21,30,28,36,8,36,11,32,18,17,27,17,42,57,37,32,40,42,9,30,28,12,39,16,9,28,30,53,22,36,35,36,31,29,10,28,37,16,24,22,40,17,27,28,17,30,25,34,13,33,21,25,27,25,15,18
AC025263.3,0,0,0,0,0,0,0,0,0,0,0,0,0,0,0,0,0,0,0,0,0,0,0,0,0,0,0,0,0,0,0,0,0,0,0,0,0,0,0,0,0,0,0,0,0,0,0,0,0,0,0,0,0,0,0,0,0,0,0,0
AC025283.2,15,58,35,1,28,14,22,13,28,21,32,21,36,43,24,35,50,13,11,75,34,26,67,23,13,30,12,65,12,57,108,54,43,39,165,18,73,125,18,36,31,33,81,16,33,16,26,121,57,22,118,6,16,70,60,181,159,20,30,31
AC025335.1,140,416,175,182,96,122,191,181,64,67,115,174,123,193,162,100,426,90,70,163,150,166,288,421,211,108,106,155,69,97,225,211,311,157,243,86,201,144,80,181,80,218,110,137,150,53,73,140,93,329,57,122,204,223,176,135,75,218,105,145
AC027601.2,1,0,0,0,0,0,0,0,0,10,0,1,0,0,0,0,2,0,0,1,0,0,0,0,0,0,0,0,0,0,0,0,0,0,0,1,0,0,0,0,0,0,0,0,0,0,0,0,1,0,16,0,0,0,3,1,1,0,0,0
AC037459.4,0,0,0,0,0,1,0,0,0,0,0,1,1,1,1,1,0,0,0,1,0,0,1,1,0,0,0,0,1,0,0,0,1,1,0,0,0,0,0,0,0,0,0,0,0,2,0,0,0,3,1,2,0,2,0,0,0,0,0,0
AC040160.13,55,54,113,192,77,103,109,198,69,55,58,98,76,51,57,89,125,164,75,138,63,144,235,209,99,49,105,86,83,72,106,123,73,45,148,87,211,72,63,203,72,62,101,106,148,52,56,119,93,77,52,117,38,137,63,113,81,77,58,96
AC064853.3,0,0,0,0,1,2,0,0,2,0,0,1,0,0,0,0,0,2,0,0,0,1,0,0,1,0,0,9,0,0,0,0,0,0,0,3,0,0,0,1,1,0,3,0,0,0,0,2,2,0,0,0,0,0,2,0,0,0,2,0
AC068533.7,4,1,20,2,10,4,25,5,6,0,6,5,8,0,9,2,4,3,3,6,6,32,7,2,3,2,4,5,4,7,8,7,20,5,10,1,2,2,6,12,3,2,5,1,1,5,2,3,0,8,2,1,0,1,3,4,1,11,0,2
AC068831.18,26,30,34,181,172,73,33,26,54,171,49,12,54,22,39,29,74,120,91,34,76,107,18,53,111,19,144,76,69,112,23,21,115,52,45,119,36,28,25,49,38,23,239,50,18,27,35,41,118,18,95,54,19,15,139,123,48,27,58,35
AC069368.3,0,2,0,1,0,1,0,1,1,3,0,2,2,0,1,0,1,2,2,0,1,1,0,2,1,0,1,0,1,0,0,0,1,0,1,3,1,0,1,5,0,2,5,2,0,0,0,0,4,0,0,0,0,0,0,0,0,0,2,2
AC073346.2,518,926,909,1375,739,282,714,1386,406,838,946,805,488,621,629,768,1032,800,924,1363,725,1165,2775,2164,1344,479,499,1056,463,1261,1423,1185,172,620,1697,416,1754,1174,460,1196,870,753,679,801,845,437,1044,694,921,861,534,1521,425,560,719,782,425,1406,576,354
AC073464.10,6,0,3,0,4,0,10,3,2,0,16,2,4,0,1,17,2,1,4,5,1,3,3,14,11,0,2,4,8,5,96,34,1,1,5,1,23,2,1,3,42,3,4,0,3,2,1,4,10,4,6,1,2,1,2,1,13,1,0,2
AC073610.5,0,0,0,0,0,0,0,0,0,0,0,0,0,0,0,0,0,0,0,0,0,0,0,0,0,0,0,0,0,0,0,0,0,0,0,0,0,0,0,0,0,0,0,0,0,0,0,0,0,0,0,0,0,0,0,0,0,0,0,0
AC073869.1,49,86,63,145,111,51,63,91,84,80,38,74,49,49,85,82,89,132,71,94,77,163,76,78,103,24,55,95,67,83,60,49,156,63,71,68,50,67,52,93,75,39,69,59,75,38,60,87,65,74,66,109,43,101,62,49,67,76,60,29
AC079325.6,17,4,0,3,32,2,1,4,2,6,6,15,2,0,0,1,23,3,9,4,7,1,1,1,2,2,4,18,3,4,4,5,1,4,8,2,2,9,4,7,2,1,10,3,5,0,4,9,1,7,7,3,9,5,2,10,5,4,10,3
AC084219.2,0,0,1,3,0,2,1,0,0,2,1,0,2,0,1,0,1,2,2,1,1,1,1,0,0,0,0,2,1,0,1,0,0,0,0,1,0,1,0,0,0,0,1,1,0,0,0,0,0,0,3,0,0,1,0,0,0,1,1,0
AC092442.3,0,0,0,0,0,0,0,0,0,0,0,0,0,0,0,0,0,0,0,0,0,0,0,0,0,0,0,0,0,0,0,0,0,0,0,0,0,0,0,0,0,0,0,0,0,0,0,0,0,0,0,0,0,0,0,0,0,0,0,0
AC092835.2,96,77,157,404,99,217,175,110,148,52,83,106,122,87,205,119,221,349,132,390,182,209,115,259,89,41,223,190,120,158,129,94,135,88,164,165,98,131,97,163,82,113,137,111,144,91,65,279,178,43,270,119,60,112,166,270,143,38,224,78
AC093323.3,214,615,406,640,571,345,423,433,354,672,286,319,571,538,526,406,453,550,321,666,518,778,730,513,578,217,383,339,284,374,597,666,1113,173,582,279,612,451,191,622,314,294,261,377,388,257,297,562,414,268,222,546,277,444,488,566,442,471,374,268
AC104304.4,0,0,0,0,0,0,0,0,0,1,0,0,0,0,0,0,0,0,0,0,0,2,0,1,0,0,0,0,0,0,0,0,0,0,0,1,0,0,0,0,1,0,0,0,0,0,0,0,0,0,0,0,0,0,0,0,0,0,0,0
AC104532.2,1,0,2,3,4,1,1,1,4,2,1,2,1,0,3,1,1,1,1,2,1,0,0,1,1,0,2,0,0,3,4,2,1,0,1,0,0,1,0,0,2,1,2,0,0,0,2,0,1,1,2,2,1,1,1,2,1,1,2,0
AC104534.3,0,0,2,0,1,0,0,0,0,0,0,0,0,0,0,0,0,0,0,0,0,0,0,0,0,0,0,0,0,0,0,0,1,0,0,0,0,0,0,0,0,0,1,0,0,0,0,0,0,0,0,0,0,0,0,0,0,0,0,0
AC104794.5,21,4,3,10,28,12,19,6,48,58,1,9,4,1,6,9,24,48,19,29,13,60,7,20,53,6,31,12,11,81,8,1,25,8,4,20,3,7,13,6,6,5,79,14,2,2,6,29,13,7,60,13,13,1,53,34,10,3,8,11
AC108868.4,1,1,0,200,0,51,3,2,1,0,4,0,17,1,5,1,3,2,3,10,8,7,2,11,9,0,3,0,2,3,1,5,5,0,3,7,0,2,3,0,1,0,0,4,0,4,1,4,5,2,3,4,1,6,0,2,14,2,8,2
AC108938.5,4,2,36,19,5,46,10,11,10,0,0,8,7,0,0,3,21,7,12,41,3,3,0,8,8,11,9,12,4,15,3,30,9,4,0,11,4,0,4,28,14,15,5,10,13,0,43,14,5,18,17,9,1,9,9,6,13,3,21,7
AC109326.1,1,0,2,2,0,7,0,7,4,5,2,6,3,2,0,1,6,5,2,9,1,2,12,2,0,2,5,3,1,0,5,18,1,0,3,1,2,8,3,0,1,1,1,2,1,2,3,0,8,0,7,1,1,6,1,3,8,0,0,1
AC114783.1,0,0,0,0,0,0,0,0,0,0,0,0,0,0,0,0,0,0,0,0,0,0,0,0,0,0,0,0,0,0,0,0,0,0,0,0,0,0,0,0,0,0,0,0,0,0,0,0,0,0,0,0,0,0,0,0,0,0,0,0
AC116366.7,8,16,15,3,5,2,20,6,7,1,9,16,15,1,12,7,9,12,2,16,15,10,3,7,2,9,15,3,7,7,19,39,7,4,5,4,17,13,7,16,9,5,4,22,10,6,15,6,2,15,6,4,8,12,8,7,20,4,2,18
AC131097.4,0,0,0,3,0,1,2,1,0,3,2,0,2,0,0,2,0,0,0,11,0,9,0,2,3,0,4,0,0,0,2,0,5,0,0,6,2,0,0,0,0,0,0,0,4,0,0,0,2,0,12,3,0,3,6,0,0,2,1,0
AC138517.6,0,0,12,0,4,1,2,6,1,4,3,7,1,2,2,2,5,1,5,25,2,1,2,0,7,4,2,2,9,5,2,3,23,11,4,3,2,1,16,8,5,1,3,12,7,9,23,6,1,1,1,1,4,1,1,2,4,1,0,10
AC138647.1,0,0,0,0,0,0,0,0,0,0,0,0,0,0,0,0,0,0,0,0,0,0,0,0,0,0,0,0,0,0,0,0,0,0,0,0,0,0,0,0,0,0,0,0,0,0,0,0,0,0,0,0,0,0,0,0,0,0,0,0
AC138969.4,6,341,216,281,258,227,946,337,589,434,266,159,183,474,228,738,200,243,245,1253,4,680,582,124,270,366,831,652,131,195,51,477,863,439,2,453,301,375,258,901,516,99,494,571,404,50,344,15,545,57,377,55,344,128,33,1132,36,84,28,609
AC140481.2,0,0,0,0,0,0,0,0,0,0,0,0,0,0,0,0,0,0,0,0,0,0,0,0,0,0,0,0,0,0,0,0,0,0,0,0,0,0,0,0,0,1,0,0,0,0,0,0,0,0,0,0,0,0,0,0,0,0,0,0
AC142391.3,8,10,4,1,8,2,7,8,3,5,2,6,4,5,1,7,16,2,5,3,0,3,6,7,2,8,13,2,5,8,7,5,5,7,8,3,1,5,3,9,3,5,6,3,1,0,10,4,4,3,2,2,6,3,1,3,8,0,2,14
ACAA1,1232,2404,1919,1207,1190,747,1337,1379,899,971,977,1315,1115,911,1035,1310,1842,833,1412,2078,1179,1191,1721,1601,1906,673,1354,657,1031,814,2235,1789,3670,1747,1557,1051,1573,1322,1003,1224,689,1308,984,1531,1352,762,1165,1504,902,1337,905,1126,747,881,904,828,927,1570,866,1159
ACAA2,1159,1244,1242,3582,1092,1089,2540,2187,1108,872,926,1712,702,197,767,834,3106,2575,1661,1939,1122,4017,1864,2108,2238,465,1093,1250,952,1254,1430,1453,873,865,2058,1237,1490,1333,1388,1522,1677,1320,1306,1341,1655,508,1658,1313,1503,1475,933,1416,491,1293,1101,1158,981,665,1014,1023
ACACA,4637,8183,7989,22748,3355,3324,7182,4247,6195,6275,3459,3346,5323,4502,3531,5798,6075,6394,3388,9631,3369,8404,5197,7091,6008,3499,5891,11630,3103,4009,7966,6905,7726,12687,8517,3452,5760,5234,4060,6978,4189,5631,10562,5822,3174,2653,2567,4701,8566,2831,16050,6142,2329,3416,6805,5268,2384,4232,3207,4906
ACACB,550,842,1297,365,420,681,1779,1263,271,960,563,955,779,433,518,684,2032,2980,701,1527,747,572,888,1157,802,752,1342,507,587,698,1646,1887,874,476,1168,635,1448,781,902,1600,858,657,1034,1684,1298,584,961,707,737,1208,649,503,926,1431,549,683,671,364,1131,1750
ACAD10,751,1278,893,1627,1023,849,836,984,1085,1089,750,877,1025,867,1163,818,1392,2844,915,1354,707,2351,1398,1715,1258,528,1142,1004,732,696,1182,821,1540,1403,1054,895,1047,738,834,1229,748,556,1132,953,755,621,852,1300,1244,698,1289,1100,537,1099,1094,1119,651,443,1067,938
ACAD11,132,145,184,422,147,132,228,151,125,221,138,154,153,48,244,135,242,182,163,253,171,265,155,283,192,124,195,88,139,211,192,257,195,147,158,157,155,170,175,359,150,132,196,269,147,156,128,278,331,169,171,183,130,221,76,170,145,90,193,223
ACAD8,1195,1198,2026,1067,789,1096,1277,1655,491,787,1150,609,1604,867,1047,3586,2182,1174,880,4322,929,960,2848,8854,931,530,993,1946,635,2208,5458,2967,1555,1368,3792,797,1833,7927,640,2506,5744,3407,768,1054,1395,1566,654,3890,1120,891,4681,1326,1424,826,798,892,1438,933,669,703
ACAD9,944,1292,1135,2587,973,1361,1558,1124,651,1323,1598,1053,933,409,1158,1037,1718,1814,1172,1651,1594,2171,873,2270,1238,693,1311,815,884,1532,1623,1413,1667,1496,1376,854,1066,889,831,2502,824,796,1884,1198,989,743,1078,2205,1856,1042,1335,2679,828,1300,1040,1081,875,1336,811,1044
ACADL,314,213,202,795,110,124,104,219,30,52,212,387,56,363,17,132,416,185,40,75,344,191,70,685,360,294,465,187,140,108,320,251,86,217,372,56,248,100,56,73,192,421,27,554,195,211,287,204,99,474,30,67,129,76,103,241,57,75,17,430
ACADM,974,2829,1465,2576,1605,1467,1376,1501,941,1550,1916,1626,1442,1850,1302,842,1798,3129,1428,3496,1818,7582,2375,2892,3030,712,1390,2013,907,2212,3738,1041,4452,1938,2775,1552,2189,1423,1373,1708,1008,1441,2125,1259,1226,873,1805,2553,1486,1656,1064,2711,731,1686,2457,1852,902,1848,1898,975
ACADS,617,540,572,769,644,495,621,867,397,519,537,533,548,770,504,1344,1014,1211,643,1142,601,1097,1058,1594,1396,282,493,369,379,619,1622,696,2403,1076,834,429,688,763,485,616,702,767,683,718,799,465,853,1062,452,624,984,1283,693,670,368,468,1728,499,564,633
ACADSB,1967,7466,3296,946,1115,575,2295,1441,773,4704,659,1169,814,1338,927,1692,1497,2145,717,1885,1350,5777,1780,1851,1221,601,845,907,976,1641,3616,2505,2213,3039,1375,868,1863,1770,1265,910,2742,4668,451,1792,1888,567,1175,1262,1009,1506,2187,673,624,1901,1328,765,2426,1804,980,1896
ACADVL,5326,8026,6685,6356,6638,3177,8837,6405,6949,5334,3495,6398,5319,5052,5245,5193,10021,6977,5249,9178,5367,12371,9879,13469,8985,2048,4871,9207,3080,5142,8866,6490,19290,13167,6099,5653,7248,5438,5964,7532,4855,7229,5700,4287,6008,3746,4833,9365,4819,6580,5081,5916,4144,7064,5355,5042,3596,4838,5332,8537
ACAN,475,27,34,100,178,105,119,94,189,24,113,135,183,2,77,65,467,42,375,123,38,110,8,74,210,95,129,76,42,439,137,261,8,12,36,87,61,49,155,45,22,3,375,12,28,106,43,35,95,65,46,179,57,3258,244,107,105,37,162,215
ACAP1,523,89,594,270,620,219,1143,970,410,670,167,660,910,164,1115,311,720,308,720,1033,1336,713,445,480,1189,375,812,342,506,662,435,793,205,128,889,675,757,575,923,1670,756,674,1138,1604,1050,497,435,704,597,715,341,622,745,271,85,226,1223,107,522,871
ACAP2,3409,4735,4308,10207,4226,3164,4323,5492,2643,2936,6265,4862,5491,1383,3287,3073,6716,3304,3700,5771,5022,6963,3460,4216,5801,2283,4349,4975,4360,6707,5478,3998,6045,3833,5971,2912,4032,3877,3187,6574,3961,3637,4473,5125,4341,3028,6315,7306,6370,4558,3697,3082,2973,4882,2882,3473,3360,4936,4579,2381
ACAP3,780,1385,1452,1567,1062,1017,1047,723,699,1190,762,1194,2753,731,1423,1524,1403,2169,871,1773,959,1298,947,1526,1373,588,1819,807,637,962,951,1433,1618,1804,865,1123,874,828,766,1727,674,927,1182,1239,828,569,689,1989,581,920,959,1335,741,1215,1122,1325,897,1117,1078,1577
ACAT1,1174,2172,1418,2104,1222,712,996,1373,288,1465,677,1481,863,2066,1341,1030,1779,3201,1326,1732,1383,1889,2090,2046,1712,497,764,2116,659,2019,1359,1000,3720,1842,2809,2099,1116,2618,1355,1634,1181,1511,905,1016,1183,590,776,1551,1231,1771,1141,1657,631,874,1479,822,902,1018,1257,806
ACAT2,431,667,1081,2523,922,768,733,640,1036,1324,815,510,352,365,231,281,912,572,868,1213,1332,1368,602,1089,1460,316,707,1645,833,1215,867,446,1320,732,878,570,397,1277,448,933,421,235,872,750,619,415,1362,651,1134,446,1475,1065,408,604,583,964,322,419,553,254
ACBD3,3834,7656,4232,5001,6211,3472,3809,4231,3107,5658,3088,3641,5570,3205,3522,5596,6637,5275,3161,6022,5061,8775,6059,7279,5355,1510,3179,3411,3802,5343,4254,3139,9059,7725,6349,4125,3528,5885,3105,4311,5156,2893,4014,2437,3879,2777,6046,9732,6545,3577,4720,4636,3588,5455,5265,3370,3924,7563,3598,2172
ACBD4,255,383,398,781,239,292,539,546,311,499,120,348,326,267,328,480,646,351,296,913,418,444,580,526,486,247,451,338,291,281,561,625,584,274,412,273,552,430,281,593,321,237,340,325,449,251,289,509,381,293,350,354,225,390,257,401,329,324,378,375
ACBD5,1082,2144,2337,2929,4048,973,1910,1990,1742,2552,1122,1521,2007,1417,1668,1705,2502,3597,1310,2080,1564,6947,1743,2576,4744,672,1326,2721,3687,3459,2743,1349,2688,983,2486,1660,1431,2184,1244,1615,1848,1411,2516,1603,1555,1081,3652,1742,2496,1317,2238,2574,1049,2106,1395,1484,2289,2154,1823,1333
ACBD6,1244,2873,1389,2078,1967,1602,1430,1207,1002,1456,1025,958,1433,1198,1449,1313,1877,2396,1047,2136,1541,4111,1152,2212,2073,651,1555,1461,1107,1648,1979,1265,1732,2014,2114,1194,1464,2131,903,1650,1371,909,2430,1144,1378,923,824,2690,1859,945,2032,1171,1094,1961,2374,1390,1123,1756,1355,1275
ACBD7,29,12,42,57,19,43,68,38,3,107,31,23,13,9,7,22,23,144,6,50,56,65,44,89,62,15,79,182,42,225,97,12,66,12,49,41,59,12,9,25,32,52,30,7,47,8,15,34,19,13,185,36,16,5,34,89,10,11,12,23
ACCS,424,616,830,709,485,1542,922,709,934,410,218,496,599,617,584,604,824,605,322,1186,453,2355,1300,586,816,370,737,325,490,371,606,1779,730,755,899,458,1012,588,530,902,329,383,490,647,1107,809,421,1013,537,618,521,1065,458,697,429,440,428,650,548,1342
ACCSL,0,1,1,0,0,0,1,1,1,1,0,1,1,0,0,0,0,0,0,1,0,0,1,0,0,0,0,1,0,0,0,1,1,0,0,0,2,0,0,3,2,0,0,0,0,2,0,1,0,0,0,1,1,0,0,0,0,0,0,0
ACD,161,134,307,790,248,405,292,423,227,302,210,218,242,113,172,194,352,354,225,508,292,351,380,346,347,120,294,433,173,207,285,296,243,187,383,213,303,212,166,400,255,180,439,203,421,165,189,509,293,202,244,241,176,327,297,469,212,267,234,181
ACE,1835,1518,1122,1451,506,444,500,972,497,880,479,1843,789,738,449,789,2111,1255,524,786,1605,787,658,766,786,511,1344,571,897,415,1184,1282,1208,2115,1143,599,692,651,1446,797,669,698,616,2285,753,468,632,976,566,2202,830,589,751,891,760,1061,944,438,843,1567
ACE2,110,217,181,19,274,48,327,405,17,34,170,111,126,1472,24,518,66,38,69,588,373,3156,8760,2372,328,541,195,854,75,391,867,197,46,487,399,82,2514,712,58,90,242,135,1265,120,846,160,313,60,140,199,120,1981,54,786,291,291,56,242,12,202
ACER1,1,0,3,2,2,2,0,3,1,0,0,1,1,2,1,1,9,0,0,7,5,2,5,1,9,6,1,2,1,1,4,2,0,0,2,1,2,5,2,8,1,2,6,20,3,2,0,0,0,1,0,2,3,1,2,0,3,0,1,9
ACER2,160,508,202,132,78,139,232,228,56,158,207,307,162,157,133,197,367,133,125,333,217,168,234,157,161,68,225,199,214,216,215,218,471,133,329,175,179,456,127,160,155,143,135,204,157,111,1633,150,80,215,242,156,225,218,208,97,149,92,171,190
ACER3,1395,1158,2159,2027,1828,1569,1804,2679,1730,899,1262,2345,1619,534,1920,1397,2634,1250,1351,2126,2072,2391,1271,2226,2042,1067,1467,1569,1466,1662,1350,1494,1094,1765,2843,1338,1395,1796,1058,2929,1139,1261,1617,2054,1398,1400,1957,1815,1562,2227,1746,1430,1145,1532,884,1540,1333,1029,2037,942
ACHE,1226,27,1348,116,145,27,129,339,53,23,110,87,431,16,291,560,944,79,27,541,202,56,729,909,153,46,94,156,114,41,1387,222,740,168,202,1186,230,1910,332,972,323,301,44,204,223,111,64,231,33,54,251,68,371,78,256,249,1323,349,197,769
ACIN1,3091,3987,4094,5787,4012,4608,3629,3170,3222,4195,2864,3406,5188,2366,5289,4182,4651,3303,3262,7215,3711,5467,4547,4821,3767,2108,6026,4186,2638,2249,5021,3604,5556,3418,2790,5502,5269,3647,3337,5253,2817,2727,4964,3845,3408,4825,2765,4247,4948,2812,3458,2418,2651,4407,4986,3592,2865,3136,2830,4125
ACKR1,623,268,273,82,400,218,670,874,56,148,138,759,114,108,95,285,1257,116,110,550,412,147,216,344,767,156,335,131,312,409,268,1014,188,150,380,281,257,661,315,259,497,237,249,639,638,60,248,680,254,775,51,198,616,230,27,83,329,189,10,300
ACKR2,34,22,46,164,46,94,115,29,81,126,493,59,330,30,105,813,57,87,40,1136,441,261,46,409,52,57,863,591,23,43,47,76,34,17,24,647,96,39,24,43,30,20,30,37,26,27,18,386,83,22,94,28,34,36,105,248,89,19,66,33
ACKR3,440,174,241,331,276,312,137,265,282,213,270,796,171,59,187,287,820,160,429,255,133,214,83,317,293,93,673,423,377,137,323,281,105,459,231,887,159,167,299,318,161,59,2365,183,142,431,170,383,736,364,540,232,237,632,1471,497,227,1809,1042,169
ACKR4,18,16,37,9,19,16,49,36,8,9,33,79,3,7,1,14,91,16,22,14,55,37,19,17,72,25,103,11,84,78,50,16,18,23,88,22,26,7,28,9,23,14,19,37,25,42,562,63,33,62,28,21,30,33,12,97,25,11,16,35
ACLY,4637,3970,4885,58622,4130,3848,4722,5606,4533,10517,3135,4591,5295,4254,7298,4753,8837,19914,3795,9021,6062,12716,4227,7254,5836,2275,4741,10375,3625,3358,4910,5370,9740,6960,5185,4227,3751,4227,3749,7113,4059,3043,7108,4698,2945,2239,3634,6024,7691,3120,9075,5279,2836,4773,6896,3559,6714,4410,4997,3361
ACMSD,9,25,14,0,19,0,15,5,23,9,0,11,10,59,4,57,115,3,57,7,1,1777,56,76,51,6,8,2,7,38,66,18,10,34,80,6,2,10,5,1,6,15,14,8,22,3,30,2,1,38,45,12,0,359,48,11,12,47,24,23
ACO1,2890,2031,1595,1705,2202,1063,1671,2043,2182,1354,847,2232,2992,1431,1948,2257,5139,1598,3328,2327,1743,2093,3514,3799,2031,827,1643,1719,1704,4127,22057,4634,3746,2305,4495,1645,1402,12465,1501,1971,2188,1596,3598,1765,1444,996,1343,2841,925,2075,2521,2044,1962,2132,2093,1686,1504,1014,1694,1409
ACO2,1546,2342,2528,4472,2535,1525,2823,2531,1871,2370,1520,2816,2780,1674,1832,1608,2833,5742,1666,5614,2867,3795,2251,3373,3473,962,2626,2308,1643,2158,2303,2892,4139,3556,3394,2944,2572,1888,2055,3407,1580,1853,2204,2586,2555,1258,1721,2426,2145,2446,1850,2515,1339,2231,1798,1847,1696,1855,2265,1997
ACOD1,4,1,4,0,4,5,0,3,12,2,0,7,4,0,4,1,4,0,26,1,3,4,0,1,1,0,2,1,2,3,0,2,0,0,9,5,1,2,7,0,4,1,14,3,1,0,1,9,14,4,0,1,2,0,0,0,5,1,0,1
ACOT1,79,130,120,397,81,193,160,103,6,55,67,74,144,177,44,113,163,73,111,188,166,245,253,264,158,40,57,167,30,227,224,227,265,65,169,166,185,94,77,78,92,87,72,76,53,139,96,179,101,135,44,173,28,59,47,172,63,139,81,95
ACOT11,409,395,1042,133,611,219,540,526,1098,214,303,276,813,158,470,245,1260,826,422,1447,240,1052,676,1160,703,349,623,472,717,652,589,1250,343,655,470,325,668,322,368,684,636,239,861,621,293,623,1062,457,951,396,511,485,480,829,683,667,303,521,564,436
ACOT12,0,1,0,0,2,1,1,0,1,2,1,2,5,0,0,0,2,0,0,5,2,0,0,0,0,2,6,0,2,4,5,0,0,0,0,0,2,2,1,6,1,3,0,3,1,1,0,1,0,0,1,1,1,4,2,2,1,0,2,3
ACOT13,455,4795,716,2033,1492,673,809,637,1453,782,593,657,704,1102,567,720,1022,650,1491,1256,982,2150,1096,1401,1495,289,508,877,350,1496,1499,925,868,1427,1125,470,617,1445,381,825,538,542,773,560,680,338,803,1370,689,623,770,1979,376,1831,738,922,366,1878,450,645
ACOT2,194,248,528,1270,193,334,316,394,117,212,232,620,361,264,200,223,570,275,300,823,494,1165,500,585,297,173,312,351,102,368,770,381,1577,205,454,411,337,465,416,245,317,374,216,168,229,185,431,509,192,650,182,581,155,267,213,193,214,298,249,278
ACOT4,121,193,195,269,194,170,29,150,60,21,99,120,99,87,40,144,161,72,83,170,329,337,99,224,184,39,85,135,91,155,150,45,137,83,339,107,64,41,64,35,131,91,171,82,111,75,247,403,145,131,128,255,89,158,22,129,113,288,108,32
ACOT6,0,0,0,3,2,1,0,0,0,2,0,0,0,0,0,0,0,2,0,1,1,1,1,0,1,0,0,0,0,1,3,0,2,0,0,0,1,0,0,0,2,0,2,0,0,0,0,3,0,0,0,0,0,1,0,1,0,0,1,0
ACOT7,292,277,494,2439,415,224,415,403,1191,633,408,496,660,139,741,296,684,950,398,532,646,747,363,374,620,151,464,351,385,407,468,480,545,379,319,353,294,243,339,293,304,249,442,485,420,136,322,786,383,339,419,183,340,379,351,617,233,322,642,291
ACOT8,313,297,509,542,439,365,742,508,256,553,297,302,314,242,340,444,891,467,333,643,495,311,437,721,442,199,326,475,452,320,475,371,391,413,536,406,469,540,265,578,447,359,386,374,407,261,417,872,419,262,489,492,191,401,272,469,351,442,294,297
ACOT9,1247,1184,1514,3084,2001,1127,1124,1899,1526,1246,973,1701,1565,473,1012,1409,2189,1306,1304,2331,1449,1592,1061,2883,2808,655,1382,1568,1197,1464,1460,1388,1165,1021,2048,1914,1041,1705,1011,1356,1000,1049,1853,1626,1066,863,1573,2312,1352,1711,871,1634,1107,1524,692,1677,935,692,1456,934
ACOX1,3350,6786,5477,12269,2808,3398,5883,7074,4538,6086,2439,4585,5315,3526,3379,5138,7559,5152,2727,11137,4335,8100,5117,8592,5014,2649,3752,5169,3564,2606,6534,4958,10408,6247,6115,2893,5984,5733,4702,5791,3341,4001,4134,4552,3542,2350,4845,5776,5303,4131,4829,5014,3478,4256,3357,3197,3323,2515,3050,2542
ACOX2,346,414,904,317,559,207,634,257,81,148,291,242,274,142,466,335,378,268,367,684,283,1587,817,475,183,148,507,203,124,119,665,633,465,511,572,169,469,418,206,587,225,226,128,255,510,339,167,525,161,262,463,186,333,284,259,283,247,245,129,272
ACOX3,524,1582,1240,610,638,461,719,682,580,773,504,624,875,701,694,1083,804,1050,555,1049,637,2024,939,757,643,453,815,632,557,438,1048,1016,1104,760,736,476,1077,858,656,1097,867,671,601,1075,575,455,603,767,547,580,455,678,478,1280,583,468,700,648,611,949
ACOXL,250,1196,422,24,112,57,952,590,49,163,95,397,174,343,138,453,433,242,194,358,339,249,1001,680,237,272,369,281,143,631,475,725,352,432,505,254,1063,446,116,550,767,716,183,312,641,731,114,336,79,603,591,149,320,30,294,181,282,77,63,524
ACP1,1254,2884,1853,4059,8275,1278,2774,2228,1583,2477,1848,1553,1470,1458,1852,1481,3510,3296,2332,3531,2329,4948,2797,2752,4667,964,1387,2043,1691,2560,2604,2418,3398,2766,3984,1576,1853,1560,1232,1694,1500,1384,1783,2109,1777,984,2173,2786,2118,1921,2246,2350,1264,1922,2271,1807,1424,2923,1527,1107
ACP2,1291,876,1534,2556,1804,1265,1249,1887,899,2612,1165,1976,1237,716,1485,1121,2290,1952,1707,3270,2619,2596,1217,1784,1458,703,1537,1889,1047,918,1397,1183,1980,1170,1709,1593,1397,1270,1475,2109,1241,1202,1707,1756,1019,939,884,1861,1498,1816,1097,2090,721,1417,893,1362,1033,907,1696,1075
ACP5,3985,1484,5197,935,2965,1231,1841,4670,809,2165,1838,9481,3202,672,1514,1648,4785,2716,2214,3746,4345,2885,555,3658,2979,1068,3613,1195,1581,2437,4055,3649,2042,3856,4662,1625,1871,2895,3762,2772,2484,3813,2090,7729,2274,1355,3265,2949,1644,13558,1164,2539,3196,4190,1067,1597,2010,986,6478,1417
ACP6,554,844,716,613,1619,802,549,692,583,538,374,284,826,571,714,695,506,815,689,945,542,1542,1009,1160,1384,308,1075,649,1120,569,1248,939,911,1484,1485,529,738,1352,631,1193,758,929,948,532,657,661,774,536,790,305,1147,699,357,783,723,591,524,379,497,867
ACP7,2,0,2,45,1,0,1,5,2,0,1,3,0,1,2,3,4,0,0,2,0,0,3,1,2,2,0,3,0,1,9,4,0,2,1,3,2,0,0,2,2,0,0,0,3,0,3,2,12,3,0,0,2,2,0,2,0,1,2,3
ACPP,225,658,398,722,660,293,452,279,56,542,223,217,214,281,110,166,484,90,483,313,256,408,420,890,199,167,347,289,188,816,546,460,370,682,377,191,162,219,168,193,166,445,424,347,532,179,511,330,1070,167,98,366,232,251,93,370,121,196,78,136
ACPT,0,0,1,0,0,0,0,1,0,1,0,2,0,0,0,0,0,1,0,0,0,0,0,0,0,0,0,1,0,0,0,0,0,0,1,0,1,0,0,0,0,0,0,0,0,0,0,0,0,0,2,0,0,0,1,0,1,0,0,0
ACR,9,2,2,2,4,4,6,2,3,5,3,1,3,1,0,6,8,4,1,3,0,6,4,5,3,9,4,3,1,2,0,3,0,2,2,3,4,2,2,9,4,0,3,4,4,1,4,1,3,3,5,0,1,1,3,2,2,0,0,7
ACRBP,73,9,68,97,54,22,42,79,51,44,26,103,40,17,44,29,72,62,40,90,64,146,160,49,84,45,57,55,40,79,55,48,34,23,57,27,99,35,69,76,63,28,155,158,43,37,37,51,81,115,119,90,44,58,36,43,55,16,61,43
ACRV1,0,0,2,4,3,1,0,0,15,0,3,1,0,1,0,1,0,2,0,0,1,99,1,1,0,0,0,1,0,3,0,0,0,0,0,0,2,1,0,0,0,0,0,0,0,0,20,2,7,1,0,1,0,1,0,2,0,0,1,1
ACSBG1,12,0,14,541,5,26,86,36,10,20,31,74,5,9,5,27,17,6,12,59,11,2,19,24,153,2,70,6,33,23,11,58,10,22,18,55,56,16,3,4,29,5,10,3,23,4,77,16,11,28,4,5,8,0,4,12,19,4,6,41
ACSBG2,2,0,2,0,1,0,0,3,0,1,0,6,2,0,1,15,4,0,2,8,1,0,3,3,6,1,4,0,0,0,1,3,0,1,1,1,0,0,6,2,3,0,1,0,1,1,3,2,0,2,0,3,1,3,2,2,1,0,0,4
ACSF2,755,1763,2151,1604,660,1369,1739,1749,906,843,1447,669,1863,1313,403,2054,1561,347,812,3068,1196,911,2087,3155,672,811,1381,1113,729,898,1698,1884,1308,613,1763,819,1361,438,1122,2231,779,987,1184,1218,1552,792,632,2176,2824,681,1066,2435,650,689,386,954,374,1291,384,868
ACSF3,418,714,966,746,585,792,954,825,402,794,486,745,906,557,658,497,930,1201,572,1072,702,1291,1042,628,614,293,870,401,515,492,541,757,1055,807,777,735,1046,761,575,1106,653,571,800,647,721,522,601,1372,789,695,498,1007,503,864,577,465,579,659,624,893
ACSL1,7274,2666,9627,1701,6150,2683,6964,5038,1576,3813,2567,8301,5141,4762,1742,4901,6951,4029,4941,7373,6452,10221,2779,6357,4181,5084,5288,14601,2510,5566,4518,5205,5914,8767,6684,6048,5070,7730,4173,3576,3854,4866,4260,7626,2896,4024,2423,10340,5433,12127,7649,14040,2970,4214,3081,4095,2395,2091,4917,4292
ACSL3,2788,8802,4723,3664,5204,1885,4969,5631,2870,6845,4123,3824,4834,5840,3320,3138,6050,3988,3394,7575,3480,6645,2789,4107,6550,1708,3201,4739,3446,2799,5869,3920,16345,14105,7063,6379,3386,3689,4409,5033,3357,3544,5734,3853,2909,2539,4523,4865,9332,4595,3007,2611,2122,4036,6761,3005,2076,7109,4058,3700
ACSL4,5256,2384,3572,1993,11999,2144,4576,5005,2561,3520,3219,7977,3925,1212,2647,1822,8550,4987,9750,6819,5467,6447,2478,3851,7868,2500,3089,6459,3447,3437,6316,4844,3156,4005,8785,3492,7707,2967,2548,5249,2801,12111,9044,4616,5909,3126,4357,5954,3394,11088,5351,4216,2572,6887,4859,4519,3182,5035,4557,2269
ACSL5,7006,13739,10940,283,5304,3822,12024,4283,8753,5697,3748,2293,5788,4856,3586,7365,9564,1510,4694,18868,3290,33702,7566,13943,16162,2358,2191,4842,7703,11355,13779,11180,14077,2397,4429,2425,7984,12290,1611,9698,5538,10860,9434,4388,5632,2185,6096,10091,1044,3084,953,5089,9556,4388,3046,3376,2604,6946,3534,4110
ACSL6,125,25,128,16,54,21,100,160,12,70,32,33,67,19,111,82,139,313,32,119,144,47,30,115,132,35,30,29,34,190,630,289,31,28,188,57,74,357,57,137,99,85,37,201,106,23,49,36,59,34,105,103,89,30,195,20,595,16,39,31
ACSM1,16,46,70,19,9,11,200,23,4,2,8,8,11,7,49,29,46,7,6,82,29,48,165,51,26,14,80,16,28,42,58,127,15,26,48,13,66,48,19,37,21,32,59,40,46,25,58,26,9,12,39,17,27,29,24,32,26,86,7,37
ACSM2A,0,0,0,0,0,1,0,1,0,2,0,2,0,0,0,0,0,0,1,0,0,0,0,1,2,0,1,0,0,0,2,1,0,0,0,0,0,0,0,0,0,0,0,0,0,0,0,0,0,0,0,0,0,0,0,0,0,0,0,0
ACSM2B,1,0,0,0,0,0,0,0,0,0,0,0,0,0,0,2,2,0,2,0,0,0,0,0,3,1,2,1,0,0,8,1,0,0,0,3,0,1,0,1,0,0,1,3,0,0,1,0,0,2,4,0,0,0,0,1,2,1,0,0
ACSM3,347,566,1291,293,506,147,2306,956,110,250,194,543,314,578,205,625,387,181,538,597,414,3355,3323,864,677,173,396,4656,310,910,1734,1003,1617,571,1712,254,1187,706,775,443,277,619,397,435,828,284,499,1164,205,728,214,1334,276,131,347,868,1361,927,84,389
ACSM4,0,0,0,0,1,0,0,0,0,0,0,0,0,0,0,0,0,0,0,0,0,0,0,0,0,0,0,0,0,0,0,0,0,0,0,0,0,0,0,0,0,0,0,0,0,0,0,0,0,0,0,0,0,0,0,0,0,0,1,0
ACSM5,55,46,175,15,61,34,469,145,10,9,50,195,70,42,36,27,97,67,18,85,97,51,14,78,105,79,48,34,44,73,96,107,75,87,67,29,44,40,85,115,37,74,54,220,60,138,95,28,34,253,22,74,60,227,17,31,30,11,52,51
ACSM6,2,0,0,0,0,0,0,0,6,0,0,2,0,0,0,0,0,0,0,0,0,0,2,1,0,0,0,1,0,2,0,0,1,0,0,2,5,0,0,0,0,0,1,0,0,1,1,0,0,1,0,0,0,0,0,0,6,0,1,1
ACSS1,645,4154,3000,3530,590,1668,3431,1619,383,1279,848,1540,1440,1940,1455,1853,1883,756,871,5123,2113,1564,3034,3855,1206,932,1201,1576,990,2201,1409,2334,3512,1447,1772,1138,3233,1281,1389,3708,930,2662,1237,1840,1707,1541,1698,3428,502,1473,809,2916,1137,921,989,1370,886,473,1048,1823
ACSS2,2309,3379,4059,2840,1222,1375,9260,2331,996,1033,1249,1754,1396,1868,666,1848,3595,1233,2708,2737,2939,5232,1913,2295,1140,710,2346,6575,2440,3535,2045,2287,2258,2442,1860,2317,1686,3521,1009,2131,3290,6567,1407,2132,1772,863,2014,6394,1731,2000,2383,2063,1574,1205,786,2158,1112,1008,1461,3113
ACSS3,621,303,1414,163,355,305,392,616,263,2052,375,1269,485,156,255,386,1303,472,348,767,622,4277,2084,509,1140,561,663,950,570,345,706,735,218,454,751,366,975,580,276,421,746,415,208,559,687,299,525,730,389,1384,267,591,372,898,328,532,337,281,536,437
ACTA1,6,13,6,3,4,5,7,7,1,5,73,64,2,1,2,4,2,2,5,4,2,2,2,3,4,2,2,5,4,2,1,4,0,7,4,6,2,4,2,7,3,4,3,2,2,3,2,4,3,2,13,3,1,11,2,3,5,2,1,3
ACTA2,7123,3715,5442,3207,6325,3492,5706,10380,8753,6059,3296,26270,11499,1149,7299,2840,14452,3546,9543,4635,5679,2939,2035,4168,9095,2354,4589,7680,3044,5405,5580,11373,4407,1231,3454,6767,4292,3178,4176,3063,3300,1466,9285,3397,6323,8624,4569,10810,4736,10751,3688,4980,3223,19405,3203,4358,5714,3122,15981,3226
ACTB,95006,68815,87759,136594,88556,65392,84559,114684,87740,45270,94850,96707,103405,36360,67023,101364,153937,54871,80826,188164,121156,109753,81683,141307,97888,33740,90290,86773,58845,60221,121190,96454,101186,90370,119198,83204,77722,81479,66161,114338,80178,60990,96201,86269,58418,54305,64356,157550,56256,71028,67716,90756,72333,103512,64152,69942,65559,48997,85070,43596
ACTBL2,32,0,6,1,7,9,4,8,6,2,1,4,13,2,9,10,29,5,6,13,16,0,3,11,10,2,5,0,26,7,4,0,5,4,9,11,2,3,4,10,15,5,6,16,43,3,15,12,6,2,2,3,19,0,4,8,7,12,6,3
ACTC1,123,3,6,21,1,8,18,6,13,6,7,43,9,0,1,13,24,1,26,5,1,4,1,4,16,3,33,4,0,24,18,13,2,5,2,3,4,8,2,3,3,1,9,1,3,7,12,5,8,8,0,13,2,110,5,0,15,2,2,10
ACTG1,52343,39552,33170,118644,48744,37129,57460,82038,38112,90375,44153,48546,56224,13841,39251,52015,97729,118855,68876,112359,53242,69066,50866,92547,88391,21435,35067,88335,36638,26238,80290,49990,82663,60041,94266,61625,56727,41308,43503,59295,32761,31293,58404,42468,39581,26350,42611,56380,34451,40913,61483,63845,38341,61021,64395,45012,40467,28276,63343,23534
ACTG2,487,134,386,193,279,278,360,458,265,474,403,1521,719,71,317,193,1352,90,238,366,266,116,57,244,471,239,511,195,202,287,290,785,311,76,250,556,236,199,356,150,230,61,587,322,424,948,312,639,268,523,270,164,257,707,143,270,840,123,616,282
ACTL10,24,5,18,236,54,107,126,51,10,177,18,32,51,14,234,85,65,102,62,90,102,121,131,44,37,21,45,99,39,57,51,40,36,83,95,86,87,133,107,95,108,55,91,42,76,64,93,102,67,33,1,97,33,56,21,114,33,92,96,60
ACTL6A,922,2331,1243,4200,1508,1906,1220,2054,666,1898,3195,809,1489,496,897,1141,2338,1006,1585,1910,1901,2890,990,791,2127,633,979,1792,1309,2477,1358,895,2467,1278,1829,1063,912,1310,634,1655,963,805,1792,955,1274,815,1673,2929,2240,744,1648,1009,777,1372,1458,2531,802,2039,1182,547
ACTL6B,0,1,0,13,0,0,0,1,0,1,0,0,0,0,54,0,0,147,0,7,0,0,0,0,0,0,0,0,0,1,1,1,0,0,0,0,0,0,2,0,0,0,0,0,0,0,0,0,2,2,0,0,0,0,137,125,0,0,0,0
ACTL7A,0,0,0,0,0,0,0,0,0,0,0,0,0,0,0,0,0,0,0,0,0,0,0,0,0,0,0,0,0,0,0,0,0,0,0,0,0,0,0,0,0,0,0,0,0,0,0,0,0,0,0,0,0,0,0,0,0,0,0,0
ACTL7B,3,1,0,1,1,1,2,2,3,0,0,0,3,1,1,1,2,0,0,4,0,0,0,5,0,0,4,1,0,1,0,0,0,2,1,0,1,6,0,4,3,3,0,3,0,1,0,0,1,1,2,0,0,2,0,0,2,1,1,2
ACTL8,0,0,0,6384,2,0,0,0,1,0,0,0,0,0,5,0,0,28,1,0,0,0,1,0,5,0,1,2,0,0,1,9,0,1,0,1,0,0,0,0,0,0,22,0,0,0,0,0,1,0,2,0,0,0,0,3,0,2,0,2
ACTL9,0,0,0,0,0,0,0,0,0,0,0,0,0,0,0,0,0,0,0,0,0,0,0,0,0,0,0,0,0,0,0,0,0,0,0,0,0,0,0,0,0,0,0,0,0,0,0,0,0,0,0,0,0,0,0,0,0,0,0,0
ACTN1,4495,2626,3811,11702,6157,5696,4239,4317,5400,5504,8375,9013,6538,978,5754,3564,9723,5915,6565,10006,4724,3362,2690,6545,4833,2180,6628,5815,5309,3579,4498,5800,5944,2354,3446,5472,3153,3288,3948,5483,2151,1994,5768,4427,3140,5323,3237,6589,4286,5651,4452,3479,2089,7740,3208,5767,5259,1934,8068,3287
ACTN2,29,58,150,136,6,22,116,73,13,16,14,71,47,18,9,41,128,221,8,83,19,24,25,43,39,46,89,15,12,64,61,240,17,32,57,26,100,38,18,55,36,56,21,64,74,21,34,43,8,65,18,30,97,76,16,23,61,8,12,82
ACTN3,3,2,1,9,4,0,7,2,4,8,1,3,5,0,7,1,6,4,0,7,6,0,1,1,5,0,4,4,1,4,1,3,0,0,4,3,1,8,3,6,1,2,11,14,5,1,1,4,5,5,1,5,11,1,4,0,5,0,5,8
ACTN4,7081,7923,11089,33579,8438,8237,12014,7804,6957,6957,8519,9748,11938,4783,9787,7991,15098,10551,5427,13520,13556,7113,8565,10523,19381,3859,9852,8742,8304,5005,11063,11579,14982,11312,9124,7249,9042,5000,7197,13713,6932,6134,7199,7359,8821,6273,7362,7644,8750,7331,7083,6810,5706,10619,5507,8047,8397,10554,8632,7783
ACTR10,1142,2099,1850,2860,1893,1769,1217,2098,637,1557,995,1380,1294,1115,1514,1449,2435,3118,1681,3408,1791,3192,1719,3238,2230,658,1169,1320,1263,1983,2218,975,2132,1634,2398,1291,1565,1834,859,1647,986,1529,1009,1333,1558,1016,1908,3336,1548,1304,1039,2622,1259,1654,1344,1417,1013,1616,1276,770
ACTR1A,2157,4082,2519,2416,2534,1602,2264,2979,2308,2464,1674,3132,2387,2043,2835,2343,4522,5121,2695,4668,2544,7432,2198,3840,5334,1055,2023,1770,2448,2238,3930,3423,3192,3499,4223,2184,2275,3065,2107,2529,2799,2093,2721,2608,2289,1507,2104,3335,2517,2730,2365,3210,1617,3093,2870,2005,1814,2591,2321,1967
ACTR1B,1229,2623,2089,3277,2415,1367,2441,2313,1109,2368,1232,1511,1885,1260,1896,2221,2429,1786,1551,3847,1985,2708,2852,2224,3915,706,2000,1727,1544,2159,2022,2223,3686,1729,2018,1745,2137,1790,998,2407,1571,1284,2366,1685,2083,1016,1476,2316,1412,1515,2235,1951,1352,2318,1550,2012,1013,2586,1348,1274
ACTR2,8697,9363,12110,13950,13740,6244,8609,11724,10095,5906,7221,10840,12022,4299,8915,6808,15816,13231,7522,18701,11644,15691,10680,13441,17654,4846,7449,10017,8935,12043,11969,8657,15543,11679,14594,5992,8572,8153,7956,9376,8705,7896,10971,16647,8357,6863,10362,15599,13331,9674,8557,10991,6721,9701,7544,8672,9328,8513,11422,5527
ACTR3,6617,7529,8146,11075,14141,4794,6932,11327,8098,8778,7951,9343,9330,3290,6821,6323,16292,8862,11801,12785,10572,15612,7610,8934,17848,3370,7090,11929,10426,11950,9999,5911,11459,6330,15383,7081,7176,7181,5998,10105,7251,6212,10156,9375,7660,6311,10608,14545,9970,8819,7698,10466,5627,8746,8476,6528,7212,10261,9502,4588
ACTR3B,224,285,221,378,375,169,578,172,145,86,153,137,187,178,375,271,373,162,216,313,101,262,247,611,231,135,179,372,127,252,289,315,344,346,278,157,269,284,148,282,158,147,314,123,213,117,131,180,272,153,237,188,84,184,330,202,188,245,136,202
ACTR3C,375,562,462,484,886,255,712,420,659,563,304,302,381,327,1101,462,398,612,475,465,277,986,856,2367,628,288,500,281,551,485,719,878,833,588,862,389,2114,340,326,1156,377,594,880,476,480,504,516,356,530,412,278,1026,328,300,942,530,511,297,338,684
ACTR5,219,292,379,620,351,455,289,408,609,475,241,269,371,194,352,462,659,598,308,744,374,382,438,653,378,184,317,700,467,336,347,259,701,397,486,524,487,432,277,531,343,345,729,272,383,239,305,783,510,238,620,495,193,434,340,451,253,293,303,340
ACTR6,491,966,540,1103,1078,575,500,824,647,794,895,635,665,633,601,557,1213,1718,823,897,773,3267,662,1038,1506,344,507,932,660,1240,1038,398,1067,724,1072,540,557,725,434,684,733,596,1130,638,845,432,974,1285,977,562,607,1411,417,733,821,744,583,573,882,399
ACTR8,862,1137,1116,907,869,954,1334,811,701,974,683,1190,907,637,1019,809,1413,1325,821,1932,1330,1177,889,1495,1251,505,952,653,802,881,1375,1479,2174,1103,1259,915,1000,689,808,842,515,792,914,1029,1219,548,1040,1551,763,1060,884,969,517,926,1029,998,677,1335,976,656
ACTRT1,0,0,0,0,0,0,0,0,2,0,0,0,0,3,0,0,1,0,0,0,0,1,8,1,0,0,0,0,2,0,8,0,12,0,0,0,0,4,0,0,0,0,0,0,0,0,0,0,0,0,0,0,0,0,4,6,1,3,1,0
ACTRT2,0,0,0,0,0,0,0,0,0,0,0,0,0,0,0,0,0,0,0,0,0,0,0,0,0,0,0,0,0,0,0,0,0,0,0,0,0,0,0,0,0,0,0,0,0,0,0,0,0,0,0,0,0,0,0,0,0,0,0,0
ACTRT3,43,139,53,122,35,47,68,95,38,69,31,54,49,35,45,41,67,37,72,63,163,208,59,220,70,25,46,37,51,47,53,58,54,57,100,37,46,125,52,67,76,56,69,79,60,30,89,130,104,52,37,11,25,73,68,56,33,97,63,25
ACVR1,1104,1682,2371,1233,1297,1285,2266,1483,1396,1282,1088,1359,2542,735,1819,1356,2261,2142,1220,3795,1357,2233,1510,1843,1685,825,1856,1531,1988,1015,1871,1636,1670,1303,1848,1114,1463,884,1047,1425,753,1231,1688,1354,1355,1119,1416,2340,1274,1106,1488,975,1025,1885,1700,1831,1206,1512,2263,941
ACVR1B,2201,1776,2292,2020,2951,925,1690,1963,741,1597,1664,1308,2021,1348,1449,1869,2815,3041,2116,3258,1073,3826,1166,2037,1603,731,1788,3205,919,949,2680,3023,3605,1883,1521,1314,2872,2116,2342,2200,1411,2131,1282,1042,1463,2008,1961,4544,1195,2389,4453,3698,1877,1367,2094,1130,1622,1215,1366,1358
ACVR1C,27,40,156,46,41,17,37,48,340,97,53,78,117,100,175,22,53,63,42,121,98,242,168,205,125,39,43,61,227,687,92,53,194,35,53,45,136,33,32,100,46,66,27,109,68,59,77,123,55,114,20,71,59,33,20,170,76,36,150,55
ACVR2A,483,1078,1316,1309,797,834,1148,917,744,1152,810,1561,852,557,1023,1118,1223,2188,626,1883,1245,1678,2492,852,1365,451,946,874,1195,1019,916,926,1734,885,973,669,1431,681,496,1276,800,749,587,942,1157,1040,1022,1673,850,921,512,588,638,1089,1005,771,756,1155,1071,597
ACVR2B,1149,1497,1497,1255,1039,1586,1786,799,806,1680,891,766,837,1612,1822,891,1542,1121,933,2444,729,1150,1018,893,1030,538,1097,1178,989,1173,3200,1660,2505,571,1209,1396,1147,1214,682,956,457,855,756,802,1306,416,747,848,763,673,2090,444,563,1086,2460,1560,794,800,885,844
ACVRL1,1664,1402,1162,607,1217,556,940,1781,631,792,645,2450,827,905,459,1022,4641,1058,1124,1015,966,676,481,1481,1702,868,1381,1251,741,1017,1704,1325,1185,1297,1986,714,905,1148,1046,1032,1159,957,1077,1042,1610,478,1174,1423,1026,2290,733,882,1392,1192,725,874,1057,597,1251,1639
ACY1,175,196,240,315,394,135,233,165,81,230,170,126,86,236,170,135,234,143,121,363,142,270,189,204,327,55,169,144,144,147,210,284,375,415,222,279,151,218,127,111,88,131,176,116,177,43,424,211,142,95,236,222,127,109,170,145,75,420,129,135
ACY3,18,13,84,49,84,43,67,93,25,215,11,17,54,11,112,57,47,58,104,47,135,115,108,118,86,39,91,47,26,61,6,31,197,9,54,25,24,13,27,31,36,20,14,20,61,40,104,51,18,24,20,89,92,2,54,92,28,15,151,35
ACYP1,123,191,167,354,189,510,158,210,115,226,177,121,158,78,194,91,269,385,155,300,293,364,222,165,258,135,434,172,276,272,237,178,187,81,294,228,236,189,134,214,119,99,209,265,212,116,171,260,259,100,133,208,113,153,285,451,201,165,204,204
ACYP2,213,386,479,544,304,248,430,388,242,234,243,434,231,187,289,186,345,307,234,734,384,558,511,360,642,168,330,285,274,390,418,406,471,399,492,237,407,215,196,479,205,281,334,659,362,202,312,410,231,377,243,381,193,330,279,354,264,281,270,291
AD000671.6,24,22,29,33,27,24,32,29,48,24,23,24,37,11,43,36,30,26,20,107,40,67,18,71,30,9,23,13,29,32,34,32,40,30,48,24,38,24,23,51,27,33,37,33,34,32,25,51,32,34,16,19,22,30,11,23,25,42,30,39
ADA,209,45,132,66,267,100,173,150,329,152,97,346,239,29,284,95,290,150,197,287,254,233,83,72,289,70,125,471,303,378,131,177,89,67,200,416,104,89,196,273,153,125,437,250,144,95,114,172,363,501,104,185,93,154,72,124,254,96,333,142
ADAD1,0,0,1,0,1,0,0,0,0,2,0,0,1,0,0,0,0,0,0,2,1,2,1,0,0,0,0,185,0,2,0,1,0,0,0,0,0,0,0,0,1,0,1,0,0,0,0,0,0,1,0,1,0,0,2,0,0,1,0,0
ADAD2,2,5,3,196,6,0,1,1,2,2,0,2,4,1,0,0,2,0,1,4,1,3,1,0,0,0,1,4,0,2,6,0,0,10,1,4,0,1,0,1,2,1,5,9,1,2,0,3,0,6,9,2,2,3,1,2,2,3,2,10
ADAL,140,438,266,346,286,193,362,332,275,277,193,288,267,224,143,142,327,260,243,397,395,259,366,345,408,145,347,270,201,313,294,244,337,198,409,134,348,236,135,258,174,206,436,324,386,134,323,365,300,276,239,277,119,257,106,446,240,221,254,168
ADAM10,4906,6392,5075,8286,14917,4327,4821,5564,5585,6286,4459,6277,7032,2593,4586,3845,10490,4814,5935,9972,6043,10676,3664,10002,8279,2688,6524,4975,8466,4835,5050,4224,10456,6741,7955,4837,4017,5424,5226,6579,3265,5064,7519,5887,4789,3361,12021,6490,9533,6335,4271,4991,3586,6929,6501,6544,4320,5071,8197,3381
ADAM11,18,9,15,88,10,13,44,16,6,17,7,29,16,5,11,17,26,16,13,53,17,18,22,7,11,6,13,43,6,8,15,29,7,4,9,10,25,2,16,15,21,10,18,11,9,10,11,13,10,18,63,11,17,30,11,29,54,10,18,39
ADAM12,1691,149,323,517,657,350,173,214,2507,2264,727,3770,1249,25,1365,410,1726,1101,1887,895,579,681,125,640,689,459,448,2539,480,412,350,184,77,124,175,1431,359,338,1469,1417,742,241,2113,717,383,2758,132,1360,1601,1412,2211,570,386,925,999,1683,1313,415,2504,519
ADAM15,8706,5778,7274,3613,5577,5018,4056,4384,1368,2076,3671,2516,6424,2793,3563,7250,5552,2585,4119,6373,4892,11762,5021,11930,5306,2653,6064,3540,3835,5082,7055,4162,3561,5597,5294,2002,7143,6745,1958,4892,5617,2864,8060,3007,4301,2326,2626,6328,3343,1902,11323,12894,3728,4538,3977,4474,2784,6480,2404,4197
ADAM17,2738,2926,3323,5788,3541,1895,3040,2612,3220,2519,3089,3603,2748,1226,2324,2476,5091,2612,4297,6329,2414,6381,2428,3522,3620,1552,2660,5389,2028,3551,3689,2562,2575,3177,3354,2111,2474,2002,1892,3514,1987,2778,2817,3363,2114,1613,1960,4483,3526,4171,3832,3471,1769,4174,2396,3350,2674,3428,2611,2173
ADAM18,0,0,0,1,0,0,0,0,1,1,0,1,1,0,2,0,0,0,0,1,0,1,0,0,0,0,0,3,0,0,0,0,0,0,0,0,0,0,0,0,0,0,0,0,0,0,0,0,0,0,2,0,0,0,0,0,0,0,0,0
ADAM19,1626,353,534,1337,1659,457,1584,1467,2121,1539,489,1955,1825,246,1995,574,2250,960,2865,1559,1382,1799,712,882,1987,717,1613,1356,2245,1167,865,1218,655,359,1282,1786,998,997,1507,2618,1072,1193,1932,1478,1286,1071,865,1713,1181,1504,851,858,921,1089,921,1181,1762,326,1898,1259
ADAM2,0,0,0,2,7,0,0,0,5,3,0,0,0,0,2,2,4,0,0,5,0,34,0,0,0,1,0,35,1,1,1,0,3,0,0,17,0,0,0,1,0,0,0,0,0,0,0,0,0,1,10,0,0,2,40,4,0,0,12,137
ADAM20,32,83,92,28,27,44,90,36,41,71,20,34,92,46,116,122,106,105,32,135,35,26,50,46,62,43,148,32,113,56,114,114,73,102,72,62,86,112,44,118,16,47,92,106,62,53,22,40,54,47,72,53,32,108,103,119,76,13,50,140
ADAM21,5,5,1,65,6,6,3,2,0,1,2,3,2,0,2,3,7,4,12,11,25,2,2,5,7,1,1,5,4,4,5,4,2,12,4,3,3,3,4,2,27,0,5,14,5,1,3,3,7,8,2,4,0,14,1,3,2,1,2,1
ADAM22,176,73,283,1045,279,463,218,191,150,663,227,153,292,25,245,142,270,523,183,536,380,165,156,419,191,256,552,382,122,220,585,289,48,220,337,181,327,169,136,485,104,128,71,278,220,258,122,343,160,194,219,203,129,602,380,1061,277,212,542,147
ADAM23,66,48,95,43,69,52,169,121,58,54,67,156,76,40,41,66,114,178,69,185,96,483,68,89,157,51,42,36,68,111,72,142,24,41,113,84,74,86,106,181,49,132,87,162,132,106,62,61,149,64,43,64,175,94,289,169,150,37,90,156
ADAM28,870,129,1515,981,2622,2467,4035,2641,2732,4979,683,1685,3561,110,3854,543,1656,5179,2072,3794,2709,1603,1055,2231,4508,986,5400,2025,8329,1675,846,809,459,549,3177,1457,1085,1748,1928,2664,1003,732,3039,913,1751,3061,7220,896,1440,1850,579,1502,945,1482,4113,2334,1254,522,3381,1123
ADAM29,1,0,7,1,1,1,0,4,1,2,3,0,11,5,8,3,2,1,1,39,2,3,0,0,6,2,2,2,0,5,2,1,31,0,1,3,8,1,1,1,0,1,1,6,7,0,0,4,0,7,1,10,0,1,27,19,44,2,3,0
ADAM30,0,0,0,0,0,0,0,0,0,0,0,0,0,0,0,1,0,0,0,0,0,0,0,0,0,0,0,0,0,0,0,0,0,0,0,0,0,0,0,0,0,0,0,0,0,1,1,0,0,0,0,0,0,0,0,0,0,0,0,0
ADAM32,40,69,50,199,51,138,54,86,49,52,31,106,74,50,269,81,144,50,49,104,47,124,28,67,114,32,119,83,238,52,57,77,103,38,79,43,56,49,38,55,23,44,50,59,80,62,79,36,98,86,87,20,52,118,92,35,78,40,56,57
ADAM33,140,112,248,80,58,173,454,127,43,80,82,605,266,46,60,112,436,111,102,237,99,73,32,148,156,146,288,47,35,192,125,372,45,66,147,167,242,199,128,268,76,75,100,259,263,335,64,214,97,166,234,70,154,271,302,113,173,34,96,332
ADAM7,0,0,0,0,0,0,0,0,2,1,0,0,9,0,0,0,0,0,0,1,0,2,0,4,1,6,0,12,0,3,12,1,0,0,0,0,0,5,0,0,0,0,2,0,0,0,0,0,1,1,0,11,0,0,0,1,1,0,0,0
ADAM8,986,326,1822,561,2130,2117,1223,2214,3145,1249,1233,690,3071,214,2638,2553,1719,563,2347,2091,2144,1123,2299,3088,1938,589,3147,933,2586,889,1223,1055,2166,439,1095,1240,3364,2521,1963,3190,3766,1497,2189,2203,1848,1856,1447,3084,2224,907,1572,2567,1718,2857,769,2491,1507,1811,3588,953
ADAM9,6598,10758,9799,24903,16579,12682,10663,11546,6333,8751,6090,9430,20081,3009,5626,14679,15210,7404,8861,12962,14477,26866,7873,10513,21382,4961,9268,7937,13377,7855,8696,5797,16588,9964,9404,6708,5584,14151,5208,6299,6464,6150,7317,8084,8010,5297,17681,7915,6449,9707,11839,10093,6254,15847,9902,7290,6330,10489,10762,7568
ADAMDEC1,443,2,426,78,1191,53,205,227,473,629,362,942,414,15,631,64,211,212,706,872,1064,489,47,100,1203,163,273,266,99,825,243,14,103,5,323,548,25,63,697,430,138,153,2116,258,236,197,196,196,713,355,79,845,100,80,178,92,319,141,1823,58
ADAMTS1,4175,3681,1922,4791,1649,2672,3359,1708,1126,1208,781,7699,1310,760,521,3337,3968,1293,1008,2120,2870,726,2397,2143,2832,1114,1320,2845,570,1469,3947,8059,2239,1097,866,2564,1181,3206,1665,2359,2059,1913,2133,3889,4278,513,1996,2829,2076,4272,584,1674,2215,4427,1152,1156,2009,1493,946,3370
ADAMTS10,497,345,605,379,370,431,567,526,553,281,110,464,682,166,328,438,805,218,471,901,345,268,427,443,522,350,450,317,237,337,733,1050,321,209,1114,339,426,402,426,846,279,377,977,514,511,1316,220,548,484,332,634,300,334,1301,269,391,357,573,512,923
ADAMTS12,1953,670,1132,1430,1888,507,580,857,2464,2410,1080,2813,2651,207,3631,1160,4203,2857,2623,1825,660,746,923,1759,1521,832,788,2097,2229,849,1505,1532,1023,740,1363,1668,838,625,1429,1486,732,537,1907,1017,532,1856,755,2449,1452,2500,3162,1098,648,2243,1969,3440,1178,1237,4182,869
ADAMTS13,76,50,142,64,45,100,275,100,57,77,66,98,77,60,153,161,135,102,24,304,56,43,155,75,62,82,179,68,66,148,85,188,170,102,92,87,140,83,75,141,72,83,142,96,149,110,88,110,159,76,160,98,53,108,162,190,92,109,50,335
ADAMTS14,280,67,292,154,291,502,240,132,308,358,167,434,249,17,170,153,421,272,356,285,106,111,34,459,360,109,323,205,402,102,143,307,205,219,107,378,143,134,387,220,246,125,629,138,223,446,210,506,328,319,449,175,123,283,247,432,345,270,359,407
ADAMTS15,382,222,201,116,172,223,385,180,95,121,130,1261,188,63,172,223,1117,195,95,299,279,137,242,913,249,251,269,73,128,128,224,645,110,144,245,150,213,336,132,262,176,147,589,455,199,64,377,214,111,489,36,176,222,359,81,132,114,122,153,287
ADAMTS16,422,201,328,100,304,156,162,101,329,448,108,4119,715,198,490,382,431,318,621,300,237,381,69,649,241,208,254,542,225,152,173,94,739,73,98,191,122,169,191,402,308,80,406,258,190,708,25,275,379,1096,357,226,167,480,223,333,169,372,382,160
ADAMTS17,130,174,305,251,75,95,264,123,38,99,76,120,138,80,50,306,234,87,58,281,144,47,159,69,140,168,302,32,93,97,138,394,399,53,122,82,229,251,93,221,117,134,144,227,192,143,163,172,109,227,116,165,133,139,56,167,107,149,216,188
ADAMTS18,23,38,19,134,38,31,26,21,19,127,58,115,79,12,139,46,79,37,72,120,15,22,437,46,29,42,17,93,14,34,19,19,1,7,45,29,54,31,85,79,8,0,79,22,18,116,5,73,17,117,106,17,19,61,49,182,16,131,119,110
ADAMTS19,2,0,4,29,0,6,2,2,0,461,51,9,1,1,20,3,6,18,1,27,0,2,1,3,12,8,14,0,0,3,11,3,3,1,4,15,10,4,45,3,3,3,6,21,14,5,4,0,3,4,0,1,2,3,174,9,0,0,0,10
ADAMTS2,1791,613,2642,1252,1193,748,1007,742,1629,1616,833,4652,2130,415,2097,1213,3434,1972,2800,2010,782,806,871,1140,1634,702,657,1289,980,564,1162,1256,447,565,1015,1083,860,986,1154,1585,882,570,2106,1023,644,1387,1573,1020,1054,2930,1957,1622,952,2998,1445,2542,1018,634,2826,1150
ADAMTS20,1,1,1,11,243,0,0,2,639,2,2,3,1,4,0,1,3,103,275,27,0,244,10,6,21,1,1,12,0,4,1,3,2,3,0,1,0,2,2,2,0,1,20,3,0,1,0,0,4,1,0,0,1,112,8,2,1,1,127,7
ADAMTS3,139,51,237,333,127,105,139,129,94,54,531,412,115,21,41,159,296,173,89,844,713,103,156,273,288,98,286,232,100,154,226,202,69,107,165,147,497,176,74,517,320,89,95,188,187,104,124,127,184,406,104,225,75,181,165,538,142,75,131,84
ADAMTS4,2423,1063,166,351,1054,719,543,325,796,1267,151,3412,422,46,373,396,799,419,1348,526,283,238,62,190,484,184,223,2485,195,173,364,1878,255,145,132,1445,145,851,958,1206,371,344,1199,802,241,198,468,922,1805,1682,685,384,198,852,761,479,844,532,1184,887
ADAMTS5,399,313,108,3232,173,135,336,312,890,644,136,536,95,79,167,405,579,403,1728,207,87,172,118,144,114,105,208,806,158,243,253,436,236,74,193,528,308,122,226,353,89,76,822,147,286,304,426,473,955,261,655,157,78,793,466,928,253,257,1111,155
ADAMTS6,177,68,91,199,205,128,246,250,229,754,107,130,262,30,601,134,352,214,277,409,102,222,96,236,218,123,349,271,331,164,194,212,143,57,168,264,325,102,166,212,86,80,352,178,206,386,210,234,265,109,88,130,64,493,570,446,199,52,605,230
ADAMTS7,316,201,251,198,221,612,189,186,405,328,164,515,408,165,231,321,993,222,373,557,260,609,174,327,341,176,388,485,256,118,165,451,496,1573,182,352,189,121,549,444,94,114,405,154,214,241,225,316,237,400,519,221,202,461,210,497,224,170,655,548
ADAMTS8,245,277,512,281,57,205,971,494,6,74,78,357,224,92,53,170,1153,168,71,569,290,41,122,259,396,230,316,24,32,159,341,1312,245,170,372,125,523,357,99,357,214,218,78,339,872,61,208,245,35,385,37,67,527,322,42,112,274,16,14,210
ADAMTS9,2373,1961,803,626,1497,476,1489,1420,1109,2361,415,2373,652,282,229,1123,2330,761,1299,1450,947,688,641,1133,1170,744,891,1745,2235,1050,1226,2693,1642,778,1170,1249,468,1724,1343,1653,1339,2156,1861,1951,898,280,1415,1432,1482,5032,1106,789,1482,792,879,788,1685,557,1243,1793
ADAMTSL1,739,194,107,60,77,111,241,133,147,75,106,285,105,109,88,250,863,239,166,147,168,117,77,94,314,114,190,144,76,141,99,746,45,30,110,186,94,537,246,218,71,59,542,209,187,246,173,258,220,246,181,141,120,345,98,323,149,80,267,116
ADAMTSL2,411,612,2022,440,516,473,2349,1490,317,434,287,476,1759,382,539,603,1565,500,387,2009,836,218,532,909,777,720,713,245,504,336,914,2893,746,464,659,225,1500,657,538,1587,368,724,208,1127,1113,874,597,918,259,578,416,551,622,2638,275,966,468,332,824,766
ADAMTSL3,581,1581,461,2162,272,670,697,543,185,136,216,362,212,610,89,336,1035,519,182,493,499,240,400,426,451,290,1212,199,320,442,451,973,2675,1172,724,233,741,482,406,639,227,287,373,472,774,417,543,439,225,402,194,528,577,1250,263,452,309,450,246,831
ADAMTSL4,864,332,834,605,359,338,423,592,1242,376,130,1592,791,148,194,363,1026,471,377,721,503,307,166,786,270,529,975,415,326,211,838,1272,241,926,824,602,1026,720,787,1084,535,840,365,2098,444,474,208,571,561,783,439,550,893,1059,225,453,589,126,658,919
ADAMTSL5,72,4,40,161,72,6,164,70,117,76,15,27,78,5,35,41,74,15,95,145,97,81,20,18,47,25,142,63,71,37,100,98,93,64,24,70,13,10,36,13,26,13,66,74,29,36,106,53,25,35,183,36,14,52,26,33,110,28,79,26
ADAP1,450,695,529,1077,789,281,1236,491,945,286,210,364,478,396,490,188,888,415,282,1300,407,1705,631,1081,1185,142,425,383,1396,800,433,778,1294,753,862,325,528,496,511,871,696,596,743,438,363,330,2481,1317,746,321,809,871,567,549,340,279,280,894,211,448
ADAP2,1145,436,1493,1491,702,423,623,1471,659,430,527,1406,972,266,558,700,1234,423,1049,1447,834,1158,285,1111,859,665,1315,758,957,708,840,715,562,495,1320,713,665,478,866,1574,1073,805,1334,1576,579,1143,640,763,919,1149,768,867,490,1153,492,638,677,333,753,624
ADAR,15295,18000,16272,18813,15722,16486,13318,14125,12218,12737,12805,14286,21824,11899,19915,28220,24900,22030,16506,28011,19765,32861,12441,27015,16353,7786,21592,12118,11831,15024,24766,11888,20296,21817,16884,12157,12184,20923,11354,21333,15933,18673,25043,13654,12845,8400,10684,26021,15727,9839,16408,13847,11348,18438,17432,14065,16826,22385,13424,12626
ADARB1,848,844,1865,490,700,656,1921,964,671,879,594,1626,1288,489,590,716,2005,891,876,2053,826,383,763,805,783,1034,1352,673,415,807,1054,2580,1498,525,886,522,1435,888,605,1623,482,904,982,1144,1058,1032,589,1212,603,1291,731,604,1083,2428,732,972,904,422,951,1091
ADARB2,35,43,7,36,14,2,13,50,9,432,17,13,4,25,12,30,42,152,35,6,9,7,28,43,50,32,56,23,39,5,51,23,52,23,14,50,44,8,41,16,17,12,5,81,46,40,20,18,11,40,25,26,28,8,24,34,70,3,112,158
ADAT1,473,1079,1025,1488,800,837,859,896,705,471,542,504,790,441,613,517,658,1076,556,1282,741,1799,1845,1246,1338,296,897,1086,499,703,607,790,882,1167,1225,430,772,780,497,972,730,498,1101,761,775,433,421,1232,1126,546,687,845,398,676,782,458,719,840,578,659
ADAT2,287,455,404,631,674,194,395,339,507,526,439,276,596,191,272,232,532,369,405,520,348,1447,332,635,752,264,579,491,284,478,473,374,246,424,385,247,487,502,277,609,228,291,633,714,394,296,318,1314,566,394,629,370,283,322,379,443,405,158,329,516
ADAT3,122,26,44,127,66,124,73,82,60,125,44,98,108,31,74,68,75,86,78,134,89,131,47,38,73,30,111,143,65,55,81,170,70,112,96,66,44,61,57,114,92,60,82,69,47,50,101,80,63,94,129,59,31,37,91,69,86,49,73,88
ADCK1,149,218,375,359,237,181,257,214,107,193,103,270,248,164,271,186,209,196,154,372,282,432,259,336,182,78,242,228,101,139,219,178,227,212,249,218,257,236,194,322,117,105,190,255,177,154,137,302,294,156,140,358,107,246,130,157,183,139,133,245
ADCK2,757,548,990,1735,1074,471,1084,1184,426,566,601,665,708,512,965,1301,1233,455,647,924,882,750,1054,1165,1051,480,679,704,536,765,1089,966,893,468,1110,826,994,1004,487,1017,908,494,791,918,795,570,644,540,683,649,387,989,537,965,510,821,570,465,573,409
ADCK3,916,2278,1257,1549,1239,1096,2395,1018,379,2097,923,1180,954,1589,1035,1434,1663,2396,875,2213,1313,5840,3754,2183,1474,494,971,739,903,2190,1386,1460,3343,2092,1191,813,2348,1986,823,1522,1751,785,2515,1081,1453,808,838,1564,1002,1079,4426,1077,876,1809,2056,1086,585,1279,821,2148
ADCK4,578,986,1033,1880,1021,812,1252,852,1889,917,794,662,1005,806,1015,737,1291,1268,554,1440,1060,927,845,1243,2096,410,907,810,639,494,1031,1018,1295,1028,1066,907,844,761,631,1446,811,717,1123,836,752,660,555,989,1060,764,843,795,467,1586,726,893,757,2012,889,1144
ADCK5,306,378,331,846,533,376,428,303,285,400,309,254,438,380,592,722,478,303,434,619,288,918,295,470,392,123,400,502,246,492,274,351,820,332,259,383,245,370,211,325,438,223,401,254,276,190,255,872,421,165,1233,700,193,332,727,366,287,298,413,290
ADCY1,170,243,412,260,93,499,165,389,117,1453,131,210,215,129,78,500,604,702,300,246,53,93,248,237,182,153,649,64,88,132,1109,284,802,130,231,152,243,563,201,357,510,217,119,161,222,136,68,266,89,107,214,1238,112,786,130,516,121,208,274,292
ADCY10,16,17,26,8,28,22,39,16,22,14,15,22,23,18,19,17,22,56,8,38,13,46,18,8,38,12,47,44,26,33,30,18,25,28,47,14,19,23,11,38,20,40,20,49,26,24,15,22,32,10,55,12,15,29,29,19,14,20,19,50
ADCY2,15,405,38,1328,23,140,56,49,23,54,38,58,94,449,86,25,58,496,8,86,111,3,16,50,54,24,109,3,23,16,47,169,68,24,14,75,41,18,30,42,23,2,32,26,57,99,36,75,10,27,32,23,21,78,10,109,7,458,72,47
ADCY3,1802,655,1946,2410,2147,1244,1219,1603,587,988,852,1782,1148,470,683,1170,3262,602,1204,2174,1485,1574,505,1202,1643,840,1492,1049,857,1475,1153,2184,853,874,1558,998,808,776,1246,1399,776,804,2886,1738,1060,651,799,1147,2437,1583,1629,930,1055,1475,1071,1491,933,1364,2515,1393
ADCY4,354,294,429,235,170,201,459,329,267,154,86,456,237,180,286,214,535,197,243,440,213,151,143,220,336,248,581,154,165,162,302,433,241,261,294,277,203,225,288,311,202,173,648,258,287,150,359,237,323,212,247,178,306,188,125,180,238,99,194,518
ADCY5,146,93,175,97,82,94,327,107,45,576,73,226,151,51,158,249,966,3610,69,366,63,59,40,194,238,137,208,607,60,265,445,316,100,58,94,121,127,546,94,328,90,125,107,124,154,92,76,1271,29,137,84,352,145,400,270,459,889,37,956,317
ADCY6,1426,2316,1571,2373,1568,1229,2522,1361,2422,1990,1479,1514,1864,1439,1471,1633,3187,2406,880,2477,913,2284,1380,2133,2473,1049,2585,1880,1681,1324,2908,4497,4490,1647,1860,1562,1715,1711,1278,2175,1500,1776,1840,1798,1853,1054,2803,2146,1479,1154,2089,1443,1079,2500,1800,2571,2277,1868,1497,2055
ADCY7,2799,4492,5695,8654,2241,1037,3819,4015,2671,1466,1154,4054,3500,4210,2881,1684,4789,5202,2590,3877,3156,9513,4458,3844,3706,2035,3373,3701,2120,3604,5213,5298,2299,4933,4913,2645,6480,2388,3359,5195,3097,3949,4201,5866,3109,2686,1983,2555,2354,3337,1585,4340,3351,6431,2123,1504,2938,4071,4113,3619
ADCY8,8,0,3,0,3,3,0,21,0,3,8,4,0,3,0,5,36,11,0,16,4,3,4,9,2,10,31,0,1,13,12,0,2,1,15,4,5,4,1,0,5,6,0,2,11,0,12,15,5,9,0,0,18,6,1,18,7,0,4,5
ADCY9,1374,1663,4821,294,443,2913,2438,2100,485,931,631,1627,1719,818,643,3462,2257,1176,466,4738,3761,1845,2314,1983,863,979,2676,1433,795,1247,2572,3092,1770,1311,2293,1148,2680,2437,1923,3101,1551,2580,1112,3167,1194,1223,935,3022,336,1201,1685,1522,1943,1536,2256,2123,956,951,823,1425
ADCYAP1,33,12,7,11,4,6,211,62,11,22,25,86,12,15,430,12,46,2807,5,10,289,29,0,26,95,10,16,48,13,43,42,13,51,6,32,71,3,127,70,116,31,228,5,47,23,1,37,57,16,63,56,72,69,92,2584,68,69,87,24,66
ADCYAP1R1,46,85,19,39,21,9,88,55,12,21,28,39,4,45,4,18,82,33,12,37,22,6,19,25,51,23,23,64,19,38,28,44,16,50,31,31,28,38,47,50,18,14,12,9,25,16,19,38,27,47,76,11,39,21,50,43,30,15,48,28
ADD1,4406,5135,5459,5432,4367,3421,5046,5153,4777,5417,3239,6579,6090,3476,4934,5320,7986,6213,4150,9626,5883,8865,6264,6961,6618,2732,5731,3654,4526,2797,8819,6928,8631,5375,5493,3831,6491,4902,4345,7830,4488,4501,4245,5516,4650,3309,3838,4419,3325,5854,3456,4822,3177,7514,4311,4517,3964,4074,4953,5566
ADD2,81,114,185,608,97,75,108,180,85,38,134,125,116,77,59,114,183,2783,49,258,124,51,99,232,237,142,112,52,20,66,109,375,18,436,78,87,227,111,166,196,112,76,74,193,176,70,79,144,235,97,96,96,92,111,2302,1148,110,35,130,85
ADD3,3372,2092,3599,9130,4577,2574,3216,3804,2864,2297,4505,4191,2606,2513,3155,4657,4340,3381,5121,4592,6478,2944,5964,6389,7438,2374,3622,1374,5153,4290,8348,5073,3000,970,3000,1867,4666,2855,2161,3626,2758,1991,3200,3522,5279,2676,8451,7288,2895,3786,894,4500,2932,2777,2806,3197,2522,15109,2406,2463
ADGB,51,4,53,1,2,54,228,142,28,1,114,140,38,38,13,75,55,2,41,130,3,1,17,86,353,23,204,11,119,71,27,164,14,65,84,166,158,92,56,25,88,26,69,14,34,19,154,24,18,66,23,2,19,12,16,27,13,1,4,179
ADGRA1,2,0,3,3,2,7,5,2,0,2,6,8,3,0,3,5,2,70,3,2,0,2,2,3,13,0,0,2,3,0,3,3,0,6,3,4,5,0,1,1,4,0,42,5,1,2,24,0,12,3,0,0,3,3,2,31,0,13,3,12
ADGRA2,1030,937,1165,1070,788,612,1080,1097,1303,945,671,2906,1433,496,1034,791,2507,961,1506,1570,762,652,575,1024,1214,669,1027,1091,627,668,1071,2245,756,526,912,938,1072,897,1218,1500,783,495,1240,1062,1100,919,752,1038,714,1154,920,1039,756,1866,807,1059,947,537,1542,1450
ADGRA3,1023,1721,1442,3093,1461,1639,1469,1027,2001,2134,1730,906,1497,1134,1200,2541,1466,1286,1084,2795,1524,2710,1355,2339,1343,721,1630,1807,1656,1206,1492,1420,2316,1982,1153,1136,1910,712,775,1459,1483,1016,551,844,1444,446,973,2015,1045,953,792,1727,662,1601,1489,1988,516,1093,810,988
ADGRB1,87,42,125,150,42,13,146,39,27,83,28,48,192,42,7005,229,108,104,30,229,30,1361,88,27,26,39,66,23,26,24,42,225,28,61,38,94,81,37,73,125,87,36,73,165,46,170,42,47,67,46,511,35,67,94,937,206,359,76,1108,163
ADGRB2,94,23,555,178,41,89,191,94,112,585,270,362,243,8,102,85,178,423,88,441,178,36,94,386,117,37,247,249,45,165,489,219,80,49,66,254,135,34,109,257,170,47,90,88,156,127,27,150,361,200,76,74,58,174,204,577,130,239,138,213
ADGRB3,85,208,435,16,68,471,262,212,39,24,48,51,75,65,59,131,370,107,92,315,162,42,136,135,140,145,251,49,62,84,1177,564,87,114,317,154,532,182,23,297,58,190,42,189,368,112,161,121,56,236,29,459,148,221,367,503,116,175,50,102
ADGRD1,814,2818,1444,101,470,492,773,1052,58,1402,196,1225,1433,3134,2111,1486,1822,1978,915,1488,1614,148,1778,1360,1190,709,1088,238,278,250,2276,1572,1553,6205,1673,4889,1487,1703,3640,845,716,1699,461,1199,970,594,386,657,206,1007,715,544,1014,1734,4296,476,871,1344,919,1457
ADGRD2,0,0,0,6,0,0,0,0,0,0,3,1,0,0,0,0,1,0,0,0,0,0,0,0,0,0,0,0,0,0,0,1,0,1,0,0,0,0,0,0,0,0,0,0,0,0,0,0,0,0,2,0,0,0,0,28,0,0,0,0
ADGRE1,97,9,80,11,93,60,52,104,61,16,34,121,61,12,28,35,519,58,58,64,38,28,15,112,103,97,69,151,39,19,188,85,32,16,162,49,46,123,53,75,51,117,97,143,58,52,49,136,105,82,12,76,341,44,9,49,73,12,20,23
ADGRE2,765,106,597,661,1247,219,184,552,2455,628,289,1081,558,51,261,122,575,355,1106,585,782,307,96,287,605,416,555,455,525,326,292,328,242,321,286,733,457,394,899,750,139,458,1295,808,304,524,382,517,1082,886,316,638,253,668,292,382,416,507,990,464
ADGRE3,96,15,25,10,163,26,45,106,175,40,13,279,50,21,20,29,190,41,80,72,51,28,22,92,85,12,35,129,56,23,57,98,24,39,123,114,114,181,81,100,44,30,23,54,41,49,138,161,119,132,22,46,38,40,92,89,71,17,192,28
ADGRE5,3098,1381,4386,959,1805,633,2531,3348,1443,1544,677,3117,2675,896,1802,1010,3571,988,1597,3276,3703,1514,2268,2396,2243,1569,3824,1233,2066,1319,2910,3462,2274,7184,2764,1738,2554,1797,3014,2214,2157,3086,2402,4951,2509,1548,2305,1324,1832,3750,928,1329,2720,2279,785,1407,2320,1425,1453,2223
ADGRF1,10241,57,7034,809,249,6438,943,5853,236,126,2397,461,2679,20,80,4805,3226,149,80,2204,4103,29,1463,3209,960,1112,5256,489,5199,1973,3473,4617,52,351,23877,563,1124,2511,196,2300,4813,1635,541,92,6635,1783,1444,9759,4022,595,289,842,6646,117,58,2502,2948,315,9,193
ADGRF2,3,6,4,28,96,7,14,10,15,87,2,4,61,8,47,12,107,9,9,58,4,0,20,21,21,9,37,459,15,115,7,11,26,8,10,129,18,4,2,2,5,1,25,0,2,0,26,3,5,3,73,0,0,7,1,206,4,0,54,8
ADGRF3,16,9,7,4,9,3,9,5,12,10,9,14,8,2,13,5,5,13,11,18,11,34,12,9,14,3,19,10,2,17,9,9,10,10,7,8,7,3,9,21,5,4,22,29,8,3,6,12,6,5,6,16,5,2,6,14,6,5,7,13
ADGRF4,54,3,25,9,482,6,40,18,603,51,67,15,312,2,119,15,490,56,643,83,90,35,22,165,129,186,40,171,566,205,64,7,9,9,13,102,8,13,21,7,36,8,665,31,42,0,223,50,234,24,42,18,20,433,26,84,6,5,102,9
ADGRF5,10167,52450,21465,1227,2910,16561,31355,22101,1242,9031,9595,8334,15680,9956,1414,31990,26453,3090,3052,29061,15381,2830,23950,27167,4382,8736,10842,3326,4098,14076,37376,46642,12559,10486,54012,5378,25614,32436,5378,24688,8098,27791,2959,18095,24521,8177,4019,35910,4081,10499,17479,8880,13451,6812,6781,8293,5957,31822,2364,7938
ADGRG1,918,2340,2657,9818,1339,2176,3911,2016,2648,3911,2753,680,4805,1077,3290,1416,1611,4135,1239,5375,1401,6091,5303,4065,2959,604,2678,8440,1598,774,2620,2295,3685,7484,1536,1751,3074,960,3687,3297,1037,1196,4430,2029,2112,1701,2644,4523,2590,789,895,1484,1581,2056,2672,3460,974,2200,3098,2027
ADGRG2,75,30,127,20,75,200,122,156,49,31,21,102,180,34,97,88,144,197,27,167,427,186,180,119,281,108,569,58,44,242,127,180,230,157,412,44,230,60,67,237,124,243,34,128,370,218,179,102,19,91,22,135,133,405,36,117,320,38,110,79
ADGRG3,127,11,25,36,414,28,74,48,439,101,25,303,62,14,24,27,188,70,283,58,75,25,26,61,72,32,20,269,94,26,24,53,25,64,29,373,23,24,108,60,33,79,126,46,37,11,84,87,349,147,35,70,31,63,146,80,85,31,65,75
ADGRG4,14,3,37,0,2,10,29,2,0,2,3,3,1,2,3,6,12,1,4,9,1,0,1,3,13,2,9,4,0,6,8,31,0,3,12,2,10,8,5,8,1,2,0,10,4,0,1,1,1,3,0,2,14,1,0,5,2,0,1,0
ADGRG5,125,34,97,30,84,38,240,137,84,97,26,140,233,26,255,29,114,50,172,167,193,131,59,46,144,105,259,61,95,248,73,90,23,15,161,180,82,174,195,257,142,78,246,209,166,143,98,103,67,143,49,82,88,19,37,40,183,18,71,165
ADGRG6,1877,1191,2672,4525,1323,1253,2798,2484,2594,2179,2281,1620,3830,1478,1633,1685,4240,556,532,2159,2708,1112,1784,1809,1107,938,1684,2681,5363,2418,1669,3597,8856,1061,2149,3981,1323,5517,1404,3210,1422,1124,712,2602,2282,731,10371,2015,1133,1730,2120,1656,2361,811,3488,2418,3768,784,2402,935
ADGRG7,0,0,0,0,4,2,3,1,1,3,1,0,1,2,4,0,1,4,1,0,0,9,0,0,2,3,3,7,64,0,2,0,0,0,0,0,0,1,0,0,0,0,7,0,1,0,12,1,0,0,2,0,1,0,1,11,2,0,1,0
ADGRL1,1366,367,887,2973,632,246,1017,956,281,228,370,868,655,400,619,918,1060,340,358,1327,737,197,772,840,457,442,1384,1129,235,796,1276,1260,1233,1088,643,536,518,789,500,604,624,833,880,548,1144,555,212,632,1007,468,1788,203,470,756,715,1507,683,429,355,792
ADGRL2,3126,3012,1731,6083,1843,2170,1733,2630,2418,1577,4199,3093,1422,1701,773,2153,7047,2872,1624,2279,4761,6127,2163,4525,3920,2096,3560,2195,1585,1975,2853,3014,6012,2996,2800,1164,1594,1884,1253,1755,987,1838,3129,1790,2751,851,2351,3154,1487,3842,1256,1328,2245,2748,1675,2787,1337,1160,1581,3261
ADGRL3,340,132,226,7821,114,413,150,491,183,99,435,437,263,192,214,460,692,166,129,309,1791,315,130,150,925,220,796,85,282,347,400,425,249,150,633,150,212,289,50,204,267,178,123,113,442,138,440,104,116,173,38,211,332,544,41,477,562,78,125,225
ADGRL4,724,1317,440,222,739,240,657,675,461,460,408,1109,397,330,256,465,1731,334,1046,810,406,345,234,488,1085,288,384,666,498,796,507,793,581,343,809,381,348,701,580,620,470,293,813,463,525,249,539,748,906,1663,598,701,425,875,484,519,600,583,871,792
ADGRV1,2139,6825,7627,58,3094,4822,3021,4103,113,6026,1182,2004,1129,7707,10671,4719,4031,14155,532,10775,4486,10332,13942,6230,1947,1752,6108,5547,1887,3934,4255,1569,9014,9214,2922,5973,18527,1035,2120,969,1933,5841,248,3789,3067,3990,1980,2583,7614,3297,5848,1989,2613,3285,18443,10095,1667,6791,10733,9433
ADH1A,1,4,10,0,8,4,32,4,1,0,2,28,1,4,1,12,10,18,1,5,8,24,18,6,10,4,6,13,2,71,5,11,10,21,10,4,14,8,3,23,2,5,2,13,9,3,6,0,2,10,4,37,14,5,1,2,6,10,0,22
ADH1B,1996,4235,11032,1330,1349,3186,7498,4988,37,692,1707,21313,1419,2556,315,3413,9016,1557,742,6440,8574,1244,2373,2876,11630,2455,5431,812,1392,6661,4301,8955,3655,3103,6586,1373,8583,4457,984,3216,4882,5410,816,6764,12815,614,3812,3312,677,8185,253,2699,6727,2931,394,835,2506,1212,154,1819
ADH1C,42,297,82,55,68,25,2552,51,82,11,71,116,23,85,16,49,55,30,17,273,152,3672,1654,152,1268,620,263,1438,22,13214,51,165,51,11092,366,91,381,140,98,3729,37,39,390,33,309,1169,559,45,144,56,550,3964,25,38,33,265,15,1343,1,1400
ADH4,3,2,2,8,24,0,5,0,11,0,3,20,1,0,0,0,0,2,2,1,10,186,1,6,22,0,3,15,2,25,2,0,0,12,3,1,5,4,6,0,7,0,61,2,2,5,3,3,1,14,0,1,3,5,0,0,3,12,0,3
ADH5,2029,8193,3326,5524,3771,2069,5154,3780,3142,3204,3197,3850,3343,3208,2117,3295,4938,5055,2736,5698,3741,15484,4110,6109,7968,1394,2406,6362,2346,7909,5455,3629,6531,6376,4254,2121,3256,4261,2061,4427,3439,3369,2619,3024,3238,1526,3331,5055,1980,3541,4180,7134,2247,4898,2624,3738,2170,4323,2613,2888
ADH6,12,1,5,4,5,1,55,19,107,5,21,29,3,2,5,12,17,292,4,111,4,1192,185,24,138,13,19,8,9,362,86,12,19,12,19,23,30,13,2,9,23,2,6,0,9,1,20,14,2,12,13,8,3,0,0,7,5,3,1,23
ADH7,6,8,18,1,1,8,40,18,7,0,73,170,9,8,2,18,20,0,26,94,1,49,18,22,174,0,48,0,7,34,9,58,0,122,20,86,61,7,6,12,24,4,9,1,26,14,10,5,12,22,2,1,2,65,10,0,0,175,1,307
ADHFE1,116,642,353,45,82,251,321,196,117,77,89,215,258,272,93,172,217,115,131,334,149,1154,359,279,244,169,399,131,181,108,367,315,760,119,232,81,347,250,133,197,97,176,250,372,206,232,198,250,114,258,97,198,168,262,42,145,173,234,59,330
ADI1,1857,7282,3975,3893,4504,1172,3367,2282,1736,2654,2559,2379,1696,3360,2360,2282,2413,3924,2024,3772,3046,9907,6505,6044,5020,1025,1902,2424,1782,2756,3277,4187,8121,5682,5143,1455,4979,2748,1298,3412,2378,2606,1762,3887,2632,1459,4386,3951,1539,2353,2450,2874,1772,3022,2091,1857,981,5876,5807,3429
ADIG,0,0,0,0,5,1,0,0,0,0,0,0,0,1,0,1,0,1,0,1,0,0,0,1,2,1,1,1,4,0,0,0,0,0,6,0,1,1,0,0,2,3,3,2,1,0,0,0,0,0,0,1,0,0,0,0,2,0,1,0
ADIPOQ,1,0,0,2,1,2,0,0,0,0,3,1,0,0,0,0,0,0,0,0,0,1,0,0,0,0,0,1,0,0,1,0,0,0,0,4,0,0,0,0,0,0,0,0,0,0,0,1,0,0,0,0,0,1,0,0,0,0,0,0
ADIPOR1,2937,14347,5465,4992,4733,3196,3561,4148,2936,4806,3539,3886,5346,4760,4157,3294,3970,6829,3219,6119,5064,8637,5560,5054,6003,1495,3339,2202,3370,4406,5762,3708,6423,13444,5943,3656,5941,5403,3458,3956,5404,5897,6322,4168,3932,2018,4026,6097,6139,3591,3898,4666,2857,6190,5299,3014,2445,12683,3624,2603
ADIPOR2,1781,2531,1665,4606,2455,1220,2733,2211,2178,2938,2228,2010,1911,1465,1933,1695,5984,4671,1542,3531,2084,4398,1710,3088,3808,1444,1360,2193,1309,1612,2434,2054,4841,2920,2606,1755,2554,1642,1636,3345,1523,1889,2967,2137,1242,1113,4085,2008,2455,1934,1940,1228,1641,1970,2549,1945,1234,1961,2692,1723
ADIRF,471,10372,413,1055,350,717,894,670,40,97,534,707,177,487,121,259,1509,346,241,455,1208,2021,835,448,1133,395,964,56,1245,573,461,1511,4545,2047,932,268,435,539,168,301,563,206,167,606,784,243,704,533,306,707,1756,395,770,2529,358,204,146,4794,166,487
ADK,1298,7876,2953,1681,2204,815,1661,1658,803,1466,1315,945,1231,1873,836,2992,2937,1114,2004,2357,1682,2597,1782,2808,2152,614,1125,883,857,3628,3462,2267,1845,1974,5024,1344,1805,3102,879,1653,1644,1699,2289,1541,1594,928,978,2461,1320,1073,1596,7092,1115,1923,1330,1258,1629,2779,718,953
ADM,788,139,340,1790,2349,299,175,422,357,775,988,1137,597,46,181,638,980,786,429,378,705,347,305,897,1132,158,213,1566,255,150,247,261,447,168,330,551,143,178,326,267,277,194,301,174,258,133,286,1120,474,4220,297,695,237,603,424,260,161,245,583,418
ADM2,115,41,251,83,211,179,306,104,152,322,170,102,171,99,432,267,176,76,251,744,152,310,212,316,305,49,469,334,232,250,52,162,961,534,123,206,154,119,147,303,132,187,182,40,216,498,649,351,251,91,511,192,98,111,174,237,229,126,208,256
ADNP,3354,6790,4602,6409,5209,6568,4084,3080,5290,5346,5089,3306,3720,2743,5826,5538,5673,7281,3080,8067,4121,4643,5520,6956,4305,2305,5163,6341,5687,4214,5476,4257,5469,6485,5027,4812,5388,4430,3747,8053,2959,3997,5092,3465,3697,3581,3043,5770,5576,2531,6180,4199,2264,5004,4832,7218,4023,5195,3992,3730
ADNP2,1271,1459,869,2734,1589,1573,2139,1338,902,2099,755,1228,1304,832,1446,1333,2458,1250,1678,1824,1282,2089,1390,2302,1791,597,1733,1263,1082,1070,1157,1064,1681,1627,1632,2023,1330,1649,790,1545,1418,1286,2165,1186,1074,675,1214,1162,1461,1183,1642,661,757,1351,2194,1117,1056,1154,1189,785
ADO,768,1269,879,772,893,654,785,862,672,1032,502,947,700,637,962,670,1275,1208,937,1042,778,1424,569,963,1364,270,588,600,749,912,958,1018,1328,1294,1108,735,766,768,651,761,715,679,1022,1010,867,469,960,999,1020,885,948,860,528,1153,1352,700,697,1004,818,447
ADORA1,337,5,137,43,137,149,412,104,213,17,48,86,72,0,26,60,498,43,55,534,52,16,1954,88,31,102,310,58,74,33,397,166,9,35,131,69,446,597,65,64,159,68,486,34,231,229,41,138,127,70,832,84,57,37,26,116,942,27,124,13
ADORA2A,14,8,10,22,44,14,23,12,13,24,8,40,33,13,35,12,31,5,28,35,47,34,22,13,26,12,36,23,12,21,23,17,15,10,39,28,20,23,20,68,26,25,30,43,26,13,15,23,21,47,13,10,17,12,12,17,47,4,28,20
ADORA2B,251,368,245,72,226,265,672,301,163,84,277,140,213,109,92,240,910,76,249,532,301,35,620,566,631,109,192,110,92,247,369,356,141,260,1118,158,402,338,48,274,157,315,174,97,345,254,144,182,136,180,248,473,342,367,105,301,99,325,56,29
ADORA3,175,111,536,16,98,90,211,606,34,43,259,202,268,31,112,113,295,111,61,399,279,160,55,318,361,264,167,100,235,82,299,110,317,100,253,44,133,120,182,315,213,226,214,598,160,218,207,168,134,321,90,308,101,378,79,109,101,70,167,112
ADPGK,1731,2133,2174,2239,3285,1644,1699,2142,1610,1807,1520,2540,2544,954,1737,1058,2921,1102,2612,2854,2621,4054,1557,3477,3237,1159,2071,1555,1576,1785,2017,1900,2948,2801,2799,1764,1927,1755,2016,2646,1474,1895,4008,2769,2004,1347,2352,2460,2297,2893,1135,2256,1376,2201,1234,1643,1583,1134,2117,1673
ADPRH,619,677,566,361,489,228,568,770,196,340,428,1112,495,382,362,362,932,367,446,1024,963,1281,291,1272,733,486,571,357,384,755,731,786,322,1042,833,350,474,477,568,678,518,622,688,1146,637,408,487,752,825,1254,319,940,464,656,326,391,512,666,614,257
ADPRHL1,208,195,100,153,577,220,197,106,258,134,37,59,146,332,140,65,115,72,464,247,95,299,262,442,746,72,146,58,133,304,57,145,469,124,153,31,108,133,56,69,62,54,925,60,162,39,316,93,230,62,271,235,32,1511,89,104,95,446,40,90
ADPRHL2,667,1014,1014,1462,869,778,664,1043,546,805,963,666,1052,458,494,1029,1359,827,780,1925,1178,1510,898,2109,1065,408,878,896,536,804,1150,868,1382,1010,788,716,849,622,479,1054,897,745,972,1019,1006,514,692,1982,587,822,607,1503,621,762,469,1033,506,932,685,609
ADPRM,117,270,173,191,143,148,236,234,148,107,141,190,135,130,165,131,321,176,116,265,248,402,305,401,363,105,128,205,137,196,319,185,243,200,433,110,241,302,119,280,145,204,160,267,245,130,224,227,95,214,107,174,180,295,105,156,158,217,174,169
ADRA1A,40,23,60,15,9,55,306,78,0,19,15,8,3,12,1,35,201,52,5,20,99,0,90,35,14,65,121,5,16,45,162,119,15,24,157,23,120,524,10,17,50,52,1,19,160,4,62,39,7,26,5,27,179,4,6,19,80,4,4,41
ADRA1B,15,39,74,7,20,31,47,18,43,7,18,77,59,24,43,76,50,40,5,319,67,10,43,80,21,28,35,28,13,78,29,41,136,44,92,19,28,30,7,17,15,41,11,20,27,14,10,37,8,38,15,36,24,59,22,25,128,18,17,22
ADRA1D,7,8,3,7,2,3,4,11,0,4,8,11,10,12,4,8,34,2,4,8,13,1,4,5,14,11,16,6,5,13,5,26,15,6,7,3,11,2,7,1,3,0,1,0,13,1,9,11,0,6,7,9,12,18,5,9,8,32,2,23
ADRA2A,716,20,160,22,48,42,672,167,44,43,92,303,250,216,231,300,699,108,61,525,105,374,41,234,118,84,129,142,205,602,684,303,79,168,202,360,168,908,1245,376,95,330,60,192,343,539,308,115,46,169,332,366,117,70,277,93,212,603,209,2704
ADRA2B,19,9,6,10,4,468,19,14,4,5,23,19,9,11,12,29,17,3,5,71,18,8,8,22,15,9,15566,18,25,16,8,17,19,5,14,29,11,25,9,17,18,0,4,15,13,14,26,2,16,9,6,30,10,26,8,17,2,6,12,20
ADRA2C,45,16,42,385,20,31,50,21,30,9,10,45,63,8,7,47,124,101,15,49,23,6,78,28,35,27,27,13,22,44,56,60,139,34,38,716,15,95,20,22,27,22,14,21,52,21,28,156,24,42,23,36,26,116,130,41,20,272,24,54
ADRB1,114,906,136,298,19,79,36,111,7,16,87,123,160,285,8,269,481,300,10,323,334,195,75,155,58,134,196,168,8,71,238,227,117,134,124,551,154,82,34,39,58,91,14,104,138,13,87,43,8,104,31,52,114,17,21,91,182,40,10,244
ADRB2,307,80,608,31,173,138,525,809,73,155,302,559,296,120,194,449,842,171,158,970,952,197,248,441,358,393,729,201,270,294,773,530,284,228,509,354,905,509,198,818,334,417,177,808,602,196,444,639,167,746,154,227,505,166,65,255,450,119,148,387
ADRB3,12,7,4,0,0,1,5,5,1,5,1,3,11,1,0,1,20,1,2,10,4,3,7,24,4,0,1,1,5,2,7,10,0,12,13,4,27,26,4,9,13,1,3,8,5,2,1,11,0,6,1,1,11,11,3,16,1,0,4,2
ADRBK1,2288,1848,2752,4322,3578,2543,3800,3619,2754,3443,1656,3005,3584,1333,4025,2573,3889,2765,3914,4060,2825,4018,2032,3072,4692,1325,3553,1919,2685,2660,1750,3475,4427,2224,2899,2893,2730,3138,2512,4428,3071,2222,5158,3535,2817,2191,2699,3665,2899,2385,2687,3418,2695,3084,4662,2412,2503,2205,2472,3006
ADRBK2,1820,1046,2142,1574,1781,1193,3647,2411,740,2232,1516,2945,2603,486,2210,1707,3878,1614,3231,5964,2197,5588,2280,3739,2530,1584,3127,3322,1399,1491,1944,1958,3634,1111,2767,2006,2721,1910,1886,3797,6972,4444,1599,3476,2461,1570,1698,2825,1136,3007,2141,1842,1151,1544,898,2420,1672,1052,1929,1921
ADRM1,1262,1345,1306,4040,2178,1262,1986,1593,1446,2493,1633,1297,2014,932,1203,1482,2391,1766,3602,2640,1766,2063,1490,3211,2604,547,1107,2786,1656,940,1679,1361,1961,1871,1403,1663,1951,1215,1111,1751,1460,1193,2149,1359,1176,786,978,2876,1726,1279,1812,2831,750,1416,1309,1614,1181,1391,1261,969
ADSL,390,655,468,1587,789,439,462,736,342,843,448,501,496,335,379,332,934,554,584,1440,415,1121,465,1248,1104,250,398,1617,419,548,432,366,549,533,1077,490,403,521,270,804,336,410,497,518,637,331,382,836,624,430,621,518,232,419,577,461,358,534,444,315
ADSS,1802,5111,2610,1962,3166,3163,2485,2935,1515,2351,2063,1729,3020,1919,2942,2665,3063,2614,1654,4380,2572,3362,2553,3784,4244,1128,2671,1763,3308,3097,2204,1992,3213,5221,3481,2414,2666,4581,1493,2755,2010,1286,2807,2081,2570,1527,2825,4562,3400,1858,3773,2699,1825,3728,3464,2126,1591,5766,2150,1602
ADSSL1,133,269,231,679,496,134,217,202,184,764,133,109,512,216,523,125,202,434,283,514,178,1052,145,537,372,124,440,245,98,225,182,193,609,639,207,237,172,95,191,256,127,52,389,72,169,113,122,160,466,100,255,319,61,1024,422,241,64,627,175,294
ADTRP,118,88,121,34,139,73,59,65,58,61,84,327,187,26,107,38,320,152,60,138,58,53,57,115,141,60,127,108,131,118,103,77,79,251,197,82,100,161,121,158,49,192,190,162,74,38,1148,136,313,429,30,79,107,163,48,85,71,82,232,74
AEBP1,6103,3735,11758,5747,5067,5594,15548,9221,9699,6679,3944,19969,18204,1712,13463,4839,17173,9143,8711,18935,6012,3519,6376,10824,7764,4664,5463,6165,3303,4965,12450,37913,4707,2340,3663,7797,12518,5379,8084,14180,2515,4016,8004,6883,5359,12747,3579,10155,6959,11203,13133,9416,6447,48193,7559,10980,7320,4730,25628,4033
AEBP2,1202,2364,1713,2932,1546,1188,1393,1399,1150,1977,1626,1611,1228,974,1756,750,3552,2130,1052,2634,1383,3074,1741,2109,2381,807,1133,1685,914,1227,2591,1772,3855,2555,1808,1297,2415,1255,1191,2872,1284,1513,1609,1535,1338,1016,1428,1775,1936,1480,1694,1164,1141,2029,2422,1447,1078,2251,1961,1125
AEN,706,1439,705,1733,1774,311,867,578,1144,1617,354,1785,758,699,577,490,1809,699,1540,886,793,2514,510,741,1529,248,571,580,383,620,601,632,1383,851,869,1097,641,796,675,791,655,702,1076,987,583,560,959,811,690,1914,632,879,697,1621,963,278,809,1120,997,555
AES,3832,2998,3036,8293,4034,4879,6172,6243,2491,3778,3235,3874,3382,1949,4851,3624,7425,6753,3960,7529,6731,4652,3768,4393,5982,2231,5348,2193,4311,3834,6637,6856,5180,8883,5603,3462,4617,3434,3020,5895,4954,3341,3545,4658,4241,2970,4835,5148,3463,4003,3294,5672,3427,3454,3428,4118,2650,3437,2893,2742
AF011889.5,26,41,54,19,46,50,44,41,13,37,20,25,63,25,41,64,72,39,30,137,54,51,71,82,50,27,61,16,33,19,58,88,28,43,74,35,89,35,31,195,30,77,44,47,55,39,52,76,60,28,17,50,98,38,37,79,12,25,55,60
AFAP1,1849,1289,1278,2096,1621,1758,1662,1853,2830,2394,1266,2294,2293,592,3197,2020,3081,2560,1426,3431,1692,1682,1560,2227,2796,985,2070,1868,2354,844,3244,3214,1654,1158,1436,1990,1581,2136,1932,3333,1112,685,1483,1874,1574,1381,1910,1869,1862,1756,1472,1401,1630,2797,2181,2278,1500,1583,2569,1436
AFAP1L1,763,752,502,371,583,298,368,630,1191,396,406,1149,417,422,147,470,2131,549,669,939,688,483,353,523,1008,488,877,805,357,811,631,725,643,549,832,492,273,530,598,632,282,299,503,386,458,225,493,593,510,1255,570,518,648,636,433,632,590,263,846,887
AFAP1L2,994,355,226,262,579,136,535,334,749,320,246,320,181,178,194,243,885,329,411,302,193,229,214,391,853,195,463,235,2014,663,300,359,210,170,425,250,144,240,350,240,227,72,339,354,374,227,1349,423,288,328,880,191,377,389,204,311,535,138,304,421
AFF1,4309,4923,6645,5805,4789,4149,8861,3989,6075,5440,3952,5861,7576,2080,6420,7108,7241,8804,4227,9212,6823,7719,8775,7639,5783,4143,6984,7411,5062,4515,9831,7977,8434,5544,4967,4396,6435,6354,4471,10442,3896,4770,5212,7562,4286,3397,4803,5108,5273,6723,6440,5224,4426,7656,5409,7067,4122,3399,5205,6734
AFF2,130,217,151,71,312,61,872,99,87,71,65,366,114,173,111,92,233,69,135,1133,192,50,371,86,231,84,901,87,125,152,134,195,262,246,276,73,216,102,109,282,90,117,82,83,178,93,88,194,122,217,69,59,118,57,65,441,90,3020,164,289
AFF3,624,1382,717,56,245,143,1011,559,37,234,147,632,329,693,1286,237,643,3144,109,416,397,721,404,529,490,512,746,230,279,955,660,463,435,1246,1214,288,1828,293,356,689,722,461,151,334,397,260,344,325,184,708,105,197,480,665,412,295,426,1336,696,1038
AFF4,8298,17033,11636,9207,8023,6457,11658,8825,9496,8329,7080,9666,15091,4993,9330,11232,13335,14689,6138,17632,12888,11231,7706,11520,11680,6783,8023,6295,7301,6397,17285,10993,24038,12936,12470,7444,11234,16420,8162,15549,4801,10139,7193,8071,6724,5412,9353,16695,6435,10812,6447,11680,5922,11851,9864,9657,8543,12028,11067,8194
AFG3L2,1505,2702,2098,4826,1925,1784,2209,2061,1683,2405,1897,2034,1373,1588,1514,1442,3363,5132,2019,3351,2642,5775,1150,4099,2800,913,1429,2292,1466,2020,1587,1751,3663,3183,2337,2790,1643,1732,1506,2490,1857,1619,2609,1751,1789,1378,2222,2706,1883,1999,2143,2407,1235,2001,2581,2058,1050,1684,2067,1614
AFM,0,0,0,77,0,0,0,0,0,0,0,0,1,0,0,0,0,1,0,0,1,0,1,0,2,0,1,2,0,1,0,0,0,1,1,0,0,0,0,1,0,0,2,0,1,1,3,1,2,0,0,1,0,1,2,2,0,0,1,0
AFMID,446,704,607,1521,782,597,510,559,503,2235,334,376,669,374,656,596,1006,735,395,901,752,1485,757,680,1042,334,870,432,690,370,520,815,973,871,919,606,1056,523,1038,707,429,853,1371,586,623,322,412,1134,1049,510,915,809,441,618,684,417,553,427,445,658
AFP,0,1,0,52,1,0,1,1,2,1,13,0,2,0,0,0,0,9,1,3,2,21,3,1,16,0,1,4,0,8,0,0,0,26,0,1,2,0,0,0,0,0,1,6,1,1,6,0,0,0,5,1,0,16,0,1,0,8,2,0
AFTPH,2343,4131,3193,2935,4258,2039,4054,3260,2569,2561,1960,2665,3431,2006,3478,2698,3702,4229,2604,6131,3430,6774,5267,4031,5010,1319,2083,3965,2706,4129,3875,3164,6749,3903,5104,2112,3233,3105,2268,3928,2974,3975,3091,4072,3209,1808,4019,5109,3517,2861,3133,3306,1877,3273,3175,3218,2749,3234,2886,2091
AGA,516,2484,1123,1047,1314,706,1250,862,611,825,585,1086,752,2793,712,735,1238,1386,1024,1502,1573,2847,1486,1786,1783,368,661,1291,537,1609,716,752,1801,3393,1815,613,1655,1700,783,1538,621,704,1147,533,720,427,431,1900,517,1054,807,1907,515,1892,1207,856,488,1627,610,1864
AGAP1,1423,2033,1717,3603,1917,2383,2349,1449,1994,2004,1131,825,1938,1741,2694,1608,2423,5355,1240,4359,1013,5093,1304,2189,2320,778,1730,1949,1912,2019,3324,3361,3196,1272,2830,1402,2249,2085,766,2577,1118,2112,1527,987,1381,1186,1615,1797,1278,921,2008,1083,1217,2187,4941,2542,1764,1529,2672,2282
AGAP2,289,86,416,304,281,119,453,453,249,289,167,464,470,90,513,204,409,421,427,492,585,800,160,253,482,226,509,230,299,269,310,397,184,84,499,326,354,358,454,869,311,407,621,962,444,300,254,334,270,426,209,327,347,216,195,191,523,80,505,432
AGAP3,1803,2987,1916,2776,1724,1131,3015,1768,1623,2060,1135,1414,2195,1882,2891,1941,2395,1495,1832,2085,1017,1588,1169,3330,1988,832,1853,980,1097,1138,1883,2950,3616,2698,1586,1328,1392,1339,1474,1893,1169,1638,1552,1701,1642,1192,1128,1667,1356,1279,1372,1649,1122,1922,2473,1162,1763,2217,1495,1591
AGAP4,59,115,184,65,89,154,195,76,139,199,58,94,205,69,188,93,157,188,156,208,59,196,141,99,304,39,171,54,130,139,190,178,262,127,122,100,151,100,129,159,118,93,179,207,166,102,64,134,213,62,143,72,116,130,140,80,129,53,91,230
AGAP5,23,105,25,13,33,28,47,24,46,56,9,28,51,37,71,61,51,26,33,46,25,42,19,19,57,13,50,17,43,29,24,51,44,58,63,31,39,41,28,62,37,38,84,48,33,41,30,44,38,40,60,57,25,32,42,26,56,34,33,51
AGAP6,279,547,387,239,488,345,427,277,525,473,196,335,482,188,471,368,525,446,318,432,197,533,239,435,578,210,567,309,370,291,296,529,422,560,569,416,471,437,323,504,311,322,659,730,288,360,266,379,519,463,466,257,221,277,572,351,323,298,318,762
AGAP9,173,315,150,99,399,194,120,29,405,648,114,117,193,97,560,405,242,171,186,617,159,554,138,226,340,162,498,209,366,147,245,302,499,21,337,328,423,227,189,246,235,267,745,627,250,332,145,161,283,237,366,210,201,589,120,128,481,225,237,524
AGBL1,419,8,67,9,136,49,27,149,8,52,32,189,21,35,10,61,366,218,51,61,25,30,75,58,104,327,405,44,379,20,48,304,111,792,289,99,37,87,194,185,133,115,4,292,76,0,309,224,345,354,992,6,181,24,90,108,95,37,2,441
AGBL2,52,13,76,122,49,130,175,139,105,31,95,147,40,34,34,95,122,54,85,204,32,62,123,118,305,38,259,49,102,36,70,181,84,98,78,169,222,56,48,72,90,19,67,66,90,41,115,57,107,74,53,45,38,35,20,154,62,128,40,154
AGBL3,96,80,64,74,112,134,176,109,113,53,69,77,91,50,103,77,199,63,78,236,69,90,104,169,203,115,272,45,137,232,199,124,46,96,203,56,138,82,33,187,75,64,110,70,131,86,105,50,48,76,54,86,70,69,142,93,99,56,82,62
AGBL4,45,18,135,3,29,184,107,53,26,5,90,44,46,33,92,47,32,329,17,107,14,92,58,65,120,57,133,56,48,17,149,53,1123,107,35,66,104,31,58,84,83,36,39,22,69,64,46,40,169,36,45,23,9,28,11,395,6,16,28,95
AGBL5,443,1211,460,2347,550,644,843,935,632,535,462,431,317,694,412,560,1158,1590,941,1112,774,1298,1253,1425,774,372,545,989,490,1451,891,888,543,1144,1031,534,753,675,312,1075,927,564,251,421,882,392,507,959,847,390,404,1270,589,844,854,762,320,1490,659,427
AGER,1424,3145,4660,218,603,641,187,2692,106,294,529,3159,179,800,110,629,8871,1137,224,315,2011,218,498,1515,611,1682,4501,372,367,314,3165,3422,309,1316,2971,589,405,1020,588,558,1305,1381,126,1460,1271,155,2449,3046,266,5140,252,231,3176,445,416,803,725,222,81,1104
AGFG1,3739,5203,5335,5421,9002,3330,5173,3672,4290,5013,2904,3633,4645,2234,3908,3191,5289,7077,4395,6667,3238,12039,3959,5505,7498,1802,3504,5803,4984,3953,4327,3662,7999,7632,4657,5135,3560,2973,2628,4522,3292,4100,6821,4367,3830,2125,4218,4459,6363,4970,3187,3460,2257,5363,7477,3678,2706,11600,4145,3985
AGFG2,562,430,923,598,689,283,1366,748,502,826,273,465,647,249,616,635,832,512,512,724,653,600,1538,1620,664,384,720,437,999,397,1049,1444,1549,506,1039,368,1255,662,556,915,453,624,875,700,755,338,984,605,489,427,591,568,430,427,505,631,353,540,249,621
AGGF1,532,1526,1299,932,762,859,1043,1263,790,602,694,646,773,575,873,876,1463,890,641,1833,987,933,803,1276,1426,306,814,545,672,896,1081,917,1500,1038,1683,610,1110,1022,509,1081,866,730,736,819,853,436,886,1864,588,621,605,1069,663,882,627,1063,791,957,828,510
AGK,729,891,734,1036,1075,722,955,818,502,758,757,602,843,587,1066,1036,1391,833,923,1018,767,1118,941,2610,1044,453,779,904,546,1085,1150,717,1127,1331,1094,808,941,963,532,1097,611,673,988,795,731,598,620,972,953,596,587,915,638,669,1108,782,620,662,609,537
AGL,2062,3131,3420,4951,2901,2188,2261,2532,2158,2208,3230,1936,2056,1851,1466,1902,2761,2050,3407,6106,2753,3669,2502,3864,3470,1184,1994,2027,1374,3084,1761,4308,2493,3108,2869,1797,2231,3289,1554,3501,1768,4857,2715,3454,1511,1073,2860,4439,2735,2261,3465,3377,1658,1643,1799,2743,2573,1716,2006,1012
AGMAT,99,30,72,736,136,47,60,57,70,162,41,18,45,18,76,28,109,172,95,63,126,484,16,196,266,12,36,119,40,170,25,18,506,89,57,102,17,18,55,59,33,22,155,39,61,33,50,97,79,28,235,178,45,7,46,52,53,53,40,84
AGMO,4,14,18,215,18,10,9,5,127,12,13,35,18,3,5,11,38,15,11,368,19,41,9,18,12,15,3,42,108,14,12,17,6,9,11,8,11,18,8,13,9,8,4,13,21,16,539,14,10,34,6,10,5,20,16,71,6,1,25,24
AGO1,2246,3349,3907,10456,2919,3006,3478,2875,3281,2578,2387,2465,2744,1836,2853,3931,3865,5504,1972,7987,2551,6705,3099,5400,3471,1612,3584,4575,1859,2924,5074,4052,4088,2463,2744,2296,3361,2769,2037,5464,2546,2172,3085,3695,3117,1881,2482,4057,3014,2326,2533,3060,1894,3226,3908,3639,2169,2529,2948,2931
AGO2,5868,3546,3511,11749,5232,3743,4413,3042,6218,7738,2870,3292,4175,3026,4887,3720,5961,4882,4562,7607,2579,8930,2293,4107,4877,1774,4229,4611,3525,4643,4261,4620,7394,2408,3267,3721,2322,5045,2283,5257,3259,4198,3891,4635,2707,2428,2611,3368,3913,4278,11082,2674,2300,4134,10966,5328,4125,2673,3696,3521
AGO3,2066,3128,4122,4388,2413,3415,3393,2558,2898,4510,2199,2667,3189,1615,3115,3473,3746,4649,2134,6190,2534,4006,3195,5252,3297,1850,3581,2637,2522,2845,3703,3340,4467,3018,3427,2206,3664,2282,2155,4840,2809,2786,2845,4195,3357,2366,2183,4028,2556,2638,2649,2325,2088,3391,2686,4262,2282,2132,3481,2556
AGO4,1445,3644,2928,3021,2097,1596,2110,2414,2007,1801,1338,1889,2451,1551,2272,2286,3207,1935,1536,3307,1809,4539,2383,3208,2339,1393,2444,1544,2179,2350,2937,2210,3246,1848,2215,1696,2923,1978,1657,3275,1876,1871,2189,3222,2473,2074,2712,2621,2183,1937,1881,2523,1567,2796,2457,2553,1605,2082,2389,2376
AGPAT1,953,1881,1117,2609,1254,1086,1227,1275,800,1411,829,1060,1123,801,921,1575,1403,3103,1060,2480,1642,1240,1211,2554,897,471,1127,1148,794,1036,1337,1377,1806,898,1124,862,1220,1316,670,1490,641,948,823,898,1090,516,793,1741,711,766,974,1147,762,1557,1145,1495,663,930,972,841
AGPAT2,2099,1500,2708,590,1799,852,2316,1442,426,2870,774,1169,2306,1257,5031,1238,4093,4405,2686,3115,1048,3019,1332,1695,2733,627,1150,1438,1487,1581,5075,2815,9146,3215,4308,1206,799,3351,1306,1562,1977,3633,1198,1356,1756,883,1281,2702,1297,1376,6858,2296,1802,1289,1793,1413,3232,1804,2387,969
AGPAT3,2264,3554,4035,3349,3182,1773,2837,3098,2661,1655,3128,2368,2504,1929,2741,3628,2900,2391,3521,4810,2449,3742,3154,2154,3766,1425,3621,1805,2230,3108,3943,2478,7905,3038,2180,1901,2100,3471,1579,3772,2864,2481,4223,2977,1706,1409,2159,3236,2952,1891,2340,1924,2206,3195,1786,4543,2191,1602,1663,2101
AGPAT4,555,291,535,403,339,482,678,413,348,452,304,1094,664,105,195,297,797,1053,395,726,406,1286,205,457,557,348,1065,388,574,181,466,537,346,367,422,447,696,408,532,809,814,825,351,1041,556,668,360,568,327,1753,288,422,272,681,638,900,355,166,838,863
AGPAT5,807,871,564,1752,1032,1400,960,1046,507,2445,920,757,866,268,1026,388,1395,2308,1108,1382,1314,3907,470,1028,1682,413,1045,945,1053,1081,1031,584,1744,675,1174,1123,695,1187,515,766,457,472,968,741,913,597,1419,747,733,872,729,751,349,938,2397,822,464,1300,1271,679
AGPAT6,2639,4774,2483,2777,4634,2546,2771,2519,2623,5087,1064,2400,3666,1514,3092,4515,4648,4789,2649,3149,2463,6476,1775,3368,4612,1196,2579,2476,2030,1917,3303,2296,5936,2586,2534,4502,1759,5604,1803,2384,1571,2468,2524,2210,2364,1551,2126,4352,1486,2250,8009,2557,1701,3523,10836,2688,2798,2014,2895,2380
AGPHD1,86,232,141,326,217,143,184,105,65,133,78,70,80,105,121,112,144,113,111,171,114,180,96,183,99,53,118,257,83,140,141,176,215,221,90,276,120,124,124,130,75,76,236,100,115,182,144,102,221,46,180,152,60,99,174,124,76,108,139,126
AGPS,2288,3467,5363,4230,3839,2211,3068,3495,2422,5150,2327,3483,3518,1612,2454,2732,5468,5950,3670,6530,3254,6322,2442,4351,5879,1750,3124,3764,3156,3263,3700,2865,4261,3161,4567,2431,2922,2688,2205,2834,2533,2257,3544,4004,2797,1671,4498,4971,3251,3298,2491,3434,1837,3142,4204,3250,2333,2369,3638,1671
AGR2,7250,43734,2058,16025,36718,21662,24943,18222,7692,20784,7142,2889,5521,14258,6183,3395,19895,2604,13671,17837,30006,10961,22883,11166,27477,3706,11171,17487,9373,7233,1818,3032,111790,65887,22786,7789,7792,847,12980,9486,2897,1129,21211,806,11492,11320,79780,27946,25230,2032,15549,19557,1705,11797,2974,15751,641,93244,5886,14110
AGR3,1275,6897,2534,652,914,2061,4568,3711,730,210,827,639,2466,2134,1798,2782,945,190,199,7146,3034,1243,758,6124,3527,676,2865,786,1479,5548,825,601,1661,2061,4237,556,554,2290,559,1955,790,4789,1393,1294,5359,1358,5256,434,2059,625,2118,1326,3292,1509,197,2797,107,1950,222,1749
AGRN,5704,8159,13305,9394,8656,5875,9459,6204,10988,4331,5822,4394,19288,6189,6040,14814,11176,6842,6838,17000,8224,4643,6202,9556,5659,4256,11854,3269,7681,5167,9226,13639,12773,15716,4153,4745,6145,2297,6147,19331,6691,4408,8995,8792,6690,2881,7601,11609,6831,2773,4784,7875,7018,11492,5939,6413,4703,9592,6466,8107
AGRP,11,5,18,0,5,13,3,8,1,2,4,23,3,1,0,6,55,5,0,21,6,4,3,16,13,7,9,5,9,4,31,8,9,16,53,2,6,12,8,19,18,4,3,16,3,16,37,22,2,30,3,2,26,4,3,14,5,1,4,1
AGT,608,62,99,34,1690,1002,28,74,73,901,110,191,297,153,43,72,335,4953,748,1429,156,748,183,507,190,53,1267,233,244,2139,325,579,30,63,861,288,41,618,33,20,272,43,896,21,200,105,64,1119,62,175,593,1329,74,550,200,436,391,85,663,29
AGTPBP1,1438,1477,1445,1745,1443,1207,1326,1659,793,1010,970,1813,1574,809,1596,913,3071,1388,1224,2008,1665,2208,897,1463,3288,792,1554,1610,1227,2451,2070,1410,2288,1400,2753,1174,1200,2086,1174,1902,1312,1958,2806,2206,1331,745,1754,2013,1278,2265,1098,964,1108,1209,2137,1484,1045,960,1293,1239
AGTR1,73,81,80,17,130,27,86,86,89,174,47,110,9,72,49,41,2055,110,20,441,57,49,41,53,317,55,79,51,77,66,99,186,125,84,123,49,107,796,25,92,45,68,24,120,131,23,65,56,22,114,46,25,72,23,16,187,209,6,159,89
AGTR2,805,37,75,26,239,107,19,161,3,393,22,238,19,97,0,27,1849,508,37,25,260,31,5,183,423,211,43,165,74,86,249,51,557,407,197,168,9,79,65,0,337,3704,2,85,27,1,175,104,122,1576,75,41,170,48,108,65,56,140,3,70
AGTRAP,581,880,1094,478,1502,641,793,1380,1625,518,793,804,1312,644,515,953,1716,579,979,1438,985,1693,964,2273,1237,469,965,1019,745,1353,1076,980,876,932,1016,583,1093,821,712,903,1046,809,1294,1258,1153,302,436,1634,1012,651,702,1361,753,1307,533,916,457,1962,864,704
AGXT,1,2,0,71,1,0,1,2,1,1,0,1,0,0,0,0,1,2,0,0,0,0,0,0,1,0,0,2,0,0,2,1,0,0,2,0,0,1,3,0,0,1,0,1,0,0,1,0,0,0,1,0,0,0,2,0,0,0,0,1
AGXT2,2,1,1,0,0,0,0,0,0,0,0,0,0,11,0,8,6,0,0,4,1,2,12,0,0,2,0,5,0,3,7,0,0,0,0,0,0,12,0,0,1,0,0,0,1,0,0,0,0,0,20,0,0,0,2,0,43,1,0,0
AHCTF1,2865,6448,3120,5014,3142,3123,2918,2401,2555,3579,2522,2280,4186,2146,3860,3124,3712,5078,2080,4563,2855,4461,3854,4604,4391,1521,2622,2653,2677,3203,4225,2745,4827,4978,4045,3497,4178,4265,2070,3613,3073,2404,4074,2808,2291,1596,2380,4684,5363,2735,5625,2542,1957,4493,5757,2595,2783,3945,2586,2298
AHCY,2291,1442,3039,13601,4228,2968,4923,3550,2394,4155,3558,2071,2055,2106,2057,2271,5838,4367,2432,4768,3757,3827,2417,4421,3855,1068,1425,9364,2676,2948,3343,2526,4007,3742,4988,4274,2939,3407,1319,4010,2104,1821,2454,2063,2722,1388,1885,4904,3036,2047,3302,3977,1214,2087,1959,3081,1784,3270,2402,1335
AHCYL1,3542,7939,10525,5657,6875,4101,8263,5151,3524,3682,3976,4433,4954,4279,2437,3755,6462,4281,4899,10396,6230,6557,5603,7960,6723,3791,5569,3909,3552,6396,5916,6246,6969,10003,5101,3028,5740,5217,2247,7151,2761,5922,6209,4064,3092,3441,3988,6752,4523,3994,8178,5875,2818,3971,3551,5812,3193,4194,3332,2172
AHCYL2,5630,15479,5085,1535,4080,872,7988,3504,2322,1917,604,3069,1361,9569,9532,5084,2830,2100,11486,1808,2336,10313,6120,1338,5087,3034,2937,1115,1904,3694,10086,4726,13937,39721,8195,9234,3281,7999,6520,3202,5873,7050,7800,5002,3021,2110,3930,1215,5882,3033,2426,3812,2287,7613,6588,993,3065,19381,933,8498
AHDC1,727,476,1503,1286,541,763,1516,820,742,618,689,632,1890,504,719,1921,1682,1796,360,2679,1207,1206,1020,1878,665,635,2795,523,613,581,1157,1700,932,1182,583,513,968,576,759,1550,774,676,672,1215,1206,700,347,1057,645,475,916,1062,861,1125,594,1693,599,645,837,1302
AHI1,1307,2840,3408,1945,1908,1848,2638,1505,2919,1682,1634,1802,2645,797,2036,1544,2331,2716,1274,2867,1899,5579,2033,2052,2750,1101,3097,1632,1839,3495,2605,1704,4033,2621,1517,1431,2189,2621,1815,2710,1027,1237,2481,1903,1747,1948,1513,3784,2556,2350,2365,1943,1149,2302,4069,4731,1287,1522,2257,2374
AHNAK,49264,144089,107751,105052,82701,32161,119581,84579,75529,33453,38065,124517,123275,51864,74673,57280,151794,46500,49167,200836,71148,37105,84352,95111,90845,53285,90227,29464,121754,69671,88766,166156,86157,48401,97070,38394,95513,71103,58546,112602,33437,82615,43668,135627,71521,60667,119435,73153,60806,99693,44516,53909,96375,185768,36090,62804,60519,53112,79558,59367
AHNAK2,3795,885,1670,17954,14146,877,6475,1280,19175,2314,1800,1547,24105,281,21513,1572,15701,4200,8474,10130,463,1145,1104,2090,13006,1151,6449,613,27005,3062,4822,3355,970,14520,3773,15020,1984,2856,2017,2560,2032,944,6706,1392,1114,3038,13866,1439,15149,851,6419,571,2652,29193,9016,1150,6456,701,7482,442
AHR,22183,5983,5358,7167,5986,11359,29170,9302,4185,3590,11945,8374,5510,1978,2886,9762,13549,2954,4773,16403,15472,3820,9881,14388,6320,6192,11336,4664,5579,12166,9968,11165,5078,3733,15942,3696,9744,8342,3311,10578,6861,4934,4514,5711,10987,5313,12646,14506,6806,6687,6921,10317,7090,5355,2129,7051,3308,9240,3344,4398
AHRR,39,48,60,165,97,30,317,24,80,85,39,176,36,12,74,48,112,104,51,83,72,336,9,56,59,33,31,20,19,130,116,52,44,36,21,75,30,50,97,71,125,23,37,71,234,78,58,56,116,115,106,34,104,66,132,38,23,47,162,84
AHSA1,1489,1959,1612,7926,2040,1363,2044,2197,1002,1721,2105,1565,1999,1040,1638,1380,2541,1359,2680,3571,2350,4507,2333,1524,2581,686,1564,2831,1308,1209,2169,1481,2924,1187,1912,1718,2085,2235,978,1444,1135,750,1200,1762,1585,892,1275,2475,1927,1229,1572,2586,624,2063,1780,1554,850,1982,1202,1183
AHSG,0,0,1,2,3,0,0,2,1,0,1,1,0,0,1,0,2,3,1,1,1,1,2,0,0,1,0,2,10,1,0,1,1,0,2,1,0,1,0,0,1,0,8,0,0,0,27,0,1,0,2,0,0,1,0,0,0,3,1,0
AHSP,0,0,2,0,0,1,2,0,0,0,0,1,0,2,0,0,5,0,1,2,2,2,0,0,0,0,0,0,0,1,1,3,0,0,1,2,0,0,1,2,1,0,0,1,2,1,0,4,3,3,0,2,0,2,0,0,2,0,1,4
AICDA,5,0,1,1,9,2,3,5,10,5,0,7,2,0,15,0,2,2,3,3,20,4,0,1,50,5,6,3,2,10,3,0,1,0,6,12,1,2,8,5,1,2,5,9,2,2,1,1,4,14,0,2,1,2,0,0,26,0,2,6
AIDA,429,1224,1113,885,608,552,700,825,493,580,461,537,882,312,737,563,1181,1284,542,1194,861,1055,1379,1101,1232,527,673,488,1036,929,1274,768,934,1237,1418,667,1155,1322,481,1119,1056,541,1278,654,789,489,702,858,1248,520,1361,798,465,872,988,731,527,838,832,383
AIF1,846,363,907,155,663,325,432,1276,395,310,406,1543,527,143,329,270,1290,351,667,839,1193,545,219,882,1100,514,687,488,590,677,685,868,496,554,1463,394,642,675,800,923,847,898,1047,1937,676,805,684,1028,754,1517,254,994,654,810,218,469,650,197,797,317
AIF1L,348,2850,779,419,213,908,697,490,259,228,736,215,347,384,69,816,638,92,851,698,392,392,342,1146,1351,199,828,704,88,1997,2147,1125,1389,589,1255,303,233,1025,142,232,285,903,1670,352,544,115,250,990,97,114,820,835,491,219,137,1091,363,726,64,465
AIFM1,827,1065,1232,1767,1144,535,1205,1105,647,908,492,794,843,678,852,977,1276,1904,920,2004,938,3069,1698,2170,1343,329,600,1271,502,1088,1284,853,2023,1466,1817,957,1002,1374,951,1345,914,1259,1139,722,1111,608,753,1510,763,749,651,1254,906,715,935,898,672,738,1072,1019
AIFM2,364,1583,737,481,886,473,521,409,540,651,296,419,411,580,476,441,790,1534,1090,615,416,1987,291,860,1673,192,389,261,337,632,671,653,373,1692,745,510,344,447,533,455,772,429,970,505,485,234,173,516,640,382,583,593,340,917,1109,385,446,1446,744,752
AIFM3,118,28,173,160,66,36,232,120,18,24,23,69,69,21,23,140,100,50,14,152,19,40,197,59,51,48,81,95,34,61,110,319,106,33,88,82,162,81,29,94,143,22,146,132,110,70,41,134,264,72,516,23,49,66,18,63,39,72,276,59
AIG1,471,604,1441,2431,1293,621,1062,1210,1407,914,1632,1193,1463,313,614,704,1409,1084,918,2759,1342,2837,1264,1675,1314,604,1178,1448,1164,1354,1692,886,1201,527,861,599,1460,2171,737,1378,621,485,919,881,1182,755,909,7565,1430,1120,1342,1608,654,1582,917,1480,731,602,1092,599
AIM1,4032,499,4261,819,2744,803,7071,4023,1459,1019,3711,2544,4518,407,1359,2635,5884,1656,2646,7642,4884,3008,5263,5616,3465,2590,5591,2920,3060,3582,6241,4303,1932,1075,3728,1161,2881,8337,2221,5184,4453,3214,3338,7018,3323,2177,3001,2393,2502,5141,702,3108,3643,956,818,3634,2507,612,1408,2656
AIM2,216,16,76,64,319,48,197,181,136,133,93,136,322,31,605,152,103,98,637,286,536,229,179,274,404,105,161,197,106,545,84,48,51,19,118,147,113,161,187,408,293,193,290,408,197,70,145,230,209,479,30,149,512,102,37,60,768,103,313,195
AIMP1,918,2242,1630,2143,2097,966,1719,1446,1499,1141,890,1069,1048,1078,1116,1263,1777,1956,1277,1899,1428,4988,1586,1925,2584,684,981,1893,1187,1909,1884,1480,2523,1656,2205,904,1391,1686,701,1505,1251,1034,1157,852,1562,630,1810,2787,1128,1100,1469,2233,1015,1372,1116,1512,1008,1653,1145,673
AIMP2,502,588,694,1237,854,394,582,604,359,436,477,312,370,305,742,535,722,649,660,1294,944,1919,590,965,649,225,406,804,230,687,614,476,686,576,743,819,294,642,291,591,615,292,800,325,363,194,272,1779,704,359,601,1125,341,373,932,371,330,905,403,294
AIP,656,913,860,1111,1142,971,1092,1758,523,1198,494,1013,908,645,1077,792,1667,1389,1065,1626,1311,1200,1078,1365,1259,363,828,618,768,1051,942,1356,994,753,1457,1081,1115,1218,723,1411,966,960,1508,1005,1128,505,841,1356,907,898,1170,1382,1019,1497,1143,646,780,1032,910,542
AIPL1,0,0,0,13,0,0,0,0,1,1,0,0,1,0,0,0,2,0,0,0,4,0,0,2,0,1,0,2,0,0,1,0,0,0,2,0,0,0,0,1,0,0,3,0,0,0,0,0,0,0,0,1,0,0,0,0,0,0,0,0
AIRE,4,1,3,4,2,2,10,0,5,5,1,3,2,0,1,3,9,93,5,2,1,3,3,5,6,0,1,1,2,0,4,4,3,0,2,6,1,2,4,6,2,5,8,2,2,1,7,8,3,3,5,0,2,1,4,3,11,3,60,10
AJAP1,14,14,122,14,17,22,143,43,16,209,29,56,107,18,20,25,59,176,11,112,18,33,12,42,29,27,17,6,23,20,29,149,30,25,32,11,96,21,24,58,21,30,46,27,37,22,33,36,11,35,26,8,24,54,14,70,19,23,24,72
AJUBA,722,4204,1370,2201,972,1280,576,898,630,1426,774,503,1290,1335,596,1293,1775,164,1428,1558,728,966,599,737,1070,339,911,460,343,556,1477,951,852,696,702,2720,634,821,519,1254,1162,683,1607,731,981,699,720,2190,1217,379,834,1152,1245,1825,642,810,622,1877,589,515
AK1,685,960,2273,143,338,267,688,903,139,276,182,670,501,724,570,485,853,356,269,815,490,420,1090,813,684,272,501,213,321,399,2103,1002,1337,1444,1096,400,1458,1430,475,530,463,751,353,462,645,180,744,1185,317,740,1681,744,989,338,399,367,625,670,203,382
AK2,3261,6861,3683,3851,4351,2649,2795,4100,2087,2546,2479,2022,2721,2818,2075,3708,6095,3388,5240,5952,3352,6846,3003,6060,3539,1367,2893,3987,2131,3835,9696,3925,5581,6469,3742,4251,2922,7464,2712,3752,3029,2590,3049,2917,3548,3570,1791,10189,3291,2266,4482,3926,2278,2685,4182,3527,4391,5107,2947,1834
AK3,1791,4413,1458,3023,2108,1603,1460,1559,1143,1885,1402,2239,1610,1826,1937,1183,3081,3082,1844,3154,2490,2939,1471,1409,4575,917,1910,1476,1436,4541,1859,2466,5028,2017,3668,1058,1568,3318,1136,1604,1753,1490,2262,2784,1579,1071,1547,2811,1089,2358,2329,2091,1478,1821,1505,1256,1246,1613,1634,1517
AK4,568,45,138,2255,1119,818,337,692,271,481,1391,270,434,15,314,298,530,693,460,914,1297,3108,293,409,762,471,1174,2013,2141,607,1366,246,478,47,483,560,295,100,115,233,411,48,1162,98,375,557,2721,2052,362,279,757,2355,335,899,374,2157,1031,56,930,428
AK5,4,33,9,4,2,11,14,18,5,5,20,13,3,0,15,0,12,5,5,21,11,1,0,6,7,4,11,5,6,14,7,6,28,4,8,6,13,3,12,8,6,4,5,11,7,34,15,11,4,13,23,59,5,35,4,9,5,2,6,4
AK6,288,719,622,602,383,202,379,570,309,355,319,472,345,238,272,433,563,338,387,670,519,503,249,576,749,116,355,466,367,716,420,383,815,463,882,277,396,663,232,435,342,412,322,351,394,182,491,840,345,496,295,839,286,444,331,455,315,542,394,151
AK7,70,93,148,27,112,273,441,343,71,53,176,273,126,138,154,131,247,276,168,634,152,243,165,218,765,79,425,171,260,301,154,261,394,184,212,404,353,216,91,33,169,30,70,26,150,47,354,99,281,155,88,94,65,100,171,229,99,150,30,137
AK8,56,73,135,22,31,46,185,216,29,16,70,135,104,115,170,100,94,45,32,196,66,93,50,87,238,14,140,10,78,83,120,211,132,135,93,130,107,119,39,23,94,37,53,52,122,18,108,98,86,52,36,91,57,66,80,73,45,96,21,89
AK9,181,436,346,309,326,480,786,465,468,217,300,424,479,267,489,372,410,394,285,851,318,584,581,490,1000,248,921,322,433,748,632,521,511,292,556,425,695,640,288,818,311,213,321,343,518,301,583,323,419,360,151,416,283,318,521,977,426,256,273,469
AKAP1,2432,3343,3949,2315,1621,4071,4596,2970,1315,5321,3025,1368,2514,2418,2703,3514,4875,4158,1629,6572,3647,4831,6120,5035,3306,1611,2718,3576,1898,2168,3459,3407,10173,5085,3365,2644,3189,3633,2154,3575,1801,4172,1916,2337,2845,1740,3029,2323,2058,1412,5384,2704,2315,2181,3198,2555,1179,3237,1733,1838
AKAP10,977,2084,1997,1980,1243,1247,1878,1431,1586,1732,1116,1492,1468,964,1434,1088,2063,1253,1257,2045,1360,4039,1597,2187,2633,747,1183,1837,1211,1516,1861,1373,4299,1891,2342,1141,1732,1491,1375,2376,930,1321,1519,1802,1663,1237,1485,2005,1480,1370,1594,2098,926,2176,1193,1429,981,2181,1481,1721
AKAP11,3297,5642,4397,2767,4660,5594,5480,3830,5263,4042,2148,4708,4000,2194,4590,3091,5273,4780,3287,7417,3914,8084,5602,4809,7165,2459,3711,2450,5109,6424,4216,3760,6666,4988,5452,2572,5099,4479,3614,5260,2481,4447,3767,4248,4412,3847,3991,4812,5834,3404,3147,3799,2597,4776,5316,4227,4078,4016,5348,2794
AKAP12,3284,1654,1597,1200,2887,1987,2164,1876,11079,2254,1315,8726,2170,415,1279,1219,11652,1446,1891,3259,3544,889,841,2156,9172,980,6858,3167,1275,1713,2158,3876,1681,627,1621,3179,1725,2521,1295,2004,1139,1067,2405,2293,1803,1766,1507,2423,2049,6038,904,1359,2091,3963,1260,2418,1901,1345,11754,1204
AKAP13,21558,23281,25428,13635,18996,6634,24574,18231,14481,11251,8814,20314,25066,18957,14176,13231,24986,12331,12438,36734,16556,24710,17496,32331,26313,16176,21999,11923,17030,14115,23648,27503,49644,17196,15677,11144,18562,17643,11691,25914,12363,51681,26832,33577,17160,11793,24699,21695,12575,32290,12984,29130,17595,22340,11459,14985,13619,21714,13041,31103
AKAP14,12,1,21,0,0,1,50,68,9,0,46,61,12,5,1,21,33,3,13,63,4,0,13,31,144,4,55,6,37,15,12,48,7,11,22,78,58,32,17,9,43,3,14,2,23,1,68,16,6,33,0,7,3,4,0,9,4,3,0,31
AKAP17A,1468,1474,1735,2393,1108,1414,1823,1457,2033,1845,921,1768,1771,1093,1710,2647,1366,1813,1083,2468,2538,2337,2257,1560,1580,872,1555,1697,981,1289,1446,2898,3181,1745,1363,2117,1990,1894,1436,2878,1346,1537,1801,1808,1808,1674,906,2216,1400,1734,1385,1602,1193,1669,942,1361,1232,572,1776,2359
AKAP2,65,27,28,24,60,23,44,89,30,44,31,157,53,17,42,38,202,57,65,64,67,52,34,65,80,37,101,67,39,42,60,67,27,21,108,43,49,38,43,58,45,47,68,69,50,16,72,77,54,232,24,22,64,43,52,38,49,11,66,82
AKAP3,10,17,23,126,28,18,54,41,17,24,17,39,18,43,53,19,65,10,65,41,23,65,69,115,70,22,35,23,34,34,42,40,5,16,22,27,40,21,14,37,30,14,22,53,19,7,40,51,20,18,17,49,21,35,51,38,35,14,37,26
AKAP4,1,1,0,0,0,0,0,0,0,0,0,1,0,0,0,1,0,2,0,0,0,0,0,0,0,0,0,2,0,0,1,0,0,0,0,0,0,0,0,0,0,0,0,0,0,0,0,0,0,2,0,1,0,0,0,0,0,0,0,0
AKAP5,277,220,128,362,211,299,183,264,406,217,181,361,166,52,171,213,484,152,375,187,657,223,97,589,406,97,276,131,175,572,341,268,97,73,351,131,326,221,150,200,290,477,398,530,232,138,278,404,443,324,188,206,312,154,105,447,336,170,235,176
AKAP6,423,1110,1734,337,272,606,1215,1148,120,285,499,564,972,478,496,775,1315,1023,354,3230,670,647,1408,1463,978,514,935,855,352,874,1073,1534,148,389,682,674,1701,1030,182,1534,418,528,428,553,801,415,500,453,393,639,195,1164,536,1704,3389,1066,446,398,951,684
AKAP7,184,225,539,525,148,183,412,360,154,174,183,376,214,131,450,181,347,114,130,449,419,318,338,317,371,203,296,177,237,186,364,370,302,359,247,173,280,355,247,406,246,311,201,577,287,142,232,178,283,344,276,242,194,213,254,277,304,437,154,230
AKAP8,919,881,1249,1070,1150,1101,1415,1208,829,1230,529,1056,987,519,1113,1023,1510,861,818,1629,1225,1348,899,1352,1398,505,1115,878,907,835,1107,1252,1238,1441,1062,874,1034,865,692,1406,771,844,1143,1078,1314,742,1015,1148,1159,1095,924,675,693,1051,881,953,920,1786,822,951
AKAP8L,1509,943,1559,1599,1041,1606,1868,1219,888,1360,591,1250,1478,530,1594,1631,1620,1235,907,2229,1720,2005,1053,1809,1416,780,1695,1322,846,1002,1677,2216,1861,1457,1204,1038,1334,1169,889,2001,1102,1216,1451,1744,1404,1279,929,1675,1580,1232,1585,1314,956,1105,1389,1435,1042,1725,1053,1640
AKAP9,7807,18532,50649,14998,13773,7063,12775,10651,7876,17506,7475,10245,15265,7484,16787,11131,18862,10047,9326,12715,7356,11247,14469,23728,15221,6368,11134,7977,10644,13563,14686,13343,19620,11475,16317,9879,13127,17104,6712,17446,9344,11151,11314,11910,11189,7301,11396,12887,9934,11033,6505,9587,7175,9501,17052,12831,7109,11366,9737,8555
AKIP1,325,609,462,685,572,276,352,604,380,320,239,344,393,368,422,549,621,497,401,599,464,915,508,685,668,208,397,344,307,337,731,503,488,416,959,392,354,700,277,494,375,277,363,439,390,321,312,649,479,435,356,695,252,638,428,419,485,314,486,322
AKIRIN1,1567,2433,2013,3679,2280,1273,1463,1970,1943,2710,1896,2336,2250,1202,1496,2047,3321,6140,1864,4596,2181,4348,2216,3144,2713,753,1464,2218,1306,1485,3137,1635,3034,2313,2326,1756,1273,1577,1459,2489,3162,1692,2166,2124,2125,878,2495,4083,2095,2214,1684,2445,909,1784,1571,1806,1543,2586,2614,1420
AKIRIN2,535,327,562,1697,644,414,574,544,528,550,636,748,843,220,558,403,705,629,525,995,661,1322,782,819,686,394,754,956,447,582,996,628,853,446,463,488,494,775,437,723,467,486,620,951,670,387,372,475,576,761,376,791,393,484,572,747,462,313,548,522
AKNA,2779,901,3377,747,2344,1904,4633,3420,1782,2831,1247,3253,3681,969,4005,1680,4201,1871,2516,4596,4032,2465,2139,2651,4131,2081,4240,1377,1757,1974,2513,4406,3761,994,3145,2429,3047,3088,3414,5975,2837,2988,4126,7148,3688,2414,1918,2502,2260,3987,1769,2894,2980,2236,1128,1852,3726,1044,1889,5364
AKNAD1,1,3,4,26,0,4,7,8,11,4,3,5,9,0,2,3,6,3,1,2,1,2,7,7,8,1,4,6,3,6,10,6,0,0,7,1,1,5,1,2,4,1,0,9,13,3,8,5,1,0,2,3,4,7,0,12,2,0,3,5
AKR1A1,2022,2734,3328,4801,5070,3058,3029,4691,2708,5007,3454,3876,3418,1519,3019,3649,5117,2698,3486,6435,5953,5283,3403,5452,5863,1722,3737,3206,2339,4452,4414,2491,3224,3638,3585,2866,3528,2423,2496,4462,3333,1984,4213,3868,4116,2394,3247,6215,3002,3631,1958,5446,2522,2778,1911,3517,1674,4120,3433,1753
AKR1B1,846,913,1796,772,2541,775,1142,2027,504,1167,607,2512,1213,349,603,382,1360,1995,5700,1030,1596,1737,3959,2999,3987,574,786,1365,811,2102,2407,1879,959,4448,3294,650,1264,673,1041,1184,854,868,4924,2488,1208,1120,954,954,961,2701,348,2007,736,2342,1918,694,629,977,1572,1262
AKR1B10,2,33,8,2,17529,84,104,7,2224,5,383,5,16,6,2,2,5,94,20600,28,41,19166,76,53,34344,276,8,11,375,33985,52,10,5,7342,687,3,8,4,14,7,9,5,24923,9,392,61,8964,2,12,2,100,15699,9,8006,295,6,1,1295,15,3380
AKR1B15,2,2,2,6,3068,19,1,3,141,3,23,0,0,0,0,2,0,0,674,5,3,1039,2,34,288,11,1,16,2,809,0,0,1,310,1,0,1,1,1,1,0,1,542,2,2,8,38,5,30,0,4,163,0,301,225,3,0,1159,1,1
AKR1C1,394,85893,615,2624,8561,242,2425,464,286,7039,622,672,460,31298,172,825,810,13255,34434,2825,339,153475,203,539,58691,2406,1144,444,430,67973,2664,4765,476,19539,3696,1327,1460,751,177,165,289,1708,79928,783,2588,249,864,441,770,893,4545,110990,199,23014,41338,234,260,60017,289,23544
AKR1C2,106,56097,514,598,76774,125,403,172,1137,1613,577,195,738,26827,55,73,284,27683,55603,913,114,40026,107,86,39569,5815,175,255,356,68973,937,2667,269,22419,1972,1833,140,146,35,127,79,80,144176,149,707,29,93,73,100,148,32776,84480,121,20173,41130,87,36,85056,758,20764
AKR1C3,559,14906,972,1078,17236,955,1042,457,1973,2525,866,571,570,8556,569,1212,1334,11226,23704,1710,508,29368,462,606,50124,1347,680,1660,2028,45051,7609,1699,857,5969,3161,441,638,1037,228,123,424,512,38754,848,1345,163,2165,501,546,495,11270,26882,287,7821,7376,505,622,12562,658,6988
AKR1C4,0,135,3,5,175,1,6,1,8,19,4,1,9,85,10,3,15,1061,159,5,4,419,2,3,362,10,3,33,18,255,21,22,1,60,10,9,6,2,4,0,0,1,310,2,9,3,10,0,1,2,90,144,1,44,73,3,1,144,38,80
AKR1D1,0,0,0,23,1,0,0,0,0,0,0,0,2,0,1,2,0,0,0,0,0,1,0,1,1,2,0,5,1,0,2,0,0,0,0,2,0,0,0,1,0,0,1,0,0,0,0,0,3,1,0,0,0,1,1,1,2,0,0,0
AKR1E2,100,237,186,292,573,122,124,149,168,384,154,154,247,315,172,186,167,133,143,516,95,934,218,379,369,54,93,647,234,964,212,183,611,144,342,254,269,114,47,288,63,109,181,134,115,138,107,275,547,126,462,14,128,96,330,186,110,180,123,160
AKR7A2,731,1532,1285,3682,2002,991,1149,1509,641,1278,1014,1103,803,671,652,1195,2104,2197,670,2377,1087,2151,1711,2003,1390,438,904,984,972,1207,1386,1019,2804,979,1006,963,1604,911,545,1228,920,719,668,1111,1264,562,745,3474,799,864,3245,1488,622,1311,719,1438,451,1379,958,606
AKR7A3,20,127,173,287,509,95,67,44,73,1510,21,32,109,104,307,44,67,8685,22,78,16,2212,21,32,66,19,113,21,1638,56,46,48,1960,39,21,966,50,17,93,58,13,29,105,38,37,40,889,363,229,66,2107,9,29,120,963,191,31,83,918,237
AKR7L,4,28,21,52,59,24,26,12,18,141,8,5,25,13,88,15,28,769,17,28,5,143,8,23,25,13,22,7,191,10,9,11,230,10,4,78,22,8,5,15,9,10,66,8,11,23,155,59,80,19,95,8,8,16,116,48,10,12,136,49
AKT1,4133,4085,5257,10822,4967,6234,5519,4830,2303,4872,4193,3893,4904,2985,6999,5407,5961,4247,4426,9737,6058,12766,4961,7279,6262,2021,5474,3301,3362,3696,4217,4193,15685,6969,4487,4784,5593,4011,2792,6367,2927,4626,3874,3781,4387,3385,2762,6268,4211,3455,3254,5688,2421,4823,3572,5090,2227,4648,2967,4380
AKT1S1,386,598,588,1367,534,410,659,432,565,765,343,499,571,201,686,451,652,819,668,894,513,518,462,745,557,295,804,605,439,326,578,735,742,717,752,680,640,417,516,1182,583,399,955,618,353,525,424,556,661,432,515,371,298,792,496,489,499,661,666,729
AKT2,1908,2393,2155,6140,2187,2646,2756,2292,1917,3187,2411,2296,2865,1453,2274,2172,4105,2729,2346,3412,2775,2648,1893,3136,4142,1088,2240,2576,1582,2067,2713,2966,2748,2505,3094,2568,2416,1975,1681,5187,2359,1956,2533,2274,1736,1652,1813,2756,2561,2111,2386,1850,1606,2890,2140,2116,1868,2955,2226,2159
AKT3,1374,1435,1677,892,1587,957,1699,2064,1087,2608,831,2139,1870,567,4639,1178,3939,8479,1681,3767,1491,1621,913,1692,2296,1037,1628,1115,1463,1546,3333,3307,1293,763,1969,3122,1500,1765,1249,2090,1195,1295,1326,2595,1924,1513,1394,1780,1389,2074,2634,1546,1462,3396,3135,2334,1867,714,3662,1242
AKTIP,363,1433,1029,1860,798,669,1056,1263,616,1100,497,536,932,803,990,600,1511,895,617,1249,494,1301,1219,1306,1130,293,528,967,591,669,1062,813,1065,812,1581,697,894,1132,474,896,547,798,554,652,982,445,556,1745,736,551,513,843,575,896,798,446,623,917,679,422
AL021546.6,1,0,0,3,0,0,0,1,1,0,0,2,2,1,2,2,3,2,0,0,1,0,0,1,0,0,0,1,0,0,0,0,2,1,1,1,0,0,1,0,2,0,2,17,0,0,0,0,0,0,1,0,0,2,0,2,1,2,0,0
AL353999.2,0,0,0,0,0,0,0,0,0,0,0,0,0,0,0,0,0,0,0,0,0,0,0,0,0,0,0,0,0,0,0,0,0,0,0,0,0,0,0,0,0,0,0,0,0,0,0,0,0,0,0,0,0,0,0,0,0,0,0,0
AL355093.2,0,0,1,0,0,0,0,0,2,2,0,0,0,0,0,0,0,4,0,0,0,0,1,0,0,0,0,0,0,0,0,1,0,16,0,4,0,0,0,0,1,0,0,1,0,0,0,1,0,0,0,0,0,0,4,0,0,0,1,0
AL928654.7,11,12,9,11,6,10,13,11,2,11,2,7,19,20,18,10,3,5,5,30,11,3,6,4,6,4,24,3,2,4,4,12,19,7,12,9,4,5,3,10,6,22,7,28,35,7,12,17,11,4,5,3,7,8,8,11,7,2,2,30
ALAD,1139,1689,1469,1005,1082,554,1294,1395,694,889,599,1330,1476,1446,2310,1117,1270,615,931,1455,1739,1278,1309,1362,1393,430,1230,661,1161,1496,1707,1719,2646,2059,1774,642,1062,1768,871,1140,1030,1026,1572,1021,1178,690,1355,1788,978,1137,1458,1653,1002,1202,994,1140,1078,1641,903,813
ALAS1,1528,1787,2993,1578,1493,1298,1972,1699,974,1409,1227,2154,1022,1295,1085,1480,2208,2790,960,3301,1661,2904,1545,1831,1969,493,1389,4005,1275,1099,2877,1496,4336,2029,2041,1853,2530,1674,1952,1340,1212,2495,1170,1468,1907,824,1875,2067,986,1422,1229,1541,1737,1034,1209,1279,1464,1548,1189,1740
ALAS2,14,1,5,3,3,4,20,23,0,3,8,30,9,4,1,4,87,8,4,71,21,20,3,10,12,2,3,4,38,5,17,23,4,5,19,1,4,8,22,3,19,23,5,54,16,0,4,55,27,12,0,17,10,38,6,0,1,1,1,2
ALB,6,11,9,13,3,22,12025,6,3,0,8,4,0,2,2,40,427,6,14,305,15,6,104,15,4,7,14,2,2,39,2,5,70,10,3,4,29,4,12,77,56,6,4,3,7,218,5,38,15,9,3621,41,8,3,8,25,6,8,3,5
ALCAM,4859,21930,16590,9632,8675,25235,17932,12638,3329,6125,12601,6775,12567,6165,6206,12592,11511,7014,6849,23565,25097,12862,14248,17151,12850,6057,15561,2606,8830,6612,15512,8790,20731,25700,24076,11730,15168,10366,3451,12851,5168,12154,13872,14090,16451,7370,5166,5454,28382,7663,7225,14659,5040,16944,8136,9329,4139,52055,7083,6830
ALDH16A1,780,625,894,1738,845,575,955,807,369,979,600,986,785,320,1057,519,1150,910,617,1230,1208,592,627,1267,1073,352,812,624,448,640,776,843,1345,1396,792,601,698,493,725,1338,607,725,802,806,522,514,657,748,613,876,512,543,450,749,302,464,530,721,527,869
ALDH18A1,2317,4224,2218,3816,6601,1599,3271,2516,2445,7381,2715,3065,2820,2756,2727,2418,3145,2633,4618,3557,2631,8079,2291,4272,5174,765,1380,2130,1782,4900,2414,3107,8479,5521,3886,3405,2213,2652,2218,2700,2613,1435,4648,1187,1605,1904,1785,3776,3822,1942,2391,2976,1333,2792,3173,1940,1460,8215,2233,2191
ALDH1A1,1427,1351,3922,59618,1399,939,4373,3161,1014,746,5206,9143,1547,719,547,1349,4186,11108,895,8292,6792,7593,2686,3544,12777,1965,1986,789,2924,8088,2744,3920,2069,2960,2405,1633,7984,1553,6040,5199,1692,1496,1075,5989,3173,2465,4407,8285,1923,8456,505,2511,1725,2100,4445,1354,761,628,2085,6562
ALDH1A2,112,53,122,29,143,123,85,145,11,33,54,377,53,26,234,82,255,54,119,97,94,41,48,116,574,54,136,4407,56,136,84,130,48,66,667,1696,37,123,79,1442,74,147,96,78,66,1135,66,95,111,371,52,51,146,828,53,329,52,41,310,97
ALDH1A3,4139,284,790,1219,907,1153,886,811,563,978,668,3768,1170,90,562,824,3752,436,1113,3279,2886,509,592,874,1471,522,1282,973,1741,431,1027,526,343,173,611,4731,724,1627,618,1934,819,800,603,1253,1181,1111,783,766,1260,2237,685,1577,742,448,522,657,865,1748,2787,1112
ALDH1B1,1343,758,634,844,626,812,625,962,622,1310,670,1447,967,284,1060,996,1728,629,1481,1422,781,1570,490,1183,702,315,624,1130,401,863,820,701,944,1026,915,1282,440,805,483,1051,556,679,1525,633,728,1073,576,1807,598,784,1456,514,680,1207,1004,559,1436,1454,1947,467
ALDH1L1,34,57,98,50,145,75,236,63,5,3,818,110,73,25,21,55,58,5,54,267,275,1067,219,1021,600,21,148,222,18,161,77,197,446,21,62,74,137,67,38,16,57,12,1168,27,41,39,13,52,29,46,4,71,18,36,7,92,10,34,48,26
ALDH1L2,411,172,671,449,911,213,471,215,561,1200,267,2923,1126,85,1962,301,810,436,1494,872,909,1575,338,423,626,227,358,741,296,641,364,478,206,204,361,1015,374,484,466,917,656,317,1518,655,342,851,231,1290,473,1335,643,398,264,944,526,612,765,329,1621,624
ALDH2,4038,6543,4787,1744,2990,1785,3258,5198,4581,1881,3249,5024,2377,4660,2427,3897,6856,4151,3121,4158,4007,16658,5243,9149,7518,1818,4555,2832,2484,2247,5375,5678,11197,11539,10239,2308,5240,3676,5048,4744,3436,5916,11278,7513,3525,2013,7735,5932,2113,4954,8848,5903,4146,7270,2558,2405,2203,5174,2724,3345
ALDH3A1,110,2059,313,36,659,70,142,53,5951,58,68,732,30,529,20,44,38,43,738,1213,158,3188,1626,367,30871,198,188,18,71,1600,19,164,195,16237,200,114,650,26,114,55,56,19,4180,8044,1387,39,256,24,144,315,39,2758,25,3575,51,15,6,9563,13,2050
ALDH3A2,2874,26261,8435,3122,3497,4832,4214,4309,2951,6112,3053,3774,5385,7201,3172,4743,3983,8888,3667,12537,4290,53124,5844,13446,7107,2350,3073,4706,2274,5890,8975,4949,14845,13878,7196,6541,6648,8517,7068,9868,2212,3954,3163,7826,5649,2000,4978,8809,2251,5527,5734,17532,2377,6826,15245,3356,1904,28544,3015,12635
ALDH3B1,1288,6115,3260,367,1384,683,1821,2042,1501,588,657,1795,2731,6784,1191,1309,2344,377,1343,2342,1307,3623,1350,1583,7834,492,1468,325,1533,1341,1941,4259,5344,7201,2410,1568,1449,3040,1910,734,1128,1682,9667,1469,1379,299,3108,1022,4366,1554,890,1195,1944,2851,3306,780,1005,9576,781,1916
ALDH3B2,22,25,34,734,228,34,239,166,40,256,163,49,36,17,462,28,85,26,151,243,72,214,54,55,84,32,74,275,24,38,50,235,187,462,408,134,29,24,181,28,121,44,401,0,77,99,64,55,1018,33,122,105,25,94,346,43,27,117,34,51
ALDH4A1,192,401,425,1585,353,235,336,278,142,152,428,295,187,266,107,328,421,552,202,695,402,606,344,660,240,107,276,278,134,231,316,170,510,727,217,242,380,170,333,503,253,176,287,407,220,211,140,428,306,255,450,398,126,276,183,225,121,405,178,520
ALDH5A1,567,3831,1351,2170,946,817,1731,885,977,701,697,715,1377,2258,600,1887,944,547,1135,2504,1324,1384,2871,2748,1163,507,512,406,673,1295,2400,1479,5045,1325,1388,325,1961,1375,420,1599,532,1351,462,849,1401,442,652,2397,1117,623,851,1725,768,1196,454,1166,546,752,334,910
ALDH6A1,1488,7914,3009,2372,1030,1976,3147,1964,469,1818,1545,1709,1427,4002,842,1353,1748,1226,1471,2888,2722,5996,4947,3175,1275,745,1493,1274,911,1689,3911,1707,7124,2269,3101,1221,3408,3567,1344,1982,1116,1089,1634,1341,1482,1192,1208,2650,1163,1686,1592,3153,854,3383,1255,1509,632,3281,827,1742
ALDH7A1,519,3015,1073,4233,758,1283,1068,1312,1457,713,1719,785,1168,1042,605,1245,1305,2365,540,1912,1291,1238,1028,1810,1613,494,1324,853,1016,794,1095,1163,1636,1632,2585,1326,1953,1338,834,1989,448,592,684,792,965,743,711,1688,1044,653,1244,1421,409,1166,646,1350,822,1333,666,703
ALDH8A1,20,8,8,3,12,17,31,19,26,24,9,59,19,6,41,2,19,14,19,37,35,52,19,24,19,13,43,24,16,34,13,22,5,10,36,27,6,12,10,31,22,23,31,31,19,21,6,35,27,35,26,32,7,24,31,28,9,13,34,9
ALDH9A1,2043,5128,3031,3111,3516,2063,2403,2873,679,1246,1897,2674,2236,2977,1564,2718,2730,4695,1534,5172,6120,7402,4306,6545,4129,1018,1834,2793,1710,2746,3076,1607,3855,6378,4666,1480,4341,3878,2027,2407,3358,1665,3400,2077,2007,1236,2632,4138,2961,2465,2705,2198,1572,2359,2006,1600,1858,2769,1445,1344
ALDOA,902,1184,1397,2861,3563,798,1220,2657,1739,2592,2040,1153,1494,1205,686,1323,2474,4189,2393,2646,2057,3077,1932,1836,2356,661,1150,2794,1557,1182,3628,884,1870,1978,2118,1475,1200,1059,858,1134,1552,739,1835,718,885,567,844,2984,1972,1026,1394,4364,949,2571,1807,2160,1780,2412,1960,749
ALDOB,9,16,25,0,6,0,57,7,22,0,18,0,26,1,1,6,6,2,8,126,13,5,2,64,134,17,9,46,641,5,10,5,1,0,94,3,4,16,5,7,3,0,9,2,20,35,2540,1,0,2,1,7,5,1,1,17,0,1,4,0
ALDOC,692,111,424,142,403,379,499,617,163,1152,107,294,792,77,231,525,1466,979,730,385,360,498,857,727,349,284,196,1623,623,238,1257,175,377,121,265,546,1208,923,129,823,923,197,718,153,572,277,284,581,209,254,2294,738,360,935,378,943,703,316,784,110
ALG1,602,879,1122,412,861,604,1249,984,437,997,651,783,789,593,983,852,935,721,626,1678,954,1566,1436,1302,1162,267,659,1169,523,713,949,819,1431,1116,1010,636,894,1037,632,910,624,495,1131,683,487,450,587,1520,338,584,902,1147,576,650,463,1258,605,753,688,532
ALG10,325,511,464,838,759,441,397,546,483,719,570,470,500,312,480,426,1308,439,559,859,681,600,523,978,804,188,492,991,369,514,623,399,649,389,653,347,775,401,280,680,326,373,679,456,513,230,584,740,641,336,388,753,316,446,617,671,383,592,331,240
ALG10B,498,1617,1165,334,1622,1112,1011,970,1429,890,1148,741,1095,1070,988,575,1804,211,1157,1983,984,1838,1469,2517,1977,498,1010,1466,1026,1624,1507,1327,1886,919,1830,550,3272,760,572,1068,868,918,1102,930,1389,714,1760,1895,1152,600,809,1404,683,1109,908,1423,1083,1459,928,563
ALG11,349,915,557,371,659,715,605,503,481,792,309,540,425,340,438,406,660,559,474,922,482,807,587,716,807,239,364,287,536,758,442,309,941,566,644,307,661,530,473,477,386,455,444,432,551,384,728,740,908,481,519,697,287,588,668,481,455,793,539,261
ALG12,516,987,797,1649,824,723,1067,967,596,871,696,856,732,616,704,977,1187,841,716,2901,879,805,821,1757,894,453,965,1427,611,499,719,1164,1603,1223,1657,865,1272,821,558,1701,676,837,787,1264,1051,646,630,989,1169,710,912,384,451,785,682,920,597,846,806,1222
ALG13,1032,1751,1601,1598,1819,1199,1760,2179,2741,1809,1216,1644,2210,882,2067,2086,2099,1287,1574,3085,1261,2491,3518,2367,2278,1068,2795,1085,1777,1624,2337,2610,2924,1958,2535,1649,2261,1575,1849,2434,960,1839,1847,2123,1770,1268,2178,2177,1377,1553,2169,1462,1369,1549,1490,2497,1468,1248,1426,1978
ALG14,216,444,234,280,562,216,302,304,384,474,246,355,265,254,269,168,360,258,403,434,394,395,205,820,705,154,170,207,310,376,198,205,322,502,377,231,237,362,207,332,209,196,363,268,197,217,557,430,210,306,178,296,191,224,211,226,166,249,255,164
ALG1L,50,358,265,46,155,312,64,176,31,59,235,27,132,152,129,255,229,455,277,326,135,280,133,261,160,58,30,117,4,273,250,105,138,217,9,73,228,353,108,98,99,26,285,130,168,22,106,402,369,12,9,726,232,383,157,114,34,229,41,75
ALG1L2,9,9,37,8,73,8,11,33,3,62,35,17,22,2,47,45,55,46,58,20,9,57,42,38,77,7,11,14,34,13,40,23,25,105,16,45,28,15,8,15,30,4,49,16,31,74,40,14,172,15,9,54,25,18,15,7,27,40,14,28
ALG2,896,1225,981,878,1009,732,1308,1268,682,1159,540,1535,1164,697,1214,763,1555,934,1031,1367,1055,1244,899,964,1839,431,877,1032,985,1267,1325,1137,1774,1777,2278,905,780,1467,969,1089,1494,1098,1432,823,1285,924,1338,2126,1172,1338,967,691,751,910,1192,1096,1073,1562,1005,625
ALG3,628,585,609,1116,787,364,576,737,361,875,825,497,877,195,498,604,562,380,797,557,696,1258,386,345,572,264,523,644,306,616,567,594,648,861,557,413,350,450,324,726,532,397,1288,445,417,305,436,1049,936,373,935,582,380,668,460,360,369,789,495,339
ALG5,597,1724,1010,535,1654,1340,1001,920,886,1483,497,1265,727,841,789,642,1353,751,959,1674,1040,3095,1068,1499,1791,243,888,621,761,1380,753,508,1794,1098,1429,663,864,1643,621,787,668,1048,782,566,1135,556,1088,1429,962,1377,663,1403,473,1049,875,770,809,1422,983,311
ALG6,406,671,1019,941,812,856,528,657,612,486,748,460,594,581,482,970,989,501,566,1354,1012,1332,771,1327,678,314,800,1000,542,1378,886,397,1597,598,728,498,655,568,294,963,963,728,981,561,453,452,827,1168,782,396,396,862,486,697,479,1129,521,399,643,320
ALG8,518,1203,582,1689,1704,815,809,1114,891,978,500,743,913,570,783,837,1291,659,1223,1621,980,1900,1048,1453,1314,357,610,1493,537,1075,617,457,1102,864,1144,748,827,963,438,1141,617,460,1406,583,678,356,508,1274,1193,659,1164,1284,580,976,772,788,613,902,1094,514
ALG9,57,162,47,99,120,79,77,89,99,158,60,131,110,53,154,88,147,141,124,191,121,87,143,190,123,55,95,91,94,143,90,77,171,83,157,98,76,122,60,171,80,93,110,87,90,70,95,126,95,130,71,81,67,111,71,107,187,95,106,76
ALK,6,8,30,4,8,10,7,33,9,22,18,81,20,4,94,21,36,115,4,37,46,2,12,22,19,10,28,9,17,15,28,21,3,12,47,14,18,56,46,31,14,79,9,31,10,25,118,37,9,12,9,11,4,33,157,21,9,4,48,14
ALKBH1,268,349,407,561,262,459,378,419,147,309,304,363,341,231,357,231,422,261,345,660,548,730,565,381,342,154,302,352,207,231,443,299,549,199,383,287,405,407,208,368,212,177,253,366,341,288,279,500,331,327,273,375,167,403,303,335,316,235,306,238
ALKBH2,126,218,105,617,503,175,137,194,156,299,302,118,178,98,223,149,462,432,233,290,216,489,108,333,400,98,135,262,151,202,138,126,216,226,259,252,138,129,80,297,175,172,353,155,203,94,207,271,282,165,241,238,119,242,279,138,157,246,282,132
ALKBH3,350,595,601,898,708,704,708,609,220,771,350,511,393,274,561,468,922,473,747,886,578,681,730,789,645,302,460,415,404,513,729,528,689,625,662,309,563,800,293,660,488,286,505,513,502,380,551,914,626,482,543,319,294,563,286,571,354,438,340,266
ALKBH4,188,321,234,535,324,258,352,323,180,345,235,211,281,152,341,315,514,203,335,434,272,297,317,1221,338,181,249,291,149,233,337,381,450,342,378,203,371,378,179,503,249,239,248,212,271,150,238,342,312,198,230,314,194,347,248,367,146,252,164,177
ALKBH5,1802,2970,3041,6156,2644,1824,3264,2582,1883,3181,1902,3093,2173,1930,2432,2026,2901,2179,2428,5877,2705,5187,3853,4705,3814,963,1836,2418,1306,2261,3431,2338,5633,4093,3389,2237,3118,2276,1812,4548,1873,2453,2767,1995,2923,1501,1999,3949,2000,2577,1798,4862,1642,3524,2058,2487,1460,3221,2656,1954
ALKBH6,33,15,40,76,33,39,65,65,18,51,40,36,42,17,37,42,69,43,30,77,55,111,39,85,55,20,41,44,32,35,65,53,43,30,68,45,42,40,28,56,32,23,64,46,48,32,38,39,50,34,39,31,23,25,26,39,76,69,42,38
ALKBH7,583,338,417,562,531,359,716,794,238,468,220,566,393,230,598,486,885,603,411,791,574,425,537,941,577,210,340,409,300,602,782,941,606,654,944,476,347,695,388,714,635,614,525,615,527,233,548,903,270,713,540,616,313,455,256,422,321,478,440,199
ALKBH8,344,773,377,538,630,640,372,462,517,364,418,401,495,297,504,494,726,434,725,828,460,470,587,831,744,224,393,551,479,638,478,311,396,345,1051,309,611,647,255,832,439,445,398,474,515,379,515,689,833,462,430,295,312,570,260,394,788,498,333,234
ALLC,0,0,0,1,0,0,0,0,0,1,0,0,2,0,0,1,4,49,0,1,0,3,1,0,1,1,0,1,1,0,2,0,0,0,0,1,0,0,1,1,0,0,0,1,0,1,0,3,0,0,0,0,0,0,1,1,0,0,155,0
ALMS1,2196,4656,4498,3816,3572,3396,5143,3521,2203,3239,2400,3426,4349,1879,3560,3914,4497,6593,3069,7189,3136,5080,3695,5109,4049,2037,4238,4475,3495,5138,4886,4236,7027,3871,4111,3367,3736,2532,1881,4819,2969,3168,5348,3139,3234,1973,2632,4906,4205,2959,3756,2725,2375,3337,4191,5373,2913,3084,2745,3249
ALOX12,1,2,5,132,0,4,3,1,8,0,1,1,0,0,0,0,2,3,0,1,2,2,1,11,0,0,0,18,0,6,0,1,2,1,1,1,0,0,0,0,3,2,1,0,0,3,5,2,2,0,1,0,2,0,0,2,7,1,1,3
ALOX12B,2,0,6,16,5,4,11,8,4,7,0,1,2,0,4,1,3,7,4,20,7,10,31,10,5,6,3,61,2,1,10,36,23,0,2,29,8,1,0,7,0,1,0,4,13,7,2,3,3,1,70,1,0,2,6,4,16,0,1,2
ALOX15,130,1,90,2385,6,300,316,297,8,12,232,651,49,120,25,297,142,6,16,522,56,69,84,365,598,13,471,518,65,31,71,900,19,109,59,669,577,117,20,30,152,17,54,17,115,17,147,76,64,236,142,17,42,14,53,14,32,23,3,176
ALOX15B,9227,2456,10251,76,224,398,5435,1808,51,246,303,1335,557,1208,222,3936,1306,403,208,1146,1068,915,2295,4054,584,909,205,158,174,748,4162,2537,7305,3665,1750,287,1316,7143,207,331,2081,7070,312,1930,738,254,219,1994,90,2893,3205,496,3970,3016,343,1005,1460,209,337,1250
ALOX5,1717,442,2640,365,1343,686,1532,2684,2543,716,551,2909,2057,215,1405,630,3152,1289,1318,2636,1417,1203,568,2155,3357,1301,1858,1064,4001,1063,2414,2529,570,1133,2513,1096,2337,1887,1969,2953,1704,1845,3132,3266,1483,1583,2823,1909,1023,3027,830,1405,2236,2041,549,1439,1582,281,2239,1334
ALOX5AP,960,150,1519,83,1085,422,596,1401,470,206,455,1255,649,82,342,282,1778,341,796,1317,820,370,234,1349,602,501,885,876,487,449,1332,887,404,476,1862,702,796,1031,503,1219,983,619,596,1283,646,1144,501,1023,529,709,394,922,964,649,355,941,652,109,1264,196
ALOXE3,1,9,2,6,2,1,6,2,2,5,0,1,9,1,0,1,7,7,1,0,1,2,5,9,3,1,0,3,2,0,2,0,4,4,5,2,3,2,0,5,0,0,0,4,0,2,0,11,1,2,34,0,4,19,2,0,2,0,5,0
ALPI,0,0,0,8,0,0,0,0,0,2,0,0,1,0,0,0,1,13,0,0,0,0,0,0,0,0,0,1,4,0,0,0,0,0,0,0,0,0,0,0,0,0,0,0,0,0,0,0,0,0,0,0,0,0,0,0,0,0,0,0
ALPK1,825,814,1366,734,1757,1001,1735,1512,1668,725,669,1318,1291,741,856,1107,1562,580,1515,2612,1597,2390,1869,1574,2023,900,2544,2177,1777,1721,1491,1646,948,1046,1630,881,2066,1106,1117,2433,1015,899,1730,1638,1035,905,1347,1490,2043,1289,926,1683,978,1509,967,2155,1036,750,1083,1131
ALPK2,96,5,16,36,81,22,70,40,408,312,32,532,66,4,143,18,256,32,217,71,77,98,6,30,174,31,45,253,51,93,17,12,11,3,36,141,42,25,276,256,47,30,215,75,75,430,30,164,219,179,177,87,14,136,36,126,152,67,373,91
ALPK3,1452,961,526,362,905,217,2531,868,322,5834,1238,760,655,426,1588,1720,2541,4923,1077,5506,307,3456,207,3158,1131,603,4423,3042,570,1710,447,2978,846,2830,1374,2575,293,409,1983,3713,316,731,5241,394,531,1544,400,919,2332,1117,368,1247,1979,1433,1076,4751,699,277,3497,1740
ALPL,4079,898,3248,189,585,463,1293,2216,108,611,1499,3448,1417,231,166,3655,2123,927,349,2338,635,181,739,3486,1387,2695,1944,633,1058,293,4622,5457,2296,2074,1546,1124,2201,1397,1491,10351,1392,7186,142,8610,1502,2700,662,1382,539,2785,1840,150,526,328,890,328,360,6186,100,1823
ALPP,12,460,43,1065,26,1,17,16,200,5,3,22,126,237,0,7,30,6,1,32,35,4,5,2,63,10,6,3,39,5,11,76,24,191,13,2,1,1,8,2,5,67,1627,6,7,1,12,14,5,17,101,3,7,144,10,3,0,183,0,7
ALPPL2,1,300,38,965,47,0,92,2,13,0,0,3,27,111,1,51,4,1,0,0,0,10,11,0,316,10,2,7,14,14,2,334,173,486,3,4,1,1,2,0,5,3,206,1,9,3,4,8,21,2,194,4,8,86,7,0,2,306,2,0
ALS2,1199,1674,1475,2498,1438,1219,1809,2271,1760,2596,1113,1515,1663,1067,1725,1459,2528,6352,1383,3394,1453,3614,1382,2224,2183,793,1777,2002,2305,1918,2668,1975,1513,1921,2216,1648,1863,1464,1200,2607,1694,1428,1159,1485,1380,1010,1682,2459,2228,1227,1826,1647,1164,1939,2608,1727,1120,1344,2052,1407
ALS2CL,1306,3270,2151,184,1323,972,2404,1005,3160,231,405,687,1049,766,870,2157,1243,493,474,1290,611,995,1397,1087,2033,791,1795,799,1925,786,1614,1951,1316,4467,1278,745,922,815,1051,879,973,1217,1790,1290,1470,464,1904,1168,1431,946,1135,562,1110,1259,590,821,716,3370,296,2129
ALS2CR11,184,514,446,692,35,17,87,288,51,45,201,119,42,735,308,623,221,275,69,414,139,860,122,286,60,101,229,254,107,943,243,376,95,51,330,434,268,734,29,124,305,194,119,48,154,229,78,1054,252,88,32,24,376,179,143,197,458,37,143,80
ALS2CR12,43,29,78,52,30,37,130,117,19,55,66,110,53,43,42,68,97,44,47,271,35,39,53,96,231,39,148,25,100,67,59,150,32,46,98,110,132,65,40,127,77,42,85,78,111,51,84,63,74,72,26,33,45,78,42,44,55,17,23,122
ALX1,0,0,0,0,0,15,0,2,49,11,4,1,0,0,3,2,2,11,0,5,0,0,0,0,11,1,4,0,1,0,8,2,0,1,1,11,5,0,79,0,2,0,3,0,5,0,1,1,5,0,1,26,3,0,9,1,0,15,23,2
ALX3,15,6,140,0,0,174,1,63,4,51,5,1,0,16,6,8,8,2,0,1,42,2,3,178,0,17,0,1,0,4,3,0,4,1,3,131,1,0,6,1,0,0,0,0,2,0,4,0,45,0,0,0,37,1,37,8,1,4,17,0
ALX4,0,1,0,87,0,2,3,0,5,1,3,5,0,0,1,6,11,12,1,18,2,1,60,1,5,1,1,1,1,4,5,202,24,1,1,6,0,9,0,5,15,1,1,1,0,2,1,4,0,3,2,52,10,4,11,8,1,0,15,1
ALYREF,719,529,567,3645,945,889,750,882,723,2079,650,686,593,388,493,533,1550,1231,1506,1499,1237,1395,616,1375,1225,401,832,1430,538,691,723,815,1214,759,1023,853,895,514,403,749,580,433,1709,479,670,333,569,939,900,632,1152,1201,427,588,1143,939,594,802,623,381
AMACR,72,169,250,230,155,564,205,307,105,395,261,154,176,445,237,302,359,398,165,540,165,559,294,641,221,82,461,1032,170,198,135,227,302,321,602,180,275,232,193,306,137,83,104,124,297,148,217,413,92,87,172,202,49,176,390,538,196,329,249,176
AMBN,0,0,0,0,0,0,0,0,0,0,0,0,0,0,0,0,0,2,0,0,0,0,0,0,0,0,0,0,0,0,0,1,0,0,0,0,0,0,1,0,0,0,0,0,0,0,0,0,0,0,0,1,0,1,0,0,0,0,0,0
AMBP,16,486,18,10,33,8,136,1,3,223,15,9,45,610,85,8,6,7259,27,93,29,1143,167,309,891,18,75,58,17,439,8,93,344,170,29,20,78,35,17,26,11,7,2697,6,16,31,17,109,13,6,3553,413,11,31,258,57,122,251,82,4495
AMBRA1,1321,1817,2624,3097,1626,1908,2240,1764,1508,1763,1117,1539,1366,1184,2162,2049,2677,2329,1374,3246,1936,3313,2308,2528,1498,899,1851,1912,1327,971,2171,2422,2987,2161,2170,1680,1827,2020,1556,2508,1581,1410,1475,1795,1638,1249,1203,2029,2082,1384,2352,1751,1116,1922,1454,1623,1433,1200,1712,1730
AMD1,2887,4611,3532,6008,4066,1861,4140,3589,2576,4748,3495,3796,2862,1694,1650,2069,4834,2704,3672,5012,4092,5628,2851,5310,5781,1468,2693,6436,2775,4867,4896,2609,5913,2680,3723,2506,2976,5774,2738,3612,2088,3682,2530,2945,4010,1905,5864,3593,3033,4850,2382,5201,1635,2022,3022,3460,2385,2562,2867,1459
AMDHD1,13,4,47,73,35,27,24,31,31,14,13,38,23,1,10,9,36,293,39,81,96,39,3,35,30,36,34,22,10,44,40,25,11,46,16,10,24,14,21,24,9,29,139,81,46,16,53,8,96,57,9,226,10,15,33,19,12,38,26,33
AMDHD2,404,405,763,463,694,593,902,945,528,584,462,868,711,297,531,676,1201,790,595,1169,729,1000,718,931,802,380,1138,1023,582,670,1104,771,537,713,1032,419,1009,717,602,1372,625,671,982,999,607,547,529,1382,470,798,728,947,460,871,398,749,687,397,742,696
AMELX,0,0,0,0,0,0,0,0,0,0,0,0,0,0,0,0,0,0,1,0,0,0,1,0,0,0,0,1,0,0,0,0,0,0,0,0,0,0,0,0,0,0,0,0,0,0,0,0,0,0,0,0,0,0,0,0,1,0,0,0
AMELY,0,0,0,0,0,0,0,0,0,0,0,0,0,1,0,0,0,0,0,0,0,3,0,0,0,0,0,0,0,4,0,0,0,0,0,0,0,0,0,3,0,0,0,0,0,0,0,0,0,0,0,0,0,0,0,0,0,0,0,0
AMER1,555,460,490,1202,421,468,456,505,346,522,311,383,392,333,691,887,633,684,367,892,493,1112,900,951,494,226,418,291,360,555,868,767,503,350,640,460,756,466,290,589,528,347,592,408,403,354,509,812,319,313,908,484,281,538,729,614,434,310,325,429
AMER2,6,0,0,1,1,3,3,3,3,23,2,28,5,0,15,4,0,4,5,2,8,4,3,0,0,0,34,5,1,18,1,3,0,5,1,14,6,1,6,17,4,1,7,1,4,2,20,13,1,8,2,3,12,0,8,100,16,3,39,3
AMER3,0,0,3,0,0,0,0,0,0,1,0,0,1,0,72,10,0,1906,0,0,1,0,2,0,1,0,2,0,0,0,2,1,3,2,0,0,0,1,12,0,0,8,0,0,0,0,1,1,0,0,32,0,1,0,460,302,0,0,2,3
AMFR,2724,1346,4738,11834,3999,2559,4819,4641,3370,2089,2587,3853,4419,467,3100,2125,5933,4414,3751,5951,3208,4999,3040,3374,5203,1177,2599,2935,2696,2518,3748,3668,3733,1606,4257,2548,2547,2277,2460,3794,3287,1482,4457,3575,3108,1630,3316,5663,3521,3532,1701,3401,2118,3932,2014,3175,2314,2223,3400,1937
AMH,32,6,10,46,13,24,68,14,3,1,3,7,0,10,35,1,24,42,8,26,33,24,4,11,21,20,166,14,6,8,59,498,1,2,17,9,8,21,10,15,8,14,34,17,12,2,49,16,4,19,113,9,3,18,16,219,35,2,6,28
AMHR2,2,4,6,17,2,1,4,22,1,2,2,1,8,3,1,9,16,4,0,21,8,14,21,13,6,0,4,17,1,5,21,36,0,8,5,5,38,38,1,12,4,3,0,7,12,3,3,43,5,2,9,14,6,3,2,10,7,0,6,7
AMICA1,704,288,1066,91,634,255,850,1499,498,307,272,1988,799,240,465,443,1726,662,634,979,1106,675,551,1231,1176,665,1058,437,667,683,1014,1474,349,736,1756,437,1223,1271,860,1402,1024,1154,668,2747,1071,644,942,1092,788,1827,202,826,1031,1139,263,530,831,146,560,835
AMIGO1,260,717,1248,744,160,293,751,592,238,75,234,359,455,485,78,242,496,164,105,789,396,330,208,649,653,209,328,175,198,344,564,744,863,561,538,193,437,537,182,422,382,681,253,329,377,179,542,845,227,295,461,499,363,254,304,369,272,243,202,281
AMIGO2,3838,232,1236,196,4613,1324,898,1621,3805,1150,2142,973,3602,145,1520,1251,4340,9498,4279,3791,805,2352,720,3321,3366,597,2109,1981,2465,2194,5436,5148,210,762,1888,1099,2424,3755,468,2110,753,1048,918,789,2039,1579,2061,2394,609,864,1169,2260,1244,1445,5073,3404,3568,1617,2537,431
AMIGO3,0,0,2,1,4,0,3,0,0,0,1,2,0,0,1,0,0,1,0,1,1,1,2,2,3,0,1,1,0,0,0,2,2,3,4,1,0,0,1,1,1,4,0,2,3,0,2,3,0,2,1,0,0,3,0,0,1,0,3,2
AMMECR1,653,813,976,1356,1272,761,967,718,635,1375,726,629,779,542,1061,662,1067,1083,608,1559,1082,1918,1300,3471,1490,374,648,1611,562,820,1144,575,1411,995,869,667,1341,911,527,1154,708,1989,989,630,1080,574,730,931,673,625,323,1750,885,812,1239,1327,566,1359,920,587
AMMECR1L,1055,1414,1505,2235,1295,874,1362,1489,1319,1623,876,1170,1542,745,1342,1407,2101,1765,1236,2722,1144,2114,1319,1739,2062,501,1149,1256,1498,963,1528,1242,2035,1568,1910,1342,1223,1091,865,1768,1186,1061,1094,1578,1109,780,970,1728,1342,1071,1459,1156,796,1325,1539,1072,942,1098,1264,860
AMN,79,1061,178,400,286,173,114,128,394,34,54,47,312,447,78,104,68,130,33,245,89,313,181,243,778,71,142,63,189,122,38,286,3885,1143,81,39,70,164,331,55,18,124,520,294,97,98,1346,20,331,55,300,566,104,358,145,34,18,913,43,199
AMN1,143,534,184,869,398,217,586,266,362,368,219,257,176,243,232,301,643,483,296,550,237,746,350,459,560,168,279,243,269,337,318,240,610,321,277,185,393,334,139,573,365,237,205,312,344,230,401,687,365,237,223,391,142,434,402,216,170,355,212,224
AMOT,499,628,2406,3336,269,1209,322,1685,745,64,1281,468,1304,428,317,3379,935,559,563,4401,2212,1061,2186,2978,987,400,2343,195,370,4367,1327,955,656,1342,1706,224,2536,666,302,2045,772,561,1653,1315,1577,929,1258,2569,741,306,202,4579,1479,792,184,2239,1124,443,355,279
AMOTL1,2414,3015,1698,6441,2281,2291,3153,2545,4557,1552,3305,4398,2127,1694,976,2742,6237,1865,2013,5359,1976,1666,2442,4196,4138,1657,2392,2975,2131,2513,4876,4593,2843,1554,3160,2260,3157,2532,1638,5981,2263,2059,1324,2521,2618,1490,2522,2383,1382,3781,1328,1512,2026,3650,2213,3347,1950,1165,2277,2411
AMOTL2,1718,5766,2853,3646,1148,2364,2834,1469,2411,1270,2347,2669,1429,1897,3689,2860,3537,626,2057,2209,2297,926,1620,2186,2071,772,2129,1106,1786,1683,2854,2900,2823,2967,2202,1271,2166,1328,1094,3014,1482,2859,3480,1889,2115,1115,2474,4147,3049,1268,1600,4639,2620,3308,650,2247,3658,2061,1185,1310
AMPD1,13,1,13,30,58,22,160,18,14,28,10,226,87,8,81,32,72,6,64,380,250,109,93,26,23,3,50,30,84,95,25,13,14,8,89,76,94,148,60,450,42,63,34,47,102,56,60,71,4,224,11,46,22,32,6,27,45,24,130,119
AMPD2,1316,925,2884,2678,1836,902,1653,1338,1209,1402,697,1742,1951,587,898,1100,1541,1345,1373,2260,1329,1200,977,1701,1335,678,1580,1282,730,802,828,1735,1165,1505,868,1241,1234,873,1130,2072,795,1012,2165,1002,887,1002,832,2433,1346,1380,1493,1835,850,1231,1042,1217,1030,705,1194,1084
AMPD3,907,318,886,325,1276,432,936,1137,1663,599,575,842,982,270,1309,713,983,982,876,1870,1034,1345,775,1248,1279,590,1135,881,930,655,698,743,669,842,1178,879,861,763,834,1432,743,745,1201,1263,992,1087,666,849,964,807,543,1279,612,1057,484,1110,800,525,1222,854
AMPH,23,6,88,805,32,19,20,52,16,12,27,39,37,19,51,19,59,43,16,24,138,3,125,251,23,20,9,5,12,42,63,16,36,9,100,367,21,18,36,24,14,35,40,19,10,81,13,148,22,16,40,23,11,88,32,85,21,67,49,20
AMT,68,161,98,51,75,101,151,110,33,46,45,79,71,43,76,79,103,38,33,102,57,25,134,69,64,58,88,34,62,62,76,189,33,50,95,54,169,55,70,126,39,97,64,124,88,50,84,76,93,78,111,47,60,123,55,61,52,86,41,155
AMTN,3,0,1,3,0,6,0,2,0,1,319,7,3,1,326,7,10,5,0,26,31,0,13,0,2,1,2,1,8,1,12,8,1,3,1,2,6,0,1,3,0,1,1,0,5,0,7,0,1,43,0,0,0,0,5,14,0,3,0,0
AMY1A,1675,135,372,216,447,164,415,589,10,43,149,114,295,33,30,1442,18,122,95,1903,555,520,103,4483,301,275,79,148,190,172,41,182,588,254,34,126,1976,316,261,764,557,72,163,150,75,5,176,237,141,1080,36,11823,98,78,109,1570,234,570,4,80
AMY1B,857,50,531,26,579,259,375,1435,1,93,30,170,501,17,36,1395,436,118,1,1693,516,277,26,4554,106,526,76,285,224,59,127,115,472,283,484,66,3744,246,7,1194,382,86,252,56,92,4,329,3468,216,265,24,19347,338,31,12,594,492,188,0,29
AMY1C,762,304,555,135,351,160,395,1337,0,62,142,75,793,77,23,1777,549,63,57,1923,147,359,152,4996,451,635,45,6,303,25,92,106,248,11,1170,148,4490,172,51,1218,456,54,10,77,103,35,187,3975,205,140,44,16819,369,53,85,772,699,578,2,28
AMY2A,3,1,5,11,1,3,4,1,0,3,2,3,6,0,3,6,0,0,0,4,7,0,0,3,1,3,0,1,6,1,5,1,0,3,5,2,9,0,0,5,0,3,0,0,2,0,3,10,0,4,0,14,5,1,2,3,1,1,0,3
AMY2B,326,582,851,164,235,1498,700,922,429,267,463,420,917,323,248,1398,813,536,215,1939,635,402,315,763,741,631,839,387,760,353,583,683,397,584,1664,277,568,666,346,1399,345,556,362,677,417,260,959,3174,324,584,280,1597,898,478,376,1121,393,264,302,531
AMZ1,68,80,78,36,68,35,45,30,94,89,61,27,74,60,126,28,131,70,67,86,33,19,32,407,38,35,116,30,20,105,28,26,8,5,57,69,22,41,85,147,66,33,278,64,16,38,103,55,46,166,36,47,29,335,26,72,94,30,252,30
AMZ2,909,1456,1284,2292,1070,945,1669,1977,931,1392,1693,1360,1176,876,1048,1739,1850,1635,1278,3210,1655,2931,2158,2480,1921,866,1037,1698,964,1389,1642,1592,1451,1059,2071,1212,1398,1574,746,1737,1597,869,1671,1380,1436,631,850,1746,1347,1226,1297,1832,855,1514,1385,1479,961,1516,1214,866
ANAPC1,1655,2868,2572,4232,2995,1953,2768,2181,2179,3365,1719,1514,2373,1475,2431,1840,3421,3403,2231,4193,2221,4669,2929,2832,3944,916,2003,4011,2078,2593,3014,2033,3078,2918,2719,2381,1945,1893,1219,2636,1707,1404,3063,1799,1748,1319,1287,2536,2435,1458,2829,2020,1382,2203,2966,2340,1667,2425,1635,1528
ANAPC10,260,500,465,646,458,271,457,395,352,277,230,350,359,268,344,327,521,418,338,590,414,788,412,539,617,194,287,503,369,455,341,382,613,362,581,230,436,517,216,483,248,344,299,282,356,249,462,723,312,328,275,393,216,391,428,459,319,433,274,207
ANAPC11,656,1158,617,2222,949,761,776,1298,546,2121,718,640,754,546,760,977,1879,1695,1345,1672,1322,1786,960,2075,1357,472,629,1336,638,928,1009,1061,1579,985,1626,916,1059,992,471,1142,931,696,1013,920,844,335,679,1222,888,631,1679,1020,715,935,1019,752,481,1011,686,416
ANAPC13,628,1722,1244,1116,1163,744,1442,1139,594,1041,1017,1327,669,404,749,926,1444,868,875,1974,1567,2521,1163,1559,1987,627,702,756,827,1901,1086,1661,1700,1208,1299,563,1066,1290,618,1532,1097,791,1809,1267,1196,921,1778,1569,1585,1179,1173,1766,610,916,953,1969,799,2003,705,549
ANAPC15,190,517,303,670,855,385,405,573,235,515,229,421,271,290,331,347,572,740,506,576,440,833,487,750,820,133,210,311,248,446,316,270,788,609,843,352,380,505,222,601,260,304,451,308,434,266,290,588,297,349,352,749,274,424,343,341,276,426,342,172
ANAPC16,1642,6860,2254,2461,3658,1881,3431,3107,2570,3465,1943,2551,2080,3140,2938,1981,3663,2680,2766,4580,2734,5915,3169,4160,7889,1195,2155,1513,2589,3909,4226,4164,5309,3720,6242,1982,3513,3799,1529,2586,2554,2336,3471,2482,3744,1443,2951,2940,2843,2774,2310,3023,2055,3379,2395,2429,1752,6534,2052,1523
ANAPC2,608,625,796,766,666,716,1173,748,418,692,391,765,891,372,937,587,959,588,755,1349,981,738,710,784,935,421,1155,644,484,552,803,1076,1040,1003,895,680,684,681,692,1165,663,706,1304,912,680,535,569,1099,693,716,774,891,591,661,675,935,547,739,555,1062
ANAPC4,998,1922,1624,983,1684,1186,1316,1358,1516,2116,899,1156,1439,965,1297,1455,1814,1636,1133,1988,1175,3370,1396,1840,2529,807,1665,1056,1504,1604,1829,1658,1849,1486,2323,931,1373,1738,941,2055,1189,1146,1629,1935,1586,1092,1308,1698,1532,1249,1107,1410,996,1578,1409,1385,1390,1049,1471,1277
ANAPC5,2888,2214,2145,4635,5167,2286,2194,2804,2352,5426,1997,3618,3753,1782,3707,2333,4779,6547,4245,3918,2801,8268,2549,5242,6076,1508,2443,2888,2435,3352,3178,2693,6173,4153,3787,2744,2762,2729,2383,3916,2791,2356,4819,3197,2762,2209,3350,5232,3642,3341,2809,3890,1983,3297,2817,2766,2454,2330,3961,2551
ANAPC7,804,1665,641,2417,1849,766,708,1121,1129,1374,1467,1193,1354,811,1067,866,1824,2725,1186,1328,944,3031,686,2122,1944,544,1044,1375,882,957,1215,824,1166,1685,1530,1016,886,1120,842,1178,987,656,1761,1095,911,708,1183,1619,1594,1041,1063,1464,615,1078,1663,1103,1054,709,1370,923
ANG,83,397,577,41,682,246,254,152,80,633,62,174,245,89,131,124,328,228,207,277,334,689,576,346,227,110,245,171,315,170,412,294,941,84,174,142,358,150,154,122,127,322,174,253,346,278,823,160,95,146,68,415,206,285,145,129,59,207,231,130
ANGEL1,964,1113,1300,1664,986,1360,1356,1119,695,1896,664,1142,1340,617,1193,1207,1398,1025,1016,2430,974,1715,1320,879,908,607,1346,983,716,791,1306,1086,1480,648,1076,1088,1396,1102,1113,1500,596,597,1026,1287,955,824,624,1261,1291,1057,794,1698,545,944,843,1213,739,580,1241,1491
ANGEL2,1019,3219,1953,1222,1329,2241,1806,1594,1816,1236,1094,1262,1587,1606,1798,1879,2285,1809,1083,2757,1501,3153,2325,2652,2896,816,1773,1120,1594,1946,2550,1359,2259,2388,2755,1284,1835,2279,1127,1985,1739,2176,2145,1525,1847,1084,1539,2641,2485,1034,1637,1089,1209,2490,1780,1817,1673,1727,1388,1160
ANGPT1,313,440,1057,121,421,156,653,701,187,166,149,1410,466,204,191,323,1124,175,145,595,678,833,363,402,371,267,319,691,194,490,422,1343,934,363,526,236,1060,424,207,278,471,462,108,609,1363,283,625,601,211,1213,98,265,537,686,143,142,279,269,134,279
ANGPT2,428,1356,168,530,676,123,124,139,242,527,429,1638,238,418,193,273,1315,474,556,270,279,189,129,146,575,172,222,1275,344,364,313,212,638,124,550,275,106,228,257,250,168,70,231,125,226,99,143,632,357,2145,954,780,138,829,1534,578,317,589,1414,753
ANGPT4,6,5,8,2,6,20,9,19,2,4,4,67,5,2,4,11,35,33,1,17,7,1,0,28,2,4,26,3,0,4,10,14,4,4,49,4,10,28,15,12,5,22,6,20,5,13,13,5,1,46,5,1,17,11,0,13,7,3,6,11
ANGPTL1,153,73,321,45,77,103,206,140,65,63,84,675,103,47,55,115,335,74,95,158,261,61,53,157,192,131,162,91,62,180,157,256,226,40,262,69,141,180,38,83,84,145,112,393,248,52,257,168,78,216,16,87,130,167,32,40,70,45,103,62
ANGPTL2,964,545,806,1041,1482,880,1794,870,1702,1021,587,4094,1738,162,1114,864,4331,2217,2116,1794,913,340,469,912,1048,694,853,1251,786,550,768,1181,519,252,695,1191,602,586,892,1793,368,256,947,653,874,796,505,2066,1533,1635,2134,1067,753,2688,1622,2138,1507,442,2769,670
ANGPTL3,0,34,0,0,3,0,0,0,3,21,0,2,0,6,0,0,0,332,0,0,0,150,3,0,4,0,0,0,0,0,0,0,159,0,0,0,0,0,1,0,0,0,1,0,1,4,3,1,0,1,1,0,0,1,0,0,0,0,26,42
ANGPTL4,5393,120,71,498,1202,134,744,2234,1820,826,387,428,1317,27,665,181,5257,838,664,686,236,195,834,138,582,768,1948,1575,762,38,484,1183,594,118,176,1047,140,408,381,151,401,562,347,26,134,89,184,774,1298,2661,2609,207,494,1310,934,519,367,2183,384,100
ANGPTL5,3,5,22,0,2,7,11,24,0,3,17,11,4,3,1,8,45,4,0,18,8,2,6,15,20,10,9,1,4,14,5,83,0,0,10,0,11,7,2,4,3,5,5,20,24,3,16,6,1,7,0,6,5,33,0,1,1,2,1,3
ANGPTL6,20,4,19,40,38,18,64,18,29,19,18,27,47,4,39,22,13,11,26,43,36,14,42,15,35,5,31,15,29,48,45,28,8,5,24,28,22,29,24,47,31,26,33,46,34,24,36,31,9,27,13,38,21,20,16,16,58,11,42,40
ANGPTL7,16,2,29,0,1,6,22,13,2,8,5,51,0,0,0,4,32,7,2,7,7,1,6,11,9,9,18,0,0,16,19,17,1,0,11,23,7,4,3,2,7,6,2,6,12,4,3,8,1,111,2,1,9,26,1,6,1,1,0,2
ANHX,0,0,0,0,0,0,0,0,0,0,0,0,0,0,0,0,0,0,0,0,0,0,0,1,0,0,0,2,0,1,0,0,0,0,0,0,0,0,0,0,0,0,0,0,0,0,0,0,0,0,0,0,0,0,0,0,0,0,0,0
ANK1,41,31,27,34,37,23,60,59,39,67,24,60,52,8,94,36,70,449,23,81,60,78,57,199,134,41,155,33,171,53,25,304,41,59,88,74,48,73,132,131,97,73,84,71,82,38,747,72,26,122,9,42,42,132,141,487,446,117,53,73
ANK2,1121,647,1264,331,1033,768,1547,1344,239,783,477,3467,1149,200,3189,830,1865,1796,900,2093,1603,6735,492,1061,1476,682,761,1846,495,1008,1263,2422,934,456,1125,825,1467,1100,818,2060,829,1395,503,2561,1599,634,782,913,724,2796,305,762,1146,1587,4215,2066,3305,525,1162,1188
ANK3,3748,779,8066,3086,3801,2794,5698,3125,2057,2962,3045,2693,2382,2017,957,4053,4163,1278,1592,7881,3229,3199,5168,4617,3445,2404,5630,3536,2151,6302,10427,7754,2964,1539,6409,1926,7939,4984,1168,3531,2540,3640,2197,3206,3328,3906,2019,3945,1937,3102,1850,2440,2723,2291,690,3449,3091,372,437,2802
ANKAR,226,800,604,357,390,333,511,476,615,247,212,422,522,268,638,392,711,430,372,686,359,607,494,555,724,287,528,159,504,519,596,579,503,440,707,329,710,444,267,713,394,357,504,608,546,394,672,554,541,421,302,248,337,640,465,424,370,379,385,428
ANKDD1A,174,164,327,242,150,201,308,155,235,619,110,329,207,84,146,137,527,195,349,403,225,171,114,215,200,144,217,157,178,207,134,327,155,129,171,269,96,133,221,370,120,195,238,325,206,129,147,184,168,237,202,127,198,241,153,132,291,73,253,193
ANKDD1B,83,18,527,9,26,474,711,165,38,13,61,134,76,40,353,463,252,48,50,413,134,141,1566,326,619,60,444,73,114,361,643,350,442,227,652,90,440,236,116,949,578,434,93,168,154,374,216,44,80,115,40,205,226,126,53,130,113,17,44,209
ANKEF1,266,1136,746,1095,829,943,766,464,268,320,626,286,653,504,598,550,657,609,429,1639,873,2266,1000,1888,701,278,508,603,594,1094,495,503,1015,829,703,390,766,674,262,1439,956,622,1050,466,690,520,629,1343,706,250,541,1259,295,786,936,849,352,1131,297,315
ANKFN1,59,116,102,2,12,106,369,166,66,16,48,61,85,168,63,124,40,20,21,144,21,24,739,358,648,90,545,59,401,81,124,288,27,112,135,94,185,63,40,171,119,56,99,30,382,215,385,59,39,49,41,78,261,100,233,98,41,225,6,106
ANKFY1,2431,4715,5395,2826,2430,2768,3772,3046,3427,2251,2043,3546,3279,1918,3254,2809,4863,3122,2346,6986,3432,7142,6176,6955,3843,1730,4423,2351,2139,2811,5772,3572,5589,5159,4974,2242,5138,3918,2699,5357,2182,3675,3410,3753,2711,2518,2171,3145,2458,2657,2565,2276,2470,3710,2694,3393,2453,1722,2591,3174
ANKH,1871,1132,1810,3044,1719,1552,1933,1452,1907,2499,1578,2115,2278,999,1156,897,2740,3541,1657,3149,4089,2974,1235,2220,1798,2602,2231,1415,1087,2018,1317,1966,1312,924,1355,1643,2572,1594,1250,5071,994,959,1581,1547,1396,2157,808,2296,1990,1894,1286,2713,728,3806,6347,2434,1395,1036,5980,1097
ANKHD1,363,690,809,365,374,407,681,520,522,334,307,392,519,291,556,572,654,623,293,848,538,488,532,629,463,371,571,319,353,411,937,588,811,621,762,373,571,1083,335,863,285,727,374,510,347,316,381,946,347,409,380,398,362,418,486,559,700,481,423,448
ANKHD1-EIF4EBP3,31,59,67,13,20,23,55,41,42,29,19,38,48,27,41,46,47,66,28,91,17,31,28,36,56,29,57,19,44,34,71,77,98,49,108,38,49,56,38,60,29,39,32,59,40,28,25,64,36,29,37,32,27,31,41,45,34,60,30,52
ANKIB1,3027,3097,11433,7307,4039,2546,3311,3558,3066,4956,3361,3214,3943,1195,4665,3311,6382,3257,4338,4279,2657,4471,3367,9867,4215,1976,3149,3227,2814,3814,4487,3778,5168,3237,4704,3150,2957,4237,2193,5901,2986,1891,3979,3229,2840,2039,2830,3951,4499,2769,2543,3569,2425,4081,4733,3832,2193,4081,3007,2127
ANKK1,41,3,10,55,9,74,72,26,4,10,13,20,20,14,11,23,29,18,16,143,10,11,10,106,30,9,43,9,10,12,25,59,17,85,37,35,37,23,11,73,45,29,21,27,40,22,14,22,29,3,86,20,10,12,13,11,20,17,10,39
ANKLE1,51,10,20,270,8,49,24,13,17,43,11,23,21,7,27,16,19,14,17,23,22,13,5,12,26,10,22,111,17,17,14,33,5,13,29,57,12,11,11,30,16,16,69,22,31,16,7,27,101,17,49,10,8,16,74,45,12,7,14,24
ANKLE2,2077,1970,1795,4576,4030,1634,1622,1933,6607,3143,1153,2020,3922,1500,2942,1795,3729,4910,2916,2418,3076,4306,1514,3563,4010,1337,2423,2071,2408,1752,3099,1971,5060,2004,2350,2029,1514,1792,2577,3316,1934,2011,4019,2076,2080,1520,3624,3183,2781,2921,1584,2143,1714,3606,3547,2729,2428,1230,3481,2230
ANKMY1,560,602,841,498,448,489,1026,647,503,570,362,599,604,365,990,635,661,576,381,1292,461,605,491,628,796,392,1045,284,623,441,819,1072,736,652,840,595,923,567,536,953,642,414,975,713,596,428,503,522,770,450,728,351,573,635,831,503,631,556,379,872
ANKMY2,595,1021,671,1641,904,742,1666,1154,662,404,616,754,667,543,806,1250,934,776,538,1421,1317,1359,1386,2306,944,388,940,390,907,1128,1289,1209,1151,599,1320,553,1151,974,551,1346,1111,586,900,823,855,687,1199,2211,1264,716,826,1292,575,1161,536,667,421,867,585,684
ANKRA2,422,1181,1004,406,670,924,1310,992,715,700,654,593,914,386,757,763,1495,638,430,1941,974,893,840,1185,1478,357,811,812,766,851,1269,1111,1591,711,1502,560,1151,1046,473,1269,687,815,661,782,912,504,866,1241,596,622,366,827,712,1223,737,1177,543,962,783,613
ANKRD1,82,17,84,149,39,17,5,219,12,30,322,301,14,11,4,17,1341,172,71,96,226,61,65,145,41,83,168,118,185,61,226,26,8,80,147,98,27,60,44,3,80,103,11,33,36,2,224,194,24,748,13,8,134,65,65,22,104,25,80,79
ANKRD10,2655,4324,4421,1447,3456,8282,5785,4271,3716,4789,1889,3277,5102,1964,6162,3780,7085,3606,3159,8025,3161,6155,3354,5209,7577,2484,8196,3628,4969,6658,3622,4832,9825,6020,5209,3018,3454,4126,4025,6658,2339,3854,4023,4478,4976,5641,3984,5544,4159,3946,4138,4637,2383,6576,5740,8099,3233,2629,5302,3199
ANKRD11,2449,3137,3775,7987,2728,2142,3670,2771,4119,3723,1966,3015,3817,1861,2941,1986,3802,4500,2442,4395,2232,4422,3866,2426,3584,1665,3818,1942,2111,1780,2264,3939,4853,4056,2360,3033,3540,2782,3112,5065,2198,2348,3921,3004,2277,2129,1879,3814,3018,2897,2178,2443,2184,3254,3746,1737,2959,3909,3449,4989
ANKRD12,2666,5849,4147,3197,3829,3724,5875,4458,4358,6753,2780,4470,3653,2673,5560,2959,6840,4690,4874,6804,4937,6253,2362,6338,5931,2604,4090,3210,5378,5302,4635,3229,9004,4163,4722,5782,4658,4017,3602,7910,3811,4867,5028,5846,5772,3011,4826,6147,4900,5174,4415,2998,3051,4227,6053,4269,3801,2350,5139,3728
ANKRD13A,3292,2357,2009,1585,2279,3124,2208,3398,1353,2118,2705,2549,2717,903,2164,2631,5122,2100,2341,4611,3156,4465,1920,4052,3726,1419,2444,2849,1905,2853,4242,2942,2107,1879,3498,2066,2093,3870,1856,5527,3094,4437,2237,4144,3585,2145,2413,4103,2825,2616,1941,3258,2619,1544,2016,3058,2253,2121,2857,1631
ANKRD13B,121,35,114,611,56,186,138,69,53,117,52,126,146,27,338,129,271,518,52,228,50,132,74,89,89,88,209,369,66,71,118,153,85,129,107,196,80,89,60,225,83,95,137,142,91,81,27,129,103,76,346,62,51,121,371,162,132,60,209,123
ANKRD13C,1287,2026,1547,2134,1396,1941,1281,2003,1367,1633,1272,1435,1787,850,1176,1182,2170,1078,2488,2612,1745,2642,1477,2925,2108,748,1853,1475,1229,1558,2389,1591,2690,1720,1958,1144,1452,1973,974,1821,1738,1253,1816,1426,2210,1031,1868,3923,1590,1456,1624,1522,1448,1619,1152,1859,1248,1058,1596,970
ANKRD13D,788,721,992,1274,1163,984,1086,1015,962,1009,533,698,1205,469,1299,768,1261,888,1086,1262,743,1213,466,740,1110,415,1164,588,742,797,548,1414,1877,1052,1115,884,887,727,805,1545,791,745,1587,1046,864,951,508,1127,1161,548,1259,871,626,1007,1664,702,902,835,933,1017
ANKRD16,160,228,230,536,268,165,202,200,169,303,91,189,199,158,313,221,250,236,237,276,140,300,133,164,240,94,190,191,168,243,270,289,198,178,227,260,154,203,117,253,200,102,203,139,189,147,98,213,244,157,229,153,99,319,214,192,159,154,143,188
ANKRD17,5313,8259,6705,14026,5318,4537,9883,4752,7133,5532,4671,6044,8436,3579,6723,5755,6283,10306,4549,11508,6359,16646,8775,8588,7172,3278,7241,5289,5018,5108,9782,7193,10583,10080,6247,5437,7575,6142,4850,10373,4838,5003,6469,5415,5016,3876,4550,7197,7814,5505,6855,6334,4158,6641,7167,8391,5081,7323,5256,5562
ANKRD18A,169,17,73,245,4,93,99,92,292,113,57,33,130,15,302,95,106,400,79,116,24,167,164,98,217,55,484,122,409,377,160,251,172,106,275,92,100,121,34,82,82,107,488,63,133,41,163,16,16,22,505,10,43,17,265,108,150,116,200,111
ANKRD18B,94,0,21,11,8,218,24,16,86,57,43,12,9,2,59,8,35,0,52,16,7,72,1,13,109,1,30,20,30,150,92,188,10,28,50,73,20,9,13,2,17,1,42,0,8,0,12,2,184,10,7,3,2,8,152,73,27,1,21,16
ANKRD2,3,18,4,43,6,4,1,1,9,3,8,2,6,8,2,4,7,1,6,3,5,2,0,7,5,1,4,2,3,2,6,6,1,5,9,7,4,3,1,3,4,2,178,10,2,8,6,9,6,8,11,5,2,18,2,3,2,15,4,4
ANKRD20A1,28,21,45,31,16,21,26,27,24,9,19,18,9,7,36,39,42,12,6,41,10,2,37,47,15,40,65,37,37,97,124,38,45,15,47,36,29,61,43,21,19,13,8,76,59,4,45,38,28,11,82,14,5,5,6,110,67,14,15,36
ANKRD20A2,7,1,13,1,0,10,7,4,4,1,14,0,0,4,2,5,2,2,0,16,0,1,1,13,5,16,8,6,9,10,19,3,4,1,46,6,8,10,8,0,4,2,5,14,2,4,6,3,5,1,12,0,10,0,0,23,9,1,0,6
ANKRD20A3,0,0,13,3,4,0,0,2,0,0,1,1,1,0,1,3,3,1,0,9,12,0,4,2,2,11,26,3,2,7,26,9,4,0,8,0,0,1,0,0,3,4,1,13,5,1,7,0,0,1,7,0,3,1,0,16,4,1,0,23
ANKRD20A4,12,4,39,30,16,26,11,32,3,7,45,32,25,8,64,66,19,22,19,31,36,6,4,37,12,7,154,28,55,123,17,29,13,21,21,22,23,60,89,45,15,23,7,55,23,4,23,19,9,4,391,16,6,0,16,67,21,13,22,59
ANKRD22,333,22,888,300,1414,162,920,713,1006,72,277,90,541,22,147,326,750,46,817,496,471,669,1696,1058,1015,470,429,297,701,970,3520,583,321,30,1902,155,2427,1588,166,1009,424,354,449,943,1099,680,1030,306,819,245,78,334,245,127,58,282,649,30,198,381
ANKRD23,120,151,271,223,172,195,306,191,204,253,143,101,367,117,476,231,216,245,157,330,153,257,198,193,332,99,344,184,129,168,248,457,206,233,227,172,215,152,147,308,218,105,468,196,197,168,117,256,261,83,282,170,135,180,297,244,191,72,207,269
ANKRD24,108,19,33,62,51,16,91,85,16,22,8,103,52,25,37,59,38,29,48,148,62,26,95,15,21,44,97,14,38,21,142,225,34,55,53,38,125,22,37,67,102,46,74,140,55,60,70,33,51,61,159,43,370,30,20,52,53,8,26,94
ANKRD26,637,1584,1360,2381,1050,1054,1048,986,839,1229,911,855,1152,705,1239,1144,1588,1758,911,1346,676,1385,1110,1230,1695,509,1666,1136,1229,2522,1627,1287,1986,873,1623,1058,1256,1527,653,1289,953,851,1584,1031,1117,832,927,1298,1777,785,2195,1086,674,982,1149,1444,1108,1077,1021,1457
ANKRD27,1036,2130,1295,2478,1232,1205,1368,1454,1017,1585,1053,1141,1460,1233,1536,1703,2323,1994,918,1637,1474,4034,1019,1585,2750,606,1112,1914,1015,1239,1571,1359,3060,1397,1745,1140,1616,1052,965,2570,1292,1273,1253,1435,1433,865,1173,1654,2475,923,1656,1032,893,1493,1332,1142,1338,2717,1496,1054
ANKRD28,4536,3325,2730,2651,3834,3228,4557,2960,1497,2527,2556,4090,2905,1558,3330,2268,4342,2983,6381,5207,2958,4312,2939,5752,3929,1406,3608,3163,2215,3178,4303,3673,4861,3412,3676,2258,3111,3385,2037,3130,1893,3414,3558,3071,3248,1778,2010,3835,2401,11345,4273,1964,1402,3576,3533,3053,2349,4237,3271,3259
ANKRD29,1178,2460,493,31,122,97,213,409,826,91,98,524,189,1013,81,347,828,826,431,160,428,2225,525,1282,282,462,389,225,134,511,777,1531,345,750,895,1724,374,358,186,746,571,491,56,820,274,183,1407,370,104,637,257,356,496,278,757,156,309,1133,341,372
ANKRD30A,0,3,0,14,0,0,0,0,0,2,1,5,4,1,0,1,2,1,1,1,0,1,3,3,1,0,0,18,0,0,0,0,0,2,0,0,0,0,1,2,1,0,1,2,0,2,0,0,0,21,0,4,0,0,0,2,0,0,1,4
ANKRD30B,2,1,2,0,0,0,0,0,1,0,0,1,1,1,0,3,1,0,0,1,3,0,1,0,0,0,1,0,0,1,2,3,1,0,0,0,1,0,0,1,0,0,0,0,0,1,1,0,3,2,1,0,0,0,0,2,2,0,0,3
ANKRD30BL,1,0,4,0,0,20,1,0,1,1,0,1,0,3,1,2,1,0,0,3,1,3,0,0,2,1,0,7,1,0,0,1,0,0,0,4,2,0,1,3,0,0,0,6,3,2,1,3,1,0,0,0,0,2,0,0,0,0,5,1
ANKRD31,21,51,53,143,31,51,130,75,16,20,31,34,33,41,79,52,42,48,16,110,45,48,81,46,69,22,59,46,56,87,39,112,29,36,77,40,149,29,24,98,59,38,26,43,69,31,41,63,65,24,32,96,29,30,37,68,66,66,32,39
ANKRD33,3,0,0,7,2,0,0,1,4,3,0,5,2,0,1,0,2,1,1,2,0,0,0,0,0,0,0,11,0,0,4,3,0,0,1,6,2,0,0,0,0,0,1,0,0,0,1,0,3,3,4,2,8,2,1,2,1,0,7,2
ANKRD33B,156,78,167,129,199,108,295,214,206,147,149,310,160,61,111,93,473,141,245,324,1206,190,110,222,293,158,335,124,122,283,244,232,125,41,273,199,193,186,206,451,238,203,265,535,253,195,110,152,100,225,61,160,212,202,32,220,744,80,191,393
ANKRD34A,32,10,48,28,38,35,44,30,22,24,18,18,33,5,85,44,57,38,29,101,32,29,163,37,51,11,39,16,17,29,121,54,10,14,16,27,53,156,14,27,18,10,34,40,27,54,25,19,28,17,198,33,26,46,77,44,323,11,25,27
ANKRD34B,28,12,32,12,6,64,2,348,15,0,34,2,0,1,4,23,39,6,2,660,50,4,22,96,2,5,59,83,1,107,12,137,75,6,5,75,0,151,0,4,13,124,2,1,70,38,2,164,12,0,162,255,40,2,11,755,18,17,0,0
ANKRD34C,5,0,1,1,0,1,7,0,0,0,0,3,0,1,0,0,3,10,0,0,0,0,1,6,1,2,6,0,2,0,1,2,0,0,0,2,0,3,2,0,5,2,1,1,2,0,1,2,0,11,0,0,0,4,0,1,0,0,0,2
ANKRD35,48,24,116,237,104,157,171,144,45,80,125,111,155,65,113,51,152,21,66,170,132,37,45,125,113,26,75,376,34,72,69,183,81,110,88,65,110,58,39,48,50,70,86,83,77,89,64,126,78,53,46,45,37,346,75,125,38,39,93,52
ANKRD36,1495,3309,3370,2457,2886,2989,3688,2135,3494,3783,1319,1808,4413,948,6243,2451,4560,3542,2279,4469,1958,3094,3531,2348,3415,1695,9314,1902,3479,4799,3579,3782,1686,2626,5358,3556,2891,2187,1855,5882,2337,2742,5026,5113,2463,2219,2181,3001,4044,2655,3545,1391,2119,1945,3595,3434,3108,1874,3100,3255
ANKRD36B,776,610,1495,1240,797,1289,1475,898,748,1088,739,828,1192,377,1869,1163,2169,771,797,1492,838,965,658,916,1940,694,5695,551,2646,1121,928,1736,990,1497,1072,1501,874,895,978,2319,1471,1118,2383,1159,1036,2344,786,1438,2142,1157,1036,973,889,1162,3028,1110,1649,623,1378,1655
ANKRD36C,2646,1529,4923,2182,2121,34179,27365,5052,2581,1634,3805,1773,3943,518,4918,6092,7047,2848,1860,24620,3982,2585,3787,2494,4419,2882,44065,1547,32236,5123,4123,3596,1160,1426,4398,3184,2167,1939,1872,5677,5187,3994,3028,3831,13941,32850,10466,12208,3373,2603,4039,2600,5832,1949,2890,6774,3127,1267,2969,2884
ANKRD37,491,244,203,407,531,245,209,178,263,478,146,295,580,152,361,429,308,287,159,349,372,109,269,405,715,85,224,551,185,123,324,597,1577,172,211,227,195,168,173,630,142,254,182,398,572,134,147,187,157,288,90,702,460,113,135,250,80,258,233,231
ANKRD39,131,213,217,252,283,116,192,171,181,425,144,113,263,128,331,178,304,384,174,315,178,409,218,296,353,79,201,160,94,203,237,254,242,214,260,210,180,130,141,201,195,184,243,188,191,142,105,286,173,86,224,230,126,242,204,148,136,171,178,151
ANKRD40,1862,2672,1647,2503,1248,1585,2049,2692,1535,2036,1869,1869,1823,1387,1510,1826,3529,1813,1889,4223,2320,3602,1792,3395,2462,1115,1753,1647,1257,1456,2158,2403,3255,2174,2506,1662,2073,2240,1257,2602,1347,1284,1821,2016,1999,942,1858,2381,1586,1685,2639,2087,1206,1914,1646,1632,1755,1471,1563,1391
ANKRD42,312,520,442,394,599,398,664,805,567,344,278,575,747,244,489,418,605,761,524,784,443,603,519,721,708,240,450,454,504,382,675,910,808,716,810,379,520,559,363,799,540,368,437,496,551,388,571,655,499,484,517,415,328,655,343,459,400,397,582,375
ANKRD44,2712,3476,3737,740,2557,1609,5089,4237,2125,1672,1513,2981,3354,1329,3535,3690,4492,1631,2496,6073,3763,3438,2404,4260,4206,2343,3820,1533,2552,4637,4662,5806,1998,1605,6206,2019,4696,4000,2627,6783,2905,4246,3433,7493,3818,2258,2869,3730,2340,3822,1967,2253,3792,2404,1105,2523,4385,1903,2330,3089
ANKRD45,40,485,68,319,19,251,101,108,8,13,47,67,20,310,14,59,41,18,24,67,143,1108,53,41,218,66,44,835,30,185,135,78,20,3910,39,105,88,129,68,28,113,28,55,9,57,185,58,11,1154,20,13,16,15,58,19,191,13,64,6,90
ANKRD46,683,791,619,1260,777,614,844,777,477,748,919,589,845,685,1016,1504,1190,857,501,1806,787,2089,1111,1149,1013,358,500,661,444,931,882,774,1786,656,903,340,1142,1182,361,910,959,611,508,622,860,459,784,1726,660,536,2097,590,541,730,1452,622,560,594,726,378
ANKRD49,319,865,526,543,884,792,777,657,649,692,406,462,598,394,674,668,1027,865,625,978,625,670,761,1194,1065,251,448,603,635,906,745,548,904,464,1604,410,743,797,379,1248,607,539,539,680,874,570,814,987,796,545,596,622,531,670,421,688,558,589,615,286
ANKRD50,5769,4190,6236,4691,2846,3726,5593,3526,2282,2281,3620,3469,4148,2687,3163,6984,4497,4205,2964,4813,4398,7975,10231,5090,3452,1696,5733,5416,3996,3802,2914,3070,9986,3656,8612,3752,11764,3761,2730,5069,2626,4824,2110,1901,4049,1933,2899,5198,3195,2830,5412,4589,3609,3727,8033,5629,2371,2806,2810,3639
ANKRD52,1854,1465,1444,2952,2085,1137,1608,1078,3623,2134,966,1323,1919,838,2529,1473,1970,4667,1345,2131,891,3261,1124,2129,1762,901,2230,1901,1466,844,2379,2751,2520,2228,1350,1666,1395,1132,2319,2608,1612,1311,2813,1742,998,1265,1164,1782,2231,965,2637,1204,972,1880,2161,1794,1540,1058,2598,2362
ANKRD53,18,21,19,33,12,15,34,30,7,32,13,50,33,6,22,25,20,17,13,33,26,43,48,20,15,9,15,12,2,5,19,40,5,11,13,20,17,26,20,45,23,25,19,62,20,10,9,29,16,75,12,3,12,26,20,20,15,11,22,65
ANKRD54,339,554,626,1361,461,588,653,657,364,407,310,596,615,311,368,371,609,622,375,1113,416,639,436,653,835,233,660,556,381,410,362,660,989,555,812,584,547,419,247,779,321,434,366,316,668,344,443,633,544,428,468,525,225,333,443,571,468,375,308,413
ANKRD55,22,1,24,1,7,2,30,35,6,2,14,8,8,2,12,4,60,19,12,69,42,20,13,41,14,16,15,3,4,12,51,27,17,0,30,9,10,31,7,66,28,24,30,201,28,23,6,13,3,8,5,6,14,8,1,4,18,4,1,49
ANKRD6,710,703,1050,2148,756,313,1273,872,548,429,1027,736,874,453,487,905,1146,369,884,1420,639,1487,1108,2408,685,490,491,1318,436,1827,2013,1106,849,553,740,455,1259,1495,373,1570,781,933,760,1227,557,492,533,691,603,993,923,1399,490,954,739,1273,528,659,828,566
ANKRD60,0,0,0,0,0,0,0,0,0,0,0,0,0,0,0,0,0,11,0,0,0,0,0,0,1,0,0,0,0,0,0,0,0,0,0,0,1,0,0,0,0,0,0,0,0,0,0,0,0,0,0,0,0,0,0,1,0,0,1,0
ANKRD61,2,0,6,4,3,2,6,1,7,6,3,2,4,3,6,7,3,4,2,5,7,9,6,5,0,1,6,5,2,5,1,1,2,4,0,5,2,4,0,7,3,5,4,2,2,1,6,8,6,2,7,6,3,1,5,1,9,8,2,4
ANKRD62,13,30,15,18,24,3,17,33,3,10,8,15,15,14,12,14,12,34,9,9,6,204,41,10,14,19,20,17,19,14,18,14,74,55,29,2,21,1,8,24,22,19,24,15,18,3,12,38,20,13,12,9,13,2,3,43,14,8,9,55
ANKRD63,1,0,3,117,0,0,3,2,0,0,2,0,2,0,7,0,1,0,0,0,0,2,1,0,0,0,0,0,0,1,1,7,1,0,0,1,2,0,0,0,0,0,0,1,1,1,0,1,1,2,1,0,0,2,2,0,0,2,0,0
ANKRD65,635,423,1100,1466,109,1438,237,608,38,1922,1571,442,1211,636,1392,934,414,732,494,2839,1376,2753,761,339,758,362,1289,447,256,650,1235,905,2279,1522,1059,868,1490,250,707,397,258,1127,78,518,1470,660,186,2705,156,393,709,513,390,443,682,754,625,88,748,487
ANKRD66,14,1,10,2,0,13,115,65,4,0,49,85,10,13,2,46,39,1,15,106,4,0,9,71,240,2,58,4,54,10,15,89,6,28,32,94,62,36,19,10,36,10,19,0,31,1,71,20,13,44,6,0,8,0,7,11,5,0,1,15
ANKRD7,9,5,4,11,2,1,5,27,11,30,16,6,2,5,13,8,8,2,7,57,4,20,8,49,34,9,4,34,12,20,32,18,1,4,3,8,15,12,10,10,6,1,33,2,10,3,6,7,53,15,15,58,4,1,28,113,7,0,9,2
ANKRD9,684,2685,689,826,613,708,476,400,420,664,266,479,743,1736,726,661,570,848,455,647,375,1412,216,1380,954,275,664,185,524,669,1038,720,2244,1648,777,583,429,455,580,544,425,549,981,980,407,306,667,445,514,480,692,1022,235,992,1042,455,241,1481,390,674
ANKS1A,1859,3515,2573,3039,1914,2240,1907,1481,1627,2083,1759,1822,2181,1484,1693,2599,3696,2914,1567,3432,1952,3229,1994,5776,1546,1414,1797,2152,1075,1472,2228,2418,2816,2306,2047,1705,1509,2223,1414,2799,1086,3216,1436,2500,1419,1015,1477,2570,1439,1581,1570,1803,1443,3143,2066,2193,2825,1451,1330,2805
ANKS1B,149,22,202,673,36,215,78,165,25,13,794,82,76,17,20,302,168,105,25,247,184,26,405,971,82,148,398,180,17,57,363,193,30,18,143,47,974,142,21,348,207,57,23,123,240,233,54,71,69,105,193,343,138,58,17,616,48,20,29,125
ANKS3,295,539,569,368,508,422,748,481,457,489,271,267,568,298,502,702,632,540,355,1114,528,720,559,803,494,244,605,894,282,341,554,664,501,583,576,414,611,452,335,961,366,324,555,471,440,445,273,990,395,315,559,436,379,529,346,701,417,264,454,555
ANKS4B,0,1,11,2,459,5,436,3,423,734,7,4,7,0,479,11,19,1866,0,14,2,996,23,2,754,2,0,1246,453,19,2,5,888,2,2,0,1,1,25,4,1,55,1,9,11,0,1474,3,0,0,518,2,1,1,61,23,1,0,160,19
ANKS6,1141,2314,1000,1269,1148,1199,2167,959,793,740,611,643,1117,1181,1025,1009,1438,632,818,1413,702,981,883,1069,2259,664,1305,837,832,1909,1241,1766,1930,2284,1696,746,741,1548,764,1302,1141,1275,1817,944,1038,899,1203,1035,1162,674,1369,482,668,931,1301,1132,824,1847,528,1052
ANKUB1,32,2,29,2,1,2,164,92,11,0,119,129,18,24,14,37,59,1,25,121,25,0,11,78,397,4,128,0,92,20,12,124,9,63,42,125,167,67,17,10,54,10,56,7,37,1,141,10,30,74,9,0,15,5,5,27,1,0,1,80
ANKZF1,915,1321,1551,1284,1250,994,1418,1068,1345,1849,765,818,1504,794,1413,1095,1583,1343,1015,1670,1149,2120,1087,1272,1757,548,1552,1054,1411,1046,1573,1597,1492,1254,1564,1153,1256,1032,899,2076,971,866,1591,1306,1246,874,862,1603,1431,879,1013,1355,1009,1249,1740,1222,1059,1061,1096,1488
ANLN,1497,557,561,5230,3658,2730,900,706,2500,1318,1954,321,757,174,504,1260,2229,1029,2865,1134,2933,1573,503,2669,1978,504,4550,2728,1449,4924,840,264,2373,788,1963,1598,438,503,426,584,987,311,3937,415,311,653,431,936,3393,235,2528,888,717,354,2037,3257,657,637,694,372
ANO1,1572,509,457,530,508,515,400,680,781,198,633,519,1030,159,562,730,3068,672,947,1358,304,284,1772,1255,985,461,586,327,4792,274,1075,1094,404,49,670,434,250,1325,285,1192,380,169,718,302,456,357,2257,474,447,335,11163,754,476,3560,416,856,1043,155,1031,699
ANO10,782,1157,1087,1049,1074,619,970,893,491,476,625,927,733,614,622,730,1127,1333,752,1173,796,2062,620,1075,968,373,701,1025,686,920,1011,853,1695,1249,935,837,694,685,605,774,528,687,957,704,691,398,956,1079,703,779,778,781,460,812,806,716,776,1491,863,678
ANO2,195,203,241,73,142,75,155,165,24,86,70,265,112,124,46,159,408,145,50,141,76,84,116,121,201,156,175,137,107,170,111,196,97,145,318,88,121,164,174,153,131,96,73,139,182,46,128,167,105,316,135,133,200,80,115,102,184,99,61,290
ANO3,24,141,144,265,387,13,79,138,40,41,13,18,38,86,20,18,76,50,2168,92,95,42,131,36,36,43,17,73,29,26,67,508,289,77,55,58,133,27,18,18,25,66,15,150,91,43,174,33,1256,26,2,235,20,241,72,138,14,22,147,33
ANO4,24,15,41,7,20,6,38,60,9,9,18,21,68,7,13,54,114,352,17,30,77,56,32,202,19,30,28,20,20,1,57,196,262,19,38,8,84,30,38,28,2,24,6,95,63,40,91,14,32,25,21,17,5,94,162,301,17,12,66,12
ANO5,314,150,841,22,84,1285,1265,189,386,100,150,341,215,205,21,953,494,391,71,958,1590,290,199,1683,631,431,683,338,263,175,1636,527,1259,75,1103,107,266,524,243,346,129,517,62,285,622,158,208,1141,138,340,93,329,436,121,32,1382,199,151,322,158
ANO6,3989,4758,4595,7902,6727,2878,3029,3198,4869,2965,3582,6552,4152,1869,3133,2635,11842,4347,5069,5611,3882,6463,3017,6547,6053,2336,4473,3979,3975,4075,6314,6928,3145,2963,5587,3017,5886,4085,2684,4351,3241,2845,4713,4557,4676,2663,6031,4486,4254,5626,4455,3739,3819,9123,4193,4464,4364,4522,5384,2090
ANO7,48,27,160,429,27,38,34,29,37,86,20,24,45,11,32,59,92,96,37,99,19,37,24,115,86,14,64,61,46,21,42,152,40,220,39,86,36,14,61,59,36,16,115,8,56,14,541,43,67,21,111,31,38,63,80,39,37,57,36,49
ANO8,943,295,806,563,516,1058,724,391,1104,439,197,449,587,168,1008,957,572,490,251,709,751,394,448,544,682,211,916,237,430,334,634,1027,778,847,309,631,360,451,512,680,466,504,1055,545,612,494,393,946,1089,278,853,249,338,470,540,656,423,761,341,477
ANO9,736,414,971,146,631,587,1235,658,299,1124,205,218,597,304,1009,948,694,1228,369,1122,564,2463,936,1193,599,354,776,936,434,456,598,635,1392,618,985,1128,688,772,752,940,566,712,520,728,768,484,382,1110,1059,314,812,766,571,458,1618,1012,907,791,2287,1102
ANOS1,1846,2751,1972,9560,1222,1829,1069,5364,559,439,2627,3039,987,687,583,2004,5557,1022,799,3472,1739,681,2674,5747,1278,1672,2831,525,718,1136,2967,1875,730,797,5497,1321,5445,1240,1010,2246,1097,861,788,1495,2366,1791,2417,5153,702,2554,1037,1455,1370,1878,636,1812,500,803,1027,440
ANP32A,1493,6173,2247,9184,5051,1993,2547,2657,1838,2562,1817,1957,2108,3060,1858,1464,4365,2339,2764,4277,2784,4832,2237,3677,3940,826,2379,1841,2083,2039,2397,1801,5534,2681,2952,1921,2234,2122,1764,2549,1672,2094,2966,2011,2624,1265,3293,3485,2627,1846,1858,3253,1619,2488,2406,1906,1564,2065,1747,1572
ANP32B,882,1043,1029,1464,1043,948,1059,690,794,759,777,715,879,512,1325,702,908,775,666,1304,963,777,1001,847,1152,524,1269,849,768,1252,1633,925,2053,1640,1177,706,764,969,784,1202,691,778,1730,831,624,669,540,966,1267,663,862,616,721,655,1367,1635,745,1319,717,731
ANP32D,5,6,6,18,7,2,3,3,5,6,4,4,1,4,0,0,11,3,2,7,3,9,7,10,2,4,6,4,7,4,7,4,10,5,12,4,8,2,3,7,3,8,1,5,1,3,4,7,2,3,3,2,4,5,1,0,7,5,1,11
ANP32E,4195,541,1347,3945,8653,2293,1584,2847,1726,4107,3272,1770,1640,674,1476,4676,5322,4101,6733,5539,4612,9508,1732,5411,3720,1554,3397,10846,1719,4106,7911,1681,861,1587,3665,2667,2418,7031,1296,3068,3994,3604,7911,1841,2081,1176,2056,2923,4973,1883,7324,2717,1799,3396,1689,3457,3337,1720,1386,611
ANPEP,2703,129,355,489,628,1362,172,423,550,2828,450,392,552,72,251,1747,1618,267,375,8216,601,352,118,919,362,902,7393,741,444,1261,627,935,163,109,566,519,1034,965,671,4896,301,872,973,991,1307,1293,927,901,579,692,7215,3035,849,784,299,1270,1042,276,1271,236
ANTXR1,4932,1878,4017,2904,3595,3676,4391,4307,9091,5697,2836,8155,9688,621,7715,2712,13796,4549,6740,9797,3757,2072,1896,5611,4318,2872,4084,2963,2978,3042,4859,9748,4486,2495,2792,5284,3931,2659,4687,4819,1468,2357,3656,5200,4517,7844,3021,9170,5509,5223,7193,3405,2382,17962,6302,8760,3501,6541,16310,2703
ANTXR2,3188,1774,2814,1587,2543,1508,3458,3054,3448,2195,1571,4028,3777,1080,1849,3627,4757,1790,2686,4499,2234,2472,1141,3158,3374,1318,3896,2287,6244,1820,2862,4422,3229,1819,4068,1656,3136,5160,1921,4173,2026,2718,1838,3584,3735,1644,4827,3393,3030,3121,2754,2236,3434,5869,1632,3380,2570,1294,3958,1814
ANTXRL,0,0,12,0,0,0,6,1,0,0,1,0,1,1,1,3,1,2,0,1,2,0,13,2,0,1,0,0,0,2,8,21,0,6,10,1,54,5,1,1,31,0,2,0,4,3,0,0,0,0,0,0,5,0,0,1,13,8,0,2
ANXA1,7456,4123,7855,32753,8142,9167,5147,11992,5972,1775,7991,11347,12588,2919,2217,5312,18649,2101,6813,14921,7487,1827,4037,6925,19908,4410,7869,4385,8595,5973,28302,8573,3967,5048,25702,3067,4311,7015,4379,6103,4757,5966,5173,10575,11820,5387,14387,14570,4474,11078,1620,11241,8173,7847,1499,4102,6254,4910,4262,2819
ANXA10,0,1,4,0,495,1,2893,4,36,5,5,6,0,0,0,4,9,10,8,1,15,20,15,7,100,0,4,0,2171,2,5,2,31,5,1,2,1,0,65,4,3,1,1,1,20,21,9029,1,3,2,0,2,0,8,1,25,3,4,0,356
ANXA11,4679,12881,6142,4445,7494,3998,7196,6063,6961,4434,3614,5285,6285,5919,6030,6028,10100,7209,5879,9598,5034,8266,3942,6428,11949,2359,6580,3068,7907,5047,6919,7735,12603,10758,9783,4379,5259,8271,5353,6180,4766,4881,7123,5561,4968,4195,6839,5575,6649,5623,4674,9881,4926,9076,4472,3992,4747,8906,5049,4701
ANXA13,1,0,3,12,7,5,24,0,188,41,73,9,8,0,3,0,20,4442,3,37,1,0,1,4,139,1,5,17,222,12,2,5,2,2,8,13,1,5,5,0,3,5,4,5,1,0,553,3,0,6,0,0,0,2,6,16,2,0,754,6
ANXA2,7506,13939,11486,25004,29993,11270,10849,13096,19957,6206,10212,11254,15858,4466,6314,6238,26142,7175,18685,22526,13947,17042,7307,22875,32575,4782,14144,6216,29438,7771,8435,7873,7686,14810,18785,7304,5687,8503,7298,13676,8378,10347,11797,13881,9158,7553,37093,13825,15720,12791,5397,18218,6998,18848,5405,6824,5737,7560,8886,5309
ANXA2R,145,202,172,266,106,520,202,200,178,97,63,93,186,109,171,406,577,52,104,253,171,109,179,348,236,53,681,92,89,183,180,153,62,202,150,81,179,584,116,223,105,119,153,254,198,94,102,153,71,87,388,94,206,75,104,310,305,79,87,97
ANXA3,429,3042,946,3594,911,1042,2606,1493,2405,779,1145,827,1457,319,748,1586,3217,269,1043,1600,1480,1857,1069,2268,4687,618,1278,1533,3529,1159,1540,1648,1352,1121,3082,1172,727,1038,1139,1741,511,1245,332,1376,1050,727,7741,1064,369,1001,42,1811,1149,1706,702,1516,305,796,691,706
ANXA4,1912,2570,7208,5581,4407,1678,5521,5114,2154,960,1327,2747,3194,1238,1862,1661,4159,1592,2718,4309,3057,4744,4609,2588,4410,1645,2791,1848,11134,5026,3848,3650,5222,2558,4907,1837,3846,2496,2810,2998,2240,5537,4439,6144,4442,2742,14277,2139,7731,2734,3594,3003,1687,2769,1127,2032,1602,2663,2029,1421
ANXA5,6374,5662,8789,9700,12999,4974,7425,9486,6549,8127,5914,13141,8732,4293,4760,9770,15100,11280,11531,14534,14455,12061,5378,16829,14465,3853,7806,11231,11309,7678,7574,10114,8481,7325,11649,5293,7374,13891,6758,9368,6813,7271,9268,10129,7769,6786,14459,16406,5547,14178,6213,10758,5253,11798,5637,7213,4303,6474,8583,4294
ANXA6,4151,3538,3602,2522,5896,2036,5120,5609,4014,3902,2352,8918,4834,1401,3741,2734,8062,4301,5225,7856,6744,5531,2954,6827,12105,2235,3353,3266,2782,4309,3709,5691,3274,2329,4194,3365,5353,3378,3797,5344,5367,2744,5381,6765,5559,3571,3017,7113,3072,8051,3533,7470,3612,6487,1634,3393,3701,2888,5690,2742
ANXA7,2635,6809,3108,3780,5772,2459,3631,4189,2723,4443,2927,3721,3508,2664,3566,2955,5891,9142,4712,6558,3813,10802,3228,6180,8070,1314,2792,2617,3219,5845,5326,3742,5604,4903,5938,3259,3347,4770,2475,3491,4489,2865,5678,3274,3999,1837,3872,5065,4653,3669,3057,4385,2191,4739,4099,2640,2924,7106,3763,2387
ANXA8,21,6,17,5,188,8,38,57,330,5,284,41,14,4,8,28,205,39,134,64,12,9,23,27,124,60,116,10,2087,30,166,45,20,9,51,41,22,68,18,4,27,11,294,48,65,2,118,46,61,51,11,1,31,227,5,4,14,6,1,18
ANXA8L1,37,13,32,2,188,15,27,77,401,9,330,121,16,13,10,14,256,94,85,72,36,14,8,69,49,27,105,15,856,44,56,32,21,3,95,34,13,35,46,8,55,20,74,3,44,1,277,107,83,196,4,2,136,45,28,38,20,12,2,42
ANXA9,20,154,68,399,45,37,269,72,125,27,9,22,42,31,20,9,152,37,31,152,138,154,176,104,35,54,133,101,202,164,445,245,44,101,178,16,40,30,16,74,102,131,120,73,116,39,234,34,15,22,271,124,15,32,49,45,60,301,34,131
AOAH,941,254,1018,163,697,223,664,1280,729,435,297,1704,1203,168,1056,289,1170,412,1107,888,1277,783,212,684,1522,538,1068,389,706,737,467,718,416,176,756,535,407,857,1376,877,713,722,1630,3022,624,475,740,784,1015,1651,331,1046,606,771,199,323,612,231,534,736
AOC1,38,61,626,256,263,7,303,191,11,756,60,155,659,130,2487,86,95,1837,45,1691,122,1661,206,3521,628,44,242,2830,701,289,237,1340,779,84,790,34,65,56,488,103,109,50,366,76,1053,217,1415,119,22,48,22,782,44,910,16,906,75,691,862,676
AOC2,90,36,30,29,65,35,53,51,77,50,12,61,43,14,54,36,73,58,45,106,34,73,33,36,48,39,79,95,47,19,67,98,80,45,45,44,56,29,45,65,26,38,95,67,43,43,41,53,83,73,123,54,27,78,94,64,51,26,44,64
AOC3,1496,1651,2761,959,861,1365,2528,2567,794,1204,603,5806,2453,1205,1166,1311,5619,1307,1168,3341,1826,421,975,1330,1468,1281,1812,931,582,1039,2083,4389,927,753,2349,1097,2839,1525,955,2019,1005,1462,704,1688,2335,890,838,1558,591,3433,725,1030,2531,4636,806,1129,1423,489,1987,1302
AOX1,554,248,665,370,1033,511,1151,384,192,146,256,1550,339,129,337,331,3065,1682,199,945,888,273,368,409,751,402,326,375,325,704,436,667,857,241,572,413,435,1462,148,479,410,478,1417,1574,572,149,174,683,1019,916,1364,286,505,567,545,177,776,284,250,241
AP000275.65,3,0,1,0,3,4,4,7,1,1,0,2,1,1,7,3,2,2,1,5,0,1,5,10,3,0,1,2,1,2,1,5,3,0,3,0,0,0,0,0,1,2,2,0,6,3,4,11,3,2,6,5,2,7,3,1,0,2,0,1
AP000295.9,4,2,2,3,8,2,8,3,3,4,0,0,3,1,0,4,7,2,8,6,6,0,2,3,5,2,5,0,1,0,1,0,0,0,9,0,0,3,3,7,3,3,1,6,2,1,2,6,4,5,0,2,4,3,0,2,2,2,1,3
AP000304.12,1,1,4,12,4,1,2,1,3,3,0,1,7,3,5,16,0,0,0,27,5,12,31,12,12,4,13,6,0,11,12,0,20,4,0,2,14,12,0,3,6,1,6,0,1,0,2,35,7,2,1,2,2,6,2,6,10,0,6,3
AP000322.53,0,0,1,0,0,0,1,0,0,0,2,0,0,0,0,0,0,0,0,2,1,0,0,0,1,0,0,0,0,0,0,1,0,2,0,1,0,1,0,0,0,0,0,0,0,0,1,0,0,1,0,0,0,0,0,0,0,0,0,0
AP000350.10,0,0,0,0,0,0,0,0,0,0,0,1,0,0,0,0,0,1,0,0,0,1,0,0,0,0,0,0,0,0,0,0,1,0,0,0,0,0,0,0,0,0,0,0,0,0,0,0,0,0,0,0,0,0,1,0,0,1,1,0
AP000351.12,0,0,0,0,0,0,0,0,0,0,0,0,0,0,0,0,0,0,0,0,0,0,0,0,0,0,0,0,0,3,0,0,0,0,0,0,0,0,0,0,0,0,0,1,1,0,1,0,0,1,0,0,0,0,0,1,0,0,0,0
AP000721.4,0,0,0,0,0,0,0,0,0,0,0,0,0,0,0,0,0,0,0,0,0,0,0,0,0,0,0,0,0,0,0,0,0,0,0,0,0,0,0,0,0,0,0,0,0,0,0,0,0,0,0,0,0,0,0,0,0,0,0,0
AP001258.1,0,0,7,0,0,1,3,0,0,0,0,1,2,0,0,0,5,0,0,3,0,3,13,8,0,7,1,4,0,0,15,1,0,0,1,1,3,5,0,0,0,11,0,0,0,0,0,4,0,0,0,0,0,0,0,5,1,0,0,0
AP002884.2,0,0,0,0,0,0,0,0,0,1,0,2,0,0,0,2,0,0,0,0,0,0,0,0,1,0,0,0,0,0,0,0,0,0,0,2,0,0,0,0,0,0,0,1,0,0,0,0,0,2,0,0,0,0,0,0,0,0,0,1
AP003419.11,5,0,0,0,0,0,0,0,0,0,0,0,0,0,0,0,1,0,4,0,0,0,0,0,0,0,0,0,0,0,0,0,1,0,0,0,0,0,0,1,0,0,10,1,0,0,0,0,0,0,0,0,0,1,1,0,0,0,0,1
AP1AR,646,1170,933,1239,1517,533,1087,910,1512,965,681,751,710,621,741,905,1068,1346,1473,1465,1017,3054,1054,1103,1700,363,714,1934,1227,1090,1113,906,1742,1005,1292,674,1004,936,573,1242,706,881,888,775,780,383,1534,1348,734,892,960,988,453,1199,1270,937,522,1230,866,687
AP1B1,3750,2556,5078,8966,4728,2743,3299,5711,2459,3173,3146,5446,5354,2334,2826,2953,5186,4993,3222,9965,4431,8926,3629,5753,5435,2470,5434,5218,3076,2415,3944,4421,4621,4930,4824,3049,3935,3354,3853,7584,3096,3545,4708,4982,3578,3451,2757,4486,3974,4909,3680,4425,2176,4237,2886,3523,3127,1970,3712,3009
AP1G1,3411,8287,7517,16832,5785,4732,5625,6096,6120,6397,3750,4847,6443,3704,4949,4110,5650,8809,3910,7091,4140,12410,9536,9240,7337,2044,4459,5391,4626,4315,4372,4601,10803,7889,6971,4471,6693,5473,4282,6070,4167,4484,6657,3932,5184,3209,4793,10070,6133,4671,4538,7866,3185,5988,6642,6921,5137,6916,3945,4817
AP1G2,1548,1589,2197,1433,1345,3673,2360,1679,1213,1676,1006,970,1912,1016,2957,2959,1388,1280,1064,3624,1633,4142,3118,3011,1561,788,2917,2565,986,967,1582,1661,2891,1352,1129,3586,3585,1462,1434,2652,1167,1278,2601,1642,1889,2851,1337,2324,2419,890,1813,1192,1605,1464,1738,2208,1273,1393,1343,1863
AP1M1,1250,607,1422,899,696,940,1069,1476,560,924,644,1483,1028,464,1013,816,1979,968,875,1724,1416,1354,1271,1774,1112,542,1060,1036,878,771,1483,1264,960,972,1351,754,1063,819,774,1485,1165,929,1239,1457,1461,752,913,1200,896,1245,1095,974,904,1175,857,960,828,1124,934,684
AP1M2,1666,1200,1829,2682,1797,1494,1810,1965,645,972,548,386,903,720,1323,1391,1909,1150,531,2711,2015,2194,2051,3010,1761,516,751,1460,1302,1110,2931,1519,1594,2906,2497,701,1307,1478,725,1386,1679,974,1162,913,1683,671,1698,1636,958,470,1645,1078,833,766,1099,1004,655,1289,474,597
AP1S1,605,960,712,1299,1310,736,928,942,905,779,1066,431,783,832,981,809,1206,1127,730,1074,593,924,1043,2856,1555,393,648,944,849,1140,1484,1380,1032,1273,1519,602,946,1384,398,1267,827,661,1206,581,841,531,972,1253,862,445,723,2865,760,981,1188,941,474,1249,481,416
AP1S2,956,628,788,557,834,722,786,1456,476,604,556,1755,696,256,443,660,1583,890,649,1499,1399,809,596,956,1494,502,956,925,818,1114,1521,940,655,521,1352,875,977,1288,772,1191,1014,4250,885,1699,932,705,1033,1202,809,2223,710,953,596,1025,530,1292,1132,251,928,401
AP1S3,155,261,419,531,499,103,488,216,621,264,257,152,664,72,423,430,360,469,349,521,377,681,238,398,946,103,365,140,962,203,189,263,569,385,410,199,127,127,248,412,203,156,241,315,250,129,689,232,179,180,194,92,177,319,346,196,208,212,283,267
AP2A1,1685,1318,1755,4149,1396,1534,1706,1715,1120,2812,1086,2110,2239,530,1864,1207,2537,3179,1637,2368,2215,2093,1115,2798,1537,789,1731,1689,1202,959,1955,1914,2034,1996,2143,1755,1576,1196,1564,2910,1622,1070,2682,1658,967,1095,960,1574,2135,1664,1628,1323,1100,2419,1365,1221,1221,2598,2071,1568
AP2A2,1969,2200,2883,4570,1933,1093,2707,2207,2254,2096,1220,2862,2138,1683,2483,2609,3400,2763,1468,4713,1811,5150,3270,4861,2123,1558,2351,3359,1451,1417,3727,2212,4016,2950,2499,2355,2376,2889,2284,3262,1733,2661,2351,3526,1593,1925,1068,2396,2025,2176,3166,3179,1229,2600,2085,1997,1854,2861,1748,3218
AP2B1,5891,6499,7034,19604,4864,5865,11200,7925,7119,6504,3744,5528,7254,3042,4491,6601,8349,17712,5578,15613,9327,14566,12364,11670,7227,4241,9022,9226,7147,6963,12789,9950,7825,6753,7846,5881,7653,10192,4804,10014,6314,4410,7651,7779,4890,3745,6060,5749,5322,4640,10017,9345,3748,5802,8949,8527,4239,4539,4913,4697
AP2M1,3618,4470,4788,17341,4750,3345,4449,6794,2635,3797,9806,5769,6209,1581,3261,3448,7255,4414,5516,6547,6499,7587,3129,3433,6525,2328,3993,4577,4760,4258,5403,4520,6618,5190,4712,3217,3543,3359,3157,6372,3876,3148,5357,4696,4534,3224,4786,8382,5973,5159,4109,4304,2863,5603,2975,3290,2998,4023,4441,2291
AP2S1,1052,818,1213,3324,1159,951,790,1153,601,1241,1454,1269,1239,292,841,659,1515,1747,1341,1382,2124,1332,813,1677,1389,367,729,1374,723,931,1201,1067,1638,1335,1701,921,1024,1215,824,1620,1191,805,1525,1289,665,629,970,1527,1088,1326,1042,1128,597,1409,735,848,737,1248,1202,602
AP3B1,2026,5753,4191,2228,3493,2282,3319,3256,3060,2310,2095,3339,2953,1542,2415,2268,4648,3635,2531,5141,3623,3289,1996,3495,4537,1154,2778,2525,2845,3007,2710,2680,4278,3479,5472,2300,3188,2826,2459,4122,2381,2651,2797,3257,2628,1787,3158,4817,2583,3134,1697,3222,2282,3394,2401,2802,2622,4413,3289,2090
AP3B2,64,5,73,361,11,5,14,11,8,10,35,29,19,8,225,24,8,738,8,9,11,7,65,16,13,1,13,12,7,6,50,31,124,9,20,20,66,18,28,24,30,27,96,29,25,12,8,27,22,18,38,105,3,9,450,349,23,19,34,3
AP3D1,5716,2455,2879,7001,4464,3018,5724,4389,3026,3670,2225,3973,3770,3618,3884,4588,5376,5124,4344,7138,4427,5137,3652,4517,3937,2158,4645,4481,3028,2921,5165,5048,4476,6422,3729,3663,3647,3758,2903,5760,5243,3962,4686,4082,2378,3266,2505,4483,3826,3415,4167,3610,2520,3644,4317,4135,3518,3774,3356,3469
AP3M1,1445,4510,2595,2070,2602,1202,1863,1972,2281,2417,1350,1817,1610,1697,2011,2021,2795,2951,2140,2407,1804,4775,2061,2944,4221,739,1405,1297,1769,3270,2425,1997,2876,3168,3432,1548,2104,2739,1292,1741,2669,1391,2322,1746,1692,1071,1786,2723,2382,1594,1677,7706,1447,2117,2249,1626,1890,2611,1811,1086
AP3M2,560,765,644,990,998,945,833,1088,739,970,385,676,850,257,809,1053,1880,1311,792,823,971,925,660,772,1283,433,823,494,1118,924,1315,808,1432,864,1160,735,687,1318,519,825,491,838,773,624,753,497,967,1273,617,616,1324,822,585,706,1468,898,845,535,1000,613
AP3S1,1007,1422,1450,1418,1518,882,1037,1685,1098,1261,1105,1458,1157,585,803,1180,2157,877,1124,1983,1580,1600,755,1527,2504,784,814,1600,1045,1350,1408,1082,1961,969,2588,1004,1088,1732,756,1639,776,1076,1014,1290,1044,635,1153,1699,904,1492,705,1284,804,1874,926,1300,908,2033,1592,558
AP3S2,541,1116,946,606,903,305,849,883,746,850,413,678,674,752,738,583,1093,690,610,1794,616,1065,709,803,1299,377,756,375,530,685,916,965,960,902,724,472,551,908,591,1205,448,865,1395,893,871,456,836,636,542,718,628,1332,522,949,869,835,590,609,667,506
AP4B1,559,555,755,862,1119,891,1094,1048,496,453,438,690,805,244,663,504,815,562,985,1393,820,808,610,1809,1206,452,1247,541,749,888,549,767,915,647,996,711,818,642,464,1399,616,760,1695,1015,654,818,818,1248,802,441,851,960,737,557,533,789,705,386,511,552
AP4E1,704,1278,980,1141,1273,833,875,1154,1106,1316,636,1072,1250,792,933,602,1574,869,1193,1912,897,1943,629,1726,1751,463,1130,730,994,1062,901,963,1823,1271,1364,765,752,1098,748,1310,729,1029,1726,1122,1039,723,1246,1306,1224,982,735,937,598,1175,923,1050,912,569,1059,699
AP4M1,455,479,452,962,680,664,511,501,631,570,588,379,541,208,723,508,1002,524,481,687,369,572,495,1657,488,287,546,469,423,453,488,869,612,531,776,617,416,605,301,862,398,277,426,391,501,330,399,511,614,328,399,515,282,582,535,806,299,569,459,402
AP4S1,255,661,1944,997,301,854,625,596,122,411,382,351,334,244,391,403,1119,497,331,1006,518,495,588,753,420,255,577,309,230,267,537,338,575,185,461,535,642,506,235,587,340,280,439,416,488,411,378,585,387,409,390,506,399,525,318,322,336,222,532,322
AP5B1,1263,609,1229,2230,2052,755,1273,1364,1449,807,647,1627,1263,663,1261,1217,1433,1062,1756,2000,1066,1897,797,1471,1063,515,930,970,686,703,1048,1549,1393,1390,1258,1120,825,1117,1053,1345,1086,1254,1419,1120,776,701,704,879,1073,1792,1183,748,650,1351,1034,859,1166,1175,1552,1083
AP5M1,1212,2358,2037,2309,2762,2230,1886,2047,1040,2460,1306,2136,2026,1276,2529,2165,2663,3684,2012,4067,2407,3822,2146,4618,3335,928,2047,1326,1909,1914,2741,1288,2965,2672,2800,1556,2076,2022,1485,2240,1229,2134,1500,2191,2240,1472,2398,3460,2155,1834,1291,2510,1332,2091,1828,1963,1444,2198,1896,1094
AP5S1,285,561,632,640,446,707,447,460,304,537,416,546,564,307,551,505,763,894,490,772,607,964,559,1268,512,276,427,342,380,640,474,561,592,633,553,595,688,673,348,965,492,382,782,468,551,454,477,1014,538,412,498,542,308,644,584,332,398,485,482,469
AP5Z1,808,751,1016,1032,975,1018,1157,892,623,686,543,871,1017,543,986,955,1456,538,1049,1746,1200,1906,810,3609,983,469,1102,968,581,951,1073,1327,757,1042,1085,930,917,939,801,1617,1349,620,1574,1017,756,612,533,3013,1030,789,1025,1130,736,970,684,669,665,485,750,1003
APAF1,1549,2313,1686,2084,1829,1911,1329,1902,1852,1446,1501,1864,1804,922,1464,1547,3086,2618,1214,2191,1707,2101,1775,2149,2742,948,2412,1120,1778,1694,1889,1746,3057,1181,2337,2107,2077,1224,1447,2715,1833,1663,2196,1983,1721,1291,2560,2450,3606,1460,1374,1931,1175,2212,1791,2519,1372,1253,2020,1324
APBA1,422,375,417,225,135,166,597,380,77,134,179,362,359,227,455,457,520,243,196,522,275,223,512,339,263,205,287,172,157,457,584,380,170,198,786,108,401,548,150,429,226,422,296,357,269,223,166,406,583,326,462,225,268,463,349,443,431,104,153,171
APBA2,1021,208,540,152,316,632,454,1282,242,424,195,436,2300,80,926,402,2508,363,522,1224,365,1564,179,692,240,144,255,147,153,190,1854,434,142,424,199,810,274,2403,240,501,1026,192,375,385,461,638,180,1793,332,332,379,546,289,207,576,709,731,123,812,473
APBA3,433,194,243,558,545,481,503,423,261,453,191,410,387,159,432,375,590,282,401,640,636,437,306,382,373,174,450,386,290,354,377,544,382,348,448,411,356,335,279,718,438,299,351,450,362,292,280,507,300,279,434,449,324,350,283,415,317,242,324,346
APBB1,491,728,859,610,405,719,1220,954,260,480,562,772,547,585,498,803,1341,2065,324,1815,1040,694,711,1670,838,328,768,957,568,519,612,1060,943,238,707,805,786,1277,392,684,482,587,345,940,849,513,388,964,368,652,1151,325,518,808,925,873,360,366,402,432
APBB1IP,624,153,893,134,696,275,668,882,480,274,284,926,687,142,690,216,694,342,534,951,822,577,264,490,715,660,997,509,487,458,785,530,329,290,941,524,641,507,724,1092,611,674,936,1973,571,748,522,489,1039,691,241,639,504,507,146,369,831,123,551,534
APBB2,1633,3317,2182,2032,1796,1189,1638,1810,4451,2101,1455,3740,3328,1237,2866,2180,3904,2353,1590,3460,2197,2237,1967,2594,2098,1356,2003,1722,1735,1454,2073,3670,2441,1693,1578,1380,2349,1358,1860,2694,1297,1388,2101,2960,1791,1646,3205,2486,1271,3104,1645,1734,1519,4083,1842,2480,1752,1781,2478,2414
APBB3,279,394,546,266,335,405,446,402,277,344,180,512,478,255,309,361,438,380,261,769,473,413,274,312,347,316,831,304,253,236,573,503,307,298,442,387,470,489,279,768,203,303,399,523,494,341,291,639,349,446,302,304,268,418,315,520,363,277,400,434
APC,2104,6015,4679,1995,2142,2147,4079,3253,2994,2143,1841,3013,2966,2005,2842,3163,4862,4177,1903,6260,3239,3100,2006,4195,3521,1452,2967,2679,2650,2536,4237,3264,4489,3066,5748,2292,4066,3425,2005,5210,1821,3072,2120,2969,2712,1748,2900,5050,2370,2443,2160,2565,2260,3630,2928,2751,2803,3418,2750,2113
APC2,7,0,8,120,5,8,7,11,11,7,23,7,8,2,10,24,10,28,5,29,9,11,14,10,5,5,20,5,9,5,12,44,15,2,3,46,12,3,10,7,15,4,10,7,2,2,11,14,5,7,43,9,6,16,25,53,20,0,11,9
APCDD1,226,325,536,150,101,78,348,166,216,169,220,500,166,128,101,175,422,79,146,383,267,523,216,994,326,164,252,138,297,174,198,231,562,187,365,215,409,200,173,371,333,138,132,400,299,120,126,188,116,254,255,160,403,221,79,351,157,68,186,189
APCDD1L,15,1,3,6,25,7,4,5,54,30,95,9,13,0,28,12,16,45,51,5,1,13,0,165,2,0,3,37,28,8,7,7,0,0,1,41,0,9,23,9,12,0,96,6,2,54,12,33,151,5,34,7,5,49,113,11,11,6,96,3
APCS,0,0,0,0,10,0,0,0,2,24,0,0,0,0,0,0,0,1,0,205,0,0,0,0,0,0,0,2,1,0,0,0,0,0,0,0,0,0,0,0,0,0,0,0,0,0,0,0,0,0,0,0,0,0,83,0,0,0,0,0
APEH,1757,3098,2653,2260,2435,2121,3000,2690,1311,1952,1844,1972,1553,1857,1999,1950,3078,1621,2101,3917,2356,2438,2393,2735,3187,957,1776,2659,1546,1720,4244,3003,4392,3643,2913,2198,1993,2524,1852,2060,1510,1602,1955,2415,2223,981,1682,3008,1350,1737,1977,2763,1874,1915,1526,1779,1381,3343,1604,1664
APELA,13,1,2,59,6,4,1,4,2,26,2,25,25,1,8,2,2,2,7,31,7,0,42,3,3,2,1,10,0,16,8,0,2,7,4,23,24,14,38,10,12,1,16,3,2,147,3,283,82,14,38,1,1,10,9,14,16,30,157,3
APEX1,1449,2381,1964,6581,3479,3062,1615,1858,924,2269,2402,1665,1622,1296,2439,1974,3962,1467,2518,4249,2524,4093,1963,2598,2438,784,1839,3445,1171,1271,2904,1639,2514,1410,1537,1830,1746,2209,1143,2022,1322,1273,2897,1515,1848,1534,1176,2696,1945,1538,2030,1937,856,1918,2951,1624,1095,2080,1218,1383
APEX2,593,383,547,1109,684,729,644,766,353,453,666,449,571,271,464,629,1358,511,676,1088,844,1196,709,1223,795,228,511,766,441,590,679,465,579,697,878,540,741,626,379,526,413,314,1031,486,593,392,448,859,452,386,534,562,371,689,434,899,362,343,414,332
APH1A,4897,4617,5304,6442,8326,5291,3772,5731,2233,3338,4731,3490,3980,5703,4183,5857,7744,4156,6788,10154,7038,9823,4521,10869,6171,1807,3585,6973,3922,4987,6307,3937,5032,7324,7475,3590,4798,6072,2660,7808,5648,10610,5967,3825,4514,2081,5403,9216,4023,3609,4864,5937,3445,5719,4833,4678,3197,7199,2927,2120
APH1B,597,625,984,345,996,504,939,768,334,540,367,1246,656,311,655,347,1329,914,562,1402,873,874,832,947,1522,395,619,389,692,634,668,1055,533,361,1109,431,1011,583,618,738,525,688,616,1284,1003,500,1224,777,699,1538,405,1049,479,841,557,706,385,328,928,587
API5,2620,4220,3810,6327,4176,3713,3496,3227,2512,5269,2677,3123,2444,2182,3392,3400,6146,4986,3705,5308,3563,7875,4593,4122,4584,1535,2388,3618,2663,3206,4896,3743,8041,4599,4992,3100,2928,4002,2338,3724,2585,1854,2428,2808,3170,1822,2760,4529,3730,2857,3004,4180,1895,3321,3010,3541,2448,4025,3596,1693
APIP,360,755,590,935,582,415,519,545,308,512,359,573,361,357,724,602,705,778,411,1004,625,1454,637,686,974,319,393,1000,390,671,702,519,1028,373,1177,662,361,729,426,813,373,397,374,584,538,409,645,908,428,499,365,657,316,422,431,658,223,388,540,444
APITD1-CORT,27,129,57,129,74,81,88,83,55,64,50,37,66,70,60,85,84,106,61,138,103,226,144,189,110,43,63,85,45,166,73,57,120,79,77,48,89,65,24,76,55,37,58,46,101,21,30,143,65,24,44,101,71,68,50,106,22,82,54,55
APLF,283,265,507,161,402,353,481,525,416,191,320,486,457,372,499,423,474,219,235,951,433,562,510,546,766,196,376,371,337,714,522,541,199,206,732,346,508,495,222,686,315,361,311,456,603,178,355,447,392,514,126,377,372,544,328,471,246,158,352,314
APLN,187,682,98,181,173,139,16,162,37,219,199,1387,103,633,65,153,1051,174,137,136,120,92,71,170,221,72,182,439,60,216,101,75,1033,112,363,223,23,133,246,63,97,35,72,37,74,50,68,391,93,3083,282,427,130,818,493,590,208,208,244,297
APLNR,432,240,76,69,171,123,189,341,249,116,72,461,122,152,108,237,547,81,450,305,91,157,125,216,191,86,329,143,127,253,224,620,182,154,217,232,296,313,695,296,222,54,832,67,226,256,211,517,339,252,111,82,91,550,54,147,213,290,232,148
APLP1,117,9,253,414,34,60,97,78,21,18,74,149,232,3,108,162,87,1067,56,98,82,19,55,64,11,25,24,20,34,20,556,170,343,17,36,347,46,12,258,51,241,44,39,95,82,48,39,50,225,99,262,30,13,71,360,431,76,57,59,44
APLP2,21858,32421,26647,19696,25022,17240,20181,47880,12641,12416,23325,21868,34389,15679,14698,43667,30215,16583,21056,47383,37550,16874,36880,54789,19885,14067,21702,23049,20189,19600,30796,30673,35229,27859,38298,13119,51298,31743,17305,60377,27367,21772,11089,20754,22793,17071,19169,27599,12203,21937,40540,38797,15997,22723,14943,21684,19142,31670,16802,9768
APMAP,1788,6708,3383,7912,3666,2976,2825,4726,1548,3486,3504,3044,4844,3549,2808,2671,5124,3143,2603,5171,4186,6172,2634,5487,2585,1106,1802,3988,1758,4070,2691,3088,3061,3776,4049,3845,3705,3916,2172,6406,1932,1959,3120,2821,2681,1835,2025,9084,3028,3184,2376,4461,1770,3605,5635,3080,2682,3466,3287,1672
APOA1,17,0,4,21,4,2,1,4,14,5,11,8,4,5,1,2,7,10,4,8,10,1,19,5,12,8,5,19,2,5,5,6,2469,5,5,3,2,8,7,4,6,1,5,6,9,1,6,10,1,7,1,9,5,2,1,3,1,8,3,10
APOA2,0,1,1,2,1,0,0,0,0,1,0,0,0,1,0,1,0,50,4,0,0,1,0,0,0,0,0,1,0,0,1,0,0,0,0,1,0,0,0,0,0,2,0,1,0,0,0,0,3,0,0,0,0,0,6,0,9,0,0,0
APOA4,4,0,0,0,1,0,0,0,7,0,13,0,0,2,0,0,13,1,0,2,3,0,1,0,17,7,0,34,2,0,0,0,34,0,0,0,0,0,0,0,0,0,0,5,0,0,4,3,0,0,4,0,0,19,0,0,1,1,1,0
APOA5,1,1,1,5,0,1,0,0,0,1,0,0,0,1,0,0,2,0,0,0,0,8,6,0,1,0,0,1,0,0,0,0,127,3,0,0,0,1,0,0,0,1,3,0,0,0,0,0,0,0,0,0,0,1,2,0,0,3,0,5
APOB,28,144,46,8,17,12,46,209,26,84,42,96,56,53,11,96,279,760,13,106,46,6,21,12,34,13,16,127,27,23,20,30,483,22,7,13,7,11,21,48,12,27,16,23,19,13,51,27,10,51,16,26,25,62,15,32,23,21,100,37
APOBEC1,0,0,2,3,46,0,0,0,58,0,0,0,9,0,4,0,2,72,3,1,0,7,0,13,61,0,0,133,20,4,0,0,0,0,0,1,0,0,1,0,2,0,0,0,6,1,544,0,1,0,0,4,0,8,0,7,2,0,48,0
APOBEC2,23,3,3,0,2,3,6,5,3,1,53,7,14,0,0,6,434,8,2,50,3,0,10,7,4,3,2,7,1,16,62,2,5,0,20,2,3,54,0,10,26,103,0,4,5,2,6,3,1,22,2,0,27,12,4,82,275,0,0,0
APOBEC3A,73,46,17,19,187,21,32,77,123,21,60,200,40,27,17,21,130,6,65,79,174,31,6,53,33,42,19,40,32,84,27,37,42,52,52,72,8,21,80,19,47,80,74,169,77,13,59,47,118,134,9,167,34,14,25,17,79,95,33,51
APOBEC3B,91,37,166,1169,59,394,73,131,20,7,210,84,48,6,18,64,277,158,98,335,311,58,14,155,70,29,156,826,36,189,44,23,217,37,145,116,71,27,50,143,77,74,51,65,78,40,45,73,172,56,90,61,73,21,26,282,62,31,35,59
APOBEC3C,646,159,972,1167,467,871,995,1094,802,320,592,1609,843,127,651,591,1350,279,701,1796,1241,426,685,1249,774,446,778,607,545,890,620,987,265,219,958,540,1284,725,709,1357,585,624,725,1199,1377,576,629,747,719,1158,310,987,482,663,121,525,707,218,580,380
APOBEC3D,47,19,79,74,64,44,74,79,49,28,39,62,68,11,78,34,87,41,58,110,70,35,50,66,93,30,70,54,52,113,25,89,45,14,60,43,53,51,42,109,42,60,67,114,80,40,40,53,105,56,37,51,52,17,16,63,84,31,35,60
APOBEC3F,145,79,227,287,112,274,285,227,138,81,145,186,209,54,192,179,250,129,170,498,220,95,157,292,174,105,316,200,189,212,135,275,92,87,197,166,227,131,129,527,176,143,204,210,273,185,123,250,199,160,159,191,105,121,65,223,197,105,132,226
APOBEC3G,298,113,547,215,450,423,725,835,325,233,636,752,437,111,714,283,574,279,453,912,895,363,401,715,687,299,719,594,463,616,279,563,293,58,615,436,551,336,448,944,523,366,576,930,942,291,494,736,672,727,175,692,312,275,40,357,575,170,321,224
APOBEC3H,24,13,59,29,25,22,37,50,21,25,20,65,68,9,52,40,47,6,16,25,22,28,90,41,32,25,42,28,43,25,40,78,24,10,42,25,86,29,40,75,40,28,39,115,78,38,32,31,21,84,15,39,23,22,6,24,49,10,36,39
APOBEC4,13,2,12,0,1,25,128,71,6,0,44,81,12,14,25,35,38,3,13,65,1,1,6,39,175,13,68,0,42,8,3,83,6,25,16,74,89,30,21,8,49,5,18,3,27,0,57,29,15,47,11,2,8,8,5,20,3,1,1,32
APOBR,436,93,532,184,327,124,231,386,411,165,113,514,385,46,144,110,472,270,352,457,251,177,115,267,207,277,840,192,261,115,373,408,110,157,346,292,349,221,408,614,153,336,352,550,167,358,137,613,320,445,294,201,231,354,169,304,287,64,447,292
APOC1,1973,252,2620,435,1101,678,562,5501,319,1365,1186,6713,1158,120,695,792,2358,1186,668,3173,3686,2262,229,2239,2484,1037,2216,711,1043,948,3021,1686,462,648,2352,981,547,1943,3109,2109,1692,2110,1372,6058,713,1562,1618,1612,1017,13557,817,1753,1188,1058,303,1202,792,374,2870,689
APOC2,151,11,178,6,83,31,20,171,3,28,68,129,44,4,23,18,51,130,33,144,573,130,9,139,237,23,67,27,85,39,177,74,44,30,180,61,46,54,100,133,53,63,95,737,55,83,56,39,21,731,29,27,43,103,15,44,36,11,187,55
APOC3,2,0,0,0,1,0,1,5,5,0,2,0,0,0,0,0,1,7,0,0,0,0,0,0,0,0,0,2,0,0,0,0,4,0,0,0,0,0,0,0,0,0,0,0,0,0,0,0,0,0,0,0,0,0,0,0,0,0,0,0
APOC4,0,0,3,0,4,2,4,12,1,3,0,8,2,0,1,0,2,0,1,8,5,2,0,1,7,2,7,2,1,2,6,4,3,0,2,3,4,1,6,5,0,5,4,3,1,2,4,6,0,8,2,2,1,2,0,0,3,0,4,6
APOC4-APOC2,0,0,0,0,0,0,0,0,0,0,0,0,0,0,0,0,0,0,0,0,0,0,0,0,0,0,0,0,0,0,0,0,0,0,0,0,0,0,0,0,0,0,0,0,0,0,0,0,0,0,0,0,0,0,0,0,0,0,0,0
APOD,283,836,7781,165,43,281,2171,972,27,56,275,619,2156,243,563,379,522,124,96,2544,705,422,1077,1396,719,288,1305,214,155,366,730,3984,190,351,103,231,5782,1858,114,737,557,179,281,2218,1638,679,109,163,122,355,71,84,600,635,789,796,130,2536,627,379
APOE,8867,1647,11386,4992,5801,2421,2984,17880,3373,5715,5345,36299,8454,430,6142,2932,7375,4818,3912,14339,14344,9859,1475,6414,9206,6090,10020,4624,3752,4456,13896,8375,2647,4970,5497,7300,1633,5052,14810,8748,7700,5133,12354,26228,3125,6385,4899,5223,5749,48629,5090,10489,2716,8305,1687,3352,4455,2536,22211,5183
APOF,0,0,0,1,0,0,0,0,0,4,0,0,0,0,0,0,0,10,0,0,0,0,0,0,0,0,0,0,0,0,0,0,0,0,0,0,0,0,0,0,0,0,0,0,0,0,0,0,2,0,0,0,0,0,7,0,0,0,5,0
APOH,32,9,286,2,38,8,68,94,1,55,10,70,94,297,1,481,233,26,152,243,31,59,1517,618,25,84,120,138,2,774,790,615,2,1,365,12,954,2113,11,127,139,79,11,8,1197,88,7,57,2,202,147,45,144,22,34,44,119,5,31,1
APOL1,1561,1007,1371,664,17891,695,1859,2030,13430,1101,2962,2419,2478,430,2046,896,2332,951,2066,4740,2699,2906,1234,2361,4835,1199,2647,3546,12454,2080,1436,1809,2559,1044,1913,1232,1932,1473,1441,6532,1143,1477,4525,2425,1662,1455,5878,3751,2437,2078,619,2313,1327,1497,671,1353,1861,635,1608,4119
APOL2,1197,851,1237,656,3756,878,1073,2336,2879,1097,1334,2012,1736,422,1358,808,2369,1422,1721,2825,2118,1776,827,1667,2706,901,1877,2317,2471,1610,1202,1376,1365,1021,1996,1206,1130,1133,835,3683,1144,1192,2611,2215,1514,927,2312,2398,1815,2174,786,2198,1009,1049,663,1202,1626,676,1521,2106
APOL3,1121,757,913,241,935,552,1069,2444,651,592,472,1477,950,339,929,642,1884,594,1355,1897,1961,848,573,910,1836,958,2112,598,1031,1495,859,1529,829,374,2148,783,1144,1098,988,2249,963,776,1874,2261,2001,481,1852,1405,1199,959,245,1137,1297,562,211,755,1136,286,669,1287
APOL4,518,380,603,31,282,165,598,350,265,640,206,248,412,98,1012,220,861,176,599,667,567,1009,879,586,633,217,333,217,487,376,435,692,293,186,1088,281,691,481,439,720,601,429,542,1377,480,453,489,570,815,499,219,344,468,295,163,552,184,105,266,183
APOL5,0,0,0,3,2,1,0,0,0,1,1,2,0,0,1,0,1,0,0,0,0,1,0,0,0,1,0,53,0,0,0,0,0,0,0,0,0,1,3,0,0,1,1,0,1,1,0,1,1,2,0,1,1,2,0,1,3,0,6,1
APOL6,5762,4345,7271,1873,7878,4538,6168,10795,4500,5328,4425,11196,9305,1783,8432,5915,10034,4388,11574,14642,12097,10042,3400,9945,10490,4322,10346,4385,7331,12452,4827,5318,6102,4416,10175,5321,5053,6474,5051,13106,5376,6963,9989,10494,11697,4416,8631,11729,7927,8936,2526,9479,5689,2869,2398,6280,8134,3690,8344,4611
APOLD1,1598,883,552,789,1403,501,1157,408,322,733,845,2127,418,711,351,521,3147,585,615,1927,1074,1142,645,843,1292,693,491,2474,236,746,1478,2471,2840,750,299,679,438,2200,1043,1046,1616,761,1443,1387,1359,360,797,1157,1205,3873,484,1095,975,1089,675,659,585,1285,778,2738
APOM,11,110,48,47,44,32,35,45,40,47,13,42,14,26,16,14,42,24,25,39,29,13,58,49,52,9,28,21,32,42,43,54,1795,34,35,35,36,33,22,39,19,17,35,22,38,15,51,32,22,27,47,40,18,40,29,28,31,37,26,31
APOO,133,263,212,751,481,136,186,246,165,280,216,189,200,125,239,182,217,742,186,297,289,478,217,500,423,111,165,296,152,384,339,247,295,238,485,272,180,300,150,185,266,160,273,183,194,125,190,389,258,224,106,384,107,173,170,376,148,157,242,172
APOOL,449,1458,975,1023,699,720,1187,718,1032,1055,516,622,1164,443,1029,992,918,2292,486,1787,658,1444,1455,1696,1123,390,859,610,673,1064,1252,962,1749,1514,949,612,1221,1170,642,965,537,733,646,743,655,598,736,1251,770,468,589,740,730,1143,1540,1468,622,793,1049,845
APOPT1,285,512,334,669,461,395,315,439,200,360,410,336,399,248,481,349,711,579,535,1048,392,1377,461,1131,680,186,355,297,297,398,477,319,484,522,431,319,391,474,221,564,240,347,259,413,304,325,284,562,353,281,302,667,240,473,368,383,168,332,279,252
APP,14631,6519,16107,57002,14785,30382,32027,16656,21039,13352,17356,17309,20591,3424,9673,35516,26396,24103,13655,40333,28316,14816,15797,27664,14999,7735,33651,11517,13674,14612,26775,20311,18322,11113,9816,9648,14761,17025,10695,35424,9747,11568,14441,13399,7954,10366,10730,40144,11917,12774,16229,11392,11242,9551,15150,43949,9267,13662,19030,8590
APPBP2,1883,3854,2621,5237,1864,2657,2971,3681,1628,2829,2093,2957,2081,1844,1888,2726,4277,2814,2778,5964,3054,5096,3307,5381,3831,1622,2133,2661,2170,2411,4074,2436,4584,2927,3778,1761,3330,2855,1628,3812,2393,2652,2358,2894,3087,1669,2314,4289,2709,2394,3393,3210,1959,3021,2748,2539,1852,2723,2118,1530
APPL1,3137,3697,4088,3720,3407,3377,3846,3978,1629,2887,3030,3440,2416,2286,3518,2776,4646,3862,2264,5259,3747,14059,2917,3683,4995,1514,2044,2962,2564,4027,5894,3468,6431,3544,4994,3303,3124,3480,2450,3009,2368,3091,2662,3713,3575,1857,3633,4138,2685,3524,3022,2784,2577,3112,4235,3450,2357,4527,3457,2256
APPL2,875,1366,1610,2007,1446,1176,1061,1216,3567,1457,710,1656,1281,802,1373,1177,2691,2013,1041,2416,1025,2399,929,2259,1893,725,1533,1183,1833,1131,1272,1293,2149,1185,1239,1129,1160,1140,1051,1626,1283,955,1324,1445,1187,1063,2967,1616,1463,1312,1106,1209,801,2097,1515,1437,1055,540,2072,1614
APRT,949,1981,2031,7267,2622,1036,1866,2868,1095,2317,1579,1219,2197,1412,1276,1245,1863,2004,1684,2250,1623,3636,2982,2443,3139,416,837,1097,922,1026,1136,1772,2949,2810,2001,1468,2230,2204,904,1637,1497,1012,1472,1176,1681,551,960,3835,1383,1128,2019,3316,927,1676,1333,635,1028,2812,1389,1098
APTX,542,894,445,1010,714,609,495,765,473,684,614,569,622,589,771,685,1069,689,765,999,804,1180,642,828,1562,314,788,776,532,1123,1029,694,1054,930,1000,521,470,781,536,710,739,606,1004,896,689,373,662,1080,833,552,653,1031,391,627,910,629,481,814,627,447
AQP1,31566,2280,3571,1475,3841,1823,5852,37909,1090,1668,1475,6648,1814,1405,890,8506,15118,2778,1854,9677,5350,1969,8888,10415,7206,6014,7300,3447,6074,3140,6949,55713,3448,6066,7589,2598,3736,3913,2858,10121,13211,16249,2171,4360,6134,1291,6025,23453,2649,9476,7347,1210,10076,3457,1666,2200,5437,1670,801,4411
AQP10,3,0,5,0,1,1,3,10,6,0,5,6,1,1,0,3,2,3,1,7,3,1,0,2,13,0,2,0,1,4,1,4,0,0,3,6,3,2,2,7,2,2,0,2,7,1,38,3,4,3,7,0,5,0,0,1,1,2,1,8
AQP11,11,34,20,132,37,50,34,64,39,54,59,15,48,11,41,57,49,55,61,82,35,130,56,108,18,11,22,24,34,60,17,19,50,29,35,34,41,36,17,67,33,19,26,29,35,23,56,65,48,6,43,64,11,39,26,30,32,32,41,25
AQP12A,0,0,0,0,0,0,0,0,0,0,0,0,0,0,0,0,0,0,0,1,0,0,0,0,0,0,0,0,0,0,0,0,0,0,0,1,0,0,0,0,0,0,0,0,0,0,0,0,0,0,0,0,0,0,1,2,0,0,0,0
AQP12B,0,0,0,6,0,0,0,0,0,0,0,0,0,0,0,0,0,1,0,3,0,0,0,0,1,0,0,1,2,0,0,0,2,0,0,0,0,0,0,0,0,0,0,0,0,0,0,0,0,0,2,0,0,0,1,0,0,0,7,0
AQP2,2,0,0,0,0,2,7,1,1,2,0,2,1,0,0,3,3,0,1,1,2,0,8,2,0,0,0,0,0,1,0,3,1,5,2,1,6,6,0,0,0,3,0,1,1,4,0,2,0,1,0,8,1,1,0,3,2,4,0,2
AQP3,13681,35464,16293,449,7336,5063,12558,17426,920,5513,3686,4340,7131,18600,5856,14659,15959,1243,6535,8444,4290,15775,11615,16822,16822,1879,6346,729,1105,4807,5856,30122,23030,23931,16059,3114,17112,32511,6951,8966,21705,18316,9397,22295,15508,2266,1001,24542,4800,4545,24977,6477,22385,4597,19734,2321,3213,21792,1114,2037
AQP4,10033,23265,1628,280,3099,2050,1477,8773,62,976,1485,8365,1057,12551,190,1734,12865,2378,892,6464,7733,594,2223,4132,3573,5102,6202,2572,3722,7652,3614,3274,1494,3710,9063,2183,3209,1434,1801,6935,5051,12466,46,7348,5301,902,8392,7687,2444,11019,1136,4117,7980,305,1695,1372,2175,2163,9,1764
AQP5,142,271,1975,238,24,2248,4182,728,10,10175,3253,235,904,26,2112,91,101,11,13,2334,1322,9,2141,998,1299,68,151,4,829,307,150,631,2092,4568,56,1024,1095,56,929,3437,46,2515,34,22,1253,5671,648,4498,104,133,26,4,438,10,75,373,266,6939,229,193
AQP6,7,0,36,8,3,118,143,14,3,242,170,18,21,1,403,2,4,4,0,58,33,0,48,15,26,1,5,7,14,11,3,21,16,58,2,15,57,1,25,36,7,15,6,7,14,248,4,38,7,3,2,7,23,1,22,16,5,54,4,4
AQP7,131,278,272,35,104,19,94,69,17,96,13,55,113,223,116,262,165,169,42,71,17,344,278,289,229,26,66,76,27,170,190,829,660,219,156,48,109,412,275,47,94,613,58,430,230,20,26,307,32,31,117,166,178,103,119,68,132,53,86,50
AQP8,1,0,2,0,1,2,4,2,0,2,0,9,0,0,2,1,2,0,0,1,1,3,2,3,0,0,4,2,0,7,5,5,2,4,1,0,2,3,0,3,3,2,3,0,3,4,0,1,1,4,3,0,4,0,2,0,3,3,1,0
AQP9,1072,119,323,188,1596,267,171,475,877,367,268,1128,593,44,122,186,1610,200,990,710,609,536,90,582,590,187,458,1119,371,145,628,271,174,536,878,786,249,663,1071,404,411,507,735,849,306,153,265,914,758,1366,151,473,300,758,366,510,434,297,1988,135
AQR,2139,4759,2786,2825,6495,1799,2923,2839,3067,3669,1583,2869,3316,2199,3774,2028,4270,2797,3017,3359,2946,5904,3190,4956,5370,1486,3600,2347,2743,2253,3897,2478,5115,3971,3854,2150,2968,2667,2083,2480,1733,2332,2946,2910,2785,1814,3542,3008,2944,2548,2199,2188,1324,3373,1747,3392,2121,2336,2105,1814
AR,225,1441,303,1983,198,257,461,437,271,96,499,326,468,342,473,382,641,369,183,756,1223,1186,1469,764,1426,341,389,111,223,207,800,957,228,2924,640,197,2257,231,254,466,291,190,1016,339,461,645,249,243,82,242,196,754,280,1004,1398,384,211,2449,206,837
ARAF,1351,1698,1521,2201,1648,1394,2064,2050,1254,2031,925,1533,1798,820,1561,1916,3097,1910,1467,3299,2070,2605,2631,4455,1710,759,1316,1465,1061,1555,1811,1861,2769,1921,2251,1336,2560,2315,1012,1930,1446,1289,1869,1503,1406,1318,1298,2478,971,1375,1417,1889,1273,1617,947,1807,1181,1081,1231,1531
ARAP1,3390,4416,6348,4710,4084,4055,3577,4924,5427,3444,2276,6164,4874,2941,4127,3713,6441,4578,3957,7216,3347,5828,2971,5014,4069,2451,4951,3755,2928,3101,2744,4068,3570,6614,4828,4406,4052,3245,4646,8285,3305,3783,4890,6547,3356,3397,2646,3868,5277,4899,3672,3857,3295,5565,2403,4012,3886,1914,4426,4961
ARAP2,2964,3629,3186,2971,4052,1408,3335,3646,4187,1522,2319,2651,3400,1494,2597,3280,4222,1314,2149,5273,3700,6730,1431,3811,6110,1837,4002,1810,4927,2953,3708,3821,4187,2345,4700,1440,3337,3420,2541,4495,2706,3262,2483,7560,3699,2236,5917,3706,3378,4808,1214,3650,2763,1978,576,2426,3357,2662,1807,3233
ARAP3,628,612,508,655,376,595,820,586,395,334,426,543,432,403,274,511,1219,400,423,920,550,499,423,601,553,532,805,409,732,345,625,954,758,583,715,345,837,438,427,664,353,309,508,344,534,256,406,424,479,461,612,390,520,536,763,595,463,241,431,1049
ARC,59,22,13,33,17,21,31,15,6,46,14,131,43,19,11,52,136,124,0,77,25,6,122,17,16,27,25,16,3,6,126,61,301,33,14,28,33,40,39,30,11,30,3,79,107,16,31,51,55,145,51,6,46,19,53,61,18,19,17,65
ARCN1,4105,6483,3986,9156,9696,4812,4353,7544,5981,8716,3846,6013,6934,2947,6509,5916,6275,8583,6591,9467,6564,5945,7308,9472,6920,2261,3598,5946,3872,6387,3715,3642,13203,8087,7898,5778,4818,6372,4639,10237,5054,4007,5125,3852,4666,4009,5484,8162,6806,4790,3961,6581,2858,6918,5291,4713,4376,7666,5217,3441
AREG,6480,275,786,200,1104,300,739,656,1409,266,139,1440,237,62,62,1462,1239,152,170,741,418,269,566,526,352,272,161,1141,545,350,3293,6339,1142,567,880,449,97,1089,300,309,731,3033,113,1138,6625,41,1032,2550,256,1900,251,568,4004,241,221,204,4925,1009,228,506
AREL1,1862,1786,1722,4293,2374,1933,1943,1893,1529,2222,1538,1656,2246,1080,2072,1222,2850,2157,2598,3444,1707,4097,1338,1594,2410,870,2284,1919,1830,1536,2018,1303,2447,1058,1871,1988,1627,1902,1449,2668,1079,1092,1724,2005,1656,1162,1677,2156,2377,1577,1720,1897,809,2052,2411,1861,1439,1464,1440,1651
ARF1,7550,14440,10781,13871,12392,6807,9555,9111,6793,13130,7022,8031,11780,9581,10526,10192,13727,21028,8616,12638,10879,22250,12667,13980,14766,3336,8331,6322,7652,9231,10185,8494,19320,19109,12811,10593,8664,13766,8478,10500,13936,9179,14959,6769,9503,4889,9940,16636,13143,7459,13082,11101,7527,14213,14086,7161,7113,17105,8741,7890
ARF3,3401,3550,5020,4406,4366,1955,4670,4153,2566,3102,3028,3323,4419,2571,3025,3454,6407,8420,3933,5936,3655,8858,3703,5278,5798,1837,3007,3452,2749,2461,6482,7127,5836,3704,4019,2359,4978,4133,2583,4897,3729,3211,4803,4110,4058,1931,3816,6126,3433,2884,3677,5577,3047,4564,4350,3573,3304,4430,3106,2662
ARF4,4408,7233,6325,4448,7385,3154,7042,3704,3588,4848,4368,6146,3941,2669,3265,4459,5304,3017,4694,6901,4948,10141,4634,5374,6429,1840,2679,3346,3360,4702,5677,4735,10966,6630,4831,4509,3590,3905,3634,3659,3921,4109,4788,3969,4599,2801,5730,9644,3970,4785,3697,8783,4116,3653,3763,3816,3406,11459,4450,3162
ARF5,1370,1565,1526,5441,2233,1197,1880,2283,1142,1703,1395,1319,1269,938,1919,1963,2456,1115,2026,2377,1246,1449,2051,2631,1954,648,1231,1560,1115,1586,1740,1733,2573,1479,2187,1491,1846,1966,872,2124,1432,1139,1699,1300,1408,637,1349,1846,1516,1193,971,1446,940,1649,2075,1505,721,1967,1039,776
ARF6,3829,2894,10399,7260,4295,4044,3680,4767,2436,2994,3142,4063,4035,1732,4396,4357,6149,5022,4011,6302,5953,5477,3755,7405,5286,1997,3979,2385,3950,3370,4216,3063,5441,3728,4581,3530,3910,3710,2744,6166,3441,3468,3023,4195,4082,2594,5011,4323,3265,4263,2565,5055,3815,3743,3364,3313,3011,3044,6327,2246
ARFGAP1,1892,1610,2515,3504,3612,1935,2748,1929,2551,3952,1468,2204,3514,1025,1767,2344,3328,2594,2738,3049,2216,1849,3619,3270,2702,899,2029,3094,1396,1196,1551,2397,3812,2315,1751,2957,5185,1828,2342,3881,1766,2187,2904,2468,1608,2173,1546,5279,2295,2018,2363,3541,1323,2196,2512,2255,1859,2344,2321,2443
ARFGAP2,1551,3335,2562,4820,2985,2610,2795,3111,2195,2811,1660,2168,1799,2244,2549,2892,4785,2628,2419,5048,2947,5281,2891,3227,3200,1182,2250,2643,1988,1851,2946,2931,4113,2558,3254,2459,2583,3150,1539,3150,2217,1954,1951,2368,2386,1698,2037,3738,2268,1901,2260,3148,1522,2814,1934,2060,1945,2781,1907,1910
ARFGAP3,1475,2364,2199,5138,4125,2492,3547,2253,3903,3137,1658,3334,2780,1168,2079,2053,3605,2286,2239,6991,2437,3286,2033,3696,4256,998,1974,3630,3574,2631,1719,2333,7845,2447,3198,2791,2204,2164,1651,4368,1711,2886,1963,2015,2963,2242,2930,3685,3182,4273,2126,2519,1119,2264,1793,2240,1403,2185,3007,2117
ARFGEF1,7342,8217,6079,9521,8631,7501,6894,6286,5295,9189,2502,4461,5271,5989,7649,11737,8619,9004,5711,7948,5796,26799,5691,11735,10045,3101,5957,11394,5443,8678,9560,6734,18449,8166,7123,4339,4335,11573,4534,5367,6749,6528,6033,6318,5072,3547,6013,11165,7197,4671,11563,6999,4289,5098,10346,7288,5128,8462,6582,5388
ARFGEF2,4580,15550,5921,7425,7465,4306,3958,5076,6896,7345,3831,5792,5889,3877,5743,4410,7432,8892,4438,8080,5971,6933,6102,8964,6593,2312,3788,15671,7522,4521,6383,4535,4707,7292,5379,5533,4928,6040,4486,6984,4715,4490,8224,4062,4058,3231,4677,7460,5642,5712,5823,10169,2579,5351,4075,7070,4909,6693,5223,4012
ARFGEF3,4383,5111,6570,10572,4334,10077,15669,4360,1855,5438,5893,2480,5159,2743,6953,6861,4836,20643,2040,18341,4865,14527,11549,7783,4010,2378,10391,5785,2715,8047,6503,4644,30834,6059,4144,4834,10727,10762,4232,9105,2534,5656,2063,2656,5312,4975,2437,7609,4452,3326,9655,5594,3240,11693,13274,17991,2100,6431,6493,6817
ARFIP1,1051,2377,2134,2044,1985,1415,2295,1786,1491,1345,1067,1465,1896,1321,1479,1729,2079,2634,1751,2824,1836,4159,1933,2519,3143,764,1620,2820,2074,1986,1625,1948,3803,2545,2442,1192,1464,2100,1242,2454,954,1268,1209,1334,1820,970,2829,2642,1393,1282,1477,2441,1035,1924,2193,2175,1338,2663,1404,1283
ARFIP2,993,1983,1337,2694,2089,974,1689,1492,1164,2833,1366,1220,1043,1127,1199,1236,1611,3294,1814,2832,1818,2626,1662,2499,2606,590,1021,1897,972,915,1343,1241,3445,2132,2329,1496,1233,1149,1222,1582,1101,1054,1566,905,1238,1140,1312,2188,1830,1210,1328,2057,718,1178,1697,944,780,1423,1422,1233
ARFRP1,797,796,1295,1179,1334,1047,1683,1241,951,961,699,1061,1616,636,732,1076,1794,988,1363,2291,1425,1945,2447,1766,1496,541,932,1116,967,623,1168,1217,2052,955,1120,1021,3506,1261,869,1888,1015,1238,1204,1522,917,825,888,2546,836,996,1206,2581,731,1199,974,1106,1010,647,915,1014
ARG1,0,1,1,0,3,0,12,1,1,1,2,3,0,2,0,1,6,1,2,2,3,3,7,13,2,0,0,2,1,1,4,3,0,4,0,0,3,2,4,6,1,3,0,0,5,0,5,4,1,22,0,6,2,1,4,0,0,0,0,2
ARG2,168,329,264,1040,164,408,109,133,489,861,247,228,113,36,119,132,254,397,78,327,334,2083,275,775,223,54,158,514,64,316,258,109,79,190,539,767,432,421,100,253,62,79,35,53,276,52,84,591,101,314,67,153,38,286,359,341,259,185,194,343
ARGFX,0,0,0,1,0,0,0,0,0,0,0,0,0,0,0,0,0,0,0,0,0,0,0,0,0,0,0,0,0,0,0,0,0,0,0,0,0,0,0,1,0,0,0,0,0,0,0,0,0,0,0,0,0,0,0,0,0,0,0,0
ARGLU1,2158,5100,3541,2015,3879,5494,3498,3427,4363,3221,1768,2684,2901,2134,4004,2839,4880,3230,2607,4896,3224,5455,6434,3819,6934,2340,6861,3467,3722,4796,2791,4234,9268,4176,5250,2578,5008,2993,2358,4421,2238,3057,3391,3737,4241,3360,4300,4116,4566,3354,2227,3443,2443,2891,3194,5722,3253,2406,2892,4171
ARHGAP1,2130,2282,2601,3441,2418,2891,3200,2570,2730,2700,1430,2949,2211,1324,2779,2301,4031,2611,1927,4711,2229,3136,3355,3251,2486,1103,2765,1899,1737,1221,2341,3194,5138,3827,2636,2841,2938,2344,2181,3507,1811,1368,2638,1931,2009,2059,1906,2550,2195,2034,2436,2475,1590,4114,1735,2315,1578,2586,2677,2092
ARHGAP10,622,648,1260,2129,807,684,1334,1016,1046,317,687,1114,878,567,353,841,1931,604,601,1489,1196,1360,532,1106,978,679,1134,1377,809,896,945,1119,922,488,1164,808,955,994,611,1360,458,910,633,1690,867,671,795,959,722,1305,659,1018,645,1385,314,1142,586,285,841,1022
ARHGAP11A,598,329,331,1899,1834,481,268,323,776,2006,615,383,409,182,340,266,1011,1293,1261,425,775,1451,208,327,1182,208,988,1177,740,948,374,164,1267,368,794,790,334,204,334,382,318,229,1115,508,354,330,440,425,1101,301,848,273,169,236,782,1378,513,230,506,367
ARHGAP11B,0,0,0,0,0,0,0,0,0,0,0,0,0,0,0,0,0,0,0,0,0,0,0,0,0,0,0,0,0,0,0,0,0,0,0,0,0,0,0,0,0,0,0,0,0,0,0,0,0,0,0,0,0,0,0,0,0,0,0,0
ARHGAP12,2400,3995,5311,8058,4651,2430,5406,3442,2903,4843,2723,2093,4074,2863,4626,5866,5431,4035,2722,4857,2906,8128,4883,5363,6695,1329,3730,6154,4576,7084,6428,3287,8559,1773,3920,3156,4928,4469,2481,2804,2973,2406,2048,2055,3984,3407,8117,5354,2842,2863,7228,5530,2540,3228,3145,4145,2936,3173,2675,2548
ARHGAP15,680,354,1015,134,1070,335,1163,1361,500,634,444,1259,961,236,1209,423,1178,417,892,1276,1333,976,432,808,1653,743,975,506,732,1347,845,1037,573,280,1441,547,953,1061,1019,1621,781,1056,999,2351,1258,709,1026,971,746,1547,281,803,890,514,221,410,1345,337,850,840
ARHGAP17,771,752,1212,785,848,586,1274,847,1177,834,477,1180,1019,365,997,839,1268,1223,807,1770,736,1063,1296,1110,894,588,1495,1134,924,878,1633,1196,1121,758,932,713,1076,832,832,1688,540,819,1284,1218,682,785,582,863,952,908,715,536,797,1056,1846,1424,1253,474,905,1341
ARHGAP18,2635,2191,3259,1702,2320,2019,2443,4432,1819,1724,2439,4058,3014,687,1602,2091,6225,1389,2111,5421,3815,4081,3152,4707,5237,1908,3826,2518,5763,2823,2910,3292,2034,1932,4307,1862,3635,4390,2174,3804,2326,2325,2412,4768,2808,2235,3916,3789,2240,5135,2040,2980,2537,2853,2237,3003,2799,1317,3281,2307
ARHGAP19,439,1410,567,742,591,315,428,562,369,672,390,500,341,524,378,463,1191,544,610,678,434,745,563,554,826,209,380,350,372,682,784,575,900,529,1039,593,778,777,383,501,576,451,679,613,517,315,431,476,879,411,804,545,388,810,624,463,554,564,474,330
ARHGAP19-SLIT1,0,0,0,0,0,0,0,0,0,2,0,0,1,0,0,0,0,2,0,3,0,0,0,0,0,0,0,0,0,0,0,1,0,3,0,0,0,1,1,0,0,0,1,1,0,0,0,1,5,1,0,0,0,1,15,3,0,1,1,1
ARHGAP20,1803,349,462,146,158,937,264,376,122,143,495,968,553,165,196,906,1375,189,207,1400,637,169,628,947,314,214,693,228,192,933,4016,955,292,172,1101,259,707,2295,146,1235,685,349,140,355,926,252,217,392,224,372,178,186,872,353,102,412,2169,240,241,224
ARHGAP21,2942,3686,5673,7116,5935,2626,3905,3223,3110,3483,2041,4221,3875,2465,4547,3485,4995,3729,3903,4240,2811,6606,1807,3989,5749,1927,3575,3079,5912,3948,3546,4351,4724,2928,4187,4834,2377,2739,2610,4555,2337,2782,4455,3298,2802,2981,6833,3445,4091,3487,4467,3126,2563,5135,4004,2871,2662,4522,3276,3701
ARHGAP22,189,53,245,38,100,100,200,243,84,555,144,244,215,25,907,81,422,234,133,268,152,333,43,211,243,150,349,115,156,100,189,169,63,128,178,213,103,96,215,362,241,153,408,338,128,257,135,168,197,201,198,181,101,582,302,159,224,67,334,217
ARHGAP23,1020,795,1160,2646,323,1200,1366,950,822,1038,1017,1453,1418,337,643,608,1437,463,671,1759,741,701,1161,987,1197,581,1878,600,992,520,825,1966,1841,1135,716,657,1562,759,640,843,468,378,1083,488,1031,1041,364,690,532,1070,1026,616,632,1287,662,1311,728,1480,539,901
ARHGAP24,408,1418,881,164,808,469,1038,983,495,557,544,911,1117,384,1145,1380,1451,444,658,1275,1002,1460,831,1548,1040,673,1096,985,448,719,690,1245,1681,517,962,385,1024,872,638,1268,468,743,575,935,819,824,682,561,423,1063,426,1077,895,1454,483,821,584,626,698,844
ARHGAP25,795,468,882,261,1003,435,1017,1302,834,614,595,1593,886,278,1295,386,1458,563,961,1223,1445,889,590,744,1781,616,1085,557,834,1146,892,830,547,514,1350,778,1182,805,1157,1731,933,902,1276,1911,1077,672,951,960,956,1400,429,733,965,789,478,589,1274,339,947,794
ARHGAP26,2016,3067,2684,452,2869,1182,2710,2101,1832,4619,1051,2017,3611,477,5086,1321,2867,3861,1826,2909,2184,2707,1266,2302,6372,2075,4400,1514,2864,1277,2018,1918,13117,5294,2570,2464,2182,1667,5151,5336,932,2366,2252,4035,1394,1963,3664,1343,1480,2259,1110,1312,1414,2567,2953,2547,1846,3935,3369,5044
ARHGAP27,1216,1267,2212,3489,1330,1578,2781,1794,3969,982,733,1334,1794,880,1390,2068,2643,1280,1229,2799,1514,1585,2283,1575,2434,915,2674,918,2801,1179,1774,2543,2409,2072,2222,1273,2528,2251,1313,2346,1502,1514,2094,1936,1581,1474,2577,1628,1977,1163,3302,1157,1300,1490,740,1305,1401,963,964,1416
ARHGAP28,290,340,537,1010,190,392,388,412,188,363,533,2001,436,106,251,367,704,270,236,711,1072,432,182,425,311,248,339,458,197,208,406,460,449,179,408,292,762,280,305,552,357,320,208,616,473,731,347,786,319,699,383,275,425,223,242,472,361,204,492,284
ARHGAP29,2745,6370,3593,5166,2176,5966,2976,4122,1831,2016,2436,2503,3207,1840,766,2575,7284,5480,2523,4978,3777,1446,2565,7113,3078,2694,3952,2428,1917,3099,3006,4034,4076,2586,6881,1477,2248,2478,1607,8127,1250,2228,1832,1638,2527,856,2483,3840,1888,2278,1035,1332,2681,1802,1986,3371,1440,1800,1784,2402
ARHGAP30,1627,487,1918,385,2067,776,1776,3024,1000,912,751,2891,1696,387,1562,820,2550,706,1738,2270,2579,1321,565,1300,2674,1008,1999,1019,1345,1308,1349,1458,729,817,2729,1366,1740,1491,1927,2991,1890,1898,2067,3897,2028,1398,1370,1657,1402,2458,765,1553,1562,1542,419,915,2031,360,1538,1059
ARHGAP31,3317,2501,2942,584,1502,824,3918,3329,1252,1222,980,3231,1533,828,1260,3197,4578,1588,1919,2938,3246,1342,4339,4286,1904,2363,3424,1104,1449,1677,6420,4623,1320,2003,4255,1285,4719,2935,1778,5580,2968,3105,1843,4384,2142,2313,1568,2058,1343,3205,2200,1928,2201,1942,1023,1623,2412,611,1795,2393
ARHGAP32,1421,2666,1468,4096,5391,2873,2072,2605,7692,3422,2381,1001,2931,1104,4996,2928,2043,5154,2039,5062,1517,2364,3209,4252,3154,1115,2834,1948,4946,2519,1484,2572,3969,3025,2594,2269,2688,2797,1525,5157,1226,2345,2801,1409,1837,2630,3661,1391,5364,911,2060,1657,871,2724,2612,3229,1605,1748,1832,2469
ARHGAP33,81,132,151,157,120,405,269,102,109,131,103,93,209,26,90,196,171,272,87,296,201,163,143,213,91,104,424,69,85,116,156,331,187,72,112,203,282,101,137,338,98,80,208,167,117,141,65,150,141,66,171,87,127,143,211,411,163,129,95,323
ARHGAP35,4748,9300,7286,12177,3130,5869,7030,4984,2288,4807,4506,3347,4276,3368,3612,4862,5078,9306,3032,6964,3941,6281,4851,6011,3277,2593,4951,3534,2657,3981,7762,6254,7132,6249,7899,4659,8484,4884,2638,13662,5036,4235,3194,4491,3299,3255,2951,5078,3065,2763,7247,3521,2756,5058,5733,4001,4232,8044,3644,5139
ARHGAP36,0,0,0,1,0,0,0,0,0,1,0,0,1,0,0,0,0,0,0,0,1,1,24,0,0,0,0,0,0,0,3,0,1,0,3,0,1,1,0,0,0,0,0,1,1,1,1,0,0,1,0,0,0,0,0,0,0,0,0,0
ARHGAP39,343,297,230,1764,342,539,376,224,379,498,266,159,573,274,462,423,385,724,431,679,198,888,320,322,261,122,453,630,131,233,323,444,812,481,180,539,227,294,200,288,279,169,340,165,207,116,130,613,451,120,1036,359,136,257,923,374,238,328,284,300
ARHGAP4,1272,445,2349,2905,1221,623,1864,2158,701,1377,759,1709,1613,398,1835,1436,2457,1317,1492,3075,2020,2409,851,1115,2044,1015,1941,1371,1289,1445,925,1518,696,648,1563,2284,1571,1167,2035,2914,1287,1366,3418,2935,1802,1100,953,1297,4699,1747,746,2237,2075,1197,851,1149,1566,623,1706,2081
ARHGAP40,60,153,447,107,204,2611,409,317,1003,84,446,31,200,196,42,378,569,3,52,5,437,74,56,175,530,143,751,575,374,244,40,678,1759,186,258,353,205,443,110,30,73,1231,974,139,339,277,22,1071,627,15,316,1,126,97,53,831,84,413,16,147
ARHGAP42,1023,5864,1286,1701,2004,1702,1992,1731,2877,788,1299,1197,2506,2083,1042,1953,3931,585,1816,3762,1279,1500,1353,5006,2930,792,1328,2959,1816,2272,1764,4179,2620,1779,3005,1640,1094,3058,868,2222,640,1343,1060,853,2126,2126,3595,2893,2386,1215,941,2163,2110,1982,849,1863,4585,2987,1765,1540
ARHGAP44,742,1853,1092,735,288,441,664,674,118,216,238,610,367,556,516,632,1191,392,249,809,448,412,1209,838,341,244,742,796,341,430,648,951,4053,3285,958,618,799,320,562,1080,1001,719,165,918,809,577,479,727,581,591,463,781,299,565,94,560,284,1660,127,880
ARHGAP5,6646,13922,32705,10812,6676,8167,8971,6607,3806,13482,6215,5644,9267,5729,15339,8616,15545,17589,7127,17458,7498,17694,7415,13634,10181,3492,6888,8947,5707,6171,9111,6020,11725,4238,10613,13672,9419,6497,3768,14683,4094,7312,9151,5196,7008,4252,7641,12731,6337,5942,4559,8275,6596,9846,46051,12118,5087,7773,29690,4110
ARHGAP6,252,356,454,123,174,184,327,343,102,138,165,513,285,159,115,248,797,170,221,378,284,106,198,276,257,229,328,136,162,174,354,641,261,252,374,120,350,197,187,341,129,349,128,351,415,118,484,248,120,430,109,200,279,357,103,193,179,174,284,492
ARHGAP8,23,111,38,218,43,49,59,47,37,29,49,5,56,37,37,47,56,28,23,158,31,60,53,95,55,19,43,61,30,50,41,58,68,78,85,50,78,53,25,155,25,43,26,24,47,55,36,61,61,13,66,48,23,13,34,27,24,51,11,51
ARHGAP9,614,121,624,146,481,203,722,821,522,473,179,823,667,124,743,245,706,293,699,724,787,480,288,413,804,370,948,353,468,500,362,682,251,210,670,581,534,512,815,1374,614,607,941,1469,710,504,390,590,578,823,301,540,547,398,161,281,845,109,559,815
ARHGDIA,2457,2007,2533,4458,2291,1807,3352,2982,3407,3811,1322,3079,3315,1351,2861,2297,4217,3583,2847,4825,2932,3696,2511,3740,3314,1357,3029,2704,2546,1324,2737,3341,4405,3376,2372,2687,2771,2555,2555,4107,1882,1780,3181,3342,1941,2074,2054,2438,2040,2600,3025,2766,2317,3235,2610,1960,2086,1745,3025,2495
ARHGDIB,3819,4087,4984,770,3957,4106,5303,7894,1528,1489,4413,5244,4147,1745,3255,2666,12009,1454,3039,15268,7562,4612,4775,8486,8097,2333,3958,2709,2320,4885,6939,6965,2832,2372,10677,3390,7636,14263,3517,9380,5301,4580,4499,7436,5518,6301,4054,5478,2993,4984,5260,5116,4984,4101,1218,2864,3168,2378,3185,2728
ARHGDIG,2,2,7,55,2,1,9,2,0,15,2,4,8,0,9,4,14,23,0,8,7,2,3,2,5,2,2,8,0,0,3,10,5,1,0,8,5,1,1,5,3,3,4,0,1,9,3,2,1,1,73,5,2,4,4,5,3,4,1,5
ARHGEF1,2162,3423,3388,2557,1691,2071,3098,2562,3290,1870,838,2219,2665,3394,2631,1824,4007,1641,1660,3342,3071,1924,2015,2937,3442,1559,3219,1249,1715,1482,2267,3565,2506,3205,2646,2000,2379,2122,2763,5379,2071,2288,2837,4243,1903,1969,1737,2128,2091,2258,2355,1879,2514,2560,1196,1215,2523,2252,1369,4060
ARHGEF10,35,124,42,45,44,107,35,40,24,68,22,40,56,37,52,31,100,56,25,44,26,8,41,21,115,35,57,15,33,39,33,38,134,95,61,52,29,37,24,34,19,52,40,40,42,33,29,34,61,38,28,22,28,74,111,30,35,65,102,75
ARHGEF10L,1280,649,2158,955,2699,1525,1669,1465,2056,2127,1297,1569,1834,326,1223,2051,2304,4672,1170,3103,1385,3744,1856,2845,1686,958,2961,2066,1265,1505,2567,1953,939,926,1899,1036,1566,1451,1108,2590,1880,1203,1560,1765,1874,1400,787,2786,1225,1214,1389,1811,1153,2521,540,2564,1050,745,1688,1827
ARHGEF11,2989,4320,5034,3555,2784,3109,2918,2275,2988,2339,1508,2808,3152,2749,3137,4145,3919,4432,2215,4551,2386,5779,2303,4256,3056,1423,3529,2606,2280,1959,3293,2734,3210,4721,3469,2726,3152,3556,2556,4844,3181,1884,3972,2825,2619,1959,2180,3470,3682,2136,2767,1463,1849,4529,4145,2643,2177,3414,2656,3510
ARHGEF12,12112,23899,10881,21190,19089,15655,13027,16357,11069,14510,11635,11459,16541,10041,16492,17903,19966,26652,17010,31090,15987,28692,19611,21715,22704,7907,13637,14070,13129,15668,15623,14508,41393,17341,21013,12610,14916,23007,12057,33711,9016,13852,9076,9749,13800,10215,16060,17554,13640,10710,15445,13793,8400,16511,14293,17168,12857,23027,11505,18690
ARHGEF15,330,371,130,69,115,128,232,292,154,112,58,221,146,228,69,229,565,195,254,257,116,96,103,140,196,160,502,142,145,114,276,335,203,306,350,145,233,222,187,275,139,140,227,133,283,82,180,187,136,184,146,114,229,190,114,250,224,89,121,369
ARHGEF16,413,1127,1134,2487,2076,968,820,643,2979,1109,795,155,2468,618,853,1959,1427,776,438,1805,646,2136,915,2273,1664,266,1551,664,1384,917,933,735,3335,1593,755,983,762,565,677,982,664,634,822,639,764,217,914,1726,1400,195,643,716,655,1359,794,1081,406,1176,605,906
ARHGEF17,2245,3898,3354,3191,1348,1797,3234,2155,1730,1394,1130,2468,3190,1874,1159,3148,4101,1410,1864,4302,1325,2561,2119,2612,1689,1237,2528,1264,1476,1638,1932,3523,3529,2587,1791,1780,1862,2116,1591,4651,2188,1983,2201,1766,1929,2151,1259,3589,1617,1887,3571,2218,1964,4282,1907,2015,1437,2016,1817,4125
ARHGEF18,292,195,248,490,245,275,377,370,265,256,140,245,220,93,267,281,438,354,158,439,342,267,246,342,270,124,279,220,325,181,341,446,266,250,246,195,186,211,250,373,307,288,211,402,176,144,296,285,191,230,319,193,192,209,180,174,225,149,237,210
ARHGEF19,349,781,1996,999,696,1695,1421,930,198,1282,936,319,980,754,895,2222,1279,299,370,3187,1291,981,1608,1990,549,529,1615,911,278,810,1232,1001,1999,1342,836,989,2503,509,412,2029,855,701,683,460,1440,780,136,2453,614,258,1402,883,548,652,1091,1498,487,1105,327,589
ARHGEF2,2463,5408,8646,2571,1653,3945,2383,3318,2641,3045,1846,4149,3685,4901,4365,4920,4595,3105,2116,4543,4441,3531,4809,4688,4697,1629,4668,1847,3749,1660,4295,3666,4459,11494,4109,2325,5015,2567,3131,6770,4231,3395,4379,5938,3789,2471,3612,5212,2668,2741,3269,3440,2343,4366,3105,2724,5022,3239,2399,3712
ARHGEF25,238,243,480,346,212,249,566,442,244,272,200,692,496,91,255,352,772,268,392,587,898,319,181,307,357,219,413,558,172,231,305,1057,201,122,242,303,680,283,214,422,257,149,283,345,544,478,214,452,326,442,414,226,229,995,375,427,317,216,631,405
ARHGEF26,970,606,1267,1548,359,665,902,824,171,506,1213,984,567,245,168,1102,2153,1134,386,780,817,583,845,1722,731,701,1049,647,481,907,1848,1709,1457,652,955,394,608,713,232,603,724,817,861,1210,549,201,587,864,238,1226,329,630,778,1131,440,658,533,308,529,1187
ARHGEF28,344,4258,2934,504,1667,1304,3434,1242,1342,674,981,637,780,586,1226,1289,3035,5031,139,3442,1349,3293,1793,1889,2968,337,1909,1261,1830,1828,22644,1818,3079,1966,3295,568,3479,2902,1110,2527,533,1223,992,1101,1448,942,1769,1575,1266,574,700,527,867,893,1031,1932,1150,1700,1367,2802
ARHGEF3,1948,1255,1765,990,1752,1163,2088,1748,1080,633,973,2196,1132,709,1359,1034,2052,1829,1399,2453,2197,5289,1897,1877,2367,826,1989,940,1594,1435,2694,2858,1640,1567,2122,1010,2773,1936,1344,1764,1196,1551,1845,2786,1848,811,1637,1914,1287,2376,1311,1305,1663,1144,1024,1272,1265,1880,1020,1439
ARHGEF33,14,22,65,10,15,31,55,38,42,22,19,52,34,36,66,53,42,79,41,47,17,27,51,72,32,25,57,25,63,83,42,106,44,58,82,43,80,9,23,59,60,27,149,43,69,34,39,45,96,22,33,97,87,54,105,46,24,40,46,54
ARHGEF35,102,321,150,292,245,117,4,288,254,156,7,100,118,114,226,181,355,124,329,210,165,307,108,45,138,78,162,118,162,172,65,149,338,271,235,151,288,216,124,110,137,77,203,113,84,89,170,116,87,49,70,198,131,155,147,116,3,532,35,48
ARHGEF37,164,342,812,538,338,846,584,378,420,276,365,253,308,424,253,321,618,248,205,823,670,629,179,558,592,378,662,187,574,389,431,1086,405,461,318,578,447,375,301,348,206,277,151,388,450,279,757,420,310,189,126,330,256,329,330,576,182,276,212,629
ARHGEF38,1037,898,1384,769,1552,1967,4119,1805,1142,785,665,725,1625,1769,1590,3998,1205,942,1088,2693,1033,2400,1324,1446,1994,913,3479,3405,1286,2034,4546,3869,2528,2277,3635,1825,5288,1678,859,2415,2004,1745,1551,391,2312,2016,1687,2944,1507,894,3173,2047,1637,768,1642,4774,968,2167,455,1775
ARHGEF39,46,39,48,274,138,230,58,50,82,187,146,28,41,39,91,79,204,238,113,77,222,153,53,101,95,26,278,349,67,241,49,30,352,61,91,209,35,40,61,48,61,19,333,47,62,49,64,87,212,14,181,111,34,13,240,181,66,70,113,122
ARHGEF4,318,82,354,194,784,52,47,50,3451,421,252,144,317,49,530,137,148,469,372,286,44,655,18,188,1047,35,118,144,386,228,196,136,305,99,36,74,32,66,113,43,124,54,320,38,83,96,452,168,283,41,590,154,110,316,553,157,65,40,404,85
ARHGEF40,1262,1123,1721,2302,933,1816,1602,1668,672,704,1117,2124,1247,583,1110,1455,3429,1621,727,3853,1630,1562,2296,1885,1072,795,1974,1181,1529,834,2116,2562,1011,684,1183,1330,2491,1200,1318,1696,989,873,1219,1637,1709,1265,1778,2406,934,2087,946,979,919,2112,871,1999,1060,705,1352,1296
ARHGEF5,969,1038,598,1406,687,811,396,533,822,468,340,311,691,447,633,1061,1032,572,929,1114,368,512,992,1463,488,258,634,656,922,528,946,768,657,1123,1015,355,859,759,471,1060,526,724,862,408,475,404,578,594,946,476,321,830,657,899,504,288,288,794,427,480
ARHGEF6,1386,916,1962,409,1417,750,1894,3170,818,812,947,2167,1535,421,1246,1194,3467,857,1471,2787,2161,1414,1018,2096,2327,1332,1899,893,1105,1790,1895,2496,1259,753,2512,1197,3570,2143,1545,2883,1608,1601,1956,3518,2901,1451,1641,2506,1438,1978,1090,1431,2029,1743,505,1454,1802,449,1554,1427
ARHGEF7,1762,2621,2235,1242,1970,2945,2562,1676,2269,2074,1109,1967,1911,1166,2631,1899,2762,1922,1618,4074,1382,3576,2238,2508,2741,1175,3664,2407,1831,2614,1879,2397,5360,2184,2336,1563,2197,1885,1682,2894,1252,1937,2625,2163,2087,2002,1623,2002,2510,2239,2282,2282,1279,2592,2471,3244,1575,1464,1997,2389
ARHGEF9,778,1042,1130,1041,973,751,1060,1196,566,436,562,894,1102,538,874,1449,1567,1582,661,1665,964,949,1472,1892,1180,452,810,566,649,1044,1171,1330,972,669,1342,582,1340,912,616,999,783,592,1130,1118,806,634,762,1210,691,780,839,965,697,1237,818,1469,721,297,772,668
ARID1A,3888,3474,4469,10370,3650,3819,4670,2317,4611,3688,2905,3035,5243,2366,4837,5456,3183,7240,2227,8211,4123,5633,4863,4947,2556,2170,6015,2887,2509,2008,4723,4146,5672,6268,2272,3829,4917,2253,3931,5849,3150,2516,3522,4345,2855,2659,1327,3554,4705,2218,2537,2604,2583,4563,4676,4347,2843,3098,3519,5345
ARID1B,2249,2635,4188,9064,2708,2666,4460,2377,4212,3818,2802,2992,3056,1405,3567,2767,3428,3163,2386,6907,3419,6204,4202,5223,2957,1972,4305,2450,2558,3084,4050,3508,4780,2969,2332,2982,3959,3954,3145,5410,1825,1953,3125,3422,2938,2411,2102,2858,3741,2437,4733,3134,2171,4515,3799,4171,2793,2530,2828,2691
ARID2,1634,4109,2802,5892,3564,2296,2689,2234,3982,3193,2729,2348,2451,1481,3787,2291,3576,4975,2370,4079,2092,4274,2135,3876,3728,1258,2733,2343,2594,2350,3362,3847,4079,2703,2751,2678,3510,2593,2151,3680,1662,2213,2303,2531,2518,2223,1868,3518,3818,2248,1963,2062,1660,2918,3674,3026,2356,2730,2780,2406
ARID3A,674,356,522,1036,449,143,486,441,1197,522,166,843,484,644,569,438,990,430,618,593,527,653,273,250,356,159,450,1148,311,365,478,524,685,426,548,838,387,499,508,906,520,645,475,426,311,312,327,445,685,618,660,421,281,662,769,365,561,191,717,439
ARID3B,265,315,376,562,226,192,375,239,449,206,78,279,344,137,286,176,377,300,267,434,284,383,195,612,275,146,394,172,217,225,208,312,342,366,269,362,258,210,300,615,206,286,361,349,262,291,350,204,321,257,267,231,193,295,346,222,224,114,244,287
ARID3C,15,0,3,4,0,2,4,2,0,0,0,3,2,0,4,3,2,1,4,5,0,0,2,2,0,0,2,2,2,17,1,1,4,2,3,0,0,0,2,2,1,0,2,2,0,0,1,3,0,2,3,0,4,4,5,3,1,3,0,1
ARID4A,1525,2509,2520,1745,1541,1906,1866,1967,1131,2002,1150,1696,1938,1220,1993,2048,2384,2331,1372,2850,1808,2690,2312,2906,2231,1024,1972,1079,1924,1656,3254,1765,3833,1540,2409,1374,2688,2274,1273,2337,1126,2551,1428,2360,1846,1731,1727,2546,1889,1578,2127,2164,1459,1943,1693,1697,1561,1353,1658,1694
ARID4B,3479,8497,4731,4115,4104,5604,4491,4255,3513,4976,3767,3411,5255,2955,4893,5044,5585,6635,3283,6778,5018,3947,5073,6268,6782,2205,4865,3333,4948,4408,5404,4284,7088,6513,6984,4233,4139,6832,3186,5840,5331,2557,4203,3943,5408,2806,4221,8293,7252,3410,6680,3744,3286,5369,7432,4360,3647,7128,4159,3259
ARID5A,913,359,625,944,806,543,761,898,585,816,408,1665,829,142,658,447,1168,556,996,1163,1117,1027,323,614,1184,416,963,754,455,616,633,1269,507,357,635,911,397,667,912,1382,645,688,1187,1459,892,555,651,876,817,1395,740,722,661,1077,390,508,1043,352,967,850
ARID5B,3498,6399,5272,4448,4345,2487,4972,3234,2103,3975,2665,8507,3667,1974,4630,3923,4985,1957,3473,7340,3959,2898,5237,3198,4349,1791,3261,3070,1350,3084,4118,5745,4186,5730,3359,3499,3789,4758,3811,4802,2662,3538,3995,4994,3480,2846,1844,4495,3944,6593,3872,3535,2346,5609,3032,3021,3179,6648,4956,4020
ARIH1,3078,6349,4280,7224,6607,3958,4512,3141,5310,5198,2145,3900,5707,2562,4573,2885,4855,4832,3719,6875,3304,8204,4215,8351,6017,1819,4378,2623,3397,3742,3859,4030,7315,6974,4015,3923,3214,4101,3259,5409,2428,4079,6272,4087,3499,2742,3958,4274,4280,3664,3219,3865,2337,5292,4775,3930,3442,3091,4348,3309
ARIH2,2347,3289,2323,3190,2491,2200,2829,2175,1205,2456,2215,2275,1914,1580,2000,2042,2921,1859,2360,2990,2157,2619,1785,2314,3315,1253,2149,2661,1568,1851,2843,3035,3630,2569,2860,2209,2125,2643,1756,2526,1592,1646,2108,2477,2210,1229,1897,2687,1660,2495,2900,1758,1543,1957,2293,1951,1821,2262,1959,2117
ARIH2OS,19,42,29,42,24,54,42,43,22,27,25,27,13,34,42,23,59,42,18,81,56,54,60,28,48,11,27,17,34,63,28,59,34,28,45,35,51,36,22,33,40,22,37,27,34,20,27,56,27,24,26,37,28,24,31,29,54,46,39,25
ARL1,1875,5155,2315,5252,5853,1630,2376,2801,3209,4068,2725,3314,3380,2417,2673,2796,5305,6619,2749,3845,2982,7281,3238,5678,5754,1147,1647,2920,2328,4213,4664,2328,8008,3664,3829,2676,2659,3010,2172,3341,3327,2798,3593,2169,2982,2094,6260,6740,3493,2863,2071,4642,2054,3592,2879,2547,2807,3161,4716,1729
ARL10,259,147,381,455,230,374,323,368,449,283,152,427,406,73,468,256,571,439,202,829,280,184,299,466,285,304,502,210,353,211,554,612,208,135,449,312,243,231,269,666,162,276,290,430,297,432,168,271,327,269,532,176,237,605,496,427,493,164,481,357
ARL11,116,50,223,36,130,65,100,198,114,93,85,231,98,32,83,80,243,138,177,171,165,271,106,250,227,71,147,114,99,107,126,169,46,79,206,103,189,102,165,188,120,100,371,217,160,143,107,150,355,238,71,109,82,133,38,94,166,46,228,51
ARL13A,1,1,1,0,4,1,0,0,2,0,0,1,2,0,0,0,1,0,0,1,0,2,0,0,3,0,1,0,0,4,1,0,0,0,0,0,1,1,0,0,0,0,5,0,0,0,0,0,0,0,1,0,1,1,0,2,0,1,1,0
ARL13B,598,606,518,618,511,627,605,1114,247,516,515,831,406,156,429,450,973,1114,395,1073,834,682,508,725,894,269,608,464,629,506,1005,586,648,553,975,386,532,534,345,1171,570,514,611,595,729,445,599,933,954,883,526,762,358,481,416,622,544,664,512,379
ARL14,5,2,3,0,47,0,139,8,299,5,34,4,35,1,5,0,9,3,261,11,11,8,17,108,346,22,64,23,740,3,9,6,59,0,16,4,2,0,33,33,2,3,19,3,13,63,3869,2,42,11,1,1,2,54,1,5,3,8,5,10
ARL14EP,566,1098,789,1099,953,883,973,1154,737,1060,533,996,695,527,918,723,970,891,1003,1361,1006,1252,1002,1084,1512,349,585,951,676,1051,1352,596,1074,944,1699,1134,869,1055,582,1304,691,567,499,1015,1147,595,1050,1409,785,1006,711,903,512,1018,686,809,656,889,1092,435
ARL14EPL,3,2,10,0,6,2,4,5,0,9,3,6,0,0,1,3,1,2,1,0,15,2,0,3,0,2,13,2,4,3,12,1,0,0,12,3,4,4,0,0,1,1,0,2,2,0,0,4,0,6,2,12,2,0,3,11,1,5,2,4
ARL15,344,903,1029,641,476,356,683,702,340,369,396,665,432,206,490,541,795,1878,388,1253,362,877,458,549,756,314,567,631,441,685,780,703,606,591,780,973,717,833,565,915,365,438,514,678,483,505,642,966,554,617,258,608,468,488,1167,756,497,488,849,754
ARL16,324,760,317,869,547,539,527,719,379,1089,217,317,389,395,456,662,952,968,609,708,605,1012,640,1346,817,275,613,654,451,356,474,593,678,623,647,400,1037,367,332,583,367,431,632,596,570,267,425,685,414,312,734,754,411,595,649,533,451,476,444,478
ARL17A,109,238,125,110,22,96,149,196,139,170,37,144,135,60,92,126,92,271,97,446,56,130,268,214,102,115,242,168,199,70,99,141,409,70,141,95,104,138,137,179,37,151,111,142,122,116,172,144,44,128,187,184,74,90,215,352,250,74,168,132
ARL17B,110,69,41,50,74,75,92,79,66,68,98,61,48,69,64,88,64,157,99,208,151,13,149,148,137,81,135,104,63,63,174,143,308,85,143,53,89,95,45,110,45,98,188,79,53,100,123,40,149,98,143,73,31,37,198,99,107,35,59,115
ARL2,409,240,425,1948,754,311,537,989,400,578,334,559,473,248,559,567,1004,619,621,933,580,844,446,743,627,213,274,563,285,619,336,637,684,222,513,511,459,810,284,459,488,288,327,532,422,256,393,518,645,482,818,344,330,880,341,395,279,555,418,280
ARL2-SNX15,1,0,0,0,0,0,0,1,0,0,0,0,0,0,0,0,1,0,1,1,0,1,2,0,1,0,1,1,0,0,0,1,0,0,1,2,0,0,1,2,0,0,1,1,0,0,1,0,4,1,3,0,0,0,0,0,1,0,2,2
ARL2BP,1189,1648,3337,3317,1508,1096,1760,2557,1111,911,942,1950,1656,1006,1260,1250,2943,1243,1128,2334,1640,3429,2794,3338,1987,513,768,1456,953,1578,2822,1693,2219,1914,3188,1350,1832,2290,999,1593,1760,1454,1465,2770,2156,1127,1593,3152,1310,1593,969,2429,1436,2088,988,1341,1487,1721,1343,695
ARL3,287,1087,366,425,520,439,544,527,386,737,366,426,355,228,444,333,681,1037,485,641,405,769,474,535,1075,174,372,248,380,672,674,641,677,396,878,451,396,540,269,434,538,263,540,332,538,241,341,688,598,324,446,479,278,613,477,526,268,1261,508,236
ARL4A,658,410,993,1377,1891,458,1138,846,388,773,813,690,1267,329,829,929,3949,498,614,5778,1407,1465,1223,4987,1158,425,701,963,479,1136,1294,782,1200,398,1643,379,1729,1263,322,1215,1431,746,852,1045,1326,364,694,1828,402,621,671,832,602,572,565,1193,258,761,392,387
ARL4C,3358,2057,1569,1429,3579,1525,1734,3669,1814,5594,1606,4982,2958,632,2689,1721,7007,1981,5501,2870,3226,6551,2024,5351,3353,983,3788,1986,2419,2179,1426,1780,1600,1366,1917,3274,1333,1449,2994,4266,2163,2106,2178,3267,2143,1691,2389,2864,2670,5288,2575,3881,1328,3670,6240,2165,1640,1958,5948,1443
ARL4D,163,112,85,127,141,92,145,151,66,182,164,107,103,53,58,71,261,108,70,230,207,231,103,219,209,104,196,222,77,312,319,164,186,573,177,130,169,161,59,60,194,251,366,61,180,75,61,153,587,96,202,217,90,208,63,109,175,376,74,48
ARL5A,2643,5357,3116,2988,4777,2023,3603,3580,2194,7702,2449,3506,3204,2931,3147,2721,5435,5037,5001,5188,3306,7296,3265,4680,7047,2110,2408,4485,3021,5145,4426,3804,5562,3325,5516,2572,2828,2902,1996,2987,3170,3242,4141,3245,3342,2085,3704,3990,3839,3687,2133,2496,2189,3997,3277,2302,2266,4544,4126,1683
ARL5B,2071,2040,3047,8980,4345,2450,2607,2141,1633,6845,1253,3501,2078,1119,1934,2985,3789,6376,3013,3608,2966,4369,2488,4249,4162,752,2136,4837,2636,3473,3004,2609,5103,1040,2478,2813,2103,2331,1713,2107,2298,2585,1982,1860,2634,1424,3283,3043,2446,2487,1993,3293,1522,2367,3893,2838,2534,2518,2721,1155
ARL5C,2,0,0,0,0,0,0,1,0,1,1,1,0,1,0,1,2,1,0,1,0,3,0,0,2,1,1,1,0,3,0,1,2,0,2,0,1,3,2,2,0,0,3,2,0,0,1,0,0,1,0,1,0,2,0,1,0,0,0,6
ARL6,288,472,473,351,292,392,523,614,191,329,309,367,278,170,336,324,633,781,331,510,443,697,253,771,673,207,418,355,493,486,817,437,297,469,641,328,398,429,252,637,450,304,381,342,521,321,600,695,556,322,354,760,305,370,385,354,382,556,456,264
ARL6IP1,2944,5010,9099,7029,10078,5170,5253,5865,3582,7480,4677,4548,3676,2460,3789,6426,6585,13035,4226,7395,10438,12283,5463,6575,9751,1768,4077,12020,7056,10156,7031,3153,12616,3719,7432,4147,4214,4582,3189,4714,4026,8844,8503,4652,3882,2272,13239,9841,7712,4125,4742,4533,2543,5023,10019,10760,6619,5297,6894,2377
ARL6IP4,16,16,16,46,42,13,14,43,10,25,9,43,20,18,33,22,41,47,22,42,24,45,17,64,54,10,10,19,17,26,34,55,22,33,38,14,4,28,19,31,21,8,17,22,23,7,36,54,9,26,14,39,23,29,13,22,23,10,24,20
ARL6IP5,4908,7072,5841,1984,5802,2646,5294,6151,2686,2874,4249,5694,4601,2519,3563,2903,7289,2171,5316,8820,6476,16630,4684,5394,8680,2543,3642,4231,4257,4345,8054,7526,4139,3789,9177,3018,5114,5028,3604,5025,10429,5471,4222,7018,6298,3011,7198,4946,3584,4982,2985,4630,4236,5026,2167,3482,4160,5743,3917,1704
ARL6IP6,323,678,521,1140,610,683,482,717,516,805,661,429,644,418,487,396,1300,573,674,1482,866,1021,821,639,1262,344,649,890,924,927,576,450,806,351,844,665,518,357,353,495,386,362,798,520,598,278,592,747,885,460,535,321,379,706,897,1072,372,557,534,231
ARL8A,776,1149,958,1131,799,834,809,811,570,627,531,789,1185,599,970,837,986,1195,679,1205,884,1869,920,1312,1069,322,796,516,624,550,1044,911,1015,1510,1001,778,765,1046,679,924,991,1018,824,746,670,461,565,1249,983,828,893,968,580,1320,1237,597,519,1214,727,558
ARL8B,3295,6442,3980,2556,2931,2145,3150,3305,1541,1949,2587,3638,2313,3809,2236,2214,4266,2064,2620,3873,3245,3082,2995,3058,3985,1491,1945,2613,2225,3273,5573,3888,4669,5299,4576,1978,2651,3763,2464,2253,1971,3333,2644,2976,3010,1374,3758,3778,2745,3573,2917,2770,1704,3884,2134,2203,2303,4825,2714,1552
ARL9,13,11,9,18,10,28,9,10,13,19,16,15,17,7,14,28,50,35,19,20,19,66,12,10,26,9,12,18,15,18,5,3,2,2,13,13,3,11,8,8,17,6,9,18,14,6,10,16,19,8,73,92,6,7,16,14,11,8,20,15
ARMC1,1372,1727,1239,2079,2259,1425,1359,1614,1258,1991,618,1281,1397,1456,1722,2117,2484,2281,1911,1579,1740,6375,1090,2500,2367,604,1094,3066,1098,2208,1779,1315,3100,1407,1941,1161,962,2514,770,951,1712,1123,1395,1253,1430,761,1321,10642,1744,1021,2726,1640,1000,1264,1756,1749,1073,1933,1740,661
ARMC10,1104,1335,944,1724,1436,697,1595,1286,931,889,936,829,1124,617,1321,1123,1695,566,1257,1283,785,1235,1462,3137,1328,571,684,1090,1150,1520,1843,1427,2062,1503,1954,626,1186,1653,541,1359,1017,751,1131,910,1175,666,1070,1308,1341,827,731,1509,779,1202,1196,1099,641,1948,707,531
ARMC12,10,19,27,7,19,10,21,6,4,8,3,10,30,14,10,9,18,12,12,35,10,13,6,18,20,13,15,10,14,11,4,8,9,18,12,3,5,7,7,21,6,18,38,31,18,5,4,25,11,11,25,16,12,18,12,10,14,16,5,21
ARMC2,186,116,307,291,137,375,472,367,226,186,271,328,252,90,163,193,387,367,149,579,175,383,197,294,479,187,521,158,216,268,267,351,287,183,235,291,362,243,210,450,215,146,215,280,384,220,334,193,298,236,170,206,177,225,159,460,167,99,200,327
ARMC3,110,3,156,256,27,989,361,367,70,76,244,325,170,49,63,349,560,269,167,642,249,8,37,213,769,62,619,180,232,331,177,327,85,133,228,416,474,206,103,37,340,38,122,76,347,39,255,129,125,149,62,147,128,106,78,498,26,11,6,132
ARMC4,86,5,86,8,5,70,348,312,32,32,189,247,78,52,130,200,133,67,56,282,19,24,42,231,706,29,267,35,169,129,92,286,36,109,137,257,331,134,72,38,240,28,53,52,92,22,260,72,59,142,22,33,62,29,20,104,43,10,18,146
ARMC5,206,387,644,335,249,299,559,423,294,331,197,477,364,223,308,324,393,763,321,563,346,480,543,409,272,149,382,249,183,227,531,529,371,411,360,340,395,290,254,421,296,175,405,330,433,247,227,534,255,387,219,280,219,447,373,625,331,536,341,371
ARMC6,633,476,758,1121,609,679,777,747,262,612,526,659,557,357,476,693,1116,528,484,1070,901,878,471,1195,755,274,620,647,440,557,774,680,604,1356,758,458,482,495,401,912,602,514,793,691,782,476,463,810,601,558,892,595,403,497,564,625,422,996,389,397
ARMC7,294,408,243,476,202,190,609,297,272,204,130,270,264,264,193,321,516,242,294,496,363,382,317,419,370,130,264,261,177,129,345,490,618,878,524,158,433,192,194,472,206,336,257,455,273,286,189,310,267,359,546,186,211,308,236,209,342,245,199,401
ARMC8,1385,2501,1667,2577,1623,1521,1933,1621,958,1574,2219,1717,1685,565,1576,1421,2703,2713,1491,2555,2176,3264,1381,2081,2249,1121,1455,1754,1661,1934,2188,1709,2947,1646,1861,1073,1534,1640,1137,2225,1511,1369,2051,2422,1578,1300,2210,3029,2579,2233,1818,2472,1097,1841,1608,2414,1213,1683,1310,1448
ARMC9,957,376,1214,785,655,611,1524,1329,617,902,457,1135,1068,364,717,1512,1803,1229,755,2787,766,985,655,1308,758,459,1016,737,756,423,1375,1441,795,1666,1217,3001,871,2413,548,1426,1493,2232,549,562,745,1473,573,4281,878,1295,1933,414,1139,1148,4416,1359,1740,598,981,959
ARMCX1,302,247,614,177,240,198,379,628,121,223,327,834,526,104,245,475,853,633,221,1291,696,1000,283,1814,697,197,401,200,324,624,624,933,320,184,491,212,555,336,293,369,344,394,447,541,657,403,470,436,388,593,187,1061,249,764,165,477,208,317,483,157
ARMCX2,554,1264,759,1634,748,290,739,929,370,1281,589,1037,668,424,673,1094,1137,1271,438,1565,1108,971,1494,1356,1075,415,620,607,659,464,1832,1471,460,1048,1369,1150,1702,761,886,1357,713,333,679,778,989,777,326,1088,784,831,299,2432,428,1275,638,851,371,2567,810,456
ARMCX3,1811,2188,2589,2904,2830,1374,2456,3481,1627,2975,1435,3570,2450,1391,2032,3162,3955,2829,2066,4759,3453,3364,4752,4953,3977,1004,2658,2249,2120,2869,3600,2684,3364,2790,5450,2481,3276,3864,1744,3585,2216,2199,2214,2071,4187,2089,2735,4267,1948,3191,1340,3395,1888,2680,2257,3573,1757,3418,2838,1107
ARMCX4,186,384,335,706,271,275,543,170,132,276,110,289,274,127,320,257,441,676,212,682,209,278,475,462,301,196,621,124,226,250,406,404,696,242,198,195,590,202,200,497,88,208,240,232,180,254,176,243,283,211,156,170,203,359,247,458,209,215,227,460
ARMCX5,504,1042,646,1525,1162,776,568,865,526,840,483,489,731,569,550,570,1123,1026,906,1405,767,1505,1112,1692,1007,242,880,698,579,863,675,565,724,796,1345,579,877,669,372,1146,552,480,852,593,1074,480,1112,1020,528,523,527,747,553,612,805,754,385,1235,661,347
ARMCX6,247,449,353,468,354,179,293,477,119,238,251,317,265,189,210,455,380,375,320,667,631,536,526,1015,417,127,334,221,218,393,364,468,390,389,649,275,603,415,203,608,317,280,290,338,480,256,383,748,244,294,217,587,291,372,229,333,198,368,241,222
ARMS2,0,0,1,0,0,0,1,0,0,1,0,0,1,0,0,0,2,1,1,0,0,0,0,0,2,0,0,0,0,0,0,0,0,0,0,1,0,0,1,0,0,0,1,0,1,0,0,0,0,0,0,0,0,0,0,0,0,2,3,0
ARMT1,824,1401,2391,1551,1337,893,1365,1481,1245,1261,1254,1089,896,697,663,754,1967,957,1122,1778,1725,3560,2250,1799,3284,693,1016,2900,1163,2195,2408,842,2155,1710,1702,650,956,2226,918,1480,1056,1294,798,1227,1344,985,1776,1250,1041,1178,1090,1793,722,1159,841,1340,900,1183,1065,347
ARNT,2351,3527,4135,3924,2988,2618,2769,2706,1887,2665,1587,3097,3014,3235,3552,3245,3966,3278,2476,4276,3142,5365,2387,5012,2499,1197,2817,3212,2115,2338,3859,3320,3123,4073,3392,2459,3015,3462,2196,3342,2769,4206,3050,2731,2705,1759,2044,3629,2812,2275,3869,2482,2052,3933,3144,2559,2202,3220,2736,1896
ARNT2,557,137,1254,1517,316,880,1634,776,408,444,180,576,480,59,704,309,1188,2431,310,1733,512,141,110,791,637,351,659,167,265,243,910,1905,956,346,732,441,282,2038,1071,5138,363,415,199,463,908,1756,293,433,201,514,173,97,463,541,523,788,413,205,669,1187
ARNTL,733,1617,459,542,790,769,630,981,380,637,550,653,590,178,571,449,822,646,679,1142,706,874,536,2582,741,321,712,649,479,426,1094,954,1420,290,837,590,1779,682,643,1152,646,1021,534,1272,485,490,579,861,794,1261,356,647,474,827,801,678,536,1370,572,588
ARNTL2,873,652,233,1668,4488,183,1278,1081,5564,829,979,630,755,117,611,164,1725,587,5248,863,858,1668,185,1783,3296,471,807,791,2404,1002,825,455,1605,884,1152,893,213,298,746,1659,543,622,3273,627,537,893,2429,697,3218,611,258,522,440,1951,375,1352,612,1232,1530,532
ARPC1A,943,1186,706,1939,1633,524,790,1014,706,762,833,557,761,485,758,780,1610,535,1298,1009,606,768,869,2416,1157,485,552,885,705,1351,1318,1410,1351,942,1485,515,842,1113,547,1244,590,574,1191,585,663,278,1117,799,1123,515,455,1180,462,987,689,905,471,1238,433,435
ARPC1B,1891,1099,2261,2047,2681,659,1126,2178,1468,1046,1113,1644,1540,713,1433,1400,3428,796,2873,1704,1377,1532,895,3173,2649,624,1146,1049,1293,1776,1804,2690,1721,3281,2497,843,1039,1312,1317,1501,1780,1529,3623,2439,1671,699,1317,2254,3254,1394,736,1926,1195,1949,854,1168,952,1971,1376,896
ARPC2,5514,4437,6223,6886,6036,2865,4537,6219,4383,4516,5484,6861,4449,2331,4189,3370,8617,6073,6085,8236,6241,8790,4070,5901,10241,2029,4191,5960,7158,6170,6725,4655,6161,6570,8150,4255,3631,4622,4244,5679,5010,4831,6438,6643,4681,3618,7336,8120,5403,6718,3669,5521,3498,5107,4580,3948,4395,5013,5750,3055
ARPC3,2721,3653,2705,5334,6251,1788,1972,4296,3174,3740,3799,3644,3305,1773,2595,2090,7379,5934,3959,4319,3682,7369,2530,5899,8947,1435,2235,3429,3877,3651,4935,2218,8177,3472,6195,2708,2105,3345,2617,3405,3281,2797,3944,3726,3669,2384,6586,6644,4676,3911,1922,5102,2306,3694,2348,2798,2555,2925,4613,1661
ARPC4,2311,2311,2396,2890,2935,1947,2206,3178,1232,1853,2456,2724,1805,1373,1928,1619,4022,1917,4544,3794,2920,3000,1799,2644,4056,1102,1768,2429,1911,1797,3076,2669,3723,2783,3843,1603,2158,2161,2221,2165,1904,1819,2366,3022,2660,1537,1867,3221,2271,2593,2437,2351,1417,3357,2167,1781,1827,2500,2181,1682
ARPC4-TTLL3,0,0,2,0,0,1,0,0,0,0,0,0,0,0,1,0,1,0,0,2,3,1,0,1,2,1,1,0,1,5,0,0,0,0,0,0,0,1,0,0,0,2,0,0,0,0,3,0,0,1,0,0,0,0,0,0,0,0,1,0
ARPC5,4411,6975,6551,4468,8438,4630,3841,7164,4347,3659,5741,6766,5260,3404,4570,4681,8419,7697,4889,8666,8443,12162,4780,9308,10838,2381,4207,5872,7257,6691,5322,4173,6119,7351,8283,2912,6009,6010,3652,5237,6322,4224,7693,6318,6063,3562,6709,8796,9130,6053,3958,6470,3296,7645,4645,5476,3424,8773,6368,2440
ARPC5L,710,1349,1000,1106,1153,490,792,864,466,1004,684,779,1158,961,1012,710,1009,776,952,948,1112,1234,728,700,1765,359,674,727,682,1168,1044,835,2038,1247,1314,574,378,1122,645,730,1066,938,1734,627,853,389,827,1786,875,851,617,1025,610,531,1011,1324,748,1242,603,749
ARPIN,2111,3923,2450,395,2451,1149,2065,3442,1320,1852,1087,2183,1500,2456,1658,1488,3080,1169,1261,4528,1869,2335,1467,2240,2972,1004,2195,1382,1298,1918,2239,2906,3988,1838,2202,1481,1847,3356,1787,2767,1299,1838,4130,2025,2325,1251,2487,2194,1642,1956,3983,2232,2204,2446,1782,2028,1522,2227,1799,1050
ARPP19,5109,10558,5815,11123,13207,7360,5299,6565,6585,11021,4391,6325,8275,4938,6141,4587,10670,8131,7624,11972,7709,15557,5213,12357,17309,3433,6675,4231,6677,8218,6851,6869,13410,10230,8782,5762,4349,6892,4743,7724,3529,6963,10227,7506,7095,4118,10945,7231,6695,6506,7150,9770,4468,8189,7742,7607,4538,5196,7451,4088
ARPP21,3,4,0,0,2,0,1,0,1,1,5,3,2,1,0,1,2,2,1,3,1,5,1,1,1,0,2,0,0,0,2,10,0,0,3,1,5,4,2,7,2,2,2,1,0,0,1,5,0,0,0,1,2,8,0,2,6,0,1,8
ARR3,0,0,0,0,0,0,0,0,3,0,0,2,1,0,0,0,3,0,1,0,0,0,0,0,0,0,0,0,0,1,1,1,0,0,0,0,0,3,1,0,0,1,0,0,0,0,0,0,0,0,0,0,0,1,0,0,3,0,1,1
ARRB1,1623,5039,3963,507,1505,2836,2382,3266,644,1942,818,1998,2875,4892,1984,2199,4167,1759,1079,2948,1463,3700,2186,3534,2718,1499,3084,2277,914,1783,2395,2095,5829,1497,4295,2229,2161,3117,1453,3711,1157,3294,2758,2440,2113,1351,1651,2645,1442,1577,2766,2372,1919,3043,2060,2034,1598,2896,2025,2242
ARRB2,1224,975,1932,986,1011,795,1312,1501,814,839,612,1808,1297,585,582,567,1634,914,1003,1557,1280,2166,981,1679,1189,746,1642,1001,797,907,1358,1529,1742,886,1528,1104,1377,1056,1405,1873,879,1319,1311,2702,1042,1058,769,1279,1264,1951,783,1469,910,1451,756,932,827,394,1324,1418
ARRDC1,675,979,1211,1326,1021,784,1545,956,611,558,528,585,1352,703,1009,906,1474,528,767,1378,931,1199,1023,1075,1776,453,1158,855,1092,746,980,1217,2188,1436,1461,600,586,854,860,901,841,1084,1477,1104,995,618,1392,1182,1145,652,747,1052,842,678,760,897,451,1729,474,1092
ARRDC2,1997,640,1487,674,1139,682,1079,1345,1881,774,1062,980,1485,417,1744,871,3706,1113,642,2381,2074,1985,1443,2190,2589,1673,1420,745,2012,674,1689,1958,2064,1852,1044,727,901,1671,1563,1491,934,1094,1306,2552,1638,672,1833,886,1710,2093,1040,1113,1590,1372,1006,668,1288,3274,831,1985
ARRDC3,13615,40533,14207,4914,15490,7824,10957,15155,4889,5902,8572,10145,11934,9002,8396,10558,10336,6862,9203,14065,12382,8200,11009,9408,15998,5167,13187,8729,5538,5104,30822,22413,19043,19771,31564,8910,13152,16105,8589,15493,8744,9154,3646,7849,17089,5463,7336,13622,8424,13089,7367,34714,18660,7024,8559,8248,15895,18350,6215,5464
ARRDC4,606,400,992,1046,2368,633,977,1613,758,643,358,1294,856,339,589,921,2462,1154,820,1782,878,748,354,1621,1978,529,1011,527,2355,993,1523,1024,1541,817,1506,504,1015,887,658,936,1052,1310,760,1148,1509,780,2192,1283,916,871,278,1436,1088,2287,569,1230,1096,1163,1068,594
ARRDC5,50,13,71,8,31,9,60,51,38,54,14,50,81,9,76,23,58,27,44,72,53,50,20,29,76,45,68,13,47,36,33,49,17,10,46,39,58,54,93,114,57,37,166,162,31,59,32,42,37,66,20,29,48,50,15,22,76,12,29,114
ARSA,731,766,796,1454,1345,588,1019,1338,760,884,553,2176,1010,584,1050,822,891,1153,1137,2036,1680,581,866,2120,1026,416,1298,1323,566,607,722,1739,1090,1640,1246,951,800,797,1359,3467,838,726,1313,1043,1081,758,424,1170,894,987,412,1135,422,880,631,810,682,1446,1268,1580
ARSB,1068,797,1754,1310,1315,522,1130,1308,952,958,929,2095,1392,346,1110,980,1557,1055,1591,2446,1797,1108,888,1215,1150,439,1194,1009,572,850,1357,923,1156,797,1414,988,1319,868,1110,1686,892,1075,1470,1477,742,1086,693,1774,954,1948,680,860,779,1505,700,1253,954,841,1577,789
ARSD,1897,5992,3826,6343,3497,4545,8068,9135,3616,3210,4169,2582,1489,4909,3793,10389,2688,2883,1596,16316,5419,8012,16746,12004,3763,3316,4771,1500,2009,3145,7357,8604,5961,3057,8815,3665,8468,8128,3514,4591,2883,1749,1744,2043,5241,1278,2527,5095,2713,1608,1811,5859,3403,4475,2703,3751,1908,2709,1552,2363
ARSE,253,587,165,409,1872,148,551,518,2401,2507,52,89,108,1894,258,797,559,2482,555,1134,98,3018,1449,1924,798,412,543,239,116,726,1681,1860,1441,3,1957,199,1114,574,614,271,74,320,820,188,92,19,205,88,20,157,410,497,335,1006,380,220,766,165,959,317
ARSF,0,1,0,0,0,10,1,1,2,0,56,7,0,1,0,1,1,0,4,26,6,0,0,1,2,2,1,0,0,3,0,3,23,0,2,0,0,1,0,0,1,0,2,8,0,0,1,0,0,0,0,0,1,3,1,0,0,1,1,1
ARSG,206,135,263,82,403,124,336,325,205,170,276,308,227,131,337,178,349,109,245,396,273,194,187,448,223,171,211,183,138,174,164,341,132,130,197,264,314,222,216,416,307,285,284,386,272,236,210,448,305,380,139,455,231,281,208,221,237,496,222,257
ARSH,1,1,0,8,20,7,11,4,3,5,61,7,2,2,12,14,5,1,14,69,15,13,13,117,13,20,14,60,1,17,28,3,0,10,9,7,8,12,2,3,4,2,3,4,11,13,7,4,14,2,2,22,3,8,1,47,5,12,3,1
ARSI,90,134,112,98,190,64,144,149,176,79,77,340,203,58,106,84,375,144,198,224,110,28,48,78,132,78,84,82,74,49,103,279,79,66,99,124,191,55,83,94,75,78,111,85,187,118,113,128,124,189,130,54,110,102,105,181,153,52,253,88
ARSJ,211,321,597,1151,331,1504,1157,647,113,239,844,642,961,104,243,659,1551,905,788,2335,1737,1273,815,913,463,386,1163,732,411,482,1032,1114,427,286,1016,601,1036,413,204,1257,148,530,318,713,487,425,442,981,163,561,435,463,289,408,801,1679,481,859,491,393
ARSK,145,297,344,377,130,190,233,389,173,180,220,245,282,120,148,299,306,272,129,392,431,207,342,416,232,136,232,273,179,281,451,418,597,228,389,221,413,267,157,324,170,162,153,288,259,127,175,478,151,222,157,310,192,326,198,300,161,468,306,182
ART1,1,1,1,2,3,0,8,1,0,1,1,0,0,12,2,3,0,0,0,3,2,2,2,0,7,5,7,2,1,8,6,2,18,37,1,0,0,5,5,0,6,10,3,9,2,1,55,1,0,0,0,0,2,7,4,3,1,2,1,12
ART3,2,1,1,32,5,1,1,2,0,1,9,3,2,0,0,1,3,0,2,2,12,5,1,4,2,4,5,3,0,5,3,1,1,1,1,1,4,1,0,0,3,1,3,4,4,1,0,12,6,1,0,2,3,0,2,8,3,1,4,0
ART4,87,68,202,16,144,65,171,176,14,40,49,284,100,55,52,68,427,91,38,210,145,67,153,162,183,127,80,69,36,205,226,181,118,15,184,22,231,94,56,201,98,106,45,159,296,40,72,97,37,137,18,135,125,170,34,32,125,67,31,97
ART5,7,3,4,21,6,5,12,29,1,9,1,23,4,13,4,22,21,7,5,9,10,11,30,21,6,3,4,45,12,19,6,22,14,4,13,11,24,10,2,6,12,6,0,7,8,33,30,4,32,10,53,0,12,16,12,16,4,6,5,2
ARTN,23,17,48,779,167,40,36,24,40,208,84,22,12,17,24,33,53,73,28,43,23,88,8,47,43,7,28,50,16,56,44,55,72,52,16,51,14,17,35,28,49,24,30,12,36,31,37,55,97,8,115,22,11,27,42,28,28,13,75,51
ARV1,295,1406,532,412,464,675,511,604,315,339,368,384,361,445,432,336,711,596,301,961,592,419,1003,563,831,255,610,297,434,698,951,504,608,1328,1374,392,503,1333,334,720,660,335,282,444,655,349,593,767,752,346,751,526,307,521,485,462,602,845,322,236
ARVCF,299,763,678,1257,397,1318,1071,719,327,421,758,400,793,355,572,923,1142,499,387,2142,498,1367,792,883,661,340,1449,949,254,431,405,1207,962,772,492,639,988,462,286,1726,441,385,252,1194,824,462,352,1142,318,288,897,746,386,553,644,1043,323,369,1826,482
ARX,65,0,20,15,30,3,13,137,1,1,9,20,65,1,9,227,236,20,3,234,13,8,104,19,138,0,26,3,4,14,46,126,0,10,336,17,4,524,3,48,13,2,10,1,6,35,5,557,2,16,364,30,13,8,53,25,96,2,26,9
AS3MT,17,10,17,69,8,25,10,29,10,25,25,16,8,9,16,9,19,45,12,23,33,58,1,48,7,20,18,22,7,39,34,56,8,14,40,6,31,40,16,7,12,4,41,9,25,10,3,26,59,9,68,9,14,13,10,29,27,10,10,10
ASAH1,10341,33469,12387,4648,11176,10773,14898,20334,7199,13533,6653,17680,12256,9822,9543,14165,14559,11612,8808,19135,19496,27257,11019,15451,18457,7030,10588,10515,7230,11226,26067,13859,37572,20574,29027,9343,12155,20396,12224,11838,8465,15237,13944,14366,12367,6954,12121,10014,7746,20696,4539,13123,8263,17224,17504,7302,3791,38007,15410,5369
ASAH2,10,295,43,53,53,80,40,2,6,87,34,30,82,67,112,103,115,101,81,76,21,291,79,153,125,16,58,59,27,113,141,63,129,28,133,41,5,90,30,60,105,44,81,142,69,19,110,71,76,14,89,128,44,40,353,64,34,80,20,36
ASAH2B,303,528,534,146,812,259,320,381,370,268,234,90,359,247,238,205,399,374,353,304,304,1063,189,501,1014,66,228,196,424,495,427,194,187,600,442,190,415,303,111,250,202,222,778,278,208,150,247,214,280,132,207,213,165,334,383,196,299,210,311,130
ASAP1,1709,1263,1940,4502,1620,1508,1764,1695,2364,1605,2720,2800,3767,551,2138,1859,3774,1580,2624,4173,1671,3659,1129,1648,2169,1425,2838,2275,1456,1767,1565,2169,1680,1315,1660,2152,1334,1637,1942,2618,1106,1159,2890,2500,1366,1817,1076,1782,2179,2917,1943,1394,1156,2480,3443,2139,1839,1066,2865,1958
ASAP2,712,3336,793,2014,2149,1328,3827,751,3952,407,1074,990,779,564,1391,713,1646,659,606,2814,1310,3269,1572,1110,2826,725,1328,1454,4618,1879,1632,1517,4321,3491,1213,819,760,514,1405,3651,508,590,1477,688,1038,803,4768,913,1827,830,517,1136,521,2758,974,1331,525,5429,590,1264
ASAP3,738,1231,1414,3831,548,972,1643,1087,302,627,780,1191,2073,656,1091,1864,2087,316,548,2566,1396,1825,1864,2375,1070,688,1827,1897,450,2060,1886,1741,2536,2189,1015,752,1633,704,741,1600,1558,1626,825,1218,906,1982,635,2126,922,846,1380,1885,642,813,522,1968,437,2140,684,1103
ASB1,717,1299,946,1183,993,919,1209,966,1389,1289,577,787,998,854,906,987,1724,2110,950,2659,682,1376,521,1132,1763,366,1217,1176,1146,704,1197,1103,1153,612,1250,1079,1303,898,770,1649,753,844,1048,1023,920,797,1045,1216,717,738,1052,554,609,1480,1761,1364,942,533,1113,867
ASB10,0,0,0,2,0,0,0,0,0,0,0,0,0,0,0,1,0,0,0,0,0,0,0,0,0,0,0,3,0,0,0,0,2,0,0,0,0,0,0,0,0,0,1,0,0,0,1,0,0,0,0,0,1,0,1,0,0,0,0,0
ASB11,35,6,3,0,2,5,29,11,0,1,1,3,3,5,2,8,3,1,2,4,53,6,12,3,4,7,14,445,4,156,39,13,3,2,7,10,5,11,1,4,1,4,1,6,16,4,5,0,0,5,17,2,1,9,3,11,443,1,0,3
ASB12,2,0,1,37,2,5,2,4,1,1,7,5,4,0,2,7,5,4,3,30,7,5,5,14,4,1,1,4,4,0,4,7,1,0,4,2,1,4,2,4,9,3,5,6,3,2,9,5,2,3,4,0,2,5,3,8,2,5,0,2
ASB13,652,459,681,1308,1193,499,561,656,288,678,279,474,502,311,778,472,1076,587,834,836,444,1541,244,590,805,200,494,787,664,739,895,674,560,310,708,354,421,699,344,563,399,620,868,475,552,363,613,556,734,420,651,610,345,1019,630,436,468,645,548,311
ASB14,17,3,17,0,3,13,46,10,23,7,19,29,13,5,6,21,9,0,11,31,2,19,14,17,57,2,53,28,37,27,37,34,3,20,19,55,33,28,11,3,12,7,24,4,18,0,47,17,3,27,14,2,6,5,11,11,17,4,13,42
ASB15,0,0,0,0,0,0,0,0,0,0,0,0,0,0,0,0,0,0,0,0,0,0,1,1,0,0,0,0,0,1,0,0,0,0,2,0,0,0,0,0,0,0,0,0,0,2,0,0,0,0,0,0,0,0,2,89,0,0,0,0
ASB16,9,38,30,13,4,1,3,3,3,24,1,3,4,87,13,9,7,285,3,3,10,86,7,22,4,2,2,7,3,25,9,43,2,14,13,13,2,9,22,6,18,0,2,1,7,2,3,11,9,1,16,0,4,33,49,15,23,8,21,57
ASB17,0,0,0,0,0,1,0,0,0,0,0,0,0,0,0,0,0,0,0,0,0,2,0,0,0,0,0,2,0,0,0,0,0,0,0,0,0,0,0,0,0,0,0,0,0,0,0,0,0,1,0,0,0,0,1,0,0,0,0,0
ASB18,0,0,0,1,0,0,0,0,0,0,0,1,0,0,0,0,0,2,0,0,0,0,0,0,0,0,0,1,0,0,0,0,0,0,0,0,0,0,0,0,0,0,0,0,0,0,0,0,0,0,0,0,0,0,0,1,0,0,2,0
ASB2,103,32,64,38,81,51,217,150,78,67,116,290,146,37,280,83,153,43,157,180,127,107,44,61,291,52,155,39,47,173,65,215,52,24,109,149,163,54,160,196,132,85,165,124,171,105,121,94,138,164,40,64,118,215,27,76,180,21,72,98
ASB3,123,299,407,176,188,150,180,201,123,128,166,138,118,174,162,138,274,179,121,359,273,305,264,274,262,102,191,200,185,265,355,239,193,157,332,138,210,157,115,258,166,207,187,346,270,171,145,306,196,151,321,197,167,180,183,149,219,211,156,161
ASB4,43,47,2,22,20,20,27,23,3,32,53,19,3,25,13,42,16,332,16,88,35,19,755,304,42,42,20,37,33,36,61,24,34,23,36,9,483,34,86,89,19,16,2,1,15,51,18,11,24,34,16,90,59,40,64,195,25,11,4,42
ASB5,3,0,2,2,1,1,3,1,0,2,0,10,4,1,2,13,6,16,0,16,0,0,0,7,6,2,6,0,2,2,9,12,1,3,0,6,3,3,1,1,0,5,4,3,3,3,2,1,23,3,2,1,3,11,3,17,0,0,3,2
ASB6,629,660,618,689,673,628,619,645,397,600,448,576,737,444,868,528,959,670,743,934,708,952,438,740,902,246,688,536,700,557,843,715,1050,1018,912,598,527,666,542,733,480,557,948,664,609,483,614,997,812,532,761,1009,477,575,708,734,516,429,490,507
ASB7,490,1000,984,1130,1184,462,910,776,700,792,425,699,823,483,705,861,1072,547,1035,1316,759,1260,504,783,1309,371,848,528,836,681,658,838,1252,936,630,642,660,648,487,990,507,784,1201,700,865,510,988,913,795,592,670,1132,519,858,706,786,612,1081,744,475
ASB8,511,1109,757,1056,989,601,712,915,647,1078,828,896,757,691,997,816,1382,2178,749,1389,838,1897,860,1950,1468,347,633,937,748,892,1096,1085,1185,1027,1261,676,1050,1035,568,1149,1015,725,911,821,954,575,1462,1629,808,738,612,948,567,1321,883,800,570,1004,907,587
ASB9,179,374,126,75,430,149,317,290,115,349,58,58,173,180,99,201,243,58,146,492,150,821,352,705,315,140,276,366,44,1204,360,205,672,251,610,431,194,223,133,170,49,211,284,108,148,53,54,128,189,122,1570,293,104,208,135,440,152,181,51,207
ASCC1,470,1131,592,721,734,411,660,720,943,770,590,689,624,567,574,588,953,696,722,1306,717,1463,715,1089,1632,344,589,521,525,918,928,838,896,825,966,516,571,823,414,633,457,401,1118,765,740,350,362,703,915,656,484,764,425,880,656,715,483,1125,596,419
ASCC2,923,1121,1843,1947,1418,980,1161,2034,1057,1064,811,1173,1432,507,968,881,1694,1031,989,2698,1266,2486,1333,1883,1429,669,1756,1676,837,902,1063,1831,2059,1576,2117,892,2768,875,1392,4936,859,1096,1263,977,1270,3628,964,1516,1710,1001,1274,1256,747,929,851,1044,1339,941,931,952
ASCC3,4365,5049,6580,8947,4753,4887,5194,5133,5503,5905,7104,5496,6643,1843,3951,5050,9293,8419,5949,11109,5629,20161,7853,8741,7519,3169,8467,9228,4701,7393,7145,3328,12206,2686,8078,3970,5697,11440,2927,7051,3215,3711,4789,5449,5534,5431,3208,6305,5334,5980,9695,9466,3538,5342,6235,11101,5699,4918,5402,3851
ASCL1,0,1,27,10,6,5,12,6,5,133,10,106,3,40,5560,5,4,21342,4,59,5,3005,21,5,3,1,16,4,1,2,1,35,110,368,4,1560,6,23,679,4,2,5,3,3,4,2,2,4,1,59,7,41,5,1,3267,3415,2,1,4977,988
ASCL2,22,22,48,63,37,56,12,38,78,1235,49,36,37,30,89,53,14,517,33,134,74,135,157,91,23,21,43,28,14,64,29,33,44,9,45,30,72,10,23,30,96,18,64,67,41,28,15,271,67,18,29,1085,63,20,124,48,29,131,30,43
ASCL3,2,0,0,0,0,0,4,0,0,1,0,0,0,0,0,1,0,0,0,2,0,0,0,4,2,0,2,0,0,0,0,0,0,0,0,2,2,0,0,2,2,0,0,0,0,0,5,0,0,0,0,3,0,0,0,0,0,0,0,0
ASCL4,0,0,2,1,0,0,3,0,0,1,2,0,0,1,0,0,4,0,1,1,1,3,1,0,1,0,1,0,0,2,2,0,0,2,4,1,2,2,1,0,1,1,0,0,0,1,1,1,0,1,2,1,1,1,0,0,0,0,0,0
ASCL5,18,28,31,9,5,8,0,6,0,8,2,4,62,1,20,10,6,141,6,6,2,40,19,52,7,5,5,5,3,0,22,6,20,45,31,0,42,4,3,8,49,6,3,12,51,7,29,14,0,5,16,6,34,123,11,24,9,11,6,7
ASF1A,352,1410,655,1887,664,604,686,822,547,667,926,652,821,547,498,603,876,659,776,962,820,2878,759,835,1873,277,729,787,577,1301,1584,577,914,718,964,422,699,1318,307,797,815,471,728,571,1100,407,747,1042,581,462,359,609,386,952,658,909,480,1258,492,389
ASF1B,358,52,145,1227,296,800,149,221,159,381,362,104,110,27,102,163,610,426,305,283,1059,285,162,289,456,100,366,539,229,412,265,78,298,205,480,318,134,63,104,166,212,81,731,145,121,89,112,183,321,85,366,295,97,52,384,784,137,115,157,88
ASGR1,47,37,43,24,72,11,49,76,48,26,13,54,47,77,32,25,66,92,56,54,51,148,119,135,51,38,48,90,22,77,91,97,20,34,162,46,49,33,50,42,57,47,75,67,33,43,27,39,26,42,22,41,28,56,43,43,46,17,34,22
ASGR2,24,3,12,10,25,8,13,15,23,9,11,21,21,8,11,4,22,52,34,18,25,10,12,21,15,8,27,9,11,13,9,13,21,6,31,8,9,15,20,10,10,9,30,44,15,10,11,33,29,25,14,35,13,18,3,17,10,9,22,8
ASH1L,7357,16886,9282,7852,6489,8739,9782,5718,5931,7189,4584,6368,8783,7322,12385,11772,8979,12375,5294,14653,8678,14862,10089,12838,7992,4219,9609,6100,7041,7767,11221,8040,13565,14300,9336,6024,11200,10981,6301,14718,7171,9750,9279,6984,6740,5402,5239,10930,9243,5551,13001,6007,6124,11048,13291,8536,7944,9766,6566,7492
ASH2L,687,1206,753,2209,1224,1268,766,952,833,1301,402,784,942,390,1079,869,925,1481,643,1123,1157,1579,744,1018,1230,435,1194,605,851,756,966,763,2327,1153,921,623,685,1093,589,679,492,574,776,708,775,502,807,732,585,571,1521,672,514,946,1649,878,649,938,709,739
ASIC1,69,15,25,38,38,49,57,29,75,101,72,68,37,8,25,19,90,28,20,37,49,9,61,89,36,17,54,44,21,40,52,120,36,121,20,54,73,18,19,29,25,12,27,20,20,62,9,78,47,27,166,55,14,22,83,33,26,23,36,22
ASIC2,3,7,3,5,4,1,3,7,4,6,2,12,5,0,1,1,11,44,18,9,4,5,15,18,10,1,13,6,0,4,3,26,17,3,5,2,6,8,2,4,3,3,12,9,5,24,3,5,9,4,3,15,2,14,23,57,2,4,8,13
ASIC3,83,15,39,10,21,17,127,19,11,15,3,32,25,20,61,25,14,40,19,58,5,16,8,20,19,28,39,20,8,21,27,211,29,57,11,16,34,8,15,50,15,19,127,60,20,19,17,20,27,16,130,5,11,21,39,18,22,12,17,51
ASIC4,4,1,7,11,7,3,7,22,3,14,1,5,17,0,3,15,34,8,2,29,5,6,2,19,5,6,7,3,5,3,3,19,10,2,8,7,49,7,8,56,21,9,7,9,17,13,3,27,9,8,32,5,17,12,9,10,6,4,2,15
ASIC5,0,3,0,0,0,0,3,0,0,0,1,0,0,5,0,1,4,0,2,0,0,7,0,2,2,3,0,1,0,0,1,0,0,5,0,0,1,0,0,0,2,0,1,0,0,0,0,1,0,0,0,9,0,0,0,1,0,6,0,0
ASIP,2,0,0,0,2,1,0,2,0,3,0,11,0,0,1,0,4,4,2,2,0,0,1,1,3,0,2,1,2,2,1,1,0,0,1,2,0,1,2,2,2,1,0,2,0,0,3,1,2,5,0,1,5,0,2,1,1,1,5,0
ASL,1096,1117,2049,1059,1826,609,1460,1226,1226,440,567,930,829,610,720,1339,2445,565,922,2577,842,2609,1357,4023,1205,524,981,1506,1435,1724,1130,1326,4028,888,1088,826,1238,1404,627,1783,880,1599,1286,743,997,696,1350,1348,1035,1178,788,2104,1139,852,667,835,781,2606,446,1420
ASMT,1,0,3,23,4,0,4,3,7,5,0,0,3,0,3,2,9,6,1,1,2,4,4,6,5,3,3,0,2,6,0,5,2,6,1,3,0,3,4,7,3,2,5,4,2,7,2,2,1,2,1,1,1,6,1,1,1,0,7,4
ASMTL,689,555,1197,1571,366,511,747,867,305,364,316,567,608,429,534,694,603,463,424,1259,767,786,935,602,561,277,537,414,367,948,784,860,1048,372,729,414,558,943,417,694,553,470,508,468,607,466,267,618,482,525,624,680,514,611,290,399,383,260,528,464
ASNA1,937,690,954,1585,979,950,918,1590,378,919,608,1067,666,329,764,827,1759,828,766,1404,1233,1358,789,1812,1208,384,700,1057,805,752,1534,1145,1061,1108,1297,741,894,1056,488,962,1104,609,989,941,1316,516,1012,1637,712,907,985,772,526,868,769,736,547,760,685,345
ASNS,26,16,33,52,24,27,69,20,19,69,20,46,31,12,113,58,43,59,36,56,61,51,38,51,46,24,39,22,22,55,59,59,29,34,52,41,42,60,31,101,32,19,59,38,25,16,29,58,34,29,57,20,34,25,64,58,35,9,48,43
ASNSD1,970,1968,1042,1803,1530,914,1236,1690,1016,1724,1079,1383,1464,824,1341,1221,2161,1692,1509,2465,1683,2358,1428,1764,2560,547,985,1187,1369,1911,1536,1124,2191,1504,2772,1268,1382,1610,782,1594,1300,1185,1439,1092,1605,682,1875,2317,1411,1319,1038,1078,779,1589,1928,1272,788,1956,1007,749
ASPA,79,124,127,39,61,69,84,112,24,48,33,376,50,64,14,78,420,74,61,123,125,27,112,92,98,71,142,37,88,126,90,157,94,44,144,50,186,107,16,121,101,73,51,201,158,17,131,152,45,308,41,68,107,149,26,45,86,50,37,124
ASPDH,0,1,0,4,0,0,1,0,1,0,0,0,0,1,0,0,0,11,0,0,0,0,0,1,0,0,0,0,0,0,0,0,0,1,1,0,0,0,0,0,0,0,0,0,0,0,0,0,0,0,0,0,0,0,0,0,1,0,2,0
ASPG,13,1282,25,189,91,1,8,49,15,26,5,30,7,746,413,2,29,23,5,15,14,243,43,74,266,35,15,2,4,5,12,24,3280,45,28,29,213,22,26,11,1,5,242,10,19,6,20,16,137,32,12,21,32,199,22,15,4,92,4,476
ASPH,15859,7385,8826,5450,34947,9627,15212,10954,15623,3255,5778,8069,9829,4192,8382,17326,12570,15710,20099,13400,24690,46465,12846,13174,33203,13057,14494,14879,14503,37011,20117,22062,4829,14495,6782,4059,6304,4453,3048,7412,18859,12737,41344,9980,6968,11013,11331,21249,8063,9108,3689,54965,9973,12641,3830,12296,23676,39711,6950,7132
ASPHD1,192,8,147,17,60,55,264,175,23,26,26,50,44,0,80,42,189,605,106,135,49,8,79,25,61,36,152,35,100,53,158,187,1173,7,170,44,111,38,33,18,27,84,115,14,152,31,93,120,175,59,365,132,29,15,268,202,72,113,34,30
ASPHD2,91,11,436,119,60,65,154,199,155,81,34,175,96,16,272,181,77,71,160,134,184,100,48,82,384,30,180,90,445,91,50,68,131,166,88,190,47,78,123,124,186,62,158,103,119,130,1222,414,108,89,113,106,62,51,14,257,299,67,207,61
ASPM,1206,539,519,4855,2072,3527,376,551,1433,4367,2001,465,785,255,1142,994,1937,6429,2261,837,1834,4163,643,1305,2793,540,2670,3837,1880,4674,702,182,2230,1098,2467,2030,662,500,677,815,1064,383,6044,833,405,667,479,1135,4505,378,4507,749,455,271,6297,4145,1185,803,1366,565
ASPN,1310,1213,1623,371,1481,577,1341,1945,843,1498,1586,1440,2864,255,1513,1599,5053,1040,2232,2466,844,519,804,1733,1853,1050,937,779,714,932,2532,2309,919,157,1225,965,1408,1401,689,992,776,339,537,655,2647,1932,1224,3611,1314,978,3229,1126,365,3892,1449,2722,1795,1160,6170,295
ASPRV1,27,25,43,32,30,29,25,26,54,20,15,47,20,12,19,22,67,32,22,71,27,44,46,32,55,17,32,22,19,27,35,40,33,19,20,49,44,25,36,72,33,27,44,68,42,26,52,32,64,49,33,20,34,55,32,45,41,11,22,54
ASPSCR1,551,1709,1045,1090,714,427,806,596,583,3167,297,592,625,1134,540,1089,1198,585,524,1290,767,3536,628,2133,1007,354,561,670,305,571,717,868,1157,1056,825,700,827,789,496,971,634,653,1211,762,493,325,377,880,687,579,1085,589,519,761,836,582,395,732,458,928
ASRGL1,352,183,413,976,816,1127,1696,435,68,188,394,313,183,55,165,211,711,1185,124,1361,390,106,299,731,948,223,483,2611,143,1765,964,873,1266,319,543,821,588,370,243,1581,480,617,1243,408,522,1203,327,229,761,422,921,572,307,257,137,1656,402,73,129,178
ASS1,1603,777,4192,1840,1793,2096,2430,3433,925,1274,1614,1378,1659,384,895,3168,1023,3094,2010,4319,3947,420,2116,2172,5008,735,1793,1207,5560,2273,2676,2207,3897,6432,1958,1475,1530,2708,1155,2657,3046,2735,3899,2710,2755,1120,3049,5936,1636,945,2566,4796,2379,1099,173,1416,1182,3825,485,1531
ASTE1,250,394,386,486,249,404,431,382,161,279,346,376,238,91,329,303,474,338,324,566,498,540,197,849,390,165,268,185,411,467,488,262,487,263,514,204,306,331,176,418,304,301,389,467,422,277,620,768,370,308,271,492,257,413,213,327,241,280,225,202
ASTL,2,2,4,5,12,67,7,5,1,6,2,9,7,2,3,4,6,6,11,9,5,9,0,4,8,1,37,5,3,3,7,8,1,2,5,14,4,6,12,8,10,10,10,45,9,2,3,4,6,2,8,9,5,0,14,2,4,11,6,14
ASTN1,6,29,4,11,5,7,7,3,2,0,4,21,2,3,2,5,25,23,3,8,31,7,5,8,14,4,1,893,1,8,5,11,281,0,13,2,30,37,16,19,4,10,2,16,24,6,2,0,0,28,2,2,13,13,197,10,12,1,1,14
ASTN2,133,271,303,1380,54,197,404,191,358,377,193,397,257,153,179,233,278,143,152,359,258,175,259,213,232,88,422,133,128,333,298,344,227,608,292,242,428,209,128,275,285,135,280,197,273,109,113,207,251,309,254,171,180,358,680,866,192,103,207,203
ASXL1,2470,4972,2931,4234,2787,3147,4683,2518,3365,5472,2051,2942,4145,1689,3260,3073,4729,4090,3591,4686,2818,5693,3422,4208,2707,1560,3300,4974,2290,3041,2992,3621,4495,2701,2655,4233,3096,2932,2552,5080,1973,2700,4641,3156,2399,2251,1858,4101,3291,2874,4117,2252,1817,3566,5698,4637,2305,2549,3071,3636
ASXL2,2561,2773,3632,4134,2136,2233,4205,2793,3831,2653,1778,3096,2475,1402,4054,2190,3454,4218,2546,7400,3316,4719,4263,3269,3972,1824,3532,4018,3498,3445,4412,3467,5493,3563,3325,2599,3304,2601,2665,4136,2101,2856,2988,3276,2564,1962,2069,3106,3402,2685,3926,2727,2079,2928,3570,3365,3342,2924,4134,2645
ASXL3,43,99,113,173,63,39,101,63,58,75,69,225,141,18,507,91,154,430,86,140,54,22,31,81,58,53,77,46,45,85,75,291,37,83,81,87,162,71,69,280,213,69,47,170,53,220,57,94,85,121,61,64,75,156,621,345,68,48,224,83
ASZ1,31,0,31,3,1,0,3,0,0,1,1,11,3,54,49,4,5,1,2,3,2,3,6,42,7,1,1,50,3,23,15,18,33,0,2,2,1,9,3,4,8,3,1,2,2,6,1,0,3,7,66,1,5,0,3,1,3,4,6,2
ATAD1,1797,5613,2612,1687,3159,1701,2334,2298,2418,2973,1620,2287,2212,2012,2202,2134,3419,5292,2128,3208,2226,6139,2087,3619,5214,875,1562,1831,2169,3419,3977,2811,3916,3684,4440,1745,2510,2979,1481,1773,2039,2211,2216,1902,2446,1215,2639,2989,2361,2285,2124,2001,1541,2641,3187,1972,2073,3851,2603,1332
ATAD2,2257,1427,1716,7796,3899,3324,1100,1769,1346,4269,5353,1112,2172,1093,1001,3366,3202,3547,3073,2604,3624,4942,1031,1872,3102,915,2453,4468,1500,4703,2841,1344,4337,948,2773,3112,1202,1641,769,1373,1681,917,4126,1691,1482,816,922,3496,3236,771,6716,1956,1229,907,7173,4786,1990,1733,2040,1216
ATAD2B,1920,3923,3086,3923,2942,1929,3052,2771,2662,2891,1669,2046,2385,1667,2990,2505,3725,3225,2223,4602,2083,3942,3177,2749,3568,1398,2766,2969,2477,2755,3160,3094,4388,2910,3631,2220,3000,2287,1800,3271,2035,2640,1892,2892,2579,2076,2074,4332,3491,2147,3393,2038,1856,2649,3267,2557,2694,2798,2166,2564
ATAD3A,619,835,856,2565,1026,866,695,615,648,1259,915,538,1264,534,607,847,1207,1251,733,1505,909,1643,599,1683,1014,303,897,1016,385,1093,600,588,1316,1153,650,813,683,460,471,1039,548,470,822,547,660,215,385,1824,686,527,692,1335,409,571,810,842,547,966,685,698
ATAD3B,626,737,828,1511,1121,617,678,497,675,1082,600,426,1135,425,587,923,747,790,926,1000,679,1482,581,1020,785,337,806,777,350,723,509,1055,868,1017,548,772,420,417,481,834,461,618,914,717,726,287,370,1405,699,533,604,726,481,503,720,766,650,692,660,841
ATAD3C,104,71,206,745,355,161,469,278,43,230,54,181,375,64,444,228,87,323,153,599,108,77,418,506,101,111,339,124,83,103,213,360,115,511,652,165,212,245,79,155,258,240,124,217,258,63,38,56,117,107,73,276,136,47,222,249,132,284,120,51
ATAD5,485,338,390,2069,628,1043,476,378,756,1769,429,237,447,131,381,341,989,1096,505,828,695,719,376,801,948,342,972,1879,422,866,486,210,816,376,864,644,417,321,250,709,261,263,1307,383,365,296,245,561,1416,218,1149,426,221,222,796,1434,402,215,556,313
ATAT1,168,539,137,396,233,561,184,174,338,374,191,97,221,112,174,306,288,464,200,321,207,393,191,467,135,93,322,283,192,172,245,295,1027,264,249,244,172,193,138,353,104,136,120,152,176,191,112,471,235,99,288,207,108,307,268,378,185,105,181,331
ATCAY,1,0,0,8,0,0,1,0,0,1,0,0,0,0,0,0,0,3,1,0,0,0,0,0,0,0,1,0,0,0,2,0,0,0,2,2,0,0,0,0,0,0,0,0,1,0,0,0,4,0,0,0,0,0,1,331,0,1,3,0
ATE1,1034,3367,1202,1372,2288,1084,1322,1372,2169,3138,1104,1732,1301,1476,1924,1108,2084,3323,1536,2383,1525,12606,1610,2117,5340,625,1225,1427,1752,1874,2255,1393,2812,2602,1304,1129,1598,1519,1472,1487,1253,1214,2187,1248,1408,845,2170,1421,1929,1615,1097,1216,690,1735,2199,1207,1132,2551,1731,1541
ATF1,536,1732,819,921,1089,535,629,833,838,1273,729,872,779,949,733,534,1391,1181,854,1111,745,1479,729,1093,2124,350,501,966,682,824,957,1144,1573,1166,1169,590,828,805,567,805,594,593,873,645,835,457,1064,1144,1135,693,703,839,638,1175,824,747,658,1775,787,371
ATF2,1744,3617,2394,3216,2247,1894,3239,2909,2232,3850,1872,2665,2677,1876,2862,2658,3702,5760,2756,5042,2782,5527,3005,3940,4485,1179,2459,2888,2924,3079,3604,2639,4797,3106,4168,3029,3136,2124,1889,2738,2446,2404,3188,2647,2972,1862,2405,4517,3184,2564,2740,2698,1600,3435,3754,2805,1593,3517,3033,1773
ATF3,2151,664,906,515,1402,1339,1039,591,383,545,477,7470,611,504,464,596,698,1279,381,985,2199,818,452,475,780,179,824,3589,227,649,1770,2425,6443,2843,383,1524,210,566,1228,1161,1342,1711,445,3162,9816,99,1715,1471,1498,1589,258,1053,1254,1171,333,828,617,1095,748,994
ATF4,3250,7467,3663,5344,6614,3060,4426,4830,4133,8010,3701,7356,5340,3973,4990,3797,7663,4842,8140,9079,6471,7822,2667,5468,13708,1912,3698,5728,4168,5698,3462,5356,9528,9157,7295,6460,4329,4396,3594,7398,4141,4648,6863,3894,5809,3997,7589,9893,5037,8347,3299,3927,2477,5398,5612,3974,4657,7193,6458,6131
ATF5,414,202,408,1456,582,395,533,528,321,653,277,358,455,112,457,230,574,514,736,560,581,384,198,424,405,156,583,287,362,99,400,261,243,427,438,887,345,212,577,1062,597,323,418,538,305,303,279,459,555,382,205,339,218,423,263,274,480,311,966,451
ATF6,4605,8993,5038,3992,6338,4101,5181,4422,3571,5809,3072,4651,5401,5191,4992,4320,6394,6953,4054,6800,5525,10410,3888,8412,7059,2440,4323,4398,4395,4961,7665,4460,8420,8291,6456,2667,4159,7079,3378,5314,4020,3981,5413,4030,4091,2100,5086,6261,4217,5671,6052,4698,3426,7736,6532,4256,4615,7325,5040,2816
ATF6B,1516,3835,1872,3812,2078,2245,1902,1991,1663,1980,1573,1600,1961,1526,1234,2790,2520,2108,1888,3351,3383,3062,1862,5547,1612,722,1703,1929,1440,1436,1688,2225,4730,2349,2240,1240,1845,1826,1582,2608,1153,1559,1989,1701,1373,1179,1510,5295,1422,1461,1854,2531,1422,3120,1730,2103,1208,1459,1569,1746
ATF7,838,1437,1248,1354,870,710,1020,643,1388,959,871,1062,1353,675,1551,773,1261,1730,644,1644,888,1363,1365,1491,1051,672,1708,731,948,664,1405,2049,1909,1878,888,811,1761,808,1290,1646,569,881,1339,1289,834,1141,809,801,1079,687,1045,843,709,1467,1244,1202,875,786,1037,1315
ATF7IP,4459,4357,8520,7841,4778,5316,7344,5260,4398,5239,6117,5324,6019,3046,9326,4466,6966,8301,4446,11675,5446,6339,5976,10173,7037,2684,5779,5324,4548,6218,10118,6746,7264,6030,8459,4443,7453,6933,4145,9694,4370,4603,7074,6790,5366,4796,5387,5733,5009,3892,5629,4529,5043,5232,5154,6800,5725,4600,5562,4711
ATF7IP2,281,433,701,389,143,74,304,601,514,219,308,439,393,282,397,504,333,544,238,648,661,714,852,698,411,243,380,498,387,521,776,493,781,332,453,360,283,543,408,448,437,288,470,514,588,378,459,1023,1069,370,444,647,202,495,93,627,517,294,377,514
ATG10,156,719,601,682,489,404,355,404,481,186,520,289,377,298,299,322,406,367,303,769,470,498,422,519,706,262,549,410,288,412,438,498,544,308,770,307,436,799,195,342,302,190,300,214,290,155,289,711,366,259,140,610,314,417,374,436,298,379,324,422
ATG101,778,1156,1076,2284,1523,490,723,938,566,1251,1115,1073,824,829,1200,698,1561,2253,1422,1320,1048,3154,623,1629,1551,308,577,1475,600,678,1044,1330,1462,1319,1149,1128,841,692,764,940,858,972,1211,749,960,510,1210,1842,982,963,789,1824,597,1150,864,812,775,1313,1271,622
ATG12,822,2092,1821,846,1432,1110,1479,1941,1411,1184,930,1279,1582,887,1269,1374,2269,1315,1259,1973,1636,1422,905,1666,2867,822,1154,1121,1334,1305,1749,1205,2006,1638,3824,972,1497,1707,844,1675,815,1161,1047,1318,1407,815,1491,1941,1104,1357,791,1489,918,1865,1034,1401,1239,1488,1555,756
ATG13,1327,1804,1637,3774,1955,1314,1811,1856,1950,2314,1355,1980,1376,1345,2277,1491,3400,2716,2479,3316,1798,3785,1557,1940,2518,765,1322,1985,1681,1356,2124,1964,2971,1916,2359,1709,1290,1952,1491,2582,2020,1527,1865,1777,1638,1431,1903,2149,2047,1722,1670,1983,913,2158,1498,1338,1424,1416,1878,1647
ATG14,896,1312,1135,1339,922,1385,1196,1306,553,1268,999,1012,1466,712,1293,1266,1556,1242,1192,2034,1415,1823,1177,3000,1502,590,1116,825,946,1119,1559,1020,1281,1498,1173,1002,1960,1364,742,1372,1036,817,1241,1335,990,843,1081,4589,1258,904,941,1341,899,1490,1323,1112,685,851,951,847
ATG16L1,1022,1714,1306,1285,1436,861,1373,1486,1800,1199,999,952,1632,692,1267,1138,1757,1309,1050,1848,1203,2634,884,1576,2285,635,1391,1118,2700,934,1527,1662,1912,2207,1789,1348,1147,1266,961,1595,1217,968,1678,1436,1238,1300,1449,1570,1588,985,1440,1045,869,1348,2205,1071,1077,1696,1040,1033
ATG16L2,619,449,813,565,691,903,803,853,806,615,318,827,1014,431,912,769,867,667,604,1145,934,718,779,659,643,620,1391,544,625,905,659,1013,740,511,694,792,916,781,869,1304,429,572,1159,1329,664,556,479,900,819,1041,987,697,624,884,468,978,785,183,761,1354
ATG2A,1669,856,1729,2069,1359,1250,1671,1203,1763,1603,717,1305,1562,757,2247,1468,1731,2131,1007,2878,1502,2019,1715,2608,1422,639,1289,1959,934,695,1094,2255,2636,1552,1083,1537,1375,1387,1172,1877,1000,1200,1395,1389,1056,1008,721,1427,1308,1102,2266,959,1104,1125,1378,1111,1076,1102,1428,1702
ATG2B,2545,4084,3386,3562,2987,3338,4151,3359,2017,4633,2000,3298,3717,1923,4327,3777,4276,3083,2740,7616,2934,5931,5859,6187,3766,1808,3549,2568,2636,3131,5351,3163,5079,2894,3443,2924,4942,4488,2276,5832,1826,2982,2691,3141,2799,2638,2518,4868,2968,3281,3308,3394,1821,3402,3280,3454,2541,2356,3367,2989
ATG3,1244,1444,1410,1946,1390,992,1028,1380,831,1172,1080,1452,852,473,944,962,1718,1792,1491,1484,1829,2405,925,1770,1800,661,1102,1075,1067,1763,1783,1285,2025,1258,2018,779,865,1290,859,1448,1423,1019,1802,1576,1207,876,1767,2442,2007,1326,1129,2620,813,1220,877,1007,1183,1873,1054,729
ATG4A,428,405,548,365,556,250,523,595,276,528,266,794,584,199,502,475,867,890,450,906,707,837,575,1126,784,205,443,363,409,549,538,436,594,620,1212,453,479,769,345,1016,632,1102,625,556,581,381,858,844,393,835,218,536,465,471,321,459,369,442,589,367
ATG4B,817,1205,1190,2357,938,1098,1307,1151,984,1433,864,1065,1293,695,1222,1290,1631,1797,1010,2282,1153,1981,1157,1389,1266,621,1537,1039,1244,898,1295,1760,1557,1392,1257,1124,1691,843,916,2075,999,1021,1458,1287,987,985,899,1730,1325,960,1168,833,817,1259,1595,1144,806,935,1032,1300
ATG4C,418,652,656,469,412,371,514,743,362,617,382,864,562,347,466,397,919,472,610,966,798,744,710,916,774,290,441,587,475,708,767,471,614,509,880,422,730,476,441,957,648,436,735,689,469,455,792,822,625,642,436,612,395,603,346,518,393,376,816,295
ATG4D,448,365,511,411,473,489,624,558,274,741,236,359,431,247,491,529,601,1031,305,680,603,689,372,624,544,190,461,467,373,343,707,611,526,661,590,675,340,517,528,609,621,497,381,472,607,272,489,526,329,360,418,458,278,382,547,537,296,386,483,370
ATG5,860,1321,1639,2933,1659,1099,1664,1703,1759,1728,1959,1338,1951,767,1115,1100,2150,1401,1560,2816,1599,4077,1798,2574,2737,804,1310,2219,1713,2238,1979,1164,2752,1177,1591,1028,1478,2393,1086,1944,1083,893,1317,1493,1924,930,1399,1418,2031,1362,755,2085,960,1388,1469,2068,966,1457,1424,770
ATG7,1293,1132,1869,902,1624,1229,1264,2024,1077,1005,1121,1980,1485,641,1178,882,2188,1288,1665,2083,1488,1679,920,1320,2042,1026,1770,1177,1609,1044,1498,1570,1589,1476,1840,1091,1344,1202,1609,1890,987,1196,1912,2026,1095,956,1205,1568,1262,2025,1166,1209,931,2070,1809,1285,1056,1169,1367,1425
ATG9A,810,818,1094,1757,822,428,907,773,1181,1516,596,797,946,523,948,858,1153,1202,690,1845,935,1528,576,1258,1118,351,885,670,962,557,807,855,1206,1256,702,646,628,610,604,1130,804,713,1201,838,590,400,615,914,755,592,1122,753,603,924,1096,736,557,909,821,694
ATG9B,28,37,20,52,79,13,119,31,32,13,19,13,49,38,39,45,40,41,31,41,19,31,26,189,56,21,25,125,174,22,36,144,55,115,34,39,22,11,10,37,26,32,59,35,34,7,66,37,59,10,24,181,40,123,125,92,29,24,22,67
ATHL1,1023,5079,2671,6346,5886,2082,2068,1216,2830,1884,4680,1411,6332,5867,8566,19753,2258,9389,1535,14664,2359,5941,3957,9047,2189,2750,9474,1469,1180,1366,988,14338,1252,874,6231,2174,6126,1485,1991,6957,7715,3106,1754,5148,3755,726,820,18505,4154,1570,5491,11985,4754,625,9686,3224,6586,6467,5878,12824
ATIC,721,1363,1909,1827,1645,644,942,679,1433,1135,615,550,1148,643,1417,727,925,1483,896,2361,767,2128,898,1151,1676,378,986,1111,873,1911,1473,1086,1367,1554,1003,791,646,747,692,1244,416,608,1644,672,602,540,536,1020,1434,420,1186,928,635,623,1651,878,891,830,906,915
ATL1,188,335,514,722,547,455,177,420,215,309,220,346,306,140,590,199,593,1914,454,540,448,441,266,870,504,137,386,121,231,252,460,237,143,209,729,295,307,139,183,304,271,166,326,230,306,279,272,322,300,269,193,313,175,507,498,533,150,337,317,120
ATL2,2885,9479,3174,5940,9987,3380,5013,3207,2499,2778,3371,2040,2454,4846,3923,4620,2961,2349,3113,6714,3165,7235,5968,6193,5822,1760,2395,4461,2193,5284,4235,3882,7395,3518,6200,2822,3450,3068,2140,4685,2963,3492,4419,2990,4266,2272,2209,4648,2845,1959,4519,4613,3270,6254,4675,3243,1663,6402,2638,2491
ATL3,5154,8598,8844,8495,7650,6195,8116,7902,5495,3515,4423,7715,8652,3641,6550,7346,11175,8647,6479,11547,6195,7505,7656,10273,10364,3185,4400,5078,6548,8751,5556,7272,7955,5063,11636,4528,5473,8660,3680,7971,6095,5805,5889,7126,5766,4151,7695,9731,6385,6129,8004,5113,5108,11076,6059,5815,5026,8266,6583,3785
ATM,6061,6320,7723,8836,12595,7152,9020,8461,7896,12554,5205,11091,10180,2955,12824,5727,7228,8884,9826,15663,9825,8285,7071,8629,14154,5007,8552,8169,8077,11984,7513,6579,11036,7027,13966,7975,7989,8594,8001,16210,7238,7809,10574,14083,9195,7281,7298,10677,12029,11145,6357,5946,5343,7950,5618,8168,9631,6409,9744,6851
ATMIN,1718,3715,3124,6068,3222,2407,2176,3410,2575,2774,2025,2648,2976,1854,2257,2074,3493,3257,2745,3050,2468,7311,3281,4082,4937,842,1788,3265,2032,2756,1923,2065,4645,3583,3419,1926,2888,3320,1547,3503,2224,2172,2060,1765,2890,1407,2800,5140,2790,2153,1721,2892,1386,3276,3267,1229,1904,4046,2360,1316
ATN1,1117,1017,870,1413,610,704,1309,448,1181,1225,610,850,1136,474,1296,534,1113,1436,507,1316,635,1077,981,1043,608,628,1506,865,421,522,1367,2326,1522,1484,547,901,1238,736,1355,2462,652,811,1507,1384,532,1041,465,702,1045,604,1485,628,770,1257,1335,1031,914,857,909,2679
ATOH1,0,0,0,0,0,1,0,0,0,0,0,0,0,0,0,0,0,0,0,0,0,0,0,0,5,0,0,0,0,0,2,0,2,1,0,0,0,0,18,5,2,4,0,0,0,0,1,0,0,0,0,0,0,0,0,0,0,0,0,0
ATOH7,1,2,3,3,0,4,1,5,1,5,2,1,0,1,3,1,2,4,3,6,1,11,1,2,5,1,0,5,2,6,1,5,10,0,1,6,4,2,0,1,6,0,2,1,4,3,2,3,3,0,1,5,0,0,4,4,8,1,2,5
ATOH8,1081,3039,676,62,522,87,858,617,68,827,188,534,1531,1559,781,262,2188,1094,563,955,630,1303,560,1216,2041,2339,385,104,237,316,1211,6688,415,1067,1643,251,328,1071,647,136,148,768,3420,2793,1065,136,469,326,387,547,145,1749,1552,610,2250,113,200,2206,527,874
ATOX1,528,883,775,761,791,410,691,1010,750,656,718,792,734,440,639,583,1143,717,829,1345,1029,1149,631,1004,1154,458,714,1287,663,684,1226,758,1000,526,1428,659,667,833,722,1156,589,592,900,953,646,450,832,1457,704,944,572,968,480,767,388,825,690,629,700,570
ATP10A,1271,179,707,129,994,253,1010,775,594,323,393,964,1464,196,456,536,2437,482,926,834,659,562,594,1215,757,639,1647,261,710,628,754,1466,881,629,1263,469,330,521,417,899,692,2544,563,1848,858,846,473,895,386,944,1179,579,865,1390,286,820,1145,1039,591,844
ATP10B,293,26,628,17,907,223,1863,1037,57,50,52,715,409,35,168,955,109,210,247,3280,770,914,447,526,669,632,802,345,2307,455,718,41,1853,2104,81,244,246,80,539,243,820,315,185,407,788,2047,2371,290,720,353,136,538,194,89,414,799,107,1106,610,1911
ATP10D,1207,1480,2284,1324,1137,869,1939,1709,1246,702,1084,2832,1930,351,1232,1216,2065,1476,1406,3376,2430,2745,2154,2332,1972,988,2012,1684,1517,1393,1960,2168,978,1090,1705,956,2457,1280,1146,2760,1958,1219,1782,2548,1480,1090,1470,1606,1275,2656,676,1554,1081,2305,795,1938,1304,1706,1849,1689
ATP11A,19725,39190,11352,2771,7221,7337,11146,9084,12576,28693,3506,7119,9338,15272,12204,18515,10146,16086,5105,18455,7744,33745,18426,13174,11727,4777,14941,4025,5411,13937,16331,11119,149192,28169,11908,14870,12707,21798,27136,9793,11590,11943,12486,8785,9275,5444,3549,10491,13766,6443,49778,4694,8095,8138,30815,8175,14184,17807,10492,7711
ATP11B,3667,4938,4699,8208,3970,2821,6585,6252,2593,4466,6396,4692,5475,1550,4560,3864,5624,2674,4565,6773,5857,9781,6284,3708,5950,2711,3849,4583,5331,5400,6120,5201,7261,4383,5586,3029,4567,4600,3184,8281,5385,4337,5622,5828,5380,3373,9102,5937,6251,5621,1129,3261,3002,4431,2531,3803,2429,8050,4138,3933
ATP11C,2546,1391,1616,2723,1637,1834,2153,2321,828,1555,1433,2038,1427,469,1825,1958,1885,1429,1623,3184,1955,2373,2257,2626,2731,897,4362,2026,1189,2518,1473,1809,1639,873,2304,1071,1704,2241,1086,5167,1673,1757,1662,2112,1981,1079,1391,2447,1467,2016,708,1413,1504,1614,1793,2398,1301,1383,1495,1139
ATP12A,50,4,333,2,6,3,31,66,11,8,310,279,14,1,6,74,955,6,32,130,33,37,121,41,115,2,85,12,9,15,8,133,6,1622,3,951,65,26,348,21,30,8,13,0,18,6,7,4,23,97,21,4,8,0,11,2,2,2,7,50
ATP13A1,2347,945,2263,1755,1440,1526,1906,1430,2090,1857,940,1924,1682,636,1968,1706,1869,1488,1215,2458,2035,3859,1110,1841,1331,775,1938,1331,1020,905,1824,2200,1257,2755,1139,1311,1244,1184,1650,2324,1311,1230,2355,1928,1608,1215,797,1630,1572,1445,1807,1424,917,1821,1414,1272,1346,1849,1464,1441
ATP13A2,1347,1566,2208,3601,1539,1389,1501,1673,1608,1111,1033,977,1543,1018,1180,2329,2493,1426,1244,3296,899,2780,1171,2910,1443,731,1611,1674,2070,1039,1653,1335,1735,1521,1425,1486,1265,1369,986,2908,1740,1137,1442,1546,1285,899,875,2448,1166,859,1217,1986,834,1731,886,1495,1019,2027,1072,1820
ATP13A3,9669,6143,7549,12199,8459,6228,9717,7910,4882,17651,15380,10248,9833,1599,6667,6255,12403,8771,8559,11986,9900,15679,4418,5815,8317,3801,8857,14966,5938,10904,9341,6381,10641,4506,6877,6700,4256,5959,5246,13324,6706,5720,8319,6497,6781,5723,9543,12112,9849,11348,6773,5416,4208,7342,7835,8945,5774,3502,10206,4940
ATP13A4,6688,1188,12442,577,498,4109,6327,7445,52,379,8208,2270,6161,917,477,16494,3386,997,281,5552,5991,5477,7947,6661,1327,6388,10212,2555,1216,4309,16076,16548,11887,1135,6254,807,9316,2630,868,16717,6082,4741,676,7638,14745,5378,3172,6950,1654,2797,872,4475,5426,760,455,3483,2761,1784,131,6142
ATP13A5,33,6,78,1308,2,72,186,31,2,4,553,22,42,5,19,95,24,11,8,109,73,31,48,97,11,44,130,20,18,37,40,64,86,4,73,11,105,33,6,260,28,176,23,50,115,110,41,60,14,37,16,33,51,643,54,38,24,21,10,50
ATP1A1,17189,55930,24558,22946,17707,13451,30913,22242,10315,12803,19946,15949,27439,35266,16440,13660,17908,29844,9264,50523,28113,17926,37086,52057,17878,18221,21065,12662,15768,13544,18183,20188,41191,30920,22812,14117,23390,11764,10718,29892,9468,36653,15659,15937,8419,8426,15560,26955,10519,17666,10517,26620,13195,17674,17955,20891,8632,24472,18105,16977
ATP1A2,125,62,197,44,62,101,376,176,4,6,78,270,131,57,14,225,159,11,89,139,143,28,60,122,303,143,303,16,66,285,137,354,75,47,125,57,88,162,29,125,105,115,72,130,128,91,86,32,40,129,17,113,183,642,21,61,61,62,23,413
ATP1A3,3,0,5,2,0,0,2,1,0,1,1,2,0,0,1,1,3,224,1,0,4,0,1,4,2,2,0,2,0,5,3,3,1,0,1,0,1,3,0,1,0,0,1,4,1,1,0,2,1,1,17,0,1,1,15,1,0,0,7,1
ATP1A4,6,1,10,14,3,6,9,6,3,4,3,9,5,0,0,7,23,6,3,14,8,15,3,10,9,14,8,4,7,6,7,10,4,4,13,6,14,8,9,30,9,7,1,15,14,26,3,15,1,7,2,12,11,6,1,6,8,0,2,15
ATP1B1,10844,47603,19888,2861,50533,8495,24706,10636,3906,15021,7739,6371,21710,19523,16122,10660,11082,30607,12564,16898,13186,53985,19123,19672,25630,4004,14359,7378,12079,8380,12552,10215,59902,99340,30948,14522,23088,11729,41745,21645,11999,13843,18763,6067,11261,4802,16796,9237,32992,6798,12371,8665,5966,15817,28952,10984,7813,85526,29232,36879
ATP1B2,15,23,27,23,4,19,49,12,3,12,12,29,13,15,5,20,25,9,14,42,19,9,18,7,19,17,41,6,4,18,13,103,13,22,10,23,69,27,33,23,14,29,7,30,31,14,4,8,3,14,48,9,25,56,19,13,21,9,7,57
ATP1B3,2666,1611,2769,3751,1984,939,1903,1713,741,1508,2252,2890,1379,338,987,1064,2939,1583,1687,1364,2744,2751,951,1376,1964,683,1287,2288,1228,1709,2093,2547,1545,1619,1866,1295,868,1631,1605,1430,1667,2101,1983,2516,1113,637,1498,3409,1518,4792,1225,3231,998,1523,1213,1118,1217,844,2219,1304
ATP1B4,0,0,0,0,0,0,0,2,2,0,0,2,0,0,2,0,2,0,1,0,1,4,0,0,0,0,1,0,0,2,0,1,0,0,0,1,0,2,0,0,2,2,3,1,1,0,0,0,1,1,1,0,0,1,0,0,0,0,1,6
ATP23,96,155,114,362,219,118,132,352,113,159,121,146,142,107,126,137,239,193,179,128,802,273,152,244,240,45,136,152,77,218,163,194,227,151,220,68,443,119,71,100,155,98,156,112,114,78,176,260,196,120,149,170,89,182,79,192,78,175,120,55
ATP2A1,10,3,20,29,22,10,32,12,33,65,8,10,24,1,15,6,11,58,17,16,8,35,10,14,13,6,19,39,20,14,5,19,15,18,8,5,5,1,19,12,9,2,46,6,7,21,12,14,38,5,35,10,10,12,54,36,20,3,15,19
ATP2A2,9581,11184,7091,12457,13480,4793,6117,4519,14129,12567,8389,8919,12284,6458,11592,8283,9583,34837,8385,11210,5697,19221,6885,15597,11524,4165,9486,6298,6200,5514,11625,7635,20801,8278,5732,7202,5099,7578,10226,8864,6502,7261,16214,6771,5639,4227,8488,10152,14606,6514,9261,10366,5123,10667,14842,9398,8680,6885,16802,10889
ATP2A3,1210,285,1513,591,2237,619,2282,1599,1298,9998,496,2981,2265,341,9174,632,1708,16048,2211,4032,2431,3348,987,1269,3727,607,2216,1511,1103,1411,1274,1654,2187,807,1321,3603,1468,1174,2531,3221,1703,1404,3280,2273,2340,853,5233,1799,1511,2491,912,791,1219,1078,3282,4203,2234,851,5475,2245
ATP2B1,2335,3339,3800,3895,4553,2114,2749,3317,3744,9103,2377,5182,2499,1579,4150,2145,4588,19614,2357,4234,3426,2667,2836,2710,4632,1245,2383,3989,2267,2690,2361,2320,7899,3362,3993,3021,3336,2065,2691,3950,2406,3435,3382,3501,3505,1757,3073,3412,4971,5234,1224,1806,1802,3634,3554,2839,2462,4166,4347,2248
ATP2B2,7,3,12,10,7,7,5,8,4,1,2,11,13,3,1,2,8,170,0,6,7,10,2,6,6,0,1,2,0,4,17,5,2,0,3,2,36,2,11,21,6,0,3,8,8,8,1,7,3,3,7,2,11,27,3,12,8,1,15,7
ATP2B3,1,0,1034,8,4,1,7,3,2,4,2,3,1,1,3,6,4,9,2,3,3,2,2,1,0,0,3,4,0,0,5,10,1,1,3,6,5,0,0,1,5,2,4,3,7,2,0,14,1,8,2,1,2,2,3,55,0,0,3,5
ATP2B4,10563,5836,11235,7948,6305,5160,6802,6529,5702,2970,4543,8468,10966,3708,8470,4947,10642,11533,7193,10606,6381,9942,8019,6865,6918,4415,9764,4105,7575,5428,10485,6824,24820,43849,7440,8377,14374,6784,7526,8031,14827,11996,12036,6920,5378,4035,4891,7211,12601,7003,20497,4023,5499,20292,19267,6655,5952,16036,5837,8071
ATP2C1,4759,4304,6201,11621,4189,3254,5944,4213,2415,3304,6792,4708,3128,1552,6082,3443,7157,9180,5348,6518,8098,10377,3206,9377,5127,2866,4784,4697,4526,4650,5437,5063,4101,3461,5724,3149,3769,3541,3219,8711,3681,5823,6297,6483,3122,3525,4801,6770,6581,4609,3573,4032,3396,4504,4114,5748,3493,3566,3798,2522
ATP2C2,498,2210,1698,109,3077,403,1357,1289,965,4297,545,857,4352,1166,939,269,1062,640,1373,2338,345,2711,1994,873,3492,381,870,562,1034,452,247,1799,3043,3628,2788,1954,2911,1106,1293,349,787,1291,1363,321,1369,1019,1278,2991,1564,756,320,1147,433,2525,1758,390,152,1055,3863,1277
ATP4A,0,0,0,9,1,0,2,0,0,1,1,0,0,0,0,3,0,3,0,0,0,0,0,2,0,0,1,0,0,0,0,0,0,0,0,0,0,0,0,0,0,0,0,0,1,0,0,0,0,0,1,0,0,0,2,2,0,0,0,0
ATP4B,0,0,1,2,0,0,5,0,0,3,0,1,1,2,7,1,0,17,1,4,0,0,2,2,2,0,1,0,1,1,0,0,4,1,2,1,1,2,0,0,0,0,0,0,1,0,0,0,0,1,0,0,0,0,18,2,0,2,0,1
ATP5A1,6674,14972,10490,23636,10458,6101,9600,7977,7257,12191,5035,10151,5944,7069,7370,4888,15544,26112,10054,12193,10029,28137,7895,16111,18232,2464,5673,8467,5907,6756,8174,6274,10695,14439,13426,9379,7329,8032,9121,7967,8764,7646,10451,8556,9009,2830,8334,8399,8519,9291,9472,14337,4797,9306,12340,5303,6258,7748,9622,6188
ATP5B,6778,13578,9309,28272,17525,4494,6133,8644,6923,15035,10361,9545,8499,7144,7921,6267,14660,85031,10021,10955,8949,28212,6999,12569,19439,3300,5236,12596,7259,8270,12362,13268,16091,14569,12436,11298,9119,7100,9762,6805,8043,7164,10845,7351,8016,4065,10126,14661,8779,9592,6891,15131,4793,9003,10063,7180,5941,13920,17206,6503
ATP5C1,1588,3492,3069,7460,6063,1731,2624,2767,1562,4047,1517,2368,2051,1843,2398,2168,4097,7347,3168,3036,2298,5932,2115,2646,5780,839,1722,3338,3139,4691,3269,2325,5195,1744,3771,2606,2111,3102,1569,1948,2359,1885,2838,2080,2667,1524,3126,3524,3376,2354,2032,5095,1488,2623,2188,2268,1515,3647,2152,1562
ATP5D,516,312,358,901,555,463,771,570,362,488,272,580,412,204,581,398,786,850,675,841,693,620,434,547,608,228,463,433,310,393,643,785,745,975,630,419,399,452,458,757,484,429,529,467,360,341,325,717,458,537,594,509,217,423,418,429,515,414,478,369
ATP5E,3092,5069,4330,7731,6308,2813,5132,5153,2146,5113,3587,3880,3309,2298,2831,3324,7099,9545,7380,5770,5204,4269,4479,7142,8814,1366,1881,6595,5301,3943,4681,3762,4832,4550,7346,3381,2852,5223,2577,4414,3946,8228,4017,5126,3799,2353,5075,10704,3518,4408,4498,7768,1959,3681,2374,4097,2685,5893,3736,2011
ATP5F1,1777,4969,2672,5307,4508,2469,3302,4084,2153,4100,3051,2980,2749,2277,1470,1657,4886,3931,3963,6109,3882,4504,2650,5159,5630,1298,2019,3166,2259,3785,2537,2467,5427,3369,4872,2355,3476,3134,1871,3097,1992,2382,3496,2360,2262,1717,4254,6074,2753,2944,2218,5067,1836,2083,2358,3215,1818,2447,2241,997
ATP5G1,413,1015,574,1918,1110,582,679,896,346,1512,512,660,434,516,400,531,1043,2921,683,1514,1080,1760,753,1231,1453,358,449,884,440,559,531,560,1028,1016,1127,652,710,834,370,517,577,572,1204,447,757,298,424,865,766,595,1085,1550,285,659,607,688,507,995,743,368
ATP5G2,2127,5437,2801,6416,6182,1780,2200,3941,2563,3635,3415,2860,2491,2968,2845,2154,5654,6605,2695,4422,3459,6915,3029,5425,6591,1225,1674,3953,2398,2428,4465,4502,4457,3359,5534,2527,4484,3552,2804,3273,3075,2586,3616,2763,3311,1397,3807,4705,2575,3136,3216,3955,2178,3622,2663,2168,2380,6896,3094,1652
ATP5G3,1458,2500,2007,5431,3197,1179,1597,2836,2018,4057,1878,2042,2116,1318,1491,1609,3108,10800,2334,3886,2500,5454,1515,2616,5079,696,1406,2446,2112,2657,2769,1868,3002,2948,4023,2930,1639,1773,1411,1479,1707,1662,2268,1787,1831,867,1914,3275,1839,2238,1543,3223,1276,1704,1986,1730,1132,2740,2770,966
ATP5H,1309,3570,1869,3478,2056,1294,1592,3122,1509,2512,1266,1816,1501,1408,1042,1948,3831,3629,2317,3745,2522,3430,2335,3356,3152,1038,1343,1887,1592,2317,2787,1992,3681,2309,4383,1462,2183,2790,1118,2239,1664,1507,2244,2071,1916,988,2097,3322,2138,1642,2435,3393,1370,1855,1847,1633,1472,1953,1842,928
ATP5I,943,1718,1291,1866,1744,643,876,1480,970,2346,1222,1268,1082,814,1035,1283,1567,3764,994,1915,1588,2565,1796,1934,2453,507,921,1479,1122,1899,4079,1794,2451,1461,2040,771,1382,1793,775,1262,1480,1141,980,1561,1271,589,1241,1876,859,1257,887,2391,554,1130,892,1688,993,1952,1348,713
ATP5J,556,1191,1087,1810,1158,800,871,1042,667,785,559,912,602,623,699,834,1084,1383,1010,1222,1062,1015,893,1236,1650,311,768,902,601,1202,1169,808,1273,978,850,653,681,1122,381,754,687,584,964,702,751,375,938,1906,769,825,684,1398,420,863,630,1433,559,1364,835,315
ATP5J2,1115,1859,1126,3272,2611,712,1010,1536,806,1895,1134,1074,1081,931,1337,1173,2037,1679,1857,1182,1044,1601,1426,3481,2098,623,844,1335,905,1487,1936,1596,2375,1464,2242,1084,1009,1928,707,1054,1113,987,1541,1090,1135,464,1219,1491,1275,1104,704,1756,730,1171,1309,973,644,2180,915,625
ATP5J2-PTCD1,0,0,0,2,0,0,7,0,0,0,0,0,0,0,0,0,3,0,0,0,1,2,2,0,2,0,0,0,0,0,0,0,0,0,0,0,1,0,0,0,0,0,0,0,0,0,0,0,0,0,0,0,0,0,0,0,0,0,0,0
ATP5L,1402,4537,1619,5650,4646,1699,1316,4127,1723,3049,2052,2261,1716,1774,1992,1861,2989,5785,3026,3756,2684,2570,2495,4544,3985,893,1275,2560,1598,3111,2177,2325,3341,2174,5172,2168,2078,3221,1458,3498,2465,1990,1693,2087,2540,1075,2341,3903,2104,2515,1413,3895,1022,1927,1766,2060,1625,3422,1851,1118
ATP5L2,14,31,17,25,16,13,17,12,13,28,11,9,16,15,15,13,15,31,18,18,17,12,14,20,16,3,11,20,14,19,10,11,43,20,16,21,24,17,6,21,15,17,11,20,20,13,18,12,10,19,9,21,5,17,12,19,11,22,8,32
ATP5O,654,2228,1506,1915,1903,909,1148,1683,752,1593,798,1118,643,694,788,992,1583,1777,1099,1910,1627,1249,1108,1979,2559,445,854,1284,822,1751,1345,803,1804,1618,1443,807,895,1338,569,1018,820,917,1028,868,1404,483,1393,2738,997,1134,844,1605,765,923,846,1525,750,1683,986,317
ATP5S,461,1626,1572,1017,888,1177,972,877,421,768,563,549,696,685,823,675,1108,1146,837,1431,768,1280,921,1757,1302,478,821,432,660,809,933,601,1428,1019,1017,577,1060,1060,387,1578,535,634,759,831,734,609,745,974,709,607,732,952,756,805,782,1014,745,651,1522,759
ATP5SL,395,754,548,1205,510,621,669,528,260,892,492,512,662,565,639,516,1207,1184,685,775,667,666,390,889,1080,250,499,567,421,447,717,494,857,675,1081,842,407,615,330,927,619,423,420,577,369,348,437,663,491,480,660,493,349,631,529,346,459,913,606,432
ATP6AP1,3009,2634,6026,5574,2931,1499,3091,3781,1657,3244,2240,4567,4020,2443,2337,2571,3912,3806,2205,6585,4258,6465,3351,5249,3034,1320,3255,2719,1840,2546,3394,3501,5694,3783,4485,2343,4176,3494,2837,8425,2522,4236,3426,3308,2606,1545,2340,4729,2709,4107,1616,3473,3031,3784,2998,3086,1620,2304,4038,2447
ATP6AP1L,28,60,33,38,64,37,38,34,52,32,49,44,51,30,30,60,50,22,19,75,55,38,60,31,58,42,94,28,77,37,47,54,87,71,28,41,29,51,28,32,20,33,48,32,28,46,28,68,70,23,88,37,14,48,29,66,47,7,38,49
ATP6AP2,3400,4260,4885,6382,5721,3029,3683,6623,2592,4494,3353,5904,4447,2847,3064,3962,9121,4989,4358,10293,7239,7557,4513,8583,6377,2113,2583,6595,3105,5077,5672,4198,6767,4552,7684,2971,4425,5425,3741,4481,2998,3482,4285,4872,3756,2615,4352,7887,3707,5258,2096,6303,2630,5569,2774,5593,2996,3485,6732,1650
ATP6V0A1,2191,2509,2997,1633,1258,1412,3649,2268,2180,1712,801,2700,2530,1384,1540,2229,2199,5797,1116,4298,2060,2858,3563,3262,1801,1223,2495,2809,1533,1569,3408,2318,4136,2543,2149,1468,3609,2565,1809,3503,1558,3400,2394,2234,1233,1662,1921,2192,2173,2321,3061,1989,1296,2217,2637,2572,1664,1113,2385,1675
ATP6V0A2,1242,846,1175,1227,1452,965,1105,1372,1187,1507,541,1489,1260,761,1407,933,1783,1037,1233,1413,1171,2017,850,1715,2079,583,988,917,867,983,1683,1039,1740,1791,1505,937,1508,1180,850,1685,1235,1354,1603,1309,1226,863,1792,1667,1292,1469,974,1030,857,1284,1365,1225,1233,937,1346,1143
ATP6V0A4,42,129,26,687,91,13,37,51,198,925,451,36,1488,211,329,343,41,52,42,406,77,229,128,1022,181,18,194,1479,9,756,721,260,1,11,124,524,124,3633,5,2,81,51,124,136,98,5,7,177,315,51,224,148,18,8,111,148,369,3,551,18
ATP6V0B,1681,3772,3481,3462,3958,1487,2298,2610,1575,3002,2568,2931,2780,2243,2121,2301,3596,6351,2681,3839,3092,5594,1691,3708,3361,921,1838,2314,1664,3482,3075,1782,4004,2645,2919,1771,1538,2132,1980,2251,2750,2312,3774,3029,2545,1138,3133,5612,2215,2851,1688,3671,1257,2295,2334,2542,1335,2672,3592,1561
ATP6V0C,174,177,305,235,224,128,263,226,183,188,174,296,250,132,143,231,263,349,180,387,288,406,222,277,256,83,254,253,145,226,326,265,482,231,226,164,240,190,231,343,268,176,349,264,139,111,244,441,119,249,203,269,168,244,140,171,209,273,278,170
ATP6V0D1,2204,2036,7077,4542,2622,1673,2664,4756,1543,2101,2022,3782,2483,1402,1753,1720,3244,3540,2043,4266,2767,4733,5136,6076,3146,1124,2159,4595,1762,1568,4559,2356,5462,3131,4116,2018,4225,2981,2396,3477,3242,2765,2541,2515,2798,1445,2648,7263,1827,3543,1526,3946,1787,2401,2237,2711,1835,2110,2105,1564
ATP6V0D2,139,164,170,20,97,59,91,162,20,176,100,707,103,15,15,48,178,158,24,226,167,81,40,73,146,16,55,95,144,77,89,80,81,175,24,171,150,176,329,188,92,180,11,196,57,47,484,167,97,984,24,63,45,326,58,116,48,41,340,39
ATP6V0E1,2495,7016,3374,2515,3468,1306,2978,5712,1833,1986,2697,4400,5976,2169,2115,2539,5318,2761,3061,6079,4201,4595,4914,4935,5700,2031,2061,3916,2567,4680,10788,3756,5746,5006,7861,1955,3242,6854,2648,3921,4614,3330,2624,4654,3241,1542,3645,5614,2429,4216,1548,4605,2656,4080,2042,2754,2461,4803,3371,1610
ATP6V0E2,677,219,717,2839,616,553,2181,879,536,524,1049,370,626,172,551,1351,1191,1302,497,961,750,1027,1133,2795,497,423,570,595,316,1321,2038,1419,312,1050,1582,674,786,1076,476,1253,1222,845,812,610,768,557,215,645,1024,347,576,656,363,417,1063,753,533,443,436,348
ATP6V1A,4173,6851,4991,8353,5841,3154,5381,5190,2358,4710,4557,7414,3702,2177,4326,3507,6147,9944,5070,7476,7816,13955,4587,6216,7373,2724,3315,4396,3972,5946,9869,5067,6441,6200,7537,3316,4267,4733,4097,6077,4674,4211,7126,5339,3902,2930,6097,9039,7151,6803,5067,10981,2843,5714,4394,3954,3291,9049,4994,2977
ATP6V1B1,18,1474,77,436,21,67,61,76,102,33,29,45,74,240,374,76,40,415,8,124,15,141,291,69,41,19,34,29,33,9,32,85,172,794,58,336,43,32,261,42,49,31,20,317,36,51,10,84,332,17,62,23,44,231,251,93,16,681,142,91
ATP6V1B2,3452,3224,4161,2548,3096,2438,2487,5055,2594,3995,1928,5706,4672,848,3153,2253,5367,6957,3366,4847,4043,4860,2323,3591,4366,2020,3678,3233,2822,2464,6617,3373,4675,3117,4917,2812,2667,5114,3418,3661,2678,3079,3443,5438,3127,2664,3378,3417,3049,6217,1775,3490,2223,4535,3934,3525,2286,2463,4781,1700
ATP6V1C1,3367,3319,3189,4776,4874,2564,2989,3625,2269,3472,1525,3511,3403,2692,2951,4327,5102,3449,3218,5771,2926,8943,2937,5482,4485,1570,2188,7026,2251,4930,5191,3168,5063,2790,3723,2363,3614,6776,2186,3284,3139,2944,3132,3102,2582,1479,3406,7012,2943,3731,7385,3424,1876,3305,5238,2821,2951,2719,3839,1764
ATP6V1C2,72,560,684,4562,185,23,81,429,1536,190,122,48,21,309,41,540,176,125,15,234,66,117,77,19,61,58,12,583,14,253,313,916,129,261,18,1689,7,465,49,12,28,115,66,92,54,18,111,1411,3572,41,1349,107,51,17,71,280,594,253,164,37
ATP6V1D,984,1990,1388,1562,1778,1291,1351,1835,827,1705,1335,1623,1433,954,1529,1196,2129,1600,1830,2537,1710,2901,1515,2851,2266,657,1175,1721,1594,1837,2510,1194,1900,2548,2522,1241,1538,2242,722,1467,1004,1496,895,1458,1478,1197,2399,2278,1720,1570,842,2129,1087,1810,1358,1460,874,2180,1196,719
ATP6V1E1,1425,3501,2337,3038,3169,1623,2182,3243,1338,1952,1886,2647,2233,1769,944,2364,3745,1709,1914,4463,2571,5099,2282,2603,4657,943,1655,2932,1969,2708,2378,2582,3707,2765,4292,1526,2142,2613,1254,2672,2916,2147,1681,2040,2823,1333,2750,4008,2521,2246,1577,2801,1141,1960,1722,1689,1286,2507,1517,804
ATP6V1E2,125,102,163,286,381,61,216,120,123,82,63,67,57,83,128,124,192,48,158,404,115,478,272,137,143,70,66,121,66,222,152,172,133,105,133,108,137,83,50,137,114,65,204,171,135,45,83,183,257,95,88,247,98,171,129,135,100,120,91,106
ATP6V1F,1022,831,1038,1870,1479,623,872,1534,693,942,841,1210,904,360,914,943,1440,955,1065,1443,1054,1291,1051,1444,1540,446,805,1099,712,951,1286,1081,1176,1156,1563,957,1020,1190,826,1279,1031,892,1197,1239,916,540,789,1269,1126,1368,668,1318,592,1044,961,802,516,1134,923,473
ATP6V1G1,1633,4875,3823,2505,3153,1750,3364,2910,999,2369,2371,2519,3315,2605,2225,1720,3544,1914,2556,3966,3328,3835,2152,2606,5566,826,1443,2331,2052,3735,3490,2478,6727,2765,3834,1884,1755,3434,1854,1954,2524,2862,2732,2000,2674,1383,3611,6223,2507,2793,1350,3480,1492,2016,2688,2834,1454,2851,2247,2151
ATP6V1G2,3,9,32,10,4,28,18,14,9,72,8,20,11,12,17,15,32,111,15,33,29,10,18,9,20,14,23,15,9,16,10,22,7,9,17,17,17,24,6,20,17,14,10,29,20,16,5,18,10,8,14,10,18,26,19,37,22,9,35,18
ATP6V1G2-DDX39B,0,0,0,0,0,0,0,0,0,0,1,1,0,0,0,0,0,1,0,0,0,0,0,0,0,0,0,1,0,0,0,0,1,1,0,0,0,0,0,0,0,2,0,1,0,0,0,0,0,0,0,1,1,0,0,1,0,0,0,0
ATP6V1G3,0,0,0,5,0,0,0,0,0,0,1,0,1,0,0,0,0,0,0,0,1,0,0,0,0,0,0,2,0,0,0,0,0,0,0,0,0,0,1,1,1,0,0,1,1,0,0,0,0,0,0,0,0,0,0,0,0,0,0,0
ATP6V1H,1351,1970,1598,1378,2187,1222,1628,2044,943,1899,824,1673,1403,2437,1448,1367,2075,1619,1606,1798,1905,3127,1216,2093,2330,641,1337,2924,1299,2221,2490,1862,2826,1949,2152,1032,988,2906,1243,1079,1566,1574,2030,1385,1195,904,1766,2589,1192,1753,2501,2426,1116,1460,1812,1557,881,1570,1645,952
ATP7A,1595,3203,2342,2734,2400,1688,3706,2896,1335,1831,1903,1855,2348,1244,1840,2807,2259,2061,1334,5595,3008,4796,4790,4648,3163,1546,1910,1735,1422,4538,4282,2669,1911,2670,5254,1394,4163,3948,1185,2810,1573,2483,1644,1961,1912,1458,2223,2851,1329,1753,2873,2866,2151,2878,2276,3121,1757,3195,1947,1450
ATP7B,257,302,352,971,342,359,783,294,588,885,361,307,213,216,250,291,481,268,168,1203,206,331,362,217,332,144,311,596,529,263,287,318,813,397,193,509,203,253,465,225,201,281,154,222,224,352,742,426,1812,186,840,99,126,373,436,2564,594,144,413,435
ATP8A1,4906,15427,5499,971,3044,2642,5205,4491,856,7729,1767,3931,3493,4284,6010,6249,5266,18078,2034,6574,6224,6915,13083,4834,5721,3920,3157,3517,2664,3939,14780,14579,18089,5715,7600,4322,11394,4641,2275,10129,4040,3639,1640,5854,4837,2304,3828,5539,2348,5078,3292,7178,3133,3994,5830,5030,12894,9168,2714,4983
ATP8A2,116,38,228,61,40,190,829,119,24,358,166,177,77,17,33,56,156,188,91,370,115,47,38,750,114,37,127,189,107,210,111,335,88,256,407,248,500,50,103,111,70,312,51,133,237,489,62,80,51,168,87,31,20,57,195,116,164,30,158,93
ATP8B1,2022,4602,3476,5580,4302,2998,4683,2334,3048,6975,2379,1801,1642,3592,4148,1356,5322,9862,4440,3719,2380,7263,2579,3781,6728,853,2318,5400,3714,1627,2144,2086,11047,4574,3728,4262,2656,1903,4302,2687,2054,3051,3382,850,2650,1047,7586,1746,6248,1546,1322,3239,1331,4379,7699,2980,1609,3692,4777,2545
ATP8B2,1759,1592,3762,2542,1011,2956,2177,2584,988,1372,1369,3628,2716,870,1697,1923,4961,1255,2146,3916,2855,2217,1393,4113,2191,949,2888,2746,914,1634,2450,3620,1543,349,1710,2129,2648,3013,1543,4509,1705,2296,1727,2848,3342,1652,1007,2799,1129,2490,3175,1505,1591,3762,1952,1956,2608,770,1877,1662
ATP8B3,123,19,69,64,80,25,89,115,176,30,17,58,181,7,54,100,118,36,59,758,39,89,57,46,252,66,181,31,86,178,47,82,63,28,93,68,62,49,55,86,77,24,383,106,85,92,46,49,139,52,392,26,116,222,27,233,69,41,74,64
ATP8B4,808,313,1239,146,600,438,783,1272,411,482,479,1325,829,139,360,318,1121,366,637,865,713,455,242,570,1047,638,974,452,671,1046,673,665,378,495,1155,481,1020,577,534,1222,559,689,1147,1509,593,1371,557,794,1056,1246,550,795,450,1081,361,866,656,289,1085,559
ATP9A,3254,4752,6525,5796,5248,3969,7592,3388,3737,2258,3842,2529,2742,2348,4082,7962,8044,10187,1962,10313,3307,5409,7897,11419,3240,1871,2501,6743,4131,5505,16919,10214,3003,2655,4115,3421,7952,15478,3233,11932,3888,2798,3391,5009,3197,2925,4224,17368,2970,2055,4025,6304,3360,6611,2475,6516,3383,3038,2820,2574
ATP9B,1249,2006,1563,1352,1216,1306,2047,1504,1083,1448,674,1740,1472,1326,2076,911,2144,1449,1558,2142,1214,2175,1287,1937,1968,691,2511,1133,1377,1114,1588,1518,1148,2338,1662,1127,1399,1295,1263,2100,1286,1737,2907,1986,1321,647,1230,1064,1278,1808,1152,1884,1044,1517,2062,1049,1221,891,1543,1470
ATPAF1,677,2488,1470,1762,966,1087,1208,1251,701,861,1056,1146,977,1139,915,1514,1626,1763,1043,2324,1374,2639,1818,2392,1359,608,894,1044,863,1447,2925,1069,3166,1674,1722,853,967,1426,783,1450,1387,977,1209,1058,1626,736,1078,2371,932,1000,825,1710,921,1314,892,1049,764,1493,838,1073
ATPAF2,166,342,374,705,280,234,318,302,317,303,232,256,267,241,243,250,400,340,302,432,314,911,379,515,358,117,250,428,170,244,446,247,507,360,514,198,392,312,269,467,226,287,234,269,252,220,205,476,196,259,201,383,205,335,262,295,180,267,315,273
ATPIF1,734,2173,1342,2405,1677,946,1513,1865,839,1592,1118,1196,1099,996,938,1102,1588,2128,767,2320,1573,2579,2349,2100,2001,556,1120,1364,1152,1563,2099,1631,2576,1379,1822,867,1640,1240,913,1270,1587,1105,950,1232,1541,711,963,2387,951,1092,1034,2088,794,1023,950,1418,815,1943,1146,1045
ATR,2635,3648,2859,4296,3480,2653,3497,2691,2236,3063,3386,2455,3270,1030,3367,2864,4052,5983,3308,4136,3173,6601,2534,3110,4293,1966,2718,3761,3103,4078,4544,3347,4130,4297,4874,2000,2520,2643,2256,4660,2919,2304,5045,3324,2930,2593,2975,6480,6199,2737,3894,5977,1876,2830,2682,2840,2462,3258,2982,2504
ATRAID,1349,4608,2669,4770,2181,1338,2567,2964,1735,1538,1905,2236,1755,2678,2103,1591,2970,2493,2585,5143,3144,6085,4178,3477,3394,869,1372,3584,1311,3165,2685,2833,4526,3140,3318,1489,2411,2434,1569,2525,2122,1386,1583,1555,2371,847,1647,3410,2307,2138,1983,3194,1259,2998,1799,2067,1701,3902,2398,1465
ATRIP,225,379,388,383,278,430,402,340,180,240,257,302,259,213,346,289,394,295,231,470,398,327,262,334,379,152,422,363,199,249,410,383,481,361,411,289,274,298,199,371,218,287,355,345,325,155,217,336,245,252,361,156,214,238,430,340,270,324,282,338
ATRN,2559,7713,4757,10563,2283,3775,3996,2825,1839,2615,3251,3826,4471,2392,3322,2824,4440,7002,2237,6664,3727,8518,3851,6548,2693,1547,2546,3731,2420,4044,3326,3853,5991,5497,2948,3561,4239,3350,2926,7341,2510,2608,3122,2849,2578,2250,2877,5429,3488,2843,3237,3520,1785,5330,5854,2170,2204,5265,3550,3140
ATRNL1,63,41,10,444,26,32,355,333,4,16,67,18,122,11,39,22,66,337,10,43,39,24,63,39,87,12,47,89,40,79,156,134,381,5,57,26,251,26,18,83,15,94,24,17,294,54,559,14,5,35,2,12,20,362,199,43,54,18,43,30
ATRX,5807,12641,9371,7349,7608,7647,9035,8256,5430,8749,5022,6703,8611,4733,8423,8728,9121,11753,5252,16194,8559,14300,12778,16880,9007,4254,6902,5655,6129,9970,9656,8234,12258,8439,13492,7464,10895,13091,5537,9091,5994,6054,7181,7520,8134,6079,8094,15412,6338,6914,10648,8593,7307,7198,9307,10611,5550,7948,8160,6019
ATXN1,3300,4756,3684,4191,3339,3415,3249,3200,3121,2890,3189,4370,4329,1250,3415,4192,5516,3105,4247,6582,4141,3253,2583,6326,3353,1511,3367,2913,2404,3434,5006,3280,1618,2184,4138,2876,3464,3671,2846,6097,2759,2614,3167,4022,3092,3041,2954,6221,2155,4411,3530,2361,2454,6310,1942,3974,3276,1788,4265,2612
ATXN10,1517,4075,2766,6794,2797,2351,3043,2546,1715,2179,1945,2240,2647,1787,1719,1874,3001,2843,1698,5300,2619,3176,2792,4190,4086,1358,2048,2282,1713,2428,2501,3062,4837,3903,3589,1836,2881,2461,1378,4325,1663,2020,2021,2137,2730,1569,1633,3126,2826,2148,2775,2249,1284,1858,2454,2305,2028,2427,1604,1796
ATXN1L,1626,2671,3003,6115,1671,2433,2538,2715,1945,2127,1707,2275,2492,1366,2035,1762,2771,2905,1935,3134,1964,3745,2904,3563,2543,976,2321,1876,1663,1481,1699,2471,3371,2006,2734,1840,2911,2062,1533,2951,1687,1967,2198,1762,2604,1207,1637,3968,2010,2078,1950,2335,1349,2701,2442,3029,1730,1936,1934,1686
ATXN2,1189,2393,1203,2087,1245,894,1165,1055,1986,1469,1180,1182,1788,955,2068,1657,2049,3243,1174,1515,958,2690,1110,1625,1723,852,1703,1135,1239,1030,2010,1945,3481,3659,1397,1358,1098,1366,1618,1845,1239,1227,1968,1682,1119,1191,1062,1692,2320,1202,1543,1251,1078,1538,2113,1417,1219,1250,1906,2163
ATXN2L,1725,1222,2266,2241,1549,1612,2709,1390,3745,2270,982,1639,2453,830,2450,2314,1826,2842,1578,3708,2345,2282,2643,1983,1589,1089,3599,2903,1221,1437,2618,2580,2600,2708,1484,1945,2160,1383,2075,3130,1093,1378,3373,2099,1184,1417,827,2444,2767,1332,2395,1478,1315,1824,3279,3415,2489,1130,2014,3002
ATXN3,934,1809,2487,2210,1034,2317,1478,1802,771,1266,1372,1351,1435,748,1735,1541,2443,1074,1144,3128,1238,2220,1726,2702,1745,880,1749,1228,1622,1484,1762,1158,1930,1135,1882,1037,1902,1569,917,1849,824,1492,927,1677,1944,1255,1671,2048,1502,1253,1138,1490,853,1764,1272,1948,1064,926,1269,1070
ATXN3L,0,0,0,0,0,1,0,0,0,0,0,0,1,0,0,0,1,0,0,0,0,0,0,0,0,0,0,2,0,0,0,0,0,0,0,0,0,0,0,0,0,0,0,0,1,0,1,2,0,0,0,1,0,0,0,0,0,0,0,0
ATXN7,91,114,82,30,84,56,113,64,63,72,53,59,83,35,88,71,80,66,41,111,48,90,72,76,69,55,113,67,66,77,103,136,115,74,83,66,80,74,69,98,46,89,93,168,88,59,48,87,90,65,100,53,72,64,69,66,89,57,43,127
ATXN7L1,231,312,476,491,387,128,386,371,549,320,229,352,383,153,491,376,475,474,189,569,274,213,589,655,364,282,404,264,505,323,445,479,573,483,366,223,714,464,292,565,221,309,460,626,320,275,357,218,321,338,302,355,223,335,344,1007,325,184,278,677
ATXN7L2,76,83,226,177,101,257,142,96,80,142,44,109,143,46,69,66,164,93,105,158,132,76,56,247,88,60,216,84,99,91,76,101,147,142,107,131,102,80,77,223,71,117,206,113,97,69,81,215,103,62,116,79,59,105,102,128,74,42,78,97
ATXN7L3,1714,1959,1663,4113,1814,1399,1984,2218,2260,3421,1099,1592,2075,1393,1538,2002,2852,2652,1609,3937,1897,3809,1559,2628,3111,851,2109,3602,1648,1140,1818,2022,3331,2162,2479,1776,1814,1696,1439,2589,1712,1501,2388,1814,2011,1231,1535,2006,2519,1345,2689,1763,1004,2460,2251,1957,1673,1562,1741,1377
ATXN7L3B,2399,4581,2536,6201,6306,2854,6627,3599,3167,3949,4517,3035,3958,2934,4829,3023,5414,7892,3724,6114,5197,8952,3788,5892,7373,1587,2210,3272,2916,3103,4856,2843,7350,5294,3963,2223,3924,3025,2006,4682,3041,2754,4136,2840,3291,2387,7874,6345,4435,2341,3376,4047,2298,2852,4402,4605,2671,3930,3583,1956
AUH,362,738,560,430,469,436,691,437,359,498,373,712,531,550,571,397,880,766,407,797,622,1014,502,557,912,309,567,490,460,670,817,635,1020,718,947,465,423,618,514,630,427,507,556,675,642,371,648,752,456,673,441,592,440,586,668,621,370,754,535,550
AUNIP,52,13,22,358,245,35,24,27,89,123,85,10,23,7,22,31,180,86,100,68,80,139,11,94,87,16,60,287,51,97,29,9,87,27,55,75,11,5,17,23,29,15,157,15,17,31,2,102,157,8,86,64,11,7,120,86,26,42,47,29
AUP1,1959,3691,2596,4324,3772,1874,3020,2965,2465,2642,2051,2589,3427,1880,2962,2876,3651,3524,3400,6183,3198,7815,3561,4220,4285,1040,2615,3681,2213,2956,2660,3491,4758,2685,3262,2025,2649,2863,1743,2697,2476,2077,4066,2655,2649,1485,1736,4494,2842,2556,4077,3177,1920,3029,2670,2509,3250,2784,2379,2015
AURKA,469,109,763,1440,721,630,235,257,398,1078,564,189,235,118,186,285,612,1809,1054,253,581,536,399,428,377,92,331,1679,558,461,335,119,961,285,505,986,227,267,451,240,263,555,1187,183,177,159,167,553,684,142,1040,505,109,138,599,1222,993,200,409,334
AURKAIP1,789,1171,1173,2823,1245,746,1172,1115,894,1458,1045,878,1274,632,786,1093,1594,1987,1104,2305,1288,2020,1270,2050,1477,473,891,1265,651,1328,1338,1176,1709,1292,1173,1056,1007,786,660,1199,928,752,993,1026,1224,348,948,2152,916,880,754,1963,614,962,693,1110,524,1429,923,689
AURKB,170,44,69,684,237,217,55,80,162,516,182,50,50,24,64,88,451,290,246,102,222,325,82,231,235,38,135,644,86,260,108,26,311,77,255,315,75,37,105,138,76,57,338,87,40,87,40,122,226,41,235,116,72,29,359,400,58,45,180,117
AURKC,20,18,15,31,23,21,33,16,19,15,21,40,24,9,17,9,32,18,21,20,10,7,6,10,32,14,31,13,13,13,21,25,19,16,23,14,11,12,29,61,11,13,20,21,8,17,28,12,7,41,19,15,13,28,15,12,16,7,8,33
AUTS2,2346,1302,1903,2252,831,1742,2365,944,241,516,1382,816,2256,838,986,2355,1878,635,421,5811,673,336,1850,4920,901,1169,4143,1014,731,822,1883,1583,1160,1619,1176,1536,1893,2373,859,4563,1423,1354,492,1213,764,1481,496,870,2195,972,721,731,1104,1110,1524,2366,1270,3189,808,1186
AVEN,215,466,260,220,800,60,181,220,220,323,138,390,365,175,396,201,432,256,582,271,305,850,158,233,710,112,195,239,294,205,222,259,433,400,384,243,162,232,299,224,207,185,383,282,197,166,274,416,256,412,160,252,121,595,196,206,201,261,460,303
AVIL,434,92,404,89,103,217,162,386,262,205,112,243,239,62,261,129,297,153,156,330,343,123,66,234,125,132,539,167,212,123,219,376,34,146,827,156,323,418,203,340,429,348,561,340,471,357,258,384,673,168,563,54,108,155,259,374,429,67,327,190
AVL9,4116,3979,3376,3383,4175,4628,5589,3630,3084,2822,3314,2186,4557,1768,4573,3700,6630,2692,4351,7754,4462,7301,4703,13258,4753,2208,5524,3561,2817,4786,5521,3505,6211,3613,5773,2273,3157,4688,1912,6531,4703,2763,3308,2470,3009,2061,2817,8719,3896,2061,3189,5558,2476,3649,3765,4062,2010,3954,2474,2204
AVP,1,2,0,0,0,0,0,0,0,0,0,1,0,0,1,0,0,0,0,0,0,0,1,0,0,0,0,0,0,2,0,0,0,0,0,1,0,0,0,0,0,0,0,0,0,2,0,0,0,0,0,0,0,0,0,0,0,0,0,0
AVPI1,481,3305,570,246,1109,210,419,611,828,375,191,869,488,1142,298,280,571,304,331,484,633,510,392,486,2407,266,339,227,228,296,597,939,1936,2410,724,477,391,718,871,410,327,511,1046,941,556,172,471,445,715,732,283,609,562,819,375,250,224,2336,470,423
AVPR1A,118,98,25,47,93,40,134,50,67,94,59,274,45,18,753,70,696,31,95,140,47,44,13,61,123,35,85,160,65,114,63,28,191,19,71,142,112,297,126,97,104,29,158,120,119,20,78,68,205,159,123,87,30,98,88,85,2892,65,453,141
AVPR1B,0,0,4,0,0,3,2,2,0,0,0,0,1,0,0,2,1,21,1,3,2,0,18,8,0,0,3,1,0,1,10,4,0,1,0,0,3,1,0,5,21,7,1,3,1,3,1,0,0,1,8,0,2,0,0,2,11,0,1,0
AVPR2,10,10,20,5,3,6,19,30,5,3,4,18,1,5,3,11,7,3,6,29,4,4,6,10,18,7,35,0,19,7,7,42,2,24,30,12,22,5,15,7,10,10,15,21,32,3,11,4,30,16,9,12,22,3,3,6,4,1,9,11
AWAT1,0,0,0,4,0,0,0,0,2,0,0,0,5,0,0,0,9,1,1,1,0,0,0,0,0,0,0,0,0,0,0,0,0,0,0,0,0,3,0,0,0,0,0,0,0,0,0,1,0,0,0,0,0,0,0,0,0,0,1,0
AWAT2,0,0,1,0,5,6,1,1,0,0,25,15,0,0,1,1,9,0,5,11,15,1,1,8,3,3,2,5,0,1,1,7,1,0,2,1,0,7,3,0,0,13,2,8,3,13,0,1,1,3,1,8,3,0,1,6,0,2,0,1
AXDND1,11,13,18,8,23,28,19,22,46,9,12,19,30,20,17,27,6,10,7,34,22,26,9,13,51,10,24,46,38,92,33,13,20,16,3,16,16,11,26,34,13,18,40,103,45,16,117,47,41,42,15,22,5,21,18,13,22,10,10,16
AXIN1,1320,1077,2085,1574,1075,1276,2089,1335,1182,1535,946,953,1393,665,1410,1902,1960,2185,1258,2744,1407,2695,1339,1772,1930,496,1524,1793,733,1406,1458,1670,1980,1635,1687,1221,1215,1347,917,2760,1234,1157,1384,1342,1082,701,832,2145,727,936,1964,1193,1100,1435,1104,1503,1224,2087,1392,1017
AXIN2,403,1293,1062,505,418,419,564,699,438,1254,393,460,504,1078,457,418,1435,394,580,703,1039,1246,2150,2313,557,610,471,297,262,448,719,968,729,658,640,316,1355,637,299,498,717,1237,1115,1315,1102,302,190,913,363,790,585,560,501,837,512,362,246,430,385,752
AXL,2440,1171,4011,960,1437,1562,2283,2978,5759,1173,1619,4017,2571,481,1230,1132,4916,1576,1880,3952,2536,1279,914,3565,2367,2023,3114,1187,4936,1337,2999,4069,1842,716,4039,1728,1410,1627,2143,3265,1167,2140,2285,4440,1716,3242,1522,1879,2316,3183,1667,2069,1835,3078,1086,1956,1605,1111,2907,1533
AZGP1,2814,114,7795,150,305,30,303,63,54,211,875,681,1218,37,887,152,364,308,473,480,3895,98,12452,4895,412,4002,1248,6551,1249,4731,2372,11743,43,23,7774,251,32666,3148,51,62,410,141,1293,74,5000,2377,1463,342,80,1871,27,130,139,68,78,2145,382,1130,67,86
AZI2,1265,2093,1949,1307,1663,1221,1800,1786,1016,1259,1492,2362,1422,1136,1313,1345,3061,1552,1463,2618,1974,2143,1400,2904,2998,917,1280,1691,1329,1526,2528,1866,2634,1662,2406,1296,1469,2237,1221,1529,1400,1654,1456,3246,1836,968,1431,2299,1412,2699,1379,1412,1112,1684,1115,1327,1233,1491,2102,1297
AZIN1,6706,5354,4450,14274,15057,5197,7126,7564,4777,10317,4199,7325,7467,7009,6898,15182,10863,9202,7558,15094,9858,20591,8593,14373,13223,2508,4516,10730,6196,10752,7227,6288,10086,5634,8422,6053,7550,9950,3432,5658,7934,5141,7834,5248,5389,3332,6356,11788,5968,7081,16384,7103,3872,7667,15439,8064,5428,6770,7502,3423
AZIN2,262,595,192,74,168,148,229,243,212,136,103,164,288,78,291,330,258,169,322,442,103,107,120,336,143,143,340,151,119,116,961,697,178,423,160,559,239,323,272,551,283,105,234,176,204,301,103,649,234,123,422,178,161,261,378,252,440,839,287,169
AZU1,22,2,52,2,5,2,5,34,7,7,3,15,4,0,0,5,9,4,6,12,3,8,1,30,11,1,12,2,3,3,19,85,9,33,12,15,109,22,13,13,32,17,7,2,7,5,2,9,14,23,16,2,22,9,4,5,7,4,3,10
B2M,57813,47606,82837,20191,100865,26094,45975,111998,28617,46431,40857,135643,63712,22999,53670,36359,116027,37817,93916,79404,173450,203124,62275,107323,142787,35993,79598,47099,103581,138828,68477,45698,74006,26597,142271,43452,55797,78012,62285,66091,70269,91571,115852,168390,110753,34131,223310,157971,68753,128283,21860,100788,49159,36230,13900,57658,72135,51598,85332,40077
B3GALNT1,330,223,435,2399,320,546,300,660,457,199,842,768,342,135,138,211,1355,680,207,684,1071,823,233,1612,1047,467,576,869,814,438,979,376,462,227,684,246,322,296,277,494,356,232,958,345,502,372,826,535,522,556,145,1298,313,556,335,680,212,450,473,302
B3GALNT2,642,2318,1175,1651,1229,925,698,894,877,2089,869,849,1179,1253,1049,979,1171,1367,1299,1339,1005,1554,737,1458,1287,326,1087,645,613,1091,737,849,1106,2822,1084,1309,535,842,751,780,724,421,1328,564,821,473,489,1491,2243,775,1494,614,365,1114,2010,922,479,1501,940,844
B3GALT1,10,18,1,6,14,12,12,14,3,8,5,9,1,10,0,10,24,53,8,6,7,23,2,7,35,3,23,3,6,10,8,9,14,4,11,6,28,4,4,1,5,13,4,7,10,10,9,10,5,12,6,15,8,11,54,28,3,3,8,7
B3GALT2,41,223,285,24,42,45,126,111,27,585,26,145,59,76,133,121,66,1355,31,183,148,169,166,114,60,48,72,67,31,107,104,458,119,40,138,58,291,74,58,157,85,118,18,126,294,106,452,71,40,110,17,99,103,96,883,163,57,30,526,66
B3GALT4,189,1078,325,473,495,429,324,471,350,439,313,310,361,369,375,420,459,426,410,799,569,600,358,1349,523,179,337,190,360,433,222,438,527,330,573,216,286,451,312,471,341,321,271,416,376,183,602,585,318,293,211,591,275,808,243,330,192,558,291,365
B3GALT5,17,4,29,59,22,14,11,13,38,14,68,24,21,16,977,16,26,93,10,70,3,1,16,40,104,9,22,7,5120,4,22,24,9,1,25,25,24,263,37,14,5,2,14,2,14,123,9964,15,126,20,36,3,1,5,34,617,24,1,142,42
B3GALT6,556,507,421,1083,561,494,499,526,488,565,542,506,569,402,631,516,763,682,665,1046,505,785,355,793,555,253,491,351,290,750,700,554,773,512,396,378,455,478,373,636,487,358,438,437,563,209,495,682,373,432,425,685,318,544,423,528,381,671,454,404
B3GAT1,431,11,233,8,19,368,766,69,5,21,75,29,116,13,84,827,544,185,17,892,49,42,109,1691,45,58,349,21,18,780,269,441,679,19,417,18,72,385,57,499,540,521,35,411,290,166,20,44,29,17,614,348,221,12,302,306,163,90,19,87
B3GAT2,0,2,3,39,0,7,3,2,27,2,2,9,1,1,0,2,2,72,2,9,7,7,14,6,0,3,6,10,1,39,19,3,2,13,4,3,4,1,2,4,1,3,2,2,6,0,13,0,0,6,4,4,3,5,18,6,12,5,8,1
B3GAT3,481,670,688,1616,1171,544,914,1131,647,1143,1131,801,1232,381,654,897,1338,1374,1001,1797,1023,2818,811,1170,755,368,622,1226,577,713,682,973,1537,893,1629,839,911,816,605,1161,837,638,612,774,819,523,421,1198,695,645,810,814,579,937,787,884,692,557,1098,593
B3GLCT,449,640,529,571,471,1791,1010,633,473,530,350,590,386,161,393,460,915,605,345,1203,850,606,753,1196,596,251,879,321,500,789,485,490,1039,464,1079,514,846,610,361,767,286,474,328,360,489,515,494,1066,400,487,363,619,523,598,316,700,388,411,579,189
B3GNT2,1162,1604,2146,3304,1895,918,1399,2182,1023,1797,1126,1928,1275,747,1516,1647,3129,1790,1428,3275,1959,1914,1132,1994,3494,626,1178,1667,1594,1691,1362,1196,1605,1131,2114,950,1187,1047,1220,1690,1480,1359,1452,1901,1560,855,2707,2147,1560,1785,1461,1416,1396,1347,763,1341,2034,1194,1528,617
B3GNT3,429,125,710,1545,1443,610,2177,809,3000,1267,455,80,1249,104,313,399,896,109,310,1340,900,199,355,371,1185,205,689,902,2190,389,82,364,2083,983,333,529,48,107,712,11,185,391,598,124,559,421,2819,557,1007,36,829,459,378,647,411,642,209,1498,337,170
B3GNT4,5,3,9,96,60,12,6,13,28,40,15,16,17,2,25,38,12,24,21,12,6,5,35,59,4,15,18,70,11,24,69,9,9,4,10,34,3,34,6,6,14,7,19,3,12,14,32,22,34,7,105,72,7,62,36,166,33,10,37,2
B3GNT5,2373,553,1487,1825,3893,2799,1050,1701,934,1901,3618,1936,2204,242,1261,758,3016,1106,2072,2263,1442,1958,791,1173,2387,1500,2741,1959,1666,1238,1903,1150,940,1155,1879,1323,1034,967,1241,1567,1344,1729,3559,1385,1887,871,3139,1717,3067,2085,1066,960,1116,2002,1790,1622,638,905,1756,647
B3GNT6,230,7,98,9,37,36,687,616,48,61,24,68,586,651,5340,134,653,23,91,51,21,17,64,37,2042,131,202,6,92,4,10,118,680,612,2207,1040,327,380,108,150,23,0,1366,2,398,1157,4495,100,199,19,788,87,195,125,314,249,361,141,247,19
B3GNT7,4699,1267,3130,190,1095,2102,1696,2950,173,245,1322,1560,838,494,340,9516,4920,336,356,12842,2229,815,629,1941,1283,385,3607,1227,1753,737,3449,5470,1109,3696,1773,6890,1222,8017,815,2198,9701,1941,1234,894,1059,1391,2277,2034,8131,1457,12333,409,6466,1697,1103,1332,1611,690,994,876
B3GNT8,850,716,1145,172,129,194,453,527,61,385,108,275,248,232,403,353,590,1017,100,148,190,431,895,369,115,80,155,469,98,140,1226,836,1423,1113,1321,140,1249,980,466,369,915,763,49,233,230,438,115,186,89,392,1449,173,747,328,317,266,247,230,401,298
B3GNT9,362,377,1220,1649,432,504,1012,770,269,371,254,1020,589,151,453,399,714,344,439,905,880,500,2065,1530,524,231,612,343,225,505,1085,1153,1086,950,804,429,801,359,486,988,752,357,740,390,803,475,265,831,440,698,451,957,314,644,410,774,349,1403,427,568
B3GNTL1,138,182,279,241,261,126,239,226,272,181,89,130,236,127,160,208,340,240,301,367,143,486,278,548,304,164,392,225,206,228,171,310,133,170,349,165,304,293,199,303,284,131,460,248,254,156,168,227,335,135,276,285,228,263,281,206,203,151,191,289
B4GALNT1,20,7,7,297,57,13,23,22,98,16,15,27,32,4,13,60,40,432,92,43,38,244,7,82,35,20,26,51,26,21,147,23,14,46,27,17,37,43,35,44,42,8,206,13,28,91,9,67,54,22,81,64,6,107,229,342,20,39,71,30
B4GALNT2,3,1,8,3,158,10,32,15,24,760,27,52,64,16,1543,38,215,7,14,24,14,1,3,19,3259,13,19,12,11,11,7,17,57,630,20,114,4,8,74,1,9,2,18,2,8,57,26,3,407,9,4,1,2,31,72,21,203,128,344,8
B4GALNT3,587,1509,1137,1701,1037,1384,3979,2209,3100,1238,2091,582,6299,829,745,2282,8321,358,953,3211,827,2742,2278,3859,2400,445,2602,1737,401,557,1330,3204,3957,1491,1337,1009,2689,2434,1496,4654,700,1664,229,1816,823,1908,3368,4211,253,545,1885,383,1725,1190,2651,1793,1564,1551,1770,1299
B4GALNT4,418,4,23,2271,541,185,413,77,10,1803,184,71,234,2,887,462,498,504,276,340,6,92,54,12,23,15,279,9,21,121,208,16,200,30,113,691,22,22,49,97,227,17,306,15,89,162,25,963,1024,20,1169,186,4,152,1344,212,5,67,219,53
B4GALT1,5960,4492,4884,4133,5372,4361,4086,3325,5667,4353,4591,5745,6347,2257,6353,4883,5061,2250,4037,7414,4653,3662,4081,3728,6714,2479,4876,4802,2944,4226,5183,5269,9516,12759,2904,4445,1846,3697,5248,5312,3639,5564,12675,4892,3530,2181,3304,5955,6559,4551,3789,5115,3165,4616,5821,3335,3529,9311,5999,3042
B4GALT2,889,1234,1213,3630,1808,1068,1090,1043,841,1528,1310,873,1282,631,745,1594,2058,1298,1651,1582,853,1820,587,2364,1292,373,902,1252,563,1238,725,919,1655,1287,1087,1103,397,714,705,1320,1243,440,1539,703,1139,694,1443,1668,884,665,1223,1334,612,1455,1074,1006,448,1484,959,1027
B4GALT3,1216,3117,1067,2019,2064,988,1173,1079,647,1293,986,1149,1767,1790,1490,1801,1723,1764,1516,2048,1747,2868,976,2107,1544,347,912,1415,758,1198,1431,1093,1492,2413,1800,1239,1261,1676,1006,1569,1780,1139,1718,876,1095,511,896,2659,1153,1187,1623,1254,893,1713,2038,816,985,1742,952,1057
B4GALT4,710,813,861,4030,1003,592,925,745,1370,1160,861,1011,965,241,801,728,1027,1350,894,1506,1516,2366,611,1099,1331,385,670,1022,2051,1470,849,1018,1658,1698,1010,698,580,631,948,1012,785,568,1104,729,738,873,3799,1227,3357,972,795,1496,412,1089,671,682,584,1033,995,606
B4GALT5,3531,2286,3568,7705,4436,3321,1849,2788,3603,2954,4126,3429,2155,1281,2210,2682,5733,4459,2364,6926,3043,2229,2634,3357,3079,984,1902,9937,5788,1973,4495,2604,3560,3457,2829,3707,2283,3208,3659,3075,2279,4804,2872,1659,3120,1915,3152,4032,4958,4534,3953,4308,1686,2452,2900,4335,1534,4445,3090,2265
B4GALT6,72,101,185,171,116,147,229,59,243,134,91,138,86,46,126,69,168,739,63,215,63,581,84,235,238,60,124,212,168,551,165,121,145,238,178,68,88,51,156,164,188,85,119,78,108,97,94,113,159,115,48,121,47,99,156,249,129,34,357,69
B4GALT7,421,761,605,808,683,388,679,957,384,502,766,610,1135,342,551,854,971,544,613,1331,1019,865,1017,990,631,368,606,865,373,552,1026,679,1258,810,857,590,685,851,447,1318,907,429,567,518,629,289,424,1356,393,570,473,1073,438,709,429,653,476,747,524,564
B4GAT1,398,370,685,827,354,339,1133,931,209,294,373,651,547,299,337,598,642,382,503,991,928,451,1128,832,377,203,397,309,241,645,706,713,881,408,657,347,655,404,375,757,624,515,245,350,418,340,399,750,312,487,271,328,338,339,232,384,317,354,360,234
B9D1,98,251,161,534,282,173,377,311,181,236,123,301,157,132,229,120,290,282,216,440,174,309,263,568,445,69,198,280,181,278,365,240,294,332,338,290,320,291,150,391,183,132,324,111,295,179,216,464,177,206,161,672,119,180,213,224,135,334,146,222
B9D2,67,110,148,81,119,200,194,175,130,127,87,135,89,90,156,127,202,325,89,175,133,100,127,207,294,36,120,116,143,71,145,133,207,158,225,140,159,108,72,209,173,130,73,127,128,71,146,176,83,123,68,75,111,146,58,128,95,160,90,94
BAALC,287,82,333,33,73,43,120,145,38,63,84,347,68,14,120,38,354,1223,83,46,245,560,51,64,163,39,359,71,49,59,84,104,51,1389,255,302,58,65,99,37,52,31,31,43,84,104,108,134,79,278,33,25,81,214,4873,1123,42,22,1890,1726
BAAT,91,215,146,4,34,5,182,373,70,10,10,71,730,72,40,388,640,28,235,715,11,22,388,1784,396,63,69,4213,60,129,1259,1693,4,15,1345,9,8,790,126,279,30,252,27,1002,236,347,2114,1742,7,82,21,44,109,21,46,114,132,3,4,8
BABAM1,905,564,910,1144,735,842,886,1156,383,706,544,624,573,282,654,598,1351,683,512,1116,1086,968,593,1232,1014,344,602,881,586,748,1167,855,640,947,999,516,569,656,433,854,748,554,917,761,936,497,752,1131,818,608,619,857,486,647,485,664,513,1377,565,351
BACE1,1074,541,1509,3318,710,1303,985,1224,678,764,1249,2432,1334,263,1333,1167,1833,2946,1065,2272,1663,559,1480,2421,989,651,1174,635,579,999,1256,1669,1388,681,1359,783,1257,1754,898,2566,880,746,817,1240,993,913,597,1537,804,1740,1042,857,793,2078,1110,1671,831,896,1522,512
BACE2,1296,371,1146,1458,3440,1696,7684,1229,1771,3482,3028,2502,1264,326,5759,1654,2028,3944,1419,2687,1747,8819,1490,3794,3387,956,1273,732,3205,3235,968,1554,18186,7698,1046,1191,1760,1342,4389,4921,975,1120,1968,1217,983,2710,6432,1759,1813,1708,1886,1762,621,2889,2629,2140,911,4927,4389,4018
BACH1,3078,4034,6205,3600,6634,3288,5522,4978,8978,4161,2360,6176,3721,2032,3405,3353,6378,2387,5347,6734,5630,5076,2527,5921,7284,2119,4217,5228,7089,5598,5470,3464,4078,3168,3748,3184,3407,3919,2873,5389,2616,4415,6274,5283,3124,2626,5693,6130,5469,6204,2820,4502,3301,5148,3192,5076,2699,3487,5174,1959
BACH2,229,204,261,665,258,263,367,257,394,433,209,233,380,49,260,204,476,355,245,523,385,216,171,503,981,241,357,350,181,408,318,545,167,93,272,198,297,366,354,595,127,278,200,458,354,274,180,263,154,318,116,219,272,309,480,380,395,109,629,307
BAD,674,811,923,1555,809,728,915,973,434,954,577,676,702,666,910,1060,1196,912,984,1447,980,1606,889,1366,1041,346,526,886,652,1178,843,1670,1683,1217,1590,729,632,1061,459,937,1201,964,517,709,817,610,1153,1168,801,675,1097,712,541,979,538,792,410,983,594,468
BAG1,1605,5856,1307,1444,4579,1212,986,1537,1690,2306,991,1364,1752,3527,4195,1264,1994,2030,2413,1881,1766,4925,1394,1957,8650,610,1654,922,1241,1811,1879,2415,9886,7381,2843,1719,885,2351,3315,1194,949,2501,2467,1989,1845,902,3614,1908,2599,1583,942,1154,965,1872,2811,873,966,3011,1511,1823
BAG2,362,4195,393,1644,1171,262,306,727,815,922,974,1349,889,1082,310,368,928,381,2125,1134,724,3464,193,1390,1633,233,382,1278,221,1271,1059,931,234,836,1452,389,529,403,328,572,336,314,787,929,977,281,331,832,565,605,355,1392,324,1894,439,659,502,920,825,762
BAG3,1607,1265,1229,706,1293,1129,1375,917,928,1433,1032,1238,1462,452,1139,1028,1450,3219,996,1407,1122,2890,816,1699,1999,287,1113,736,953,799,1032,1082,2674,1614,512,913,898,1311,822,784,1288,1262,1905,851,739,625,678,1070,924,1586,2502,814,728,2027,1906,719,992,3593,1208,1035
BAG4,996,1582,1251,4993,1914,1311,1126,1557,1138,1967,618,1368,1429,413,1091,1257,1647,1316,905,1605,1692,1966,950,1530,1803,589,1200,1005,1119,1060,1498,1207,3123,1525,1623,1082,955,1851,899,938,897,979,905,1053,1331,785,1217,1115,975,1111,2625,1402,815,1629,1888,1111,977,1837,1136,717
BAG5,1781,2842,2097,3284,2819,2609,2318,2807,1019,2088,2024,1997,2707,1284,2537,1822,3442,2634,2313,4445,2932,5856,2197,5118,3523,1051,1986,1631,1735,2073,2464,1704,3749,2467,2622,1526,2332,2685,1273,3269,1274,1908,1640,1951,2087,1347,2723,3556,2312,2201,1350,3214,1163,2517,1913,2466,1409,2519,1457,1017
BAG6,3747,9638,5349,14102,5989,6039,4768,4517,5057,5650,3497,4238,4866,4525,3935,5676,6348,7229,4794,10630,6059,6642,4458,12056,4113,1922,4599,4605,2739,4338,5836,6096,10075,5430,4611,3908,3931,5146,3570,5391,2152,3752,3942,3635,3411,2533,2981,7126,3388,3511,4914,5686,3094,7915,4441,5674,2851,2990,3719,5082
BAHCC1,969,829,1324,794,304,1272,1541,771,542,1170,291,708,959,618,927,1228,1124,1035,400,1752,638,1154,1576,1018,555,499,1339,499,313,345,1015,1953,1427,1179,644,889,1661,824,695,1682,581,544,826,505,878,700,317,1083,932,415,2407,599,690,907,1380,803,599,762,417,996
BAHD1,1077,853,1708,1340,1474,441,915,1125,586,996,420,1005,1499,654,1085,721,1519,793,795,1251,883,1680,1229,1550,1231,402,987,614,599,567,2168,1624,1924,1606,1898,502,946,1053,874,917,618,1464,683,1013,1074,576,951,763,1146,1182,887,1110,502,1325,668,791,1464,702,723,860
BAIAP2,771,2188,1212,1521,877,921,2123,1554,986,815,384,1096,2026,1230,1048,1398,2082,1265,888,2621,839,1220,1890,2353,1866,728,1144,683,1314,407,1444,2114,6320,2822,2431,519,1686,1438,483,1775,1110,1480,842,1034,811,900,1044,1564,554,1047,2978,967,1041,1102,1308,656,1183,1033,479,1395
BAIAP2L1,1377,2942,1715,3555,3202,1159,2819,1837,2748,1526,1616,542,2983,984,2591,2874,3430,1072,2161,2530,1046,1422,1796,3839,1908,1015,2580,1086,2305,1352,2243,2402,5114,2036,2527,1471,2144,2295,1356,2204,1923,1832,2466,1418,1224,1290,3775,1324,4377,795,1242,2102,815,1897,1920,1870,822,3191,652,1989
BAIAP2L2,7,4,30,227,110,32,160,15,235,214,30,2,126,3,23,15,121,117,7,17,9,85,21,22,371,6,16,57,718,31,5,49,517,8,51,11,22,22,9,29,19,3,34,15,34,19,573,17,35,7,220,22,8,10,42,42,28,23,13,30
BAIAP3,545,197,484,334,60,548,2131,518,350,326,261,217,707,97,1019,1397,464,758,129,2232,234,247,1230,473,326,83,1222,152,521,178,435,529,923,275,126,617,1259,682,331,274,527,70,324,154,263,169,384,1179,118,157,1065,96,546,388,461,1350,189,314,377,488
BAK1,267,417,1339,1222,755,462,536,1175,592,645,735,590,912,159,514,734,844,1074,679,1020,828,758,468,1626,731,229,597,631,872,773,653,542,1356,736,741,459,419,513,535,810,638,768,570,955,647,608,1230,906,604,683,416,1713,602,569,243,951,975,541,702,552
BAMBI,1986,49,313,659,1725,281,211,241,1869,1250,217,298,103,32,42,2101,706,3892,82,305,571,33,1036,72,337,101,207,278,269,953,2696,195,65,96,323,97,723,735,86,234,992,188,122,114,311,263,139,1063,207,247,3648,394,269,106,710,241,3087,135,364,89
BANF1,357,490,494,1776,1073,567,561,833,478,736,587,419,541,308,471,544,932,796,832,968,640,1192,612,1186,820,197,403,784,393,591,379,608,891,560,782,558,557,659,276,630,542,365,490,441,495,285,399,946,605,399,699,549,341,596,561,513,361,766,675,291
BANF2,0,0,0,0,0,0,0,0,0,11,0,0,1,0,2,1,0,0,0,0,0,7,0,4,0,0,0,0,0,0,0,0,2,0,0,0,0,0,0,0,0,0,13,1,1,0,0,0,1,4,0,0,0,0,0,0,0,0,1,1
BANK1,522,1016,1028,128,903,254,1546,598,154,549,229,322,640,251,475,484,598,188,334,936,1126,710,184,416,1270,344,631,329,715,1064,287,313,937,500,701,442,492,489,721,924,649,831,315,496,876,152,734,547,261,310,277,378,582,156,115,318,960,271,357,691
BANP,478,508,594,1185,491,420,485,469,455,482,331,570,578,448,747,443,553,883,393,680,566,821,529,460,572,204,525,396,331,408,401,595,782,360,486,647,493,419,469,639,519,364,699,570,502,283,466,675,692,481,448,569,303,580,521,349,433,322,653,577
BAP1,2080,2028,2006,2277,1744,1970,2679,2141,1055,1596,1550,1835,1478,1246,1670,1552,2500,1358,1778,3134,1615,1922,1477,1924,2111,927,1759,1414,1157,1367,2029,2789,2338,1949,2139,1762,1654,1817,1217,1840,1328,1442,1876,1806,1987,906,1334,2137,1235,1659,2320,1451,1238,1714,1727,1840,1205,1837,1325,1474
BARD1,634,898,1536,2554,1019,2053,827,1111,628,1009,1627,672,1129,583,796,840,1603,937,1212,2323,2144,1483,313,1041,1775,404,1481,1571,1152,2421,918,577,1366,656,1568,1138,1021,641,546,1034,678,624,2236,643,1053,786,802,1013,1915,651,854,814,458,618,1095,1983,581,798,758,486
BARHL1,0,0,0,0,0,1,0,0,0,0,0,0,0,0,0,0,0,0,0,0,0,0,1,0,0,0,0,0,0,1,0,0,0,0,0,0,0,0,0,0,0,0,0,0,0,0,0,0,0,0,0,0,0,0,0,0,0,0,0,0
BARHL2,0,0,0,0,0,0,0,0,0,0,1,0,0,0,0,0,0,0,0,0,0,0,1,0,0,0,0,0,1,0,0,0,3,0,0,0,0,0,0,1,0,0,0,0,0,0,0,0,1,0,0,0,0,0,0,0,0,0,0,0
BARX1,20,12,8,1733,6,12,9,1,7,5935,30,43,161,5,1215,32,83,166,21,117,44,15,8,2,1286,7,375,10,0,0,1,1,225,428,2,504,1,17,3471,1,3,2,100,2,101,92,1,8,33,9,228,5,101,519,2180,33,30,288,245,2
BARX2,9,13,96,621,283,487,29,193,16,53,355,13,268,55,223,394,421,3343,51,875,39,13,460,832,237,32,152,36,122,12,25,17,159,351,45,128,8,99,11,41,76,25,60,2,76,97,107,624,207,5,35,29,30,203,37,433,117,8,178,24
BASP1,647,1626,602,881,2315,353,555,597,677,2775,1007,1469,1255,1973,1563,471,2064,437,747,719,780,3972,311,833,1129,266,435,585,336,1342,606,833,5178,1368,1058,1692,816,1827,938,608,532,360,2368,999,750,507,374,945,4357,1754,397,1407,253,1270,6809,764,728,2661,2134,1536
BATF,197,81,215,48,430,213,537,617,93,303,187,230,350,105,274,131,426,74,398,1160,481,848,525,463,545,169,304,199,323,273,538,236,334,54,569,186,379,443,177,258,207,266,586,378,501,220,374,316,273,227,66,273,177,365,136,317,190,149,291,219
BATF2,171,79,135,300,279,134,140,383,372,165,107,204,219,62,269,362,194,246,764,227,359,279,202,353,190,106,332,141,363,383,67,187,138,65,220,224,173,179,200,164,262,218,305,336,203,151,303,351,554,105,139,124,251,82,43,172,268,280,111,250
BATF3,207,48,66,25,84,19,40,50,20,43,34,85,92,13,82,50,315,181,107,78,48,93,15,61,70,35,95,53,34,154,73,93,51,22,76,65,26,103,31,60,74,77,97,83,56,41,38,64,65,141,46,99,188,87,114,75,111,38,79,55
BAX,755,768,843,1298,673,735,732,698,453,582,573,1119,644,280,664,636,1465,877,781,832,923,1175,605,996,930,288,626,947,464,584,883,945,1366,780,1443,1180,903,648,677,1297,853,761,764,861,435,647,558,996,669,1125,769,547,479,1019,583,413,556,893,904,748
BAZ1A,3659,3490,21164,3177,3974,5087,2749,3610,2384,3645,4290,3400,3662,1995,4312,4351,10161,2665,4180,5969,4302,7644,2590,4582,4972,1406,3636,4564,2286,3493,4021,2107,3868,3990,4143,7760,3706,5906,2376,3737,3569,3987,4289,3497,3612,2172,2495,10286,3944,4790,3158,4357,2789,2642,14464,2925,11241,3930,7969,2533
BAZ1B,5241,5596,6823,7737,6004,3648,8935,5322,4294,6281,4214,4558,5826,3174,7137,6653,8085,4402,6918,11024,4649,4750,6160,12036,5990,3188,5241,3356,3766,5988,7876,6008,8063,5834,7004,4628,5895,7403,2957,9032,5156,4592,6052,4627,4652,3001,3030,5153,5435,3807,3602,4968,3476,4519,6638,6735,3674,4995,3744,4057
BAZ2A,3633,3975,4191,5795,4487,2110,3914,2505,5285,4607,2535,3389,5350,2291,5311,3562,5086,10242,3258,5344,3625,5335,3298,4113,3470,2247,4670,3629,3734,2429,5649,9558,5596,4203,3053,3875,4667,3346,4481,5956,3051,3215,5925,4107,2862,2719,3094,4015,5059,2893,5353,3762,2685,4177,4836,3916,4084,3042,5650,4654
BAZ2B,3408,6009,8738,5441,5676,4858,5943,4847,5315,8966,4386,4747,6178,2620,7294,4709,9338,9285,4537,13766,4514,10958,8805,7442,7994,3015,8011,4858,8558,5518,6948,6765,3076,4262,8843,5769,7755,5474,3422,6228,3877,4066,6050,4924,6844,5435,4875,7273,5843,4929,4667,3268,3811,4959,8583,6726,3278,3853,6131,5298
BBC3,150,173,376,464,119,299,201,153,198,156,144,433,174,127,341,202,337,301,172,230,463,509,190,318,187,61,228,195,176,182,270,450,249,348,553,347,444,195,215,362,262,138,131,264,165,199,350,235,176,303,246,207,241,553,224,145,176,274,330,211
BBIP1,246,970,404,209,568,270,513,487,454,764,228,516,331,287,406,314,706,731,499,681,360,978,491,503,1388,137,313,360,473,540,692,415,851,530,793,363,486,612,251,375,483,378,466,337,546,261,518,601,400,508,328,334,251,541,482,388,359,1062,415,330
BBOF1,259,165,385,398,587,395,624,499,218,160,338,478,417,144,357,182,500,145,559,754,222,436,234,385,754,194,518,166,351,416,516,374,321,240,519,435,445,523,203,356,272,179,394,193,416,298,515,504,584,225,305,317,135,369,299,348,179,427,209,269
BBOX1,14,2,26,212,43,13,18,122,14,6,297,31,8,0,10,33,18,9,31,266,121,1,20,15,40,16,119,29,56,15,26,7,2,10,15,16,22,28,9,7,41,8,7,3,34,8,30,15,59,50,3,27,0,8,3,86,7,3,1,4
BBS1,33,52,46,77,51,62,79,66,27,51,33,35,48,36,56,46,69,105,34,110,58,87,89,96,59,27,65,47,43,48,49,98,78,82,91,47,70,69,31,90,43,44,50,43,51,39,48,83,44,35,55,59,49,48,62,60,52,43,62,74
BBS10,424,1010,812,1013,494,522,626,850,584,527,495,669,739,679,632,422,1506,1174,603,1191,1105,1289,664,1319,1329,494,385,539,563,666,1040,783,1112,513,901,378,782,707,325,686,504,595,668,818,890,352,775,1092,650,582,465,765,517,993,723,717,487,1244,726,422
BBS12,134,186,280,250,139,157,230,222,189,137,125,223,192,95,184,166,251,338,230,434,258,374,227,369,423,106,188,186,301,183,287,322,137,231,348,151,237,301,138,374,200,171,184,218,270,110,359,266,192,193,166,249,128,248,171,271,105,358,229,122
BBS2,801,1508,1811,3227,604,1072,1518,2081,843,628,1165,1164,1162,673,802,985,1783,1699,716,2685,1048,1429,2873,2712,1658,543,1208,1208,1159,1646,2796,1347,1675,1366,1914,1092,2275,1805,862,1771,1275,1002,893,1570,1547,854,1241,1716,1635,1251,724,1799,1205,1495,803,1613,762,1219,1054,920
BBS4,297,1473,536,1445,951,569,641,650,1016,449,452,563,1007,582,536,425,911,600,511,1258,477,1478,694,1301,1167,311,787,455,638,574,632,684,931,994,850,519,794,598,446,910,499,419,870,641,591,459,771,773,816,643,513,566,408,917,544,674,493,403,558,611
BBS5,75,139,232,294,125,168,263,205,84,120,127,216,161,63,102,167,301,277,170,272,167,265,133,242,186,83,168,120,146,113,342,288,131,174,213,146,285,167,111,177,225,130,190,146,205,116,176,222,183,177,123,158,113,241,113,151,128,125,163,203
BBS7,348,743,527,921,399,501,638,565,420,445,368,569,658,312,471,499,834,787,433,963,665,1032,534,700,980,254,649,908,556,602,455,526,618,603,686,494,549,557,350,583,337,424,375,473,502,291,585,900,509,483,456,635,328,630,886,671,320,477,486,286
BBS9,805,1065,1397,936,825,1658,1827,1171,616,578,744,939,1181,343,966,1165,1646,1035,785,2979,1659,1339,1826,3650,1027,753,1762,698,910,1347,1912,1446,647,1016,1163,848,1578,1227,625,2399,1163,778,726,1131,992,878,812,1554,960,954,957,1552,913,1267,984,1325,715,855,819,973
BBX,3022,4333,3777,9324,4060,2844,3838,4200,2955,3559,3559,4179,3763,1108,4529,3299,4843,5777,4028,6214,5787,7318,5004,6323,6693,2469,3601,2727,5194,4149,7602,5832,4046,4065,5807,2754,4526,4888,2782,5131,3388,2787,4665,4766,4467,2600,5880,5142,5572,3713,3641,5326,2800,3640,3318,3760,3295,4541,4186,2598
BCAM,7815,3570,4336,3152,698,3507,7156,4605,392,1452,2541,2142,4447,5050,2364,5170,3740,5827,922,6737,4536,1863,6588,5262,1275,2178,4449,2053,791,1655,2456,7443,5995,3431,2423,3256,6389,11331,5891,11223,1775,4450,728,3865,1704,2679,949,5922,1923,2241,15143,2116,4732,4879,2997,2280,3625,9220,1030,2320
BCAN,2,0,3,0,12,1,2,3,2,1,2,1,3,2,3,2,2,138,11,2,1,88,5,2,25,1,1,4,1,5,2,1,2,6,1,1,5,0,0,2,3,0,11,2,3,0,2,2,11,2,3,7,0,69,81,3,4,2,29,17
BCAP29,1587,2784,2374,1814,2494,878,1544,2231,1624,1175,1296,1771,1602,951,1324,1742,3303,1206,1943,2094,1626,1942,1504,4561,2498,943,1587,1641,1485,2344,3161,2200,2251,1341,3184,1089,1770,2531,920,2056,1872,1517,1686,1624,1652,767,1540,1976,2155,1810,978,1901,1350,1709,1371,1568,1218,1406,1489,1069
BCAP31,3727,4683,7739,4693,6863,2582,3763,4967,3400,4690,3232,4185,4827,4243,2738,3709,5830,3522,3311,8444,4189,10346,5392,8802,7689,1410,3652,3777,3013,3759,4727,3883,7244,4347,7092,2712,5125,6329,2836,10550,2816,4579,5238,3977,5049,1811,3718,6367,8262,4253,2224,6430,4493,4540,4106,3725,2291,6033,4588,2103
BCAR1,1208,1286,2060,7421,1822,1540,1952,1612,2910,1848,1051,2049,2234,1020,1104,1023,2692,2812,1535,2127,1118,2671,2267,2212,2167,496,1825,1701,2292,847,904,1923,3949,2493,1600,1397,1521,912,1417,1821,1188,1038,1765,514,1528,942,2265,2426,1921,1832,1402,1705,990,2661,1413,1024,1201,1973,1556,1664
BCAR3,438,964,502,885,1212,678,699,814,2660,459,449,706,1123,485,551,310,1075,638,1092,1100,731,535,292,1507,1440,397,1192,381,1257,743,376,644,693,541,709,734,590,338,346,1111,400,337,1358,379,404,255,2248,1037,1032,505,322,711,603,616,245,620,399,524,405,418
BCAS1,52,2493,93,478,4026,363,2855,300,2506,232,402,209,1617,222,710,172,233,53,113,592,189,1155,665,1328,2441,52,441,307,4739,308,150,1000,1325,1417,806,580,303,134,3723,606,99,185,983,1294,408,1088,15975,238,2999,67,137,112,146,1448,128,241,36,2193,585,769
BCAS2,502,1455,786,1861,1131,749,958,1183,566,841,1113,970,864,517,425,506,1197,677,1004,2100,1432,1199,866,1423,1319,415,717,1159,616,1236,745,756,1325,1012,1371,835,897,899,555,1060,524,704,978,706,721,585,1329,2080,808,825,535,1404,514,604,630,1002,548,686,799,326
BCAS3,867,1514,1076,2509,707,863,1647,1778,862,1062,1231,1184,1615,921,1191,1384,2171,2506,1239,2600,1247,1354,1393,2348,1501,696,1683,1309,1208,1049,1397,1504,1546,1167,1798,955,1245,1244,899,2107,997,859,1161,1336,1061,751,1158,1539,1441,1196,1869,1076,861,1396,966,879,839,1169,1100,1273
BCAS4,483,348,378,1439,394,623,544,565,155,164,286,118,330,246,439,913,887,165,185,695,368,424,322,770,571,157,336,627,295,937,812,1018,341,152,817,417,564,735,312,779,791,705,343,283,529,271,249,744,323,152,856,751,315,448,90,535,452,306,257,429
BCAT1,7187,6093,16902,512,2452,950,1169,2334,1534,3527,1525,6689,5787,13716,1910,38798,18895,1081,3881,10761,3340,8129,1099,15886,10782,2199,2388,3940,19899,3288,5552,6668,3041,13711,3230,2912,953,12909,2813,5142,16501,18727,2998,27417,3509,1928,2284,3901,3307,7081,1205,2896,9697,3383,2652,6323,6282,671,7566,1693
BCAT2,580,1449,1385,1557,486,837,910,843,115,783,799,664,720,597,645,673,1064,2511,521,1042,1215,1895,724,2405,465,343,596,962,330,475,1176,837,1718,1200,1401,1099,988,797,627,1432,815,821,403,774,532,436,326,944,593,661,1015,966,540,905,680,503,299,795,841,991
BCCIP,706,2199,604,1585,1923,1069,1272,1023,919,1681,893,934,726,777,1035,823,1534,1853,1464,1481,1079,3881,734,1309,2763,355,839,1007,910,1709,1245,707,2397,1413,1090,1069,875,1533,633,779,966,1342,1493,662,1092,720,1213,1448,1529,894,1046,1126,485,1011,2371,1178,929,2115,827,994
BCDIN3D,122,417,199,329,263,200,213,230,217,305,202,200,236,248,423,176,264,255,256,392,151,401,260,471,493,138,136,284,167,239,237,237,363,275,250,221,317,180,89,219,180,147,164,193,252,123,275,257,228,121,160,200,125,211,323,226,186,318,157,136
BCHE,132,97,257,992,97,108,341,363,16,21,128,224,126,14,63,183,490,24,74,170,392,727,90,356,389,174,253,64,51,114,136,466,312,72,204,100,316,165,29,121,54,167,54,295,331,156,282,139,66,149,37,102,204,327,115,90,59,32,118,47
BCKDHA,74,118,99,252,66,66,124,94,46,74,65,73,116,164,125,80,149,109,67,165,138,106,97,180,181,37,82,78,53,59,145,85,146,162,106,66,75,88,57,126,91,82,79,96,76,65,43,132,92,92,65,106,73,138,69,46,88,118,58,79
BCKDHB,315,1088,799,1631,582,523,609,820,596,758,796,582,762,754,1025,481,696,746,507,1247,715,1422,1174,1969,934,388,713,563,738,1082,1107,1001,1722,875,806,622,982,1060,568,930,497,480,607,652,770,385,575,655,883,609,602,1495,401,540,827,968,443,806,598,411
BCKDK,866,742,1059,1146,1022,1045,1981,1404,661,1979,735,1005,1035,421,1000,1420,1456,1025,1616,2477,1304,1644,1879,1386,866,435,1129,1978,713,804,2072,3493,2282,876,1052,1364,1194,1473,883,1139,942,717,1087,823,797,622,478,2112,1016,1011,2004,1258,605,1022,1138,1904,1127,817,1079,674
BCL10,738,848,1130,1418,1339,925,821,1323,1104,720,888,1106,1535,402,677,749,1645,760,2377,2303,1264,955,1153,2995,1876,444,1043,1258,1421,893,793,810,1628,821,1568,659,693,961,688,1167,661,792,1018,786,904,1112,2790,2016,966,1107,499,1403,891,1011,604,1403,681,751,781,388
BCL11A,292,276,451,1347,515,176,473,276,103,786,447,340,217,160,1116,329,303,744,243,891,323,665,1187,819,655,141,401,509,200,341,633,574,1079,478,375,347,1275,381,332,934,565,254,193,205,688,672,182,576,401,155,581,278,228,145,751,504,1274,85,429,591
BCL11B,379,83,594,340,340,339,630,835,442,301,273,386,663,163,909,257,530,487,400,870,820,583,404,442,882,363,568,212,611,570,576,709,280,62,1075,379,492,660,664,1325,543,665,548,1748,798,410,593,367,424,366,145,668,709,188,69,237,973,109,253,504
BCL2,1112,591,1288,726,1216,671,2582,1842,679,842,894,2017,1259,363,4108,900,1938,5794,1045,3215,2278,1565,1236,1766,2240,1076,1774,881,965,1899,1829,1925,828,625,1691,2175,1507,1634,1247,3056,1248,1649,1152,3218,1976,1188,1460,1241,957,2268,709,1724,1151,1183,5449,1468,2599,454,2536,1546
BCL2A1,297,83,287,44,1092,171,177,398,519,154,219,693,278,35,134,104,738,142,928,437,390,257,94,281,433,97,232,774,294,268,355,293,177,258,431,491,218,281,549,427,260,287,907,549,274,240,667,415,700,722,57,214,171,316,174,237,377,71,500,102
BCL2L1,2998,4652,4407,4871,3339,3682,5007,3695,4267,2091,2193,3841,3920,1166,1935,2530,7259,2218,3858,5241,3107,4306,2485,6575,4255,1879,2407,2931,4080,3196,4105,2794,5316,2798,3958,2316,2722,3174,1904,5094,1844,5177,3481,5346,2402,2122,4216,5052,2509,4708,1571,2965,1799,3657,1790,2560,2836,2756,1938,2071
BCL2L10,4,0,0,539,26,4,3,1,5,7,19,2,1,0,3,2,0,35,1,51,9,32,6,41,18,0,3,16,16,3,6,3,2,0,1,11,4,2,2,3,0,3,1,1,8,7,11,17,9,1,23,33,0,4,3,4,2,1,3,2
BCL2L11,1714,1519,1035,984,2381,1236,1880,1116,1534,2963,997,2197,1550,397,1805,1019,2098,1413,1648,2966,2476,2116,1723,2015,1840,745,1275,1644,1531,1724,2602,1376,2042,1598,1529,1316,1195,1754,1555,2822,1259,1280,2701,2042,1167,670,943,1742,1419,3533,1391,1510,907,1382,1745,1858,764,1736,1346,1619
BCL2L12,228,178,215,1191,306,288,273,175,100,495,221,173,208,78,203,189,321,127,284,296,288,157,155,273,143,79,183,354,136,210,231,171,388,220,266,419,174,173,116,385,198,129,252,147,121,133,128,279,274,140,278,171,103,149,118,137,129,374,172,141
BCL2L13,1242,2525,1903,3850,2873,1549,2113,2329,1638,1473,1730,1736,2645,1490,1413,2413,2904,2128,2114,4750,1993,5407,2154,3041,4295,1144,2079,2045,1470,2338,1707,2312,3442,2681,3298,1333,1948,2135,976,3271,2083,1554,2205,1604,2199,948,1915,2356,2017,1638,1564,2414,1080,1801,1730,1925,1280,2340,1094,1042
BCL2L14,55,8,73,12,47,26,79,168,11,41,60,55,38,60,122,45,31,23,47,139,128,198,177,142,139,29,109,98,63,103,51,120,73,89,173,27,187,78,55,149,83,50,105,126,95,103,733,33,115,41,72,149,68,12,12,85,59,171,11,180
BCL2L15,126,194,201,14,1845,353,812,543,354,46,60,21,344,36,98,159,59,24,660,600,234,339,336,1235,1300,189,897,198,739,392,141,137,1860,196,435,138,110,381,240,236,65,262,1401,150,376,242,1884,264,489,16,580,642,511,234,68,763,194,172,31,105
BCL2L2,1043,878,1301,1625,1204,1399,1297,1427,726,1117,794,1348,984,1011,1046,1137,1976,845,1085,2668,949,1731,1192,1164,1424,599,1429,1375,810,1049,1887,1164,1408,654,1301,1644,1609,1442,673,1311,953,1388,1255,1137,1344,1016,1215,1484,1265,1323,931,627,828,1322,1266,1176,1321,617,1166,843
BCL2L2-PABPN1,12,5,17,19,20,16,20,13,11,22,14,8,27,8,13,16,20,21,10,21,18,33,7,13,27,4,26,7,15,9,14,20,14,8,15,17,13,14,4,9,9,9,21,10,14,26,15,30,20,6,17,11,10,15,27,18,12,11,8,15
BCL3,963,352,288,518,778,702,472,428,729,1150,144,1014,549,81,1083,295,331,1412,889,527,257,382,233,157,320,143,842,527,328,298,287,762,915,702,392,1173,210,335,684,1059,457,524,456,241,363,770,332,438,1025,740,796,236,393,485,736,317,632,513,679,514
BCL6,2695,1162,2386,2950,3728,3247,2980,2387,1514,1515,1819,2927,2484,608,1404,1668,3575,3599,1613,3919,2363,1824,2290,1470,2474,1017,3229,3217,1771,780,3303,3008,3062,2075,1992,1875,1568,2260,1449,3523,1692,2788,3608,1858,2258,1320,1130,2323,3082,2753,1955,1848,1752,2470,2703,1279,1372,2849,1412,2575
BCL6B,532,485,222,145,392,154,171,467,362,277,180,701,137,278,94,419,1583,306,642,305,225,219,219,293,355,192,477,416,280,402,361,343,393,235,571,302,178,303,343,305,242,172,375,181,468,171,475,487,366,495,373,185,358,490,373,561,374,234,475,322
BCL7A,417,270,331,1302,602,603,497,417,602,360,437,251,526,238,432,561,682,564,344,678,516,830,458,782,630,150,592,426,367,384,1053,532,1276,492,653,432,336,329,213,547,420,653,122,245,499,363,444,565,463,300,766,435,279,327,625,466,288,258,320,212
BCL7B,1095,995,820,1195,1173,583,1299,995,570,853,621,810,890,519,879,690,1266,531,1394,1661,657,716,803,2227,1056,485,770,558,642,805,1137,1376,1487,1132,1370,743,752,1356,613,1150,562,709,1068,698,910,378,736,827,923,895,497,984,610,859,1004,711,519,1218,506,609
BCL7C,534,846,1041,1633,677,906,1076,1072,461,468,612,587,690,384,661,891,1307,513,749,1561,1305,1000,1025,1153,823,323,884,932,516,877,934,1818,1116,637,1341,643,903,823,357,788,616,588,588,577,807,438,529,1398,763,523,707,894,450,771,668,1001,422,898,584,388
BCL9,1105,1443,780,1208,1320,1196,1286,427,603,836,595,485,1188,855,1852,1714,783,1945,926,2029,777,2288,1229,1941,711,291,1258,1043,616,955,1494,872,1121,2178,729,773,923,1619,671,1596,742,1039,1210,441,667,648,258,1205,1195,257,2028,738,602,1477,2271,1206,629,459,695,1131
BCL9L,2414,1689,1868,3123,2188,1365,1435,1712,4445,1581,942,1279,4061,1001,2077,2255,1901,2071,1910,3607,1312,951,1809,2015,1502,879,2636,1282,1378,783,1385,2560,2080,2389,1626,1848,2036,1571,1960,4493,1306,1636,2979,1684,1265,1709,975,1732,2851,965,2302,1430,1381,2242,1752,1241,2053,1608,1188,2389
BCLAF1,3532,6431,7979,8677,7078,5161,6798,6029,6031,5862,6588,5635,6732,3142,4893,4643,8315,5747,5162,11025,7037,8269,7321,9743,9540,3231,5878,6188,5929,7377,8872,5409,12045,5652,6987,4212,7701,8831,4362,7564,4001,4986,4190,5763,6838,4358,6612,11542,5659,5621,5379,5844,4358,5680,5911,7606,4997,4416,5737,3358
BCO1,34,43,83,29,177,21,121,101,122,36,14,9,91,52,46,168,81,64,35,97,89,487,232,365,471,45,109,66,109,218,115,151,294,48,60,8,132,130,5,129,25,116,151,123,183,53,408,66,21,24,22,232,46,10,19,44,112,59,10,22
BCO2,90,36,108,31,84,40,194,114,74,88,65,133,86,21,78,145,148,128,78,200,65,53,77,119,174,87,166,72,89,78,93,174,82,69,132,87,179,76,71,219,112,103,187,134,79,135,120,85,215,98,48,68,37,92,39,162,66,31,73,170
BCOR,1376,3928,2238,4234,1431,1285,2069,1541,1510,2427,862,1237,1930,1557,3583,3343,1820,4554,1243,3716,2286,2363,4488,3773,1308,626,1649,1251,1024,1447,2141,2503,4844,3663,2179,1706,4103,1738,1887,2148,1335,1219,1480,1006,1381,1160,846,1774,2174,1043,2244,766,1208,1927,4170,2329,1374,1730,1620,1536
BCORL1,307,381,649,790,273,269,459,329,384,446,138,382,561,191,433,609,475,508,230,1242,522,330,967,760,263,213,495,424,258,178,505,982,659,566,377,548,920,389,483,893,190,352,207,352,390,344,98,427,772,207,713,385,295,434,826,412,260,244,435,407
BCR,2515,3272,2940,7311,3014,3405,4158,3058,2612,2535,2847,1840,5437,1829,2955,3054,4047,2839,2467,8187,2181,8151,2304,4841,5128,1414,5313,4269,2463,2370,2102,5546,7692,5590,3398,2942,3323,2787,2194,6484,4079,2544,2466,4638,3249,2794,3193,3539,1812,1781,3850,3083,1539,2170,5713,2918,2340,4757,2380,3020
BCS1L,359,560,564,837,543,379,509,562,395,615,400,352,677,356,461,487,720,963,403,1080,567,957,433,608,578,208,606,547,479,406,507,473,413,655,735,586,536,480,281,684,417,289,786,451,527,278,333,783,514,320,600,476,344,517,688,414,343,546,478,431
BDH1,459,947,760,196,634,251,316,438,342,553,779,236,806,291,425,253,320,924,363,644,400,1202,771,729,673,184,595,600,311,646,1004,634,1424,1008,857,340,415,540,417,519,307,349,1014,352,205,252,517,816,120,207,500,740,349,450,289,408,269,437,427,655
BDH2,478,1124,1063,709,696,971,901,891,236,462,582,989,685,449,439,534,1102,917,593,1921,851,2077,1452,1558,1404,377,874,1199,565,859,1402,1607,288,501,1097,414,1302,836,562,1025,653,555,573,716,1174,487,1064,1056,688,797,669,1066,422,909,392,709,463,720,637,574
BDKRB1,14,10,0,9,88,42,5,6,25,79,2,63,48,0,23,20,41,88,20,32,14,6,1,17,24,3,45,33,11,0,2,2,8,3,5,50,4,38,12,4,2,2,23,2,5,6,96,15,67,5,9,8,4,44,49,32,13,14,37,1
BDKRB2,1075,2340,89,129,1459,1031,271,722,445,1492,190,725,1350,242,410,565,1352,493,2639,2202,546,218,119,456,992,138,2245,777,473,154,124,269,461,127,153,1270,123,1546,371,100,128,237,938,122,616,290,1222,313,1354,269,175,265,121,1953,480,668,289,599,564,167
BDNF,24,51,42,170,44,16,13,46,8,175,13,71,79,29,35,26,273,26,18,45,24,12,19,13,34,26,75,12,22,29,83,56,37,55,137,19,40,25,51,12,20,8,2,4,88,28,58,82,19,53,15,4,61,33,93,18,72,33,35,17
BDP1,4200,11055,7059,3740,4976,3912,5921,5770,5291,4477,3486,4059,7008,2844,6435,4660,8428,8062,3926,7900,5420,5770,3145,6282,7457,2152,6031,4379,4380,6261,5923,4870,9559,6565,10130,4770,5865,5812,3601,6311,3359,4482,4390,5812,4667,3064,3870,8512,4273,4727,3964,5349,3745,6008,6015,6663,4674,7534,4885,4089
BEAN1,239,9,180,19,316,18,107,335,100,208,43,53,311,3,166,132,296,74,337,184,38,316,45,481,109,16,100,17,213,69,324,283,37,12,332,105,36,281,47,103,63,23,61,47,59,50,87,161,28,43,26,53,147,340,191,234,359,8,128,31
BECN1,1978,2479,3094,1557,2495,2076,3296,3377,2148,4121,1462,2015,2288,1323,2144,1803,4110,2643,1934,7057,2942,5760,3142,4239,4718,1339,2176,3962,2154,2034,3349,2936,5893,3412,3022,1742,2478,2671,1722,3249,2154,2445,3000,2411,2664,1470,2713,3814,2846,2041,2748,3522,1293,2690,2623,2391,2334,2907,2321,1768
BECN2,0,1,2,3,6,0,0,1,1,2,0,1,3,0,3,6,0,1,1,1,1,1,2,5,0,0,4,49,0,5,0,0,0,2,2,0,2,2,0,1,4,0,16,0,0,0,0,18,1,0,3,0,5,0,6,6,28,0,0,0
BEGAIN,27,9,70,24,16,12,30,20,4,9,13,29,23,12,8,14,62,25,18,44,11,15,11,27,68,15,29,7,5,7,21,70,20,9,17,17,42,31,11,57,14,12,15,16,84,14,16,42,24,20,24,21,35,10,5,54,25,17,5,31
BEND2,0,0,1,1,0,0,0,1,0,1,0,0,0,0,0,0,0,0,0,1,1,0,0,1,0,1,0,0,1,0,0,2,0,2,1,0,3,1,0,0,1,1,0,0,1,0,1,1,2,3,0,0,0,0,0,0,0,0,0,1
BEND3,248,370,251,1064,497,408,607,227,269,658,495,165,410,214,445,380,458,598,369,884,306,1026,323,642,363,107,494,374,168,492,533,427,803,463,316,418,306,596,251,555,207,299,303,244,274,162,128,206,310,231,310,278,159,202,647,701,383,297,291,312
BEND4,30,2,26,52,33,10,76,16,5,36,16,17,42,10,91,10,29,979,37,42,112,21,5,18,61,12,26,9,24,49,18,6,5,1,23,23,22,15,40,47,52,18,47,32,36,7,16,13,9,25,9,14,38,2,93,14,81,5,44,32
BEND5,176,58,116,40,49,378,115,123,22,59,158,68,60,19,56,80,111,95,60,332,207,78,99,265,152,54,267,54,39,49,198,142,147,39,71,197,137,65,32,101,65,47,27,43,204,88,51,98,53,52,34,69,42,75,28,268,40,18,70,47
BEND6,42,20,71,300,77,53,35,66,68,30,73,185,42,10,33,43,114,56,176,128,209,71,15,270,80,54,51,51,38,252,68,88,17,23,29,31,52,22,30,107,40,17,80,119,48,81,32,94,105,113,85,111,29,212,29,99,53,65,123,31
BEND7,217,213,297,802,84,120,211,277,259,32,40,149,85,132,180,166,189,212,49,312,170,414,171,244,613,102,184,293,505,397,302,344,439,331,386,179,234,381,185,315,329,274,50,140,246,206,666,101,177,190,39,81,78,105,69,177,79,401,132,289
BEST1,206,89,500,77,314,180,166,191,652,157,119,601,224,61,91,114,410,181,369,248,179,282,385,190,202,124,164,529,139,1403,1689,301,109,148,244,302,178,223,176,279,123,152,339,393,207,119,557,250,272,404,206,192,127,351,117,175,743,67,635,179
BEST2,0,0,0,3,0,0,0,0,0,0,0,0,0,0,0,0,0,1,0,1,0,0,0,0,2,0,0,1,0,0,0,0,0,0,0,0,1,0,0,0,0,0,19,0,0,1,0,0,1,0,0,0,0,0,0,0,0,0,0,0
BEST3,0,0,0,8,3,2,2,2,21,2,0,2,0,0,2,0,0,3,0,2,4,1,0,5,10,0,0,1,2,0,0,0,2,1,0,0,96,0,0,0,1,0,2,0,2,1,6,2,13,0,1,0,0,3,0,182,2,3,1,0
BEST4,21,14,16,111,16,39,34,34,11,53,17,16,16,8,20,25,11,31,10,40,19,67,59,44,43,6,62,46,12,9,6,69,44,13,21,47,30,15,22,9,10,1,15,9,8,12,14,44,32,19,14,28,10,12,16,34,21,15,19,33
BET1,1245,748,1076,982,777,363,688,862,646,769,527,664,1036,301,1451,992,1665,352,856,728,625,585,2003,2077,992,319,480,650,472,1054,4756,1626,834,745,1263,524,1075,3851,451,1049,1127,511,701,498,662,520,862,928,877,488,541,893,510,582,770,676,2242,891,572,259
BET1L,1147,1639,1554,2343,2073,822,1798,1484,1173,2016,851,1313,1379,798,1707,2008,1626,1639,1475,2732,1665,2340,2268,2703,1508,760,1207,1399,858,831,1980,1626,2563,2151,1833,1531,1711,1882,1324,2393,1573,1213,1455,1293,1430,1224,1076,2055,1526,1461,1351,2246,821,1812,1387,1146,1418,1835,1639,1267
BEX1,6,20,14,4,2,4,4,10,0,1,4,8,4,0,1,17,22,9024,3,1,7,161,17,59,20,11,7,18,1,16,918,12,1748,6,31,3,21,7,79,2,5,18,2,6,30,9,5,12,4,10,0,24,5,18,12,319,5,4,491,5
BEX2,133,803,369,119,62,146,507,511,17,93,443,175,216,284,60,459,248,1076,65,1116,581,946,952,1671,423,235,180,485,83,603,1209,638,726,92,890,80,904,622,187,616,243,500,78,249,573,227,587,436,92,236,22,1442,274,133,155,396,164,353,147,91
BEX3,946,5120,1096,4042,529,853,1153,1777,249,719,1559,1380,951,1008,448,1504,1549,2817,521,2248,2505,2702,2094,5078,2093,726,1029,1323,592,1645,2427,2187,1727,919,2899,468,2333,1741,1023,1533,1090,796,1578,1329,1829,1111,2801,2307,1195,1392,615,4946,768,1789,1009,1842,508,1861,869,862
BEX4,509,992,885,399,345,198,841,1080,144,183,844,946,486,495,293,794,878,1593,307,2221,1117,1404,1002,1406,1232,371,410,698,339,967,917,1370,1596,608,1177,299,1690,924,564,915,470,643,346,681,1170,956,1008,925,386,971,252,2145,723,612,256,967,302,692,549,267
BEX5,63,78,43,9,90,8,59,75,1,16,43,22,61,28,65,71,80,39,81,172,151,58,134,241,43,18,29,15,27,31,338,103,11,67,126,41,218,180,40,22,61,85,17,29,90,32,21,289,77,132,5,46,19,12,21,57,32,66,7,16
BFAR,1715,5356,3089,1679,1751,1962,5024,3220,1519,1653,1548,1761,2171,2609,2438,2895,3332,1927,1241,5208,3225,4330,4166,3887,6222,1112,1516,4186,1677,2277,3573,2616,6393,5040,3779,1735,1951,3016,1842,2363,1769,2806,3013,2783,1854,1312,2689,3120,1849,1721,2275,3283,1806,3174,2111,3219,1644,6174,1454,1386
BFSP1,30,239,67,48,96,127,263,70,49,63,51,41,71,130,135,82,161,54,58,141,161,276,121,211,90,40,80,22,23,252,73,136,121,88,101,158,37,48,30,91,16,30,128,51,72,48,58,129,72,40,45,334,30,163,90,156,28,50,53,65
BFSP2,2,0,1,3,7,0,4,7,2,8,1,39,8,1,4,2,5,10,19,7,7,13,5,5,9,2,1,9,4,15,5,1,1,3,5,14,2,0,9,15,21,8,13,5,9,0,2,10,5,21,1,6,0,4,2,2,7,7,17,2
BGLAP,9,15,11,5,1,15,21,4,7,21,5,11,8,16,25,11,15,5,4,15,5,4,7,12,7,4,20,3,9,6,13,13,18,12,7,10,39,10,6,14,3,3,11,13,11,10,2,21,9,5,19,5,12,13,19,11,17,5,3,15
BGN,4387,3895,7097,5455,3834,3413,6671,3639,8190,4192,2548,6460,10299,1394,6146,3867,8967,6088,6195,9884,2551,2394,3609,7617,4746,3086,3716,4904,2539,2330,5238,15388,2272,2210,2540,4358,6625,3113,4170,8297,1538,1808,7052,3228,3140,6024,1727,3956,5053,4181,5793,5304,2391,24163,5151,7003,3830,2755,9408,4080
BHLHA15,57,155,2,40,202,20,115,25,53,1044,12,306,140,173,538,42,67,597,291,84,127,224,32,20,114,7,43,82,20,123,22,80,1015,69,33,585,14,64,112,115,145,68,291,53,56,53,35,110,75,235,152,62,8,76,199,25,89,122,248,116
BHLHA9,1,0,0,0,0,0,0,0,0,0,0,0,0,0,0,0,0,0,0,0,0,0,0,0,0,0,0,0,0,0,0,0,0,0,0,0,0,0,0,0,0,0,0,0,0,0,0,0,0,0,0,0,0,0,1,0,1,0,0,0
BHLHB9,163,358,273,1013,248,336,285,335,209,291,200,205,295,149,304,284,425,389,270,647,287,513,558,598,266,95,214,303,193,278,481,338,219,386,509,207,563,442,162,466,210,192,191,195,375,174,283,482,206,166,256,136,229,302,455,441,239,309,237,179
BHLHE22,82,24,77,124,68,48,65,89,58,103,38,591,161,17,126,71,127,38,82,197,138,72,37,39,159,41,51,112,76,98,117,103,64,53,59,66,94,95,64,205,99,69,41,150,172,58,43,160,83,517,59,108,95,105,60,47,89,145,206,100
BHLHE23,0,0,0,0,1,0,0,0,0,0,0,0,0,0,0,0,0,0,0,0,0,0,1,0,0,0,0,0,0,0,0,0,0,0,0,0,0,0,0,0,0,0,0,0,0,0,0,0,0,0,0,0,0,0,0,0,0,0,0,1
BHLHE40,12033,2421,7173,3610,12524,5571,7847,6702,5667,5509,3552,8779,7542,1143,6636,4933,5561,3624,4886,11817,4673,1996,9521,3991,7524,2228,5882,9999,4822,2475,5995,10190,16106,13754,7243,6583,7125,3691,4982,10010,3384,6310,3240,2827,6290,4304,6271,6612,5354,8043,7991,4433,7319,4684,3963,3467,6467,4741,4091,2667
BHLHE41,356,91,807,727,477,309,807,530,376,639,232,1351,784,87,726,489,687,344,785,1240,769,275,296,798,523,446,569,421,775,577,802,729,164,493,671,609,434,320,712,1045,268,413,777,631,365,1030,449,619,327,1122,185,409,383,381,130,351,482,140,1146,282
BHMG1,1,0,0,59,0,0,0,0,0,1,0,2,0,0,0,0,1,0,3,0,1,0,0,0,1,0,0,6,0,0,0,5,0,0,0,0,0,1,2,0,0,0,0,0,0,0,0,0,0,0,1,0,0,0,0,0,0,0,1,0
BHMT,2,4,7,1,1,3,0,2,1,6,12,6,2,3,0,2,4,28,2,18,0,0,0,56,13,1,6,10,1,33,6,5,0,0,14,2,0,2,2,0,333,0,47,5,1,1,1,7,1,15,5,7,4,11,78,3,9,2,4,26
BHMT2,78,995,389,41,26,66,43,81,111,41,390,176,348,429,63,101,184,2352,37,694,267,20,9,1963,1146,35,65,503,22,854,37,116,35,8,1061,113,123,70,28,97,975,50,1748,618,58,64,30,1312,59,92,23,1706,170,695,586,422,51,23,493,2226
BICC1,784,370,815,1435,1541,886,2537,1112,1502,1016,1044,3192,1485,127,1210,1027,2483,705,1550,3463,1080,530,1501,2234,1549,587,1230,1598,3623,989,3858,1489,574,345,669,1230,2066,697,942,2788,813,535,1065,1308,1143,2283,610,1925,1234,2130,1131,771,587,2147,763,2339,986,697,2771,769
BICD1,562,268,589,868,653,769,1056,506,555,949,760,1045,1066,133,1248,470,1769,810,740,1692,688,1044,529,983,994,433,1440,555,1037,645,1128,1313,555,556,655,428,516,509,437,1642,607,485,863,730,580,675,641,1092,630,745,322,490,337,854,1159,881,728,217,1081,591
BICD2,1660,1629,2660,2848,1337,1436,2059,2229,1092,1477,1435,2741,2271,930,1721,1780,3304,1585,1478,2897,1967,1963,1336,1916,2514,975,2079,1512,1405,1400,2154,2740,1674,1846,2350,1823,1492,2212,1614,2422,1443,1812,2761,2484,1804,1443,1229,2553,1418,2180,1724,1750,1453,2270,1876,1993,1470,1228,1926,1312
BID,460,191,696,2156,1766,611,706,838,603,395,888,712,521,94,381,458,1312,418,870,1267,614,1042,318,932,1971,312,756,905,891,662,510,682,843,531,1169,480,355,439,415,860,567,389,1154,566,927,547,656,1410,1229,672,1309,961,266,506,390,699,312,589,358,347
BIK,42,102,165,286,297,167,101,62,164,37,125,84,116,67,189,87,82,140,140,230,175,434,100,120,729,36,207,299,395,100,54,67,361,49,67,73,93,38,28,89,55,105,265,26,119,105,712,241,191,101,90,58,24,48,279,142,30,29,106,75
BIN1,877,439,1214,1567,1646,420,1508,1142,720,1093,424,903,1096,269,1257,840,1600,1960,1286,1616,1003,1832,1043,1293,1807,513,911,1205,864,1181,1146,1399,1704,656,1235,554,508,738,623,1557,973,1106,1419,1326,981,744,774,1463,849,771,1078,1259,933,663,478,523,834,520,723,893
BIN2,664,176,772,169,531,236,644,898,415,378,289,1007,750,195,705,232,989,328,636,803,1112,536,306,538,939,439,819,374,548,589,553,668,374,226,910,546,629,605,785,1114,685,678,995,1706,815,650,562,720,607,1039,258,593,636,424,156,346,732,148,643,613
BIN3,416,580,441,440,554,773,520,586,587,771,218,497,668,206,619,310,699,787,557,665,529,921,329,708,907,246,569,497,677,321,765,487,1122,542,700,495,462,636,479,540,366,302,443,460,559,364,1112,429,383,471,303,375,414,681,569,398,353,529,489,554
BIRC2,1996,2653,2287,3665,4374,2275,1827,2577,3014,2465,2267,3092,3013,1367,2959,2803,5110,3457,3266,4828,3143,3023,3069,4027,4798,1374,2047,2556,3664,3418,2343,2870,5315,2405,4113,2277,2212,3218,2054,4330,2840,2667,2100,3142,3248,2141,4000,3733,5275,2865,1667,2987,2018,3109,1981,2632,2170,3896,2394,1659
BIRC3,5411,959,2419,682,22298,1482,3879,11638,8278,2082,2837,7731,9803,1011,3369,2681,10307,2410,6023,6967,8644,4852,8863,5465,10744,4250,3258,4805,5880,6375,6002,2810,4440,482,8248,2084,3029,7870,3736,9067,7236,12640,17876,17554,14440,1948,15121,4420,11904,8034,989,5779,8230,4094,821,1978,5343,3652,2375,3852
BIRC5,349,120,95,2952,668,569,101,145,399,1745,442,127,130,47,141,303,658,1150,1294,441,801,1071,136,512,686,104,454,1455,324,627,147,69,675,290,622,858,173,107,183,220,178,84,1058,193,98,138,119,341,828,92,1269,300,150,82,1052,960,229,99,338,220
BIRC6,11583,21076,18665,18651,31134,10501,21767,14068,15116,14252,9123,13929,13874,9343,18249,12803,20304,22747,13090,30288,14417,30388,20695,18026,23135,8352,14241,16249,14367,16490,19389,16669,29741,16559,18384,11818,16236,12788,11148,18499,10869,13731,18094,15309,12560,9805,12190,19778,19877,13702,16346,14353,10190,15105,18076,15954,14486,14512,14164,12096
BIRC7,8,43,125,36,149,13,8,31,69,16,19,161,148,7,20,48,46,60,8,83,39,43,23,57,57,19,45,103,63,23,87,101,5,26,53,46,88,30,58,134,53,154,147,141,53,27,205,63,10,531,9,7,70,210,42,88,44,15,101,180
BIRC8,0,0,0,0,0,0,0,0,0,0,0,0,0,0,0,0,0,0,0,0,0,0,0,0,0,0,0,0,0,0,0,0,0,0,0,0,0,0,0,0,0,0,0,0,0,0,0,0,0,0,0,0,0,0,0,0,0,0,0,0
BIVM,276,322,437,440,433,478,310,460,563,192,99,416,208,186,290,215,498,242,153,508,328,372,512,519,431,144,371,277,372,484,329,257,510,342,560,172,320,422,233,351,222,265,147,292,338,325,491,524,595,301,123,150,216,506,243,557,331,279,300,157
BIVM-ERCC5,0,0,0,0,0,0,0,0,0,0,0,0,0,0,0,0,0,0,0,0,0,0,0,0,0,0,0,0,0,0,0,0,0,0,0,0,0,0,0,0,0,0,0,0,0,0,0,0,0,0,0,0,0,0,0,0,0,0,0,0
BLCAP,782,938,1274,1904,1075,1536,883,1278,924,1113,1609,1066,906,811,964,1092,1569,1877,739,2536,1533,1081,1952,2382,1468,535,1080,945,2000,890,1385,1323,1346,1571,1437,1176,2148,1381,865,2125,1063,1034,1669,1185,1297,879,1546,2075,1284,1004,716,1866,831,1040,772,2317,983,1523,869,867
BLID,14,108,23,9,20,10,17,5,36,12,8,24,64,16,22,14,17,10,15,16,6,5,10,9,15,15,15,6,16,15,10,34,2,49,22,13,14,14,28,25,19,13,30,26,10,37,5,20,22,41,3,8,10,45,15,20,16,22,17,17
BLK,100,11,73,82,239,46,694,104,16,198,51,97,179,29,488,77,78,75,152,381,342,131,117,35,286,23,101,110,128,160,60,42,17,28,102,146,123,113,372,308,241,209,168,189,433,86,104,66,25,121,45,84,139,19,30,21,341,37,99,262
BLM,259,180,202,1208,920,232,297,247,460,985,235,307,232,140,279,133,649,358,614,476,338,500,125,265,920,104,436,613,263,809,177,126,435,207,321,435,164,226,242,386,185,180,1374,432,217,124,251,325,750,261,476,389,203,177,604,540,260,245,476,216
BLMH,802,350,873,2349,595,696,789,1020,637,1996,548,1113,605,244,724,579,1908,1632,719,2128,1125,1805,595,1667,1102,440,842,1770,620,634,1042,663,502,573,1315,703,615,958,503,1331,814,573,1076,1048,812,514,492,717,849,1052,503,547,550,854,891,949,755,378,1195,575
BLNK,222,135,230,551,534,192,750,399,165,382,183,669,476,105,764,187,360,123,454,725,594,490,283,281,541,190,498,295,368,586,474,278,101,158,588,374,466,188,498,883,312,347,572,331,417,396,743,375,344,649,149,168,142,243,115,249,556,309,545,306
BLOC1S1,506,1147,690,1014,1145,339,472,792,583,486,528,753,476,408,591,527,1206,1324,659,770,721,1388,621,1473,1324,302,539,929,646,810,979,1271,1381,934,1151,453,778,966,471,688,645,745,911,791,740,369,1574,1086,622,675,523,852,546,657,414,543,454,1024,644,337
BLOC1S2,681,1581,983,809,1442,517,588,951,700,936,810,1300,634,856,600,680,1657,1207,982,1198,908,3060,627,1335,2164,301,525,670,812,1140,1755,773,1446,1303,1615,526,719,870,593,594,1106,877,1460,900,795,487,1232,1260,976,1329,776,768,472,1112,871,582,729,870,922,412
BLOC1S3,165,163,235,339,114,192,252,175,334,169,123,211,214,106,263,203,286,190,161,281,256,152,162,290,127,100,156,157,134,158,298,245,322,226,319,193,150,175,161,350,242,158,236,250,142,167,141,259,240,182,217,170,99,305,140,163,217,187,227,137
BLOC1S4,237,333,257,459,532,233,205,304,375,586,256,291,415,346,422,308,388,546,480,674,334,1267,427,441,869,152,262,342,205,291,339,347,604,619,390,280,310,364,232,355,325,235,726,295,322,129,420,428,276,266,274,692,215,419,428,345,364,562,289,282
BLOC1S5,486,1594,1075,902,642,920,688,503,566,693,519,480,598,632,381,764,955,662,637,1489,1058,1157,908,1388,830,264,442,708,483,991,926,698,1297,514,1046,402,707,1068,296,804,509,540,433,585,780,337,860,1196,608,381,472,843,405,1313,545,1077,373,632,520,426
BLOC1S5-TXNDC5,2,0,0,0,0,0,0,0,0,0,0,0,3,0,0,0,0,0,0,0,0,0,0,0,0,0,0,0,0,0,0,0,0,0,0,0,0,0,0,0,1,0,0,0,0,0,0,0,0,0,0,0,0,0,1,1,0,0,0,0
BLOC1S6,1772,2906,2155,1588,4417,1144,2077,2528,1977,2849,1283,3315,2296,1124,1941,1422,4040,1652,2557,2888,2701,4733,1860,2640,4864,950,1797,2281,2009,2783,2500,2067,3006,2716,3340,1643,1968,2626,1836,3292,1575,2243,2966,2383,2571,1783,3096,3051,2496,3396,1768,2474,1222,2959,1207,1982,1884,2033,3115,1180
BLVRA,1001,3304,2343,183,1644,650,1851,2238,1032,610,713,1250,1368,1309,1459,2101,3024,490,1289,4223,2291,1960,2802,5739,2525,662,1374,596,748,1992,3018,2149,871,1211,3233,643,1688,3864,734,2563,2305,2001,1170,1605,1558,730,720,1910,1274,1194,638,2911,1586,1704,839,994,844,1702,823,732
BLVRB,1090,3834,2143,2477,2094,860,2189,2093,3297,829,1214,1961,1304,2258,443,1090,2258,1007,1730,2202,2637,1912,2206,2219,4437,682,1321,1961,1250,2215,3061,1602,3037,1893,4206,1217,1394,2018,1015,1997,1698,1862,2525,2201,968,597,1733,1612,2177,2191,1283,2816,851,3100,659,1226,960,5240,842,1144
BLZF1,864,2758,1318,1208,2803,1391,1155,1200,1026,1013,882,1045,1966,992,1203,1462,1514,1577,1191,1927,1366,2253,1138,2268,2006,618,1280,1210,2077,1740,1657,935,1655,1848,2246,802,1260,1833,789,1379,1617,951,1420,1046,1555,931,2102,2793,2173,961,1278,1821,993,1758,1649,1300,1218,1809,1086,771
BMF,1273,1041,2363,909,2275,1681,1627,1731,712,1925,959,2225,1660,1255,2042,1183,1837,746,2173,3517,1835,5456,1033,2193,1425,592,2449,4301,1024,1533,1371,1149,1148,629,1788,1187,1772,1243,1699,2573,969,1946,1401,1382,2620,1215,1072,1480,1100,2250,1994,1412,511,1617,1854,1955,869,816,1478,1176
BMI1,1055,2000,2164,4297,2830,1494,1712,1477,1052,975,962,2007,1012,1275,1781,927,2201,1720,1911,2854,2080,2370,1649,1865,2263,461,835,1426,1514,1505,1623,1739,1975,889,1506,1093,1766,2456,927,1976,1314,1601,1038,1116,2049,841,1615,2354,1308,1869,5226,1766,1019,2182,1397,909,1240,2252,1667,701
BMP1,1088,504,5762,786,793,957,1086,723,1634,836,500,1951,2052,178,658,602,2067,849,1215,1281,1362,868,880,1428,1184,692,1380,884,885,585,673,1236,1352,915,501,965,1496,490,778,908,633,340,1211,728,566,871,672,1041,805,1601,819,853,865,1366,591,939,545,625,1076,1427
BMP10,0,0,0,0,0,0,0,0,0,0,0,1,0,0,0,0,0,0,1,0,1,1,1,2,0,0,0,0,1,0,0,0,0,0,0,2,0,0,0,0,0,1,2,0,0,0,0,1,1,1,0,0,0,0,0,2,1,0,0,1
BMP15,0,0,0,0,0,0,5,1,0,0,2,2,0,1,0,0,1,0,1,4,0,0,0,1,1,0,1,0,1,0,0,1,0,0,0,0,2,0,2,0,1,0,0,0,2,0,0,0,2,1,0,0,2,1,0,0,0,0,0,3
BMP2,1370,282,510,132,318,423,378,362,667,621,169,1180,1011,419,798,412,1221,1578,730,245,956,805,1089,278,343,249,710,323,589,662,578,693,963,1248,770,1449,1183,236,202,397,347,825,230,426,780,190,1335,477,426,1286,119,1512,372,729,6503,316,228,9606,544,272
BMP2K,1876,1371,3435,1699,2168,1272,3002,3370,2154,1391,1513,3128,2436,611,1790,1551,3231,1962,2103,3624,2624,2907,1193,2401,3130,1473,2370,2579,1934,2129,3666,2996,2339,1785,3274,1913,2759,1781,2247,5592,1782,2398,3078,3471,2049,2284,1830,2417,2129,2989,1342,1789,1960,2803,1258,1975,2167,1009,2774,1754
BMP3,632,1488,997,887,135,535,3394,4267,27,59,198,624,1238,3013,859,2065,260,242,199,3097,1061,110,14200,4178,337,547,3214,4201,289,1403,999,2440,8358,662,7874,124,10746,1454,79,5407,357,478,40,1145,3979,829,226,2826,85,413,411,1594,1758,37,95,6857,428,53,261,91
BMP4,33,622,238,308,197,91,144,323,172,256,114,158,440,374,95,245,230,41,159,255,156,887,1107,1897,388,83,209,57,936,214,264,261,64,311,346,66,456,129,128,429,305,67,81,242,362,213,400,337,64,56,114,218,250,279,139,154,198,82,86,52
BMP5,563,434,1338,501,756,1087,1122,1375,39,163,517,532,776,203,860,654,953,3223,881,2264,1431,1218,296,714,714,327,468,1076,405,681,524,968,836,539,626,819,1271,3857,344,889,510,657,55,1142,2102,726,722,8621,349,727,2324,1622,950,104,1831,1524,366,159,96,1194
BMP6,222,940,137,139,636,89,400,146,524,1722,53,967,338,298,397,101,866,181,321,415,326,705,165,100,210,76,163,161,105,334,141,301,752,798,172,321,126,167,3554,230,179,156,411,80,250,88,140,443,1478,659,50,93,122,2061,470,135,241,108,1621,7016
BMP7,32,10,183,525,674,33,185,185,549,14,359,48,131,14,53,100,156,25,25,223,149,13,178,140,90,42,52,23,65,48,364,327,535,21,73,93,176,34,68,131,297,60,17,52,267,88,268,345,52,56,20,158,69,40,4,86,61,16,22,31
BMP8A,59,21,193,95,63,87,22,66,83,58,61,71,191,38,122,123,158,230,152,103,36,71,14,33,62,25,73,105,66,27,32,14,86,7,31,472,19,34,132,59,39,20,95,38,10,32,29,824,30,37,294,70,20,66,98,200,60,18,368,44
BMP8B,236,191,427,104,226,311,504,247,73,104,389,199,285,171,466,345,595,1079,245,758,335,665,192,320,172,77,158,319,177,327,252,237,622,147,128,372,85,164,78,303,228,225,289,177,159,99,129,545,84,208,405,72,140,168,352,429,177,184,744,44
BMPER,77,94,93,44,28,71,128,151,40,23,32,122,33,31,31,47,878,59,28,324,144,15,43,88,34,77,117,26,55,35,68,155,65,74,144,1298,75,90,773,657,33,101,24,93,208,68,71,84,47,150,31,19,164,44,706,35,75,17,21,86
BMPR1A,1094,3641,1666,2234,1862,1468,1720,1651,1599,2531,1689,1616,1393,1418,1968,1687,2824,2730,1402,2646,1492,3332,1354,2071,3397,665,1416,1212,1506,1830,2009,2305,3356,1933,2592,1487,1606,1522,1006,1524,1384,1625,751,1255,1914,1095,1227,2285,1627,1274,766,794,1024,2363,2114,1685,1275,2622,1740,895
BMPR1B,112,652,63,1909,772,243,107,344,71,59,510,153,442,223,2754,256,213,45,64,735,313,719,61,1408,2337,83,608,1160,99,65,206,227,67,96,234,207,225,859,146,725,208,26,337,19,399,316,177,390,309,130,82,235,284,265,118,948,114,152,224,144
BMPR2,5989,7593,6550,12097,5816,6340,8677,6819,7146,6771,4893,6744,6735,2562,8759,6179,11696,10163,4881,14356,6629,6942,6947,7692,9220,4274,8308,3543,10517,8028,9512,8926,10878,7208,7316,5578,6356,5728,5062,9609,4618,5831,5107,5810,6202,5094,6754,8149,6976,6612,6024,4215,5460,7424,9850,6874,5049,7736,8541,4334
BMS1,1987,2653,1867,2689,2678,1707,2037,2115,2700,3000,1581,1789,2729,1670,2250,1962,4278,4157,2232,3523,2140,4316,1733,3649,4590,884,2070,2101,2281,2647,2910,2154,3326,3592,2526,2444,1794,2779,1675,2176,1545,1558,2961,2238,1622,1279,1808,2532,2431,1663,2399,2319,1273,2241,3389,2265,1862,1984,1950,1621
BMX,73,49,46,3,37,13,42,45,13,12,29,112,15,5,3,21,171,25,17,69,33,25,1640,97,51,51,19,24,35,69,39,73,34,19,54,30,69,46,69,311,31,15,37,17,56,7,43,32,26,49,12,28,45,18,88,16,21,12,15,90
BNC1,6,4,4,13,48,0,5,8,798,10,47,25,1,0,1,4,14,4,4,5,10,3,1,8,19,11,7,4,2,6,9,6,9,15,1,10,6,11,19,3,7,1,4,10,6,0,3,6,36,13,7,4,5,9,9,2,5,2,5,0
BNC2,603,380,1176,300,618,561,967,739,743,650,445,2489,1205,137,841,483,1715,553,841,1115,772,384,373,1268,859,625,765,614,456,579,692,1342,453,316,708,732,883,705,666,1057,427,453,794,1006,837,1540,479,1219,833,1220,883,522,654,1478,487,823,793,364,1613,693
BNIP1,121,420,203,311,278,95,306,370,195,286,139,199,382,157,118,245,420,309,202,397,311,287,355,431,350,125,168,309,168,306,354,169,624,267,469,207,225,399,122,328,393,214,213,193,218,148,183,433,162,169,132,305,167,253,138,209,171,328,151,149
BNIP2,2749,3344,4032,4774,6546,3532,3277,4235,3833,3799,2206,4942,3603,1653,2749,2096,7419,3033,3943,4629,3488,5489,2635,5129,6139,1671,3529,2690,3144,3563,3546,3305,4111,3213,4303,2884,3010,3535,2449,4175,2322,2884,3226,4448,4205,2614,4048,4932,4354,5009,2242,3334,2662,4336,2672,3165,2740,1967,4306,1825
BNIP3,830,8866,614,1343,1327,706,1457,689,670,2777,1123,562,867,3558,638,762,2525,7166,1052,2079,530,7778,838,1375,1711,402,948,1606,701,1965,2081,648,3272,1295,692,1135,815,1348,750,873,931,2070,868,760,771,381,264,1859,1952,580,1312,1028,739,2527,4519,1161,1153,3372,1500,1306
BNIP3L,4189,6405,5825,5519,4361,6522,5254,7332,4092,8665,2724,5911,6535,2137,4892,2680,9737,5562,4910,6805,6529,5200,6277,7201,6314,2884,4545,6287,5637,4230,11154,4228,11214,5876,8050,4426,7739,8587,2677,5556,3424,4295,2799,3730,6032,4685,4741,5141,5183,6277,2978,7415,3233,8653,4128,5388,2623,6311,5451,2360
BNIPL,159,539,1527,1173,418,126,260,379,22,59,386,127,45,991,115,372,214,65,227,716,162,775,560,1442,189,198,183,313,106,99,232,657,65,1516,468,112,542,78,185,45,302,472,77,568,889,272,153,226,813,193,435,579,148,816,148,61,112,915,10,357
BOC,269,224,380,5730,182,247,638,331,222,212,241,866,380,54,268,190,693,207,310,597,334,217,164,342,420,185,312,143,131,320,310,937,169,101,295,322,358,330,303,667,259,195,345,578,311,401,175,389,226,476,218,285,297,511,240,329,388,173,551,393
BOD1,602,1249,868,1669,672,598,871,1297,719,660,866,804,1219,441,582,932,1513,835,613,1642,945,1462,1632,1439,1025,553,713,1305,517,1295,2077,1160,1581,805,1930,613,963,1203,460,1459,863,615,538,732,771,511,681,1769,640,842,541,1288,582,925,677,994,690,894,755,444
BOD1L1,3392,5461,4683,2729,4394,3189,4549,4115,5764,6484,2753,4818,4950,2971,4441,4626,5808,4940,3490,7497,4995,7568,5259,6048,5946,2352,5339,3855,4389,3698,6221,4770,7168,4802,5102,3517,5429,4796,3479,5317,2783,3662,4325,5257,4006,2776,3517,4748,3842,4194,3515,4536,3026,5282,4082,5877,4145,4411,4935,3680
BOD1L2,3,0,2,7,2,2,0,4,1,2,1,2,1,0,2,3,3,5,1,3,2,3,6,5,4,4,5,3,1,3,12,4,2,3,5,0,2,3,0,2,1,2,0,6,0,1,3,5,4,4,0,4,2,3,3,2,4,3,3,2
BOK,1837,965,2001,3064,801,604,1334,1863,508,370,687,1005,1036,1232,4084,2312,1540,1266,1019,2849,729,3235,2157,2253,1216,673,1130,510,1079,749,1697,2386,2421,4806,1567,1348,3094,1945,309,1413,3544,1365,757,962,1689,730,869,2052,757,1082,3229,1149,1201,1285,1361,876,640,1310,450,1160
BOLA1,233,349,234,848,515,403,237,315,213,233,277,145,234,398,413,476,403,452,312,590,330,714,490,555,428,79,273,420,253,550,426,308,358,259,542,232,418,510,144,349,606,486,336,215,386,140,224,584,361,134,485,720,274,369,346,311,348,367,202,156
BOLA2,1,2,0,2,0,0,1,2,5,2,0,6,0,0,2,3,4,0,4,4,1,2,0,4,6,2,1,7,10,1,1,3,2,5,2,0,4,3,1,5,2,2,5,2,4,4,0,9,2,3,0,5,2,1,1,2,1,6,2,1
BOLA2B,0,2,242,9,791,176,5,2,9,6,290,3,1,167,3,5,6,463,3,3,1,313,280,6,7,1,8,6,1,567,2,2,3,3,0,0,5,0,0,3,12,0,401,5,0,2,299,553,285,1,4,2,0,0,10,0,7,6,187,1
BOLA3,149,223,173,753,274,123,144,211,113,171,177,130,234,94,146,179,368,770,286,271,254,554,148,222,327,73,118,259,123,256,133,143,289,244,351,239,150,154,101,123,237,113,257,209,163,91,149,243,300,146,231,125,49,174,174,161,127,261,246,165
BOLL,0,0,0,0,0,0,1,0,2,0,0,0,2,0,1,1,0,0,0,0,1,22,0,0,0,2,0,9,0,0,0,0,0,0,0,0,0,0,0,0,0,0,1,0,0,0,0,0,0,0,0,0,0,0,1,2,3,0,2,0
BOP1,1187,583,422,3929,1767,718,721,815,527,1901,2346,515,1150,581,1109,1161,1556,997,1784,1711,683,2806,488,1464,1152,299,660,1352,377,788,483,681,760,1238,705,976,377,1009,368,844,709,322,1165,573,512,338,367,1472,854,474,4213,966,393,595,2396,478,880,1013,739,580
BORA,188,247,269,441,388,489,208,239,412,361,174,219,139,123,239,161,373,258,373,180,273,340,158,344,610,115,309,445,353,496,187,126,634,229,470,275,211,181,201,244,135,181,805,269,303,227,304,420,632,125,240,315,144,201,300,339,233,289,287,97
BORCS5,497,585,897,747,488,265,431,380,722,641,362,468,421,315,719,211,570,504,410,829,352,1088,387,687,683,519,387,562,271,412,641,1746,828,504,442,373,400,501,449,868,377,439,1763,710,349,354,482,413,604,510,562,348,301,761,494,578,603,329,504,628
BORCS6,195,205,257,372,211,133,271,310,144,242,134,303,224,141,307,195,445,256,247,365,432,532,335,454,381,90,183,223,147,234,349,334,471,274,390,213,340,313,221,367,194,314,261,283,280,195,242,330,161,194,246,305,162,302,129,204,182,139,322,161
BORCS7,349,1943,706,408,910,420,954,1061,629,1081,439,1084,518,832,575,462,1394,902,794,1493,859,2930,804,2041,1861,311,460,514,553,1101,887,1048,1343,1252,1175,378,1170,1489,405,739,710,727,778,639,844,570,1141,1225,713,921,560,549,571,734,526,682,635,1207,533,382
BORCS7-ASMT,0,1,0,0,0,0,0,0,0,0,0,1,0,0,0,0,0,1,0,0,0,0,0,0,0,0,0,0,0,0,0,1,0,0,0,0,0,0,0,0,0,0,0,0,0,0,0,0,0,2,0,0,0,0,0,0,0,0,0,0
BORCS8,230,227,280,329,323,357,266,321,246,244,162,290,195,127,202,220,423,245,160,376,365,355,236,447,310,130,275,348,220,238,321,329,214,332,403,246,273,266,210,386,341,277,254,257,361,154,243,294,379,228,205,332,151,268,186,230,215,621,222,247
BORCS8-MEF2B,3,0,5,4,0,6,8,10,3,4,1,3,5,2,4,3,4,1,2,15,7,6,5,3,5,1,4,2,2,4,8,7,1,3,3,3,5,1,3,15,6,2,5,4,2,6,4,12,5,6,4,2,5,4,5,4,5,1,4,4
BPGM,662,763,542,802,791,1003,1008,1201,451,665,1187,489,919,391,651,751,1043,438,860,1809,646,710,528,1492,762,384,1198,759,754,1125,5420,602,502,752,1196,480,606,916,459,1289,683,1010,467,711,1558,601,858,776,774,450,476,757,331,556,830,867,389,956,531,342
BPHL,319,1632,836,2190,610,1102,467,500,401,317,619,296,589,741,613,1179,1066,1118,597,1265,488,1250,509,1288,530,205,440,870,257,778,639,623,625,449,1225,638,605,1193,293,640,412,350,261,291,418,183,549,1057,354,229,1501,649,334,1078,702,636,480,534,400,453
BPI,5,3,4,5,5,3,1,18,3,2,12,10,4,1,5,0,12,3,7,9,6,7,4,4,5,5,2,2,10,1,3,10,4,18,5,10,16,1,7,6,1,3,0,1,4,0,9,9,12,5,0,128,3,6,17,36,4,9,3,0
BPIFA1,798,1066,105,32,174,78,34,1525,138,1264,405,1284,396,114,2169,32,170,203,7326,738,152,2,18,727,1940,955,12,8,215,97,45,259,81,17,8,15979,288,297,477,346,69,11,543,2,53,652,145,4,20635,478,37,3812,15,1826,4570,18,556,1119,245,1478
BPIFA2,2,9,9,0,28,2,53,21,0,38,0,6,1,1,198,3,1,19,15,4,2,0,4,1,6,11,10,0,13,4,2,8,12,5,4,11,8,1,3,9,5,3,1,2,21,34,5,0,242,2,2,16,0,427,223,6,3,97,28,17
BPIFA3,0,0,0,0,0,0,1,0,0,0,0,0,0,0,0,0,0,0,0,0,0,0,0,0,0,0,0,0,0,1,0,0,1,0,0,0,0,0,0,0,0,0,0,0,0,1,0,0,0,0,0,0,0,0,0,0,0,0,0,0
BPIFB1,4354,145,324,420,334,634,3310,5324,268,50,3200,7083,1559,266,4617,2302,3009,36,2079,2823,1399,27,534,3939,10613,51,3687,19,2977,1716,841,4392,494,1323,385,16253,3874,1643,535,450,2817,243,807,20,1940,472,8139,203,2661,3259,731,364,86,10330,904,122,47,15273,340,14870
BPIFB2,158,52,30,2,38,6,313,6,0,265,11,126,4,0,791,1,93,227,27,51,0,0,13,7,35,0,55,0,7,9,15,5,163,15,0,408,4,8,17,5,3,0,2,0,5,22,3,4,16,9,23,0,0,240,2885,117,0,187,454,52
BPIFB3,0,0,0,0,0,0,0,0,0,2,0,0,0,0,0,0,0,0,0,0,0,0,0,0,0,0,0,2,0,0,1,0,0,0,0,1,0,0,0,0,0,0,0,0,0,0,0,0,0,0,0,0,0,1,1,1,0,0,0,0
BPIFB4,1,0,0,0,0,2,2,2,0,12,2,6,1,0,3,0,0,0,1,0,2,0,3,0,0,0,0,0,0,1,0,1,53,12,0,4,0,1,3,1,1,2,0,0,5,3,0,0,27,1,1,0,0,112,226,0,2,51,0,22
BPIFB6,1,3,1,0,14,0,5,0,1,2,0,1,0,0,44,0,0,2,0,1,0,0,0,0,0,0,1,0,0,0,0,0,0,1,0,1,0,0,0,1,0,0,0,0,0,2,0,0,0,0,0,0,0,1,128,0,0,0,5,1
BPIFC,0,0,7,0,0,1,1,4,0,0,2,0,1,0,0,2,1,0,0,2,1,0,0,2,0,2,0,0,0,0,0,0,0,0,0,0,0,0,0,2,0,0,1,0,0,0,0,1,0,0,0,3,1,0,0,4,0,0,0,0
BPNT1,723,2747,930,1487,1674,1573,811,1349,973,893,1241,717,1851,1268,1094,1149,1183,2121,1025,2059,1532,4843,1949,1926,2239,445,1655,1283,1354,1704,1536,930,969,2239,2010,920,1191,2065,938,1159,1378,703,2250,949,1369,667,2003,2466,2685,556,2667,1524,678,1391,1864,1481,1021,2249,854,781
BPTF,4309,9217,7384,9733,4605,5794,7777,6048,7285,8622,7210,5559,7135,4247,7188,7514,8515,9524,4694,13520,6298,11106,8803,10840,7391,4005,8186,7522,5686,4776,8382,8258,12594,8036,7025,5816,10008,5920,4638,12430,4574,5153,6130,7716,5898,4279,4415,8284,7669,4594,7787,5245,4869,6850,9014,8111,5372,4800,5822,6246
BPY2,0,0,0,0,0,0,0,0,0,0,0,0,0,0,0,0,0,0,0,0,0,0,0,0,0,0,0,0,0,0,0,0,0,0,0,0,0,0,0,1,0,0,0,0,0,0,0,0,0,0,0,0,0,0,0,0,0,0,0,1
BPY2B,0,0,0,0,0,0,0,0,0,0,0,0,0,0,0,0,0,0,0,0,0,0,0,0,0,0,0,0,0,0,0,0,0,0,0,0,0,0,0,0,0,0,0,0,0,1,0,0,0,0,0,0,0,0,0,0,0,0,0,0
BPY2C,0,0,0,0,0,0,0,0,0,0,0,0,0,0,0,0,0,0,0,0,0,0,0,0,0,0,0,0,0,0,0,0,0,0,0,0,0,0,0,9,0,0,0,0,0,0,0,0,0,0,0,0,0,0,0,0,0,0,0,0
BRAF,3184,4238,4861,3769,2843,2430,5107,3151,2411,3375,2278,2716,3145,2138,3737,5195,4243,2823,2515,4646,2443,3662,4444,5051,2833,1843,3209,3047,2232,5936,8847,4488,6508,4496,4978,2765,3625,5623,2269,5477,2625,4904,2381,3244,3002,2388,2176,3432,3586,3150,3261,3456,2818,3046,6532,3568,3443,3405,2196,2848
BRAP,742,1215,677,1265,966,672,743,936,884,1031,866,920,957,679,1047,727,1657,1749,858,1033,763,1932,698,1539,1655,428,718,703,784,890,1162,893,1578,1351,1119,801,826,849,681,1056,803,766,1160,835,1008,705,1063,1165,1062,759,734,1134,626,1100,981,873,717,857,1235,659
BRAT1,1385,1114,1657,2746,921,2066,1740,1173,968,896,961,962,1419,839,1336,1764,1713,813,1146,3386,1889,2694,1567,4633,1125,587,1966,1059,619,1017,1424,1971,1434,1357,1270,1371,1442,1186,787,2334,1593,735,1402,905,1081,697,624,3404,1305,650,1433,1604,1165,1089,1121,1297,763,985,696,903
BRCA1,538,478,405,2060,933,1692,630,510,946,1806,538,325,431,143,383,526,1597,1412,764,1070,1346,1208,408,1195,1500,607,1634,3185,683,1329,802,267,1186,607,1636,828,407,398,349,832,426,244,2178,524,531,350,366,729,1799,280,1359,818,309,352,1813,1881,569,610,688,422
BRCA2,1178,854,889,1297,1715,2693,865,674,1281,1537,712,1241,769,385,783,684,1181,1033,1429,1647,1401,1215,1258,1126,2298,515,2364,2744,734,1589,899,580,1647,552,1653,931,943,912,663,704,624,607,2238,973,818,668,648,1026,2227,1496,1608,1061,541,473,1159,1961,747,815,926,510
BRCC3,670,1166,1465,1339,891,1013,855,1025,818,789,700,625,871,480,862,766,939,1101,638,2095,1143,2520,1463,1702,1621,368,874,1072,700,1285,873,801,1746,1111,1608,681,974,1017,495,2191,579,1055,1370,779,1166,521,947,1628,1264,618,457,949,847,830,1005,1476,580,878,815,615
BRD1,1420,1964,1823,3152,1778,1638,2409,1918,1450,2050,1023,1655,1568,1720,1686,1832,2299,1496,1256,4580,1524,2371,1484,2938,2382,883,2569,1970,1369,1007,1565,2717,4336,2580,2081,1475,2336,1424,1259,3597,1009,1908,1612,2369,2119,1420,1512,1799,1825,1609,2271,1212,1087,1711,1956,1538,1484,1525,1452,2618
BRD2,4384,15384,6062,13794,7293,6142,5946,5347,5476,7080,4887,6379,6109,6580,5678,7891,7782,9191,6661,10184,9052,11154,5497,14866,6550,2524,5393,4134,4924,5268,5194,6224,13556,7098,6778,4621,6111,5837,4912,7000,3642,6096,4819,5329,6056,3863,5857,9731,4827,5110,4216,5947,3867,11346,5928,6569,4746,4498,4979,6028
BRD3,1045,1149,1485,1625,738,1615,1533,943,783,985,862,939,1355,782,2025,1082,1519,1316,953,1860,1358,939,877,1083,1513,507,1760,739,970,1094,1550,1288,2919,1873,1237,1013,772,1070,938,1456,609,1101,1492,1074,1223,861,947,1503,1179,688,1132,1032,991,1063,1589,1981,811,1117,1044,1162
BRD4,2324,1079,1802,2155,1176,1893,2313,1158,1989,2236,663,1575,1545,511,1968,1477,2145,2095,1070,2992,1672,1171,1391,1792,1140,1040,2817,1433,1262,899,1929,2976,1616,2114,1096,1457,1438,1109,1593,3401,915,1244,2041,2108,1317,1540,800,1064,2581,1316,1865,932,1146,1558,1769,1924,1760,1132,1579,2569
BRD7,1020,1982,2041,4563,1834,1488,1811,2084,1747,1684,1078,1296,1382,1196,1281,1094,2798,2053,1332,2753,1237,3979,2334,2792,2356,639,1227,2359,1276,1686,2161,1375,2759,1981,2457,1320,1895,1628,992,1904,1310,1400,1591,1570,1868,935,1461,3008,1845,1123,1175,1679,1109,1555,1489,918,1149,2191,1250,1078
BRD8,1027,2637,1892,1349,921,1403,1762,1646,2473,1457,1144,1185,1669,1089,1416,1944,2423,2363,1057,3561,1763,1831,1122,2202,1914,863,2277,1354,1706,1082,1785,1739,3066,2254,2755,1571,2648,2012,1165,2601,950,1061,1540,1383,1441,972,990,2473,1146,1007,1462,1432,991,1631,2068,2260,1489,1704,1549,1529
BRD9,1298,1367,1160,1680,1664,1289,1285,873,1133,1615,1244,733,1070,1163,1228,1439,1966,1440,1193,1634,623,2337,768,1725,1177,2418,1485,1246,633,1033,5039,1068,1066,1475,1497,1062,991,1994,667,1741,1074,714,1509,970,1013,842,713,1512,1304,749,1114,833,801,1063,2212,1012,1401,803,1095,1023
BRDT,1,4828,104,0,3,1,0,16,2,3,174,30,182,760,10,189,3,1,117,1,0,31,254,692,2,0,2,2120,1,1,61,5,2,2074,2,697,608,11,1,2,315,1,3,5,2,1,2,54,469,8,946,609,4,2,1328,13,62,1218,2,3
BRE,889,1412,1516,1862,984,714,1065,1503,1135,655,688,1193,883,989,804,798,1567,1536,1134,2928,1199,3119,1564,1457,1729,557,1075,1208,778,1486,1531,1306,1998,921,1550,736,1163,1182,766,1483,939,775,1568,1125,1167,766,1022,1782,1257,1150,1194,1820,739,1236,1097,999,948,1515,1276,1117
BRF1,811,1063,1043,2469,968,1166,1133,940,601,1118,675,771,1334,900,1836,1209,1413,1083,791,2072,975,2100,1128,1931,886,448,1254,668,538,689,913,1014,1884,1713,818,1005,1477,674,825,1832,607,709,973,965,865,934,510,1176,1124,671,939,1123,536,1113,1050,841,591,740,661,1434
BRF2,297,527,377,1454,531,402,361,543,307,807,232,348,565,185,351,437,574,632,295,556,752,1002,344,594,776,179,333,332,265,370,612,355,616,503,487,328,392,642,228,300,345,267,353,308,314,234,383,338,253,306,653,488,252,630,743,371,374,647,353,259
BRI3,1252,1553,1470,1371,1193,614,1716,1915,944,928,1091,1694,1196,895,1059,1085,2166,700,1319,1568,1041,1106,2081,3942,1618,759,1001,1512,1035,1716,2891,2915,2297,2168,2956,962,1936,2065,1067,1862,1207,2412,1353,1900,977,821,1489,1475,984,1904,650,1584,844,1196,902,983,664,2305,1155,936
BRI3BP,1062,687,1169,3801,3534,989,1052,1036,2052,2187,2148,984,1426,876,1141,1235,1881,6142,1656,3609,1599,3669,1109,1873,3468,565,1608,1495,1912,1680,1799,692,2490,1331,2067,1356,1127,932,964,1127,1308,952,3722,1195,1093,675,2542,1291,2275,718,1740,1248,528,1553,1802,2747,1433,524,3452,966
BRICD5,65,99,260,40,132,126,234,147,93,165,42,99,118,77,163,202,121,175,78,168,175,108,66,132,129,76,319,53,97,94,202,227,118,95,132,133,141,97,81,240,74,103,206,133,107,104,70,152,115,60,169,55,115,105,111,214,137,58,101,105
BRINP1,131,4,641,3,2,18,12,409,7,4,14,71,15,0,3,258,35,6,10,60,6,3,91,474,16,10,41,20,2,6,223,11,17,8,2681,7,31,374,15,9,57,38,9,26,1249,85,73,186,7,9,4,275,1465,23,89,343,214,7,53,14
BRINP2,0,2,5,4,2,16,1,1,0,1,5,0,11,1,6,4,6,8,2,4,5,7,8,43,5,2,3,2,1,1,12,7,0,1,14,0,394,6,0,5,1,0,1,2,4,4,2,2,1,2,0,2,6,9,10,18,0,0,7,4
BRINP3,33,19,46,22,14,28,122,109,40,7,12,103,51,1,44,38,108,342,20,39,290,80,16,137,41,39,42,8,6,30,46,161,48,25,36,23,90,59,35,73,20,36,5,50,48,70,100,73,39,75,21,36,29,278,16,17,14,12,38,14
BRIP1,661,286,217,1112,349,1424,220,290,549,695,1112,139,275,69,167,301,929,488,548,426,1089,396,205,562,965,261,746,881,346,814,581,264,619,280,783,491,232,483,184,326,229,168,855,353,188,186,263,342,680,185,892,287,215,94,693,1355,530,177,223,262
BRIX1,851,1581,777,2030,2367,883,898,940,670,2232,1403,515,742,1423,739,776,1435,727,1293,1211,964,2599,612,1106,1496,319,734,3556,500,1463,483,557,1053,1186,1770,669,609,1907,350,757,641,501,1044,395,868,433,683,1449,1251,531,702,528,417,668,2473,886,1048,1005,676,380
BRK1,1749,3102,1736,3474,3071,2117,2255,2639,770,1693,2096,2147,1468,962,1641,1530,3334,1876,3048,3237,2281,2659,1645,2145,3260,872,1537,2211,1625,2029,2433,3091,3357,2334,3729,1558,1774,1893,1310,1677,1529,1613,1399,2163,2614,1041,1769,3242,1592,2156,2039,1871,1040,2291,2748,2005,1323,2987,1597,1137
BRMS1,617,1100,896,1549,1549,1005,843,1601,785,1123,815,825,836,589,893,941,1685,1177,1187,1846,1114,1989,892,1682,1305,398,656,1249,645,963,702,953,1179,1055,1823,855,707,1101,640,1417,986,816,1071,902,926,606,878,1574,1160,771,1130,962,689,965,859,739,726,976,1134,556
BRMS1L,283,468,1956,909,250,454,415,407,115,422,358,397,645,198,429,532,770,412,361,847,486,659,436,802,360,158,344,926,168,464,435,283,745,307,366,674,379,516,202,353,205,306,515,251,381,222,218,1583,390,361,255,402,291,421,1497,903,466,293,872,201
BROX,2480,7252,4233,2919,4857,4336,2966,3749,3409,3300,2685,2641,3481,3186,3153,3404,6802,7017,3100,5924,3875,9217,4835,5491,8431,1533,3072,2929,4650,4621,4845,2373,5542,6995,7648,2957,3437,5995,2720,3408,4502,2620,5584,2986,4681,2356,5155,6575,7576,2272,4918,3991,2316,6239,5727,3488,2765,8455,3575,2870
BRPF1,851,908,796,917,734,875,1126,798,502,785,635,895,712,512,791,585,1104,726,975,1244,887,731,535,802,929,395,996,667,642,541,1069,1065,1369,924,840,618,818,598,632,826,557,718,873,821,793,591,510,805,591,848,963,553,446,1064,1404,742,709,815,606,653
BRPF3,2592,3795,2325,2593,1526,1865,1638,911,1457,1466,1204,1148,1936,1233,1649,2845,1624,2125,1598,3076,1619,1730,1681,5297,839,616,1897,1301,941,1675,3183,1400,4057,1753,1815,1496,1686,2428,1029,2377,849,1497,1085,1136,958,958,860,2564,1277,930,2196,1530,1373,2158,1426,2041,1654,1710,1043,1795
BRS3,0,0,2,0,0,1,0,0,0,0,0,0,0,0,0,2,0,1,0,3,0,5,0,1,0,0,0,2,0,2,0,0,0,0,0,0,0,0,0,0,0,0,0,1,0,0,2,0,0,0,0,0,0,0,1,0,0,0,1,0
BRSK1,174,29,200,99,55,72,324,71,55,152,51,190,168,11,111,141,246,129,106,171,76,52,51,69,65,42,206,139,34,58,154,241,168,21,31,417,56,61,81,151,204,24,91,44,99,57,35,84,190,143,351,33,20,152,221,178,82,161,165,112
BRSK2,22,4,4,503,6,23,8,2,7,97,20,5,23,3,47,14,41,819,5,63,6,152,13,11,20,9,25,12,4,8,77,20,26,11,2,91,6,6,10,49,8,1,3,10,14,42,3,6,41,7,109,15,4,83,22,75,6,199,6,10
BRWD1,5469,10053,10476,13302,9601,12795,10186,8336,10461,7556,10016,6315,8124,5705,10059,10252,9630,6304,6607,14067,6985,7195,8537,10502,12288,4398,11330,5882,9122,8710,9502,7188,16282,10707,8228,5554,8584,8244,4154,11567,5782,8192,8609,7869,6870,5860,7821,18177,11077,6150,9669,8085,5254,8125,7149,12332,6561,6480,6781,5183
BRWD3,1797,2397,2511,3281,2384,2868,2155,2485,2564,2405,1365,1961,2422,1158,2711,2387,2984,3534,1557,5267,2339,2975,3681,3923,3019,1127,2829,2056,2629,2331,3273,2202,1679,1749,3278,1990,3165,2314,1622,2916,1995,1772,2140,2222,2209,1797,2298,3396,2675,1624,3387,2080,1996,2387,2753,4383,2128,2158,2568,1604
BSCL2,135,236,213,169,201,185,246,214,116,281,105,215,211,137,239,229,257,381,203,353,258,443,247,434,205,69,147,216,140,287,146,250,258,279,254,193,214,232,149,241,290,169,174,168,183,110,123,400,226,165,161,210,160,283,174,237,105,379,194,167
BSDC1,1773,3012,3657,4101,2234,2427,2777,3177,2424,2577,2391,2701,3422,1889,2032,4017,4714,4453,1803,6084,3137,6038,3438,5627,3741,1292,2731,2708,2324,2178,4135,3275,5355,4552,3380,2337,3422,2468,2123,3786,3854,2117,3080,3174,3661,2170,1875,5591,2203,2451,1986,4012,2175,3508,2420,3105,1657,3376,2859,2555
BSG,6249,3083,4279,16618,6142,4143,5761,8037,2781,6561,5280,6943,7808,4108,4567,4765,9259,8555,6279,8251,7700,8740,4676,6089,6098,2231,4957,4377,4011,4491,6493,8025,8895,14597,5355,4116,4978,5396,3931,6207,4801,4039,4215,5182,3673,2923,3847,5302,4502,5354,12468,7789,4663,6399,5502,4861,3258,4019,5682,3104
BSN,115,37,82,154,8,66,85,74,72,44,55,76,32,17,422,66,67,2645,31,130,67,26,67,101,33,55,105,45,17,32,145,203,87,66,47,52,109,74,42,81,21,53,44,57,55,52,28,34,82,36,107,21,40,50,699,464,122,34,76,77
BSND,1,0,1,0,1,1,4,0,1,8,5,2,0,0,3,0,2,23,0,9,0,0,0,7,5,0,2,0,0,1,3,2,2,3,0,5,1,6,1,2,3,4,3,0,3,1,0,0,3,2,3,3,1,1,2,33,0,0,35,0
BSPH1,0,0,0,0,0,0,0,0,0,0,0,0,0,0,0,0,0,0,0,0,0,0,0,0,0,0,0,0,0,0,0,0,0,0,0,0,0,0,0,0,0,0,0,0,0,0,0,0,0,0,0,0,0,0,0,0,0,0,0,0
BSPRY,371,1075,668,827,728,445,808,674,273,367,386,255,857,742,945,453,686,681,636,1086,1040,2632,522,695,1103,201,853,805,350,1253,1357,889,1321,1257,1671,464,278,1780,274,452,532,632,1049,270,642,221,633,985,521,197,568,1432,357,514,941,1525,457,1334,586,641
BST1,186,106,185,37,180,92,136,228,142,140,69,396,262,35,118,97,358,84,141,210,378,791,56,171,296,76,143,95,112,224,193,209,141,87,267,166,221,123,127,144,160,121,244,236,118,115,151,258,304,288,84,131,133,254,62,133,106,75,417,50
BST2,1549,693,3604,2799,1914,2722,1267,5769,525,504,4822,2475,3288,751,1998,5361,4569,1172,3047,5665,5614,683,3935,6252,1076,1926,2670,937,1986,4937,3193,3087,3972,1705,1414,1289,1904,729,858,1157,3079,1127,2539,1571,6542,1994,1548,9644,2271,1678,2135,5238,2283,787,936,2892,2996,12263,2508,694
BSX,0,0,0,0,0,0,0,0,0,0,0,0,0,0,0,0,0,0,0,0,0,0,2,0,0,0,0,0,0,0,0,0,0,0,0,0,0,0,1,0,0,0,0,1,0,0,0,0,0,0,0,0,0,0,0,4,0,0,0,0
BTAF1,3385,8357,3919,3063,5142,3397,5013,4092,4262,6225,2710,4739,4726,2883,5469,4044,6664,6799,4353,5375,3554,6777,2812,5352,7652,2089,4237,3346,4652,5196,4539,5310,6306,5510,6554,4605,3282,4740,3606,6014,3685,4414,5431,4568,4248,3005,3932,5234,4740,5578,3830,3180,2821,4298,5350,3731,4211,4886,5119,5072
BTBD1,1961,3015,2611,5478,5108,2240,2349,2963,1705,2756,1804,3143,3176,1524,2058,1467,4553,2915,3318,4709,2842,6241,2115,3594,5973,1086,1970,2264,2352,2866,2761,2026,5645,3525,3406,2262,1841,2351,2022,2967,2003,2464,3884,2960,2667,1553,2906,3525,2596,3465,1775,4467,1458,2737,2592,2596,1782,1811,2835,1568
BTBD10,751,1276,1075,1570,1214,681,983,1305,1017,843,871,1108,863,684,1089,1129,1596,1686,1030,1572,1076,2540,1103,2044,1493,470,725,1413,1583,1034,1312,751,1606,1272,1989,956,910,1398,690,1433,1027,869,824,1017,1227,765,1834,1944,1375,991,793,1305,643,1479,1609,951,856,1890,1235,720
BTBD11,71,89,207,237,274,198,93,94,336,76,190,91,63,218,58,97,84,487,76,143,225,110,221,139,294,70,235,47,75,347,72,100,66,329,93,101,455,149,70,141,77,149,1317,180,185,260,52,168,195,66,36,449,71,1184,33,100,95,259,408,160
BTBD16,27,8,21,5,38,2,18,9,87,105,5,6,77,38,8,10,76,68,46,9,1,51,1,52,104,19,27,8,27,20,9,36,15,106,35,7,7,44,21,10,21,33,86,20,7,17,45,6,91,14,84,3,7,55,11,19,9,130,108,22
BTBD17,0,0,0,1,0,0,0,0,0,145,0,1,0,0,44,0,0,20,0,0,0,0,4,0,0,0,0,0,0,0,1,0,1,0,0,0,0,0,1,0,0,1,1,0,0,0,0,1,0,0,0,0,0,1,0,77,4,0,9,0
BTBD18,0,0,1,0,0,1,0,0,0,0,0,0,0,0,0,0,0,0,0,0,0,2,0,1,0,0,0,0,0,2,0,0,0,0,1,0,0,0,0,0,0,0,0,0,0,0,1,0,0,0,1,0,0,0,0,0,5,0,0,0
BTBD19,200,71,188,199,176,196,301,115,301,276,55,417,254,55,99,132,268,166,172,273,56,58,131,99,109,90,238,237,133,66,106,288,137,71,106,181,151,109,152,362,99,147,206,300,132,199,182,275,191,350,159,74,107,305,136,143,176,49,296,376
BTBD2,1775,960,937,2963,1244,1822,2049,1579,800,994,1089,1182,1231,589,1725,1514,2300,1404,1883,2601,1393,2324,1419,1510,1269,644,1422,1064,884,1114,1939,2133,2200,2347,1362,1115,1203,1057,796,1749,1577,908,1448,1396,1036,1035,959,1108,1198,790,1691,1279,972,1687,1101,1363,818,1193,982,1049
BTBD3,960,3001,1524,2644,1646,2449,1440,1170,1110,719,1529,1212,2303,966,909,1822,3374,8085,734,2317,1461,1816,922,1529,1734,610,1439,1011,1343,1559,1398,1444,24344,1889,1752,1482,1579,1629,1371,1467,849,958,764,1046,1468,993,1702,2685,1316,1190,992,1341,650,1846,1574,2891,5380,1498,2279,1511
BTBD6,1309,2855,1310,2993,1962,1710,1195,1599,831,1311,1369,970,1470,2005,2264,1639,2017,883,1628,2733,1719,5090,1443,3497,2355,683,1494,737,1046,1492,1214,953,3354,3039,1555,954,1666,1420,919,1989,834,1317,1251,1257,1148,903,1088,1918,953,995,1021,2313,738,2508,1622,1367,619,1976,603,1197
BTBD7,1699,3108,1843,3590,2109,2166,2313,1815,1787,2041,1756,1782,2278,1708,2267,2065,2456,1432,2398,4613,1745,3850,2597,3544,2603,1000,2190,1533,2105,2277,2727,1606,4009,2192,2050,1502,2663,2222,1419,3667,1090,1802,1583,1773,2008,1378,2020,2147,1735,1495,1971,2163,971,2961,2267,2503,1414,2355,1498,1827
BTBD8,334,873,767,505,325,580,448,625,897,465,525,395,719,469,392,397,715,349,377,1346,422,699,561,1050,845,397,616,570,765,923,657,622,531,453,776,368,714,668,289,823,367,273,705,545,461,264,1058,868,873,285,710,695,432,646,629,742,353,561,387,300
BTBD9,3382,10377,4643,1489,1336,2950,4607,4031,930,1332,1469,1699,3582,3319,1311,4167,3565,4042,1890,7900,1948,6281,3239,14803,1984,1514,2343,2207,1460,2767,5931,3664,6570,2196,5754,2264,3896,8815,1574,5824,2016,3932,1060,3440,3162,2225,1727,3759,916,1740,4617,3782,2882,4001,3189,3128,1216,2190,2473,5578
BTC,445,356,407,781,159,182,671,428,96,195,284,182,148,402,261,490,282,71,149,402,534,568,359,713,386,228,262,70,286,532,469,1065,306,1356,228,563,363,355,238,320,450,280,81,252,324,127,520,203,159,245,85,578,350,239,171,208,211,678,117,411
BTD,601,2009,837,357,530,531,1085,640,274,389,659,747,559,522,542,489,887,606,754,1244,706,786,791,1507,837,393,467,375,559,762,1284,895,1563,1072,748,336,949,883,472,873,368,553,499,759,665,425,527,670,355,691,1001,538,475,1039,623,514,357,766,456,778
BTF3,3689,11351,7889,6639,7850,4279,7188,10452,5086,5371,5474,4936,4648,4339,4631,3800,12050,5597,4807,12196,6869,5337,4972,7018,12865,1847,3735,7127,4912,4855,7784,8425,10768,5314,13612,4615,5861,8109,3136,7018,3738,4605,3482,4165,6606,2901,7766,11382,3649,5386,3797,8556,4627,6649,5083,5232,5518,10122,4959,2366
BTF3L4,864,1764,1782,3469,1798,1611,1108,1823,1123,1692,1848,1165,1439,712,1320,886,2488,1697,1196,2586,1482,2296,1623,2619,2012,657,1065,2152,1098,1817,2743,1137,1511,1562,1939,842,1361,1337,908,1907,1263,880,1639,1121,1870,1037,1564,3010,1436,1114,1231,1553,766,1635,1443,2023,925,1794,1440,459
BTG1,3524,6591,4185,2811,5937,2517,4636,5502,4121,8102,3029,4927,3395,4425,4547,2661,6096,8744,2368,5966,7269,6214,7621,3883,8150,2390,3470,4830,3350,4293,6173,5449,9606,6109,5965,3218,6233,5117,5375,6061,5065,4524,3580,9326,8325,3594,6933,4504,2905,5377,1843,4625,3984,3561,4728,3871,3733,3899,5223,5711
BTG2,3291,3514,3818,1635,3821,3803,5251,3432,2590,5368,1750,15140,4643,2051,11541,2374,3887,4768,6509,5546,7386,8449,7555,2652,4758,1516,3145,4280,2476,3912,4905,6627,17111,17836,4035,7416,26098,3314,5746,7322,5890,6974,4585,6746,19772,3577,3889,5722,1918,9456,1672,4307,4067,2855,2609,2280,4184,8157,6880,3979
BTG3,1265,2633,2592,1969,930,1652,1719,1970,938,656,865,1141,1305,1292,277,3997,1339,546,806,1796,2356,2402,1961,3509,1753,639,1814,822,552,2655,2159,1512,1895,2282,1243,776,997,1926,663,1431,1988,2069,1379,1329,1225,861,711,2596,1088,1294,746,2117,1953,1312,897,1281,996,2244,787,544
BTG4,5,0,6,0,2,4,22,8,4,1,16,13,7,3,4,4,5,0,4,18,14,0,0,12,31,0,18,0,10,5,3,15,0,4,1,15,24,5,2,5,5,2,10,0,1,1,6,8,7,5,2,0,1,0,2,6,2,1,3,16
BTK,543,152,666,135,483,206,623,993,281,368,275,1302,661,85,613,269,972,293,585,895,1006,472,213,621,818,438,599,303,408,577,611,542,308,276,972,503,1037,504,741,895,692,698,701,1300,734,551,569,765,399,1238,317,499,569,523,161,326,682,163,687,592
BTLA,98,19,46,35,118,38,279,197,82,95,91,125,112,39,244,69,191,70,118,282,275,259,138,156,429,132,98,109,104,261,144,59,99,7,201,113,143,221,194,267,294,221,183,652,331,70,117,144,78,94,32,132,119,30,24,61,269,34,73,159
BTN1A1,4,1,0,1,3,2,13,3,5,4,2,1,1,0,20,2,4,11,10,6,9,6,2,1,10,0,3,1,3,17,0,0,0,1,3,1,3,1,4,6,10,2,11,1,7,0,4,3,2,6,1,2,0,1,0,1,2,1,2,1
BTN2A1,783,2418,1136,1165,1274,1755,1096,1146,1249,1078,733,1190,1519,721,1025,1418,1810,1161,1201,1891,2129,2251,1067,2079,1404,592,1436,1045,1296,1305,1085,1194,1658,991,2109,970,1343,1568,1015,1915,680,1079,1106,1360,1197,901,1420,2283,1138,913,825,1237,1077,2011,858,1412,1053,725,1204,1043
BTN2A2,676,397,1042,873,731,973,950,1146,556,823,461,1152,1140,207,824,1182,960,460,856,1620,2698,1999,1185,2010,988,488,1244,719,533,1370,1136,888,472,409,1248,614,1438,1597,781,2057,845,1025,1093,1814,1296,508,757,2326,774,1140,561,1486,1069,647,256,1020,1054,280,893,832
BTN3A1,2018,2924,2948,996,1735,1804,2201,2697,2058,1674,1913,3072,3128,715,3015,2769,3031,1536,2665,3806,5397,4788,2237,4240,2927,1468,3069,1724,2815,5154,2267,2954,1230,1425,4176,1712,2726,3246,2345,6029,2346,1954,3207,5477,2580,1494,4215,6455,2685,2766,1605,3566,2620,1669,799,2438,3029,1151,2247,2647
BTN3A2,949,2202,3716,823,1899,1735,2389,2854,1116,1373,1668,1709,2583,645,2604,2701,3209,1181,2842,4465,5975,4620,1535,4890,1651,1540,3259,1744,2894,5975,2245,2530,1185,973,4070,1695,3015,2930,2165,3539,2199,1222,2936,2967,3546,1150,2060,6637,2164,2985,1382,3683,2507,1119,412,1630,2633,717,2047,2185
BTN3A3,1217,1157,1675,516,797,856,896,1774,816,758,1116,1975,1133,323,1177,1827,1705,653,1350,2362,3364,1817,1499,2673,1388,853,2096,1055,1344,2318,1438,1636,695,607,2079,842,1342,1221,1312,2404,1139,1369,1569,3424,1906,555,2094,3119,1298,1591,849,2120,1306,802,316,1696,1450,463,795,1498
BTNL2,1,1,1,0,0,2,3,0,0,2,3,2,4,1,0,1,2,0,2,12,6,1,4,13,0,0,1,2,2,3,0,4,0,0,1,1,0,2,0,6,7,1,1,0,0,0,0,13,0,1,0,2,1,0,0,0,2,0,5,0
BTNL3,7,1,12,1,9,1,0,1,5,0,8,10,5,0,0,5,24,6,3,3,6,0,0,0,8,10,4,6,2,0,7,0,5,1,10,7,4,4,14,1,0,0,0,3,11,0,316,9,6,5,0,0,0,1,3,3,10,0,0,0
BTNL8,15,8,3,0,18,1,9,25,16,11,6,12,6,6,1,8,74,6,18,18,17,5,11,29,5,7,11,19,388,21,18,5,8,26,12,10,12,10,6,3,15,17,16,16,12,3,1057,15,9,7,0,7,18,3,17,7,4,2,10,21
BTNL9,534,364,455,126,100,173,455,332,25,77,148,125,136,409,27,352,1367,399,92,336,317,128,426,429,183,718,928,82,139,240,772,244,402,941,867,113,414,419,112,288,258,726,52,200,337,31,485,278,49,172,105,132,566,122,174,282,271,93,91,1567
BTRC,786,1485,1030,1026,864,671,1268,903,1198,910,695,864,999,719,1427,1074,1298,1502,813,1816,795,1949,1079,1355,1619,461,909,625,1079,1054,1770,1214,1869,1597,1533,865,1238,1402,759,1202,1189,760,1056,837,938,706,1123,970,1455,702,1056,743,677,1131,1068,858,879,1288,790,814
BUB1,536,162,401,3308,719,607,328,299,574,1125,714,210,276,83,305,348,864,1800,977,564,795,1174,390,654,907,203,769,3840,711,2026,492,152,901,362,849,1187,345,164,311,472,623,239,1477,309,175,272,185,527,1210,212,927,518,196,139,1597,1317,338,215,476,284
BUB1B,338,176,197,1221,1507,442,139,208,616,1299,484,165,239,71,185,193,557,759,972,227,687,1264,147,348,891,144,936,1639,400,772,231,78,657,375,618,518,127,108,257,220,172,159,1047,241,150,228,199,300,988,139,727,261,90,73,742,1338,235,182,346,255
BUB3,1564,3250,1675,3423,3414,2502,2361,2327,2200,3735,2514,1874,1907,1503,2090,1715,3793,4846,3211,3547,2971,6189,1949,2920,5926,1022,2418,2671,2766,4008,2745,1811,3850,2667,2336,1804,2358,2733,1382,2211,1903,1683,4268,2266,2490,1500,2671,3127,2571,1968,2352,2309,1550,2080,3889,3061,2299,2627,2329,1057
BUD13,399,700,405,962,880,895,449,618,521,713,464,502,627,328,576,560,801,786,735,934,785,656,577,1099,819,257,556,605,486,676,392,391,1019,586,989,599,520,580,352,1016,528,412,551,455,605,410,503,814,641,429,393,557,334,773,569,624,426,822,411,418
BUD31,734,1445,970,2265,1775,718,894,1386,825,1716,1104,905,951,706,1372,1001,2042,984,1483,1321,1022,1178,1088,2793,1808,534,691,1156,727,1066,1682,1386,1768,1121,1743,835,896,1413,646,1144,955,711,1157,789,1008,557,959,1268,1297,868,522,1434,641,1076,1081,1145,563,1274,782,547
BVES,110,68,84,477,84,37,91,102,86,90,56,153,146,33,92,73,264,76,120,144,207,151,40,159,198,82,98,314,70,817,118,99,117,65,118,112,75,78,151,93,83,73,221,99,90,124,119,96,161,77,60,301,83,172,115,158,78,101,180,84
BYSL,331,1299,260,1537,482,402,299,377,403,585,472,303,443,404,289,510,648,499,711,592,366,944,200,728,424,109,277,530,169,341,360,220,4050,746,474,318,205,486,177,344,174,214,343,199,243,162,208,646,364,299,402,433,164,704,499,353,258,491,245,361
BZRAP1,590,376,849,649,429,2296,2079,1612,288,1157,383,732,642,326,1003,1556,1587,532,494,2770,887,658,1404,2033,752,638,2345,338,446,1122,893,1842,1203,287,1264,739,1711,951,430,2413,446,554,513,638,1464,1200,473,1323,392,525,360,1021,943,769,413,1475,1714,285,388,851
BZW1,4032,4711,4107,6033,7149,2298,4352,4493,4846,5988,3064,3681,4701,2464,3839,3187,7280,6097,7041,6942,4023,6895,3844,6346,8057,1421,2669,3789,4027,3923,4584,3832,7551,6117,6610,3769,2863,4158,2276,4407,2812,2833,4936,2688,3891,2023,4026,5454,6368,3963,2730,4173,2171,5343,6573,3593,3313,6923,3890,1808
BZW2,2020,3012,1162,3134,3922,2158,3259,1918,1522,1280,2447,1216,1651,1480,1990,1703,2444,1570,2645,3040,4083,4263,2046,4177,2390,855,1884,2512,984,3478,1845,1870,2991,2177,2944,1067,1674,2250,966,2441,1635,1049,2117,1047,1704,764,1818,4472,3869,1371,2159,3089,1087,2123,2027,1419,748,3787,775,1203
C10orf10,5082,1542,3529,2006,7290,1525,4661,6905,1377,2671,2488,9427,3965,644,4333,2611,18371,11044,2361,11828,5217,5051,5421,6104,9742,4452,2549,6443,2840,1911,7319,19864,5916,1955,1952,2015,2532,5520,2972,4656,4885,2531,3619,4415,9207,1499,3634,4343,2555,16650,1701,6715,6281,13049,4133,1741,1502,4518,4608,7844
C10orf105,10,4,11,2,3,1,9,8,12,1,4,20,6,3,3,5,20,4,4,34,9,7,15,19,9,6,8,3,4,3,10,28,8,17,10,13,18,14,8,8,12,17,8,19,9,2,13,4,12,10,3,12,8,8,2,2,13,1,3,13
C10orf107,27,32,152,4,16,48,358,189,18,4,111,144,40,22,32,94,101,12,23,491,64,5,46,155,460,39,117,3,80,250,83,208,39,46,85,120,114,100,51,105,132,56,33,65,255,32,147,53,20,58,6,12,157,25,20,79,21,144,10,59
C10orf11,247,263,296,59,227,206,303,269,241,260,142,269,166,118,127,274,332,367,210,286,183,768,456,615,454,203,403,237,231,389,366,493,308,132,570,166,444,381,225,420,346,247,474,427,384,410,148,229,279,345,222,350,198,233,165,310,175,218,247,321
C10orf113,37,55,58,59,64,15,25,20,44,72,41,19,72,24,42,36,145,126,13,71,25,67,76,60,50,34,86,66,119,31,102,47,6,12,33,16,50,36,12,25,14,34,138,59,33,35,47,28,29,59,51,32,38,22,99,49,15,8,40,63
C10orf120,0,0,0,0,0,0,0,0,0,0,0,1,0,0,0,0,0,0,0,0,0,0,0,0,0,0,0,0,0,0,0,0,0,0,0,0,0,0,0,0,0,0,0,0,0,0,0,0,0,0,0,0,0,0,0,0,0,0,0,0
C10orf128,415,250,659,59,390,158,393,566,413,248,162,789,524,81,288,264,755,252,327,581,431,337,166,409,642,291,335,313,412,357,493,658,238,268,760,382,646,602,417,883,473,443,408,1129,657,370,410,568,414,641,175,287,526,441,186,250,505,128,428,396
C10orf142,0,0,0,0,1,0,0,0,0,0,1,0,0,0,0,0,0,0,0,0,0,0,0,3,1,1,3,0,0,3,0,0,0,0,3,0,0,0,0,16,0,0,0,0,1,5,0,0,1,0,0,3,0,1,0,1,0,1,1,0
C10orf35,103,355,249,218,180,117,135,127,158,53,151,24,138,125,122,236,236,366,118,285,116,490,123,320,208,43,116,153,83,211,262,174,116,310,274,195,110,206,84,190,153,162,123,115,115,56,64,263,205,36,161,115,119,149,240,138,146,227,93,87
C10orf53,0,0,0,0,0,0,1,0,0,1,1,3,0,0,1,0,0,0,3,0,0,0,0,0,2,0,1,0,0,0,0,1,0,0,0,0,0,1,0,1,0,0,0,0,0,0,0,3,1,0,0,0,0,0,4,0,25,0,0,2
C10orf55,7,7,13,13,25,40,7,12,112,10,10,31,10,2,5,4,29,2,37,23,6,15,9,15,52,5,27,17,21,31,26,13,4,6,34,16,4,2,12,13,3,3,30,8,4,27,18,18,15,13,7,10,13,16,5,14,146,5,52,3
C10orf62,0,1,2,0,3,1,3,2,2,5,0,2,1,0,1,1,7,2,2,0,1,6,2,0,1,3,1,1,0,2,2,16,0,9,0,0,7,1,0,2,0,0,1,1,1,1,1,0,1,0,2,0,0,3,0,1,0,1,4,1
C10orf67,17,2,17,0,3,16,48,47,8,2,21,51,5,6,1,15,124,22,2,20,10,2,1,21,68,20,64,6,24,9,24,47,0,13,37,38,39,35,8,3,35,8,13,6,16,0,41,20,10,61,8,4,18,1,2,37,11,0,0,62
C10orf71,0,0,1,0,0,0,4,0,0,93,0,4,0,0,7,1,1,265,0,7,1,1,1,1,1,0,1,2,2,1,1,1,0,24,1,45,1,2,0,0,2,1,1,0,0,1,0,0,3,0,0,0,8,0,243,1,5,0,10,2
C10orf76,850,2144,1385,982,1117,770,1182,1220,1245,1210,648,1065,1165,1024,1162,1189,1622,1528,853,1709,922,2899,1304,1379,1417,626,1169,774,976,997,1599,1296,1689,1606,1586,1136,1493,1726,956,1339,1194,1007,1263,1199,1016,867,845,1478,1187,1147,1338,905,818,1302,1399,1028,1238,1058,1047,1098
C10orf82,0,16,1,0,0,0,3,0,1,3,3,0,2,1,0,2,2,16,0,1,0,12,1,0,28,0,0,0,0,0,1,1,8,4,0,0,0,1,1,1,0,0,3,1,0,0,0,0,0,1,1,1,0,1,0,1,0,9,0,1
C10orf88,256,736,247,400,436,296,325,317,463,607,285,312,288,282,373,327,599,708,384,567,301,1160,318,499,639,132,230,427,315,492,410,227,656,462,368,317,418,443,257,366,334,266,415,316,322,211,343,538,565,224,352,283,225,397,542,310,419,508,429,240
C10orf90,1,0,2,15,17,1,2,0,3,2,1,0,0,0,2,1,0,3,1,14,1,55,20,8,2,1,1,2,0,1,0,0,4,0,0,0,1,2,0,0,7,1,4,0,4,0,0,0,7,1,4,2,0,4,26,5,0,0,2,3
C10orf95,32,82,27,9,39,21,73,69,28,27,25,51,46,51,112,20,63,46,43,37,6,149,22,42,224,6,50,10,29,72,91,93,119,261,209,96,49,80,39,25,48,72,47,39,34,2,59,24,18,32,25,72,78,51,17,13,160,202,10,43
C10orf99,0,0,0,0,3,0,0,0,0,0,0,0,0,0,0,0,0,1,0,0,0,1,0,0,0,0,0,0,0,0,1,0,0,0,0,0,0,1,0,0,0,0,0,0,0,0,0,0,2,1,0,0,0,0,0,1,0,0,0,0
C11orf1,118,705,252,622,389,270,267,294,160,296,155,237,282,300,329,218,257,276,334,764,301,403,718,373,650,121,222,223,225,570,274,240,402,255,783,144,450,400,142,323,209,192,175,208,336,97,376,379,326,225,133,380,94,205,263,274,282,722,156,171
C11orf16,50,302,141,297,5,30,440,230,18,50,102,88,54,64,67,121,105,37,25,147,44,21,74,46,384,18,180,12,85,41,19,186,25,115,43,172,278,87,23,123,68,7,49,6,101,85,101,66,15,56,16,4,21,62,127,92,44,5,8,184
C11orf21,65,19,87,8,42,22,95,118,47,65,40,119,111,51,109,47,183,45,30,164,211,63,246,93,106,72,152,31,87,95,72,162,50,26,144,55,159,67,68,170,106,115,82,295,134,117,91,88,205,81,42,167,137,66,17,69,87,11,49,142
C11orf24,593,591,609,1265,1337,517,726,794,658,1137,452,1342,1265,287,815,694,971,568,1728,1101,962,1054,506,836,1547,209,473,780,435,659,358,634,1280,1247,722,851,430,541,604,1012,763,394,2444,439,463,577,626,952,767,881,746,618,468,1030,1100,460,413,763,1038,457
C11orf31,853,1542,2345,3434,2037,1528,1221,1844,876,1741,1195,1054,1235,1210,1251,1200,2282,1554,1316,1897,1411,2236,1689,3314,2115,502,807,2168,903,1956,2155,1857,1870,1684,2552,1190,1162,1793,782,1561,1454,1272,1010,933,1421,680,1479,2185,1515,1171,1406,1156,837,1309,515,1207,839,1924,1028,791
C11orf40,0,0,1,0,1,0,0,1,0,2,0,0,0,1,0,0,0,0,0,0,0,0,0,0,1,1,3,6,0,0,0,0,0,0,0,0,0,0,0,0,0,0,0,0,0,0,0,0,0,0,0,0,0,0,1,0,0,0,0,0
C11orf42,0,0,0,0,0,0,0,0,0,0,0,0,0,0,0,0,0,0,0,0,0,0,0,0,0,0,0,1,0,0,0,0,0,0,0,0,0,0,0,0,0,1,0,0,0,0,0,0,0,0,0,0,0,0,0,0,0,0,0,0
C11orf45,70,10,155,20,34,121,63,238,34,43,77,124,90,9,48,95,164,108,73,289,66,181,335,169,170,71,145,77,52,53,93,252,60,150,206,52,252,155,67,152,141,49,162,168,155,96,63,108,89,173,178,188,51,152,35,152,62,60,127,73
C11orf49,382,1042,868,1100,944,946,1115,825,421,847,613,556,463,659,1104,810,1333,1663,677,1505,890,2193,918,1411,1093,312,743,968,495,608,1233,1141,1606,2139,1193,879,847,707,456,869,769,640,511,570,884,590,561,824,810,463,779,1030,487,1454,826,769,400,1281,962,728
C11orf52,0,3,2,1,6,3,2,2,1,1,1,0,0,1,4,4,0,2,1,5,1,2,1,5,1,0,1,0,1,3,0,7,2,1,8,0,5,2,1,0,3,0,0,2,1,0,2,1,2,4,0,1,0,1,0,4,1,2,0,2
C11orf53,0,0,0,1,1,2,1,0,0,16,0,2,0,1,58,0,0,24,0,2,1,140,1,0,8,0,2,0,12,3,1,4,14,6,0,6,0,0,9,2,0,4,0,0,2,0,74,0,0,1,0,1,1,0,27,0,1,0,8,89
C11orf54,650,1883,1032,2012,1463,1463,2481,958,1406,1302,550,784,897,1203,874,1342,1500,847,930,2179,837,1365,1587,1100,2330,469,782,449,969,3115,2584,1231,2916,727,1899,717,1368,844,491,1259,584,2228,835,1072,1162,493,1231,2064,1230,804,1423,1896,890,1524,633,1305,832,1536,515,522
C11orf57,718,1321,833,1322,1680,1090,758,1216,910,1477,768,846,891,574,1105,1075,1374,1141,1578,2197,1304,1112,1039,2164,1527,530,793,1429,925,1352,968,831,1504,1250,2093,713,984,1317,664,1791,959,953,824,837,1231,811,1341,1814,1312,887,749,789,486,1065,988,1327,760,1142,909,611
C11orf58,2464,6579,3888,6697,4942,2264,3809,4682,2987,4331,2870,3727,2494,2883,3352,3084,4751,5354,4094,6959,4577,7799,4496,6930,6554,1813,2399,4540,3055,3599,5228,2651,6327,3932,6533,2794,3270,5134,2348,4000,2697,2939,2506,3019,4013,2285,3832,6792,3565,3723,2572,5481,2297,4227,4565,3467,2801,4929,3500,2188
C11orf63,156,141,381,265,268,345,251,378,265,75,98,324,292,58,156,166,398,254,220,608,293,228,351,486,420,157,223,73,251,315,227,384,306,257,538,146,315,265,218,255,235,247,204,401,334,227,185,163,81,244,94,233,132,393,90,441,150,230,153,267
C11orf65,18,72,45,99,54,27,32,30,44,20,41,31,38,49,24,28,23,63,60,75,24,74,102,32,58,16,35,19,53,77,42,29,72,42,43,18,56,41,8,40,35,22,71,38,57,22,50,49,77,25,58,51,14,53,41,49,51,44,20,69
C11orf68,309,369,406,867,526,453,472,763,346,343,352,563,619,235,399,452,696,406,501,993,748,713,607,892,539,188,382,440,357,424,395,750,552,480,741,455,573,460,296,641,454,285,325,441,553,330,343,688,398,403,472,416,395,629,317,425,373,470,457,223
C11orf70,62,14,103,18,150,208,214,215,42,81,117,178,69,48,111,93,264,217,119,255,134,103,87,218,390,75,137,145,152,203,167,189,70,37,67,143,193,112,48,41,189,63,90,120,166,126,195,213,193,86,228,351,69,89,113,183,50,137,52,73
C11orf71,187,293,136,1642,493,431,226,637,197,527,236,280,233,216,338,229,304,449,435,1032,315,477,1183,413,538,150,218,451,228,464,250,421,453,228,507,385,392,399,148,575,371,252,191,293,628,198,290,475,409,264,231,414,164,224,256,394,531,358,188,175
C11orf73,328,697,442,1226,770,750,534,728,526,543,604,556,556,335,594,536,1087,746,894,1052,647,853,623,936,910,299,456,813,543,833,784,636,639,518,1141,465,496,878,355,923,517,386,499,562,617,380,519,1096,766,555,605,729,423,640,461,627,387,875,503,313
C11orf74,143,227,189,621,160,324,242,271,199,80,186,219,132,111,151,238,232,260,211,395,241,300,244,376,349,87,240,376,209,181,297,229,107,189,345,311,232,250,133,298,210,95,152,220,263,102,268,341,287,203,211,237,100,209,89,233,113,260,170,131
C11orf80,234,519,528,1368,1270,1148,993,700,1112,660,583,581,1147,279,1538,815,1432,845,941,1407,733,877,655,746,825,233,851,775,752,1229,507,503,1195,229,877,1029,555,969,383,932,378,501,1298,442,434,315,498,999,913,578,802,883,473,1064,1259,1118,488,616,743,522
C11orf83,211,602,292,851,591,278,329,431,287,729,402,220,341,274,430,367,456,666,394,530,387,613,376,550,442,97,173,616,221,413,212,367,566,398,768,458,286,450,174,437,432,245,192,187,268,183,216,545,319,160,561,213,244,309,412,233,281,524,333,269
C11orf84,581,303,403,1298,426,548,407,457,333,659,460,347,416,238,432,398,712,696,655,585,538,673,248,671,570,172,362,680,224,390,417,515,889,331,482,426,279,402,214,359,399,251,444,332,364,229,155,504,417,286,911,326,181,346,850,524,268,484,388,319
C11orf85,3,0,15,2,0,1,5,8,0,3,9,1,3,0,27,101,2,12,0,1,0,1,249,11,45,0,3,5,4,53,1,6,7,0,2,8,5,4,3,2,2,2,6,2,6,3,3,23,34,1,0,0,57,3,7,0,7,0,3,2
C11orf86,3,0,7,147,6,2,1,26,152,0,0,0,114,0,7,9,130,2,125,5,0,26,1,2,113,1,18,8,19,0,3,21,67,0,5,3,1,14,6,0,1,0,119,0,27,0,231,9,6,0,79,7,34,42,4,33,16,4,2,1
C11orf87,1,6,1,0,1,1,0,0,0,21,0,17,8,1,2,1,2,11,0,1,0,1,0,0,1,0,0,0,0,0,1,3,0,0,2,0,1,0,3,3,0,0,2,5,0,31,0,10,0,14,5,2,0,5,1,5,0,8,11,1
C11orf88,37,3,33,0,1,5,258,153,13,2,132,211,23,36,6,52,88,1,37,208,25,3,14,149,472,6,166,7,137,21,23,160,7,59,79,140,309,88,75,14,92,19,35,4,56,8,240,27,17,107,8,0,27,6,2,32,4,2,1,69
C11orf91,11,1,0,3,2,4,19,0,1,2,2,6,0,2,1,2,7,3,5,6,3,2,8,3,2,1,9,4,18,2,5,7,0,1,15,4,2,10,2,2,5,1,2,2,6,5,15,5,1,19,7,5,2,4,1,1,1,1,1,5
C11orf94,3,6,5,7,2,9,19,14,6,20,6,10,6,8,18,12,7,16,4,10,2,8,4,4,15,6,13,2,6,1,6,6,5,7,12,14,6,9,8,9,7,11,11,9,13,15,7,6,6,4,8,6,3,9,9,8,11,6,10,4
C11orf95,681,478,485,1637,537,573,738,493,508,904,504,811,801,544,792,542,865,356,862,1001,449,507,448,955,796,257,516,800,356,514,752,1247,1578,302,514,697,354,638,420,475,468,443,372,452,530,619,312,719,589,477,1483,241,259,621,859,556,993,495,498,528
C11orf96,1227,469,184,180,626,346,479,574,144,613,71,3233,181,123,106,231,686,270,471,459,136,571,310,126,456,125,226,1077,243,247,797,2255,672,233,666,466,255,1014,376,614,696,551,172,807,984,145,708,698,381,2179,600,220,315,789,329,182,563,517,306,450
C11orf97,4,0,7,4,0,1,42,41,2,1,24,44,1,7,2,11,17,0,13,35,1,0,0,28,121,2,30,0,16,5,6,30,3,10,13,35,39,12,5,11,23,4,9,1,14,1,25,15,4,31,8,1,6,0,5,7,0,1,0,10
C11orf98,51,100,118,167,247,64,83,109,73,149,65,69,54,69,89,84,199,117,94,155,131,234,98,167,163,28,54,178,61,102,82,94,176,75,195,74,68,138,60,100,82,110,66,50,64,47,106,169,99,52,175,64,67,77,105,75,81,154,114,53
C12orf10,318,523,352,876,706,263,430,551,390,547,337,407,389,280,575,288,878,1040,469,669,418,642,341,779,764,197,384,630,343,302,555,835,644,517,662,340,518,399,369,534,395,256,519,378,518,292,529,598,408,321,490,494,244,587,343,404,704,523,396,282
C12orf29,408,840,313,579,867,379,366,581,483,646,411,512,585,357,507,547,909,903,602,579,604,917,426,859,1182,231,413,958,448,685,926,322,627,469,877,340,1432,591,213,461,550,585,605,431,712,345,826,654,500,380,336,906,326,628,444,611,349,604,605,179
C12orf4,562,689,603,808,878,598,666,882,800,917,704,1100,937,290,894,558,1176,905,843,1048,626,1202,470,1084,1446,391,618,1463,628,831,1024,490,852,850,1279,747,798,791,638,1300,806,716,1233,961,627,638,1213,1044,1178,984,693,501,446,835,848,882,676,587,850,535
C12orf40,0,0,2,0,0,0,0,5,1,6,0,0,1,0,1,1,1,1,1,4,5,1,0,6,0,1,2,0,0,3,2,0,0,0,3,0,1,3,0,6,0,2,2,2,0,0,1,4,3,2,0,2,1,0,0,0,0,0,1,2
C12orf42,7,4,10,3,13,18,17,16,5,18,3,3,20,29,50,11,14,47,3,22,6,40,26,10,38,9,20,19,5,12,17,9,23,3,8,16,19,8,20,24,10,11,16,28,22,5,4,6,8,7,7,39,9,17,5,15,18,4,18,30
C12orf43,228,241,238,527,482,298,311,446,386,438,436,369,374,205,366,443,680,768,518,560,370,746,265,729,631,146,346,406,313,263,431,323,443,359,447,333,372,376,243,478,312,213,481,350,326,239,489,542,301,304,362,341,247,411,379,421,344,246,528,288
C12orf45,770,2547,1449,1496,1311,647,1030,835,1857,3111,592,999,1634,1099,1437,880,1513,3001,1574,1578,656,2020,538,1453,2432,492,1096,1054,1121,1179,1222,980,2268,983,1712,871,918,970,733,1603,1083,998,2765,1762,1111,1513,957,1681,1025,1238,1700,1150,539,1221,2057,1668,1339,573,2019,1105
C12orf48,187,79,133,794,481,271,83,136,298,641,239,171,111,50,210,148,504,637,366,195,220,557,101,217,665,77,216,534,255,377,168,95,361,176,334,303,111,134,145,235,127,119,581,172,138,165,212,310,482,114,344,211,109,87,376,420,188,91,454,112
C12orf49,3143,2958,2959,3467,3203,1855,3008,3116,1564,1746,3443,2589,2292,1387,1849,2627,10343,4698,2806,9681,2096,5704,1418,5646,4166,1873,1913,6371,2028,3574,11692,5165,2415,1958,4294,1899,1239,5694,1382,6241,3123,4781,2361,2397,2863,1380,4339,3230,1903,3634,2268,1592,2620,2544,4653,3979,2243,1701,3938,1519
C12orf50,1,1,1,0,0,0,0,1,5,0,0,2,1,0,0,0,2,0,0,1,0,1,0,0,1,0,0,0,1,0,0,0,0,1,1,0,2,0,1,0,0,2,1,0,0,3,0,3,0,0,0,2,0,0,0,0,0,3,0,1
C12orf54,4,2,8,1,3,4,6,8,3,3,29,6,5,1,6,6,16,5,0,23,1,3,2,8,2,0,9,8,10,6,8,14,1,4,7,7,15,13,2,14,8,21,5,3,8,1,7,5,0,12,2,6,6,3,3,4,5,6,5,2
C12orf56,11,5,9,392,3,6,7,10,31,35,127,2,2,57,104,84,14,50,2,236,9,673,5,7,9,1,0,154,33,124,8,6,111,1,0,54,1,6,1,2,3,1,0,3,2,1,479,13,155,0,44,0,0,0,51,169,2,0,110,0
C12orf57,729,1876,1006,3173,2832,678,976,1352,1011,1735,1077,1349,1314,612,1536,558,2036,2375,1059,1945,1448,1974,1115,2257,3308,474,753,1354,487,1437,1465,1755,2441,1395,1955,1179,1507,1219,834,1495,1179,1504,1351,1060,1412,793,1530,1816,950,1275,1230,1557,818,2061,1004,1156,1031,1473,1358,970
C12orf60,10,41,11,43,26,15,16,34,30,33,14,25,14,16,29,11,26,32,17,76,19,44,21,36,70,5,18,35,14,24,44,9,15,12,62,9,35,11,21,47,34,12,37,25,21,18,67,20,39,15,28,57,6,24,46,33,34,38,37,25
C12orf65,313,275,324,734,434,230,431,515,184,767,246,419,396,309,412,438,538,842,452,475,470,893,479,570,634,227,308,347,258,500,843,373,1108,366,518,392,353,528,251,469,544,450,481,359,486,214,309,722,313,358,436,749,306,387,432,511,318,225,437,289
C12orf66,264,699,2016,690,574,306,944,1227,582,381,330,340,406,438,633,395,506,623,441,718,360,951,527,809,891,279,336,352,271,415,678,901,620,593,568,249,531,464,305,524,313,283,425,427,452,203,420,543,614,296,446,555,274,460,484,374,359,457,378,272
C12orf71,0,0,0,0,0,0,0,0,0,0,0,0,0,0,0,0,0,0,0,0,0,0,0,0,0,0,0,1,0,0,0,0,0,0,0,0,0,0,0,0,0,0,0,0,0,0,1,0,0,0,0,0,0,0,0,0,1,0,1,0
C12orf72,202,306,323,165,183,132,381,292,240,79,177,286,231,212,264,331,529,254,158,471,199,261,354,458,422,146,207,178,207,280,411,458,644,293,364,144,294,349,179,348,226,194,269,294,311,139,430,394,198,192,376,274,139,250,175,182,199,372,192,260
C12orf73,60,185,88,222,251,115,82,114,204,253,130,90,120,98,207,77,266,504,186,179,89,320,116,229,284,65,136,122,98,121,187,137,142,152,155,114,100,125,69,191,88,127,150,113,135,84,132,207,161,95,133,185,67,145,240,150,185,56,237,121
C12orf74,23,23,47,9,158,77,163,64,147,25,86,25,88,10,104,76,71,125,30,144,72,253,51,143,122,26,237,50,97,39,26,41,21,29,90,88,194,57,84,128,86,26,218,38,148,147,109,63,45,18,30,31,47,18,32,86,41,17,128,190
C12orf75,184,73,408,49,172,169,823,252,2083,522,229,424,231,50,203,248,1148,1522,736,620,244,1219,53,189,901,93,300,1136,919,282,191,383,413,200,197,332,202,159,232,155,192,698,180,432,343,190,4710,559,209,255,190,148,107,265,382,527,814,82,797,657
C12orf76,385,2039,468,541,311,363,290,603,261,440,242,302,577,678,410,314,933,826,366,632,269,477,312,374,547,209,342,223,254,447,707,939,1083,1139,917,446,313,863,279,420,305,518,288,649,782,250,319,890,393,248,381,436,724,562,651,372,866,804,473,271
C13orf45,4,12,16,1,8,50,12,11,39,1,3,6,4,1,5,4,7,2,1,9,14,4,7,9,5,4,15,3,31,0,2,38,5,10,39,6,15,4,4,8,1,43,9,17,19,8,10,6,23,8,5,6,5,20,2,3,2,2,1,21
C14orf1,426,633,762,1556,689,645,715,658,327,623,590,401,631,501,472,351,728,416,896,1320,869,1207,615,740,675,233,587,566,602,486,615,425,1078,515,684,550,753,622,389,725,429,442,607,612,610,298,854,853,992,320,567,929,281,530,508,675,224,643,347,406
C14orf105,0,0,3,0,35,1,581,2,116,8,0,2,8,1,1,6,19,21,75,138,0,46,317,1,51,17,152,4,296,0,473,5,5,4,165,1,10,2,72,1,2,5,0,7,20,486,1013,1,1,5,7,25,0,19,12,24,42,0,23,97
C14orf119,1106,1912,1456,2638,1926,1579,1282,1620,639,1531,1427,1532,1627,875,2017,1251,1902,852,1575,3890,1896,2969,1951,1694,2410,547,1058,2201,928,1221,1685,981,2452,1349,1269,2813,1425,2281,1010,1582,1256,1073,1369,1131,1497,1266,1951,2235,1451,1425,1031,1305,860,1483,1457,1022,819,2803,1178,615
C14orf132,674,1190,1001,1657,496,2302,757,1187,584,428,1542,1558,790,195,583,586,2892,1728,557,2489,670,206,449,933,887,717,1009,370,691,453,1058,1436,480,340,843,733,1077,618,377,644,491,2298,287,5856,1195,702,756,1930,277,1024,289,378,647,1767,859,2416,389,283,690,697
C14orf142,172,324,210,567,303,395,320,429,109,236,339,302,256,254,180,181,316,198,372,723,388,499,405,519,547,86,315,229,254,340,321,238,329,329,535,304,358,299,110,335,264,249,221,199,266,185,364,472,272,247,228,212,118,204,213,313,235,375,177,105
C14orf145,462,208,407,727,781,639,660,447,540,1050,350,1779,954,154,1425,312,802,554,1828,980,1369,1154,521,408,679,281,997,950,639,755,403,353,334,269,650,1102,454,631,896,1373,650,615,2257,710,547,376,449,1449,1515,2314,448,425,296,285,524,601,632,290,1710,841
C14orf156,421,870,535,1475,1012,635,492,722,312,994,542,469,459,303,471,318,919,730,992,1208,817,1355,599,528,1176,249,444,972,492,610,665,399,910,369,1001,553,494,884,358,460,335,317,430,451,572,344,726,1052,873,478,516,1067,238,492,577,602,527,655,462,291
C14orf159,923,910,2158,1388,1168,1235,1967,1626,1221,1028,1117,1748,1612,733,1509,1484,1883,1111,1011,2827,2266,3834,1995,2566,1553,1024,2376,1206,1103,1010,2086,1742,1191,1174,1846,1319,2162,1150,1458,1960,803,1309,1662,2405,1669,1261,994,2392,1227,1573,1031,1724,787,793,390,1718,1307,486,1114,2302
C14orf166,1880,3264,1902,4189,3601,2284,1770,2868,1227,2830,1941,2045,1892,1363,1805,1943,4614,3062,3325,3806,2752,3949,2300,4815,4027,830,1676,2067,1588,2497,3157,1588,2907,3181,3759,1960,1819,2933,1355,3338,1902,1700,1541,1791,2233,1427,2604,4007,2245,1918,1493,3443,1572,2065,2004,2143,1558,2936,1965,1048
C14orf177,0,0,0,0,0,0,0,0,0,0,0,0,0,0,0,0,0,0,0,0,1,0,0,0,0,0,0,0,0,0,0,0,0,0,0,0,0,0,0,0,0,0,0,0,0,0,0,0,0,0,0,0,0,0,0,0,0,0,0,0
C14orf178,1,3,2,4,2,3,2,2,2,4,0,1,4,2,1,0,3,1,1,6,2,1,1,0,0,3,0,1,0,8,8,1,0,0,3,1,4,1,1,3,0,2,3,2,6,1,11,5,0,0,2,2,4,5,0,4,3,0,3,5
C14orf179,307,605,461,761,564,395,450,559,287,411,325,434,396,295,358,262,614,404,516,758,418,710,477,470,523,183,372,355,379,331,540,430,599,249,541,374,443,525,265,453,362,199,354,315,461,252,403,852,520,326,301,701,201,516,326,347,207,400,286,377
C14orf180,5,0,9,3,1,17,28,8,0,1,4,7,6,2,0,4,6,0,3,7,2,0,0,3,29,4,9,1,2,14,4,8,1,2,4,0,5,9,1,10,1,3,3,3,6,3,10,24,3,7,2,2,2,30,10,3,6,0,4,7
C14orf2,738,1824,878,2552,2013,930,836,1452,575,1452,1020,850,906,847,1011,746,1623,2342,1430,1904,1330,5017,1142,2562,1804,375,570,1084,790,1165,1306,842,2114,1339,1795,966,1140,1468,665,1221,732,946,809,927,1133,587,1207,1909,1058,1134,699,2159,476,1035,936,868,714,1470,699,582
C14orf28,92,170,320,177,94,190,216,186,142,85,92,170,152,152,161,179,272,116,132,376,191,125,241,305,200,69,146,83,123,241,233,199,312,98,276,124,226,228,95,318,147,121,73,199,237,131,269,281,144,137,95,168,143,204,100,181,128,85,330,92
C14orf37,136,199,243,203,204,115,122,175,162,252,149,481,398,55,176,255,374,936,186,652,289,245,197,472,297,82,116,151,112,369,409,375,229,166,151,172,313,120,170,269,115,103,166,202,153,351,135,363,165,223,182,181,96,380,121,311,138,144,858,150
C14orf39,8,2,15,23,16,170,68,8,8,19,122,5,8,0,475,17,14,3,7,105,6,72,29,28,18,7,93,49,5,9,8,2,1,8,3,33,20,216,17,60,5,6,6,1,35,135,15,161,30,4,117,21,64,6,101,33,30,18,4,4
C14orf79,333,404,414,638,371,664,672,399,234,339,311,269,482,302,999,530,670,453,432,947,344,624,443,1140,395,245,510,331,335,365,701,440,864,1057,542,506,625,519,202,729,387,260,243,284,466,357,330,605,454,209,332,524,188,490,443,439,190,373,205,372
C14orf80,257,120,203,1054,437,254,255,277,151,386,231,194,245,111,421,224,326,277,350,527,409,328,119,369,309,104,449,382,250,165,243,243,449,229,216,314,246,143,180,344,134,256,329,345,268,174,270,301,371,131,240,275,145,195,187,288,163,157,114,430
C14orf93,135,378,306,543,339,612,327,303,159,359,219,175,223,290,486,372,369,352,250,602,363,468,284,406,381,134,301,225,178,274,187,243,349,212,362,448,422,311,167,409,223,218,300,204,349,170,283,440,374,136,237,269,154,368,475,354,244,425,222,232
C15orf38-AP3S2,20,33,44,4,9,8,10,31,2,7,5,10,7,17,10,24,8,3,5,43,21,13,10,13,36,7,13,9,10,7,20,22,34,15,16,12,10,20,17,18,4,14,26,19,11,18,12,12,7,19,13,7,21,15,11,20,3,5,14,10
C15orf39,828,1413,850,1317,1700,989,1355,653,1598,1302,380,1131,1553,824,1137,807,1500,672,1406,1407,979,1854,842,2048,789,455,1560,638,747,605,642,1028,1870,1450,851,1048,948,734,1100,1493,454,1071,2788,603,640,582,855,834,1355,630,1011,996,813,1559,937,908,684,491,952,1284
C15orf40,255,985,480,950,916,636,605,593,736,509,314,390,615,519,600,326,655,538,745,1156,484,886,587,679,1078,293,630,330,460,599,506,568,687,604,740,348,700,463,240,761,349,399,916,570,663,318,849,683,505,364,612,798,335,634,616,610,598,239,442,427
C15orf41,159,155,237,1534,521,191,170,243,340,165,274,191,242,83,179,156,361,384,164,247,276,308,136,304,261,95,316,322,257,245,175,175,198,193,227,176,203,179,155,200,130,140,260,211,210,174,357,192,335,141,256,153,108,236,101,577,185,118,136,227
C15orf43,0,0,0,0,0,0,2,1,0,0,0,0,0,0,0,0,0,0,0,0,0,1,0,0,0,0,0,0,0,0,0,0,0,0,0,0,0,0,0,0,0,0,0,0,0,0,1,0,0,0,0,0,0,2,0,0,0,0,0,0
C15orf48,1050,57,107,56,3618,112,130,1431,2609,253,212,223,262,36,181,249,1961,99,3032,353,447,447,70,425,792,112,223,1182,1049,412,228,242,118,38,1145,511,94,174,420,317,240,712,3128,254,249,522,1571,270,2537,174,708,835,219,301,66,281,636,110,440,42
C15orf52,311,229,673,426,204,295,703,280,360,312,236,372,674,227,1121,161,575,215,144,581,351,536,367,252,940,393,719,281,1474,223,479,1099,528,871,607,281,401,292,871,499,245,991,358,359,330,284,910,547,810,255,532,164,264,599,422,291,641,185,349,821
C15orf57,373,771,465,330,1047,272,512,656,559,695,277,767,583,316,684,335,838,352,715,747,861,1094,727,614,1100,222,512,497,450,537,573,468,641,604,819,362,581,675,512,587,474,581,559,609,783,389,953,816,566,695,565,461,224,522,328,631,539,373,601,455
C15orf58,132,100,121,119,212,91,175,145,116,182,51,107,135,59,125,84,191,109,145,255,123,195,66,113,174,55,188,83,124,130,131,86,184,157,108,138,93,101,86,176,72,103,250,128,109,121,194,248,312,87,148,229,112,174,116,102,93,171,137,93
C15orf59,85,39,258,26,27,25,158,90,16,37,41,141,30,88,16,79,137,35,24,75,44,21,220,78,48,33,44,23,24,23,184,441,148,308,100,29,146,50,33,46,101,363,22,50,146,50,37,56,18,86,44,40,72,30,14,48,73,31,21,41
C15orf60,0,2,0,0,2,0,0,1,1,0,0,0,0,0,0,0,0,0,2,2,0,44,0,0,30,1,2,0,0,0,2,1,0,10,0,0,0,0,1,0,0,0,200,0,1,1,0,1,2,1,0,0,0,13,2,0,1,7,1,8
C15orf61,100,219,158,441,286,118,184,155,118,229,98,154,170,137,141,75,219,144,130,251,150,327,155,259,218,49,100,98,88,159,153,209,184,189,245,127,143,182,66,186,126,188,129,151,172,79,223,168,75,110,130,150,101,117,151,107,114,87,154,116
C15orf62,14,28,52,48,101,74,22,47,345,70,18,22,95,20,92,26,18,23,327,55,60,58,80,88,202,21,148,14,94,26,34,35,13,30,62,20,53,17,11,28,14,27,79,30,73,74,35,16,55,8,13,41,17,50,18,86,51,27,26,19
C15orf65,6,43,52,62,86,29,35,30,42,81,33,28,40,11,54,21,40,48,41,74,42,46,18,75,145,9,47,18,52,64,27,28,52,38,55,32,16,34,28,64,35,23,42,26,54,27,143,44,44,24,15,38,12,32,20,53,22,42,46,18
C16orf13,702,1075,1332,1043,410,600,1203,812,384,947,559,453,1083,534,1123,1025,1092,1174,725,1262,902,1645,1249,1209,1048,375,940,914,342,844,988,1597,1898,977,1001,612,682,1234,398,1567,998,666,991,1092,706,344,462,1966,404,555,1619,1473,913,1145,640,791,588,1263,751,530
C16orf45,206,167,281,96,175,184,356,272,267,210,159,436,200,67,126,201,1246,1214,203,316,190,203,116,318,386,122,1210,181,841,192,579,433,148,375,164,332,241,484,654,268,265,107,173,307,347,158,234,291,192,363,131,146,193,655,762,320,211,471,557,293
C16orf46,17,52,79,86,32,41,81,59,112,42,29,35,90,31,46,58,52,153,32,96,42,56,62,133,78,11,60,106,45,44,38,67,78,93,44,54,71,66,34,76,48,28,56,26,65,33,47,84,69,24,28,67,26,77,61,28,14,77,63,44
C16orf52,499,876,750,514,1049,854,1236,937,567,543,489,834,772,427,758,846,1244,760,567,1767,963,1071,1013,1131,1023,355,906,1018,560,821,1038,847,878,873,1000,525,1100,939,395,864,725,665,741,740,792,456,971,1732,925,1001,762,487,600,891,1102,1268,697,830,788,375
C16orf54,185,51,209,98,249,720,491,429,152,199,110,604,281,75,471,131,300,101,301,492,542,190,144,250,453,103,398,148,248,311,238,240,116,76,375,319,361,267,345,519,334,396,319,731,613,183,316,330,163,509,277,228,233,150,33,716,385,69,270,210
C16orf58,1719,4544,3539,2252,2824,2284,4850,3672,1895,2201,1613,2053,2325,4619,2378,3422,2789,2872,2261,6386,3720,4858,5321,4254,2506,1093,2413,2363,1181,2762,3691,3062,4363,2794,2430,2197,4813,4564,1702,3000,2489,1345,2046,1675,2038,1245,1417,5095,2599,1781,3482,3909,2070,2695,3514,3264,1985,3744,1918,1930
C16orf59,84,52,100,276,188,148,106,99,100,258,122,18,100,36,58,131,226,213,132,170,249,183,69,111,188,40,241,379,48,140,112,24,162,61,157,199,39,37,33,111,69,19,357,36,40,30,24,199,136,13,252,101,53,52,136,302,90,66,93,70
C16orf62,1225,1444,2193,1508,2857,1699,2417,2390,1110,1727,1139,1953,1834,975,1574,1854,2325,2379,1409,3924,3022,4431,3656,2833,1988,873,2148,2327,1036,1393,2463,1820,2686,2078,2131,1609,2124,1836,1411,2338,1191,1175,2329,1857,1400,1146,832,2518,2333,1754,2424,1730,928,2112,1970,2626,1504,1237,1590,1457
C16orf70,352,540,859,1509,603,601,597,737,574,655,536,594,735,272,510,498,738,973,450,766,514,1249,770,852,640,309,617,871,443,452,705,556,779,730,852,682,812,510,480,1066,481,466,642,533,645,436,480,1247,838,513,554,635,326,726,685,728,528,555,699,496
C16orf71,34,22,60,8,13,32,181,135,9,8,47,98,29,22,23,60,41,22,23,220,50,26,50,107,215,29,119,30,41,38,30,93,25,48,40,72,86,47,23,31,104,14,48,27,46,10,39,83,19,43,29,77,44,21,12,63,30,52,7,49
C16orf72,2048,2874,3499,2200,2565,2036,3671,2682,2252,2139,1994,2952,2441,1504,2710,3525,3179,3967,3099,5049,3678,4545,3966,4333,3405,1147,2051,2700,2164,2539,3719,2904,4443,2733,3110,1922,2941,3010,1774,3542,2453,2193,2573,3207,2444,1661,2352,5602,1694,2819,2753,3840,2113,3137,2402,2499,2219,2998,2712,1657
C16orf74,26,32,45,192,86,16,73,30,459,36,103,89,82,25,53,18,46,33,33,205,90,37,109,37,210,20,70,17,78,108,75,147,61,51,32,62,96,31,41,160,69,36,578,47,41,21,43,119,130,85,164,61,13,45,23,21,24,161,47,41
C16orf78,0,0,0,0,0,0,0,0,0,0,0,0,0,0,0,1,1,0,0,0,0,0,0,0,0,0,0,0,0,0,0,0,0,0,0,0,0,0,0,0,0,0,0,0,0,0,0,0,0,1,0,0,0,0,0,0,0,0,0,0
C16orf86,50,37,100,149,56,62,63,139,27,71,39,86,59,43,84,38,72,90,63,119,84,81,114,53,85,41,70,77,46,46,21,70,38,26,82,42,49,51,88,87,52,46,84,112,84,36,52,113,57,87,43,42,44,84,54,91,39,44,99,87
C16orf87,194,506,595,1224,547,390,399,527,447,437,388,380,492,331,350,331,552,647,441,768,461,1189,934,858,828,111,262,810,298,419,558,315,629,282,682,359,599,375,239,415,382,371,458,482,339,373,490,1107,547,349,349,404,220,472,329,705,406,334,526,284
C16orf88,743,1047,996,1347,2440,984,1204,1031,1026,1382,970,507,1065,574,842,1304,1578,1393,1037,1889,1189,1721,972,1758,1350,365,909,2490,780,815,989,736,785,851,1251,741,1036,1111,475,1013,873,519,1443,636,729,504,863,2088,1310,504,1771,989,763,1059,1920,1698,1047,986,991,502
C16orf89,1163,10359,6980,83,615,1156,18684,7080,22,1592,1699,1983,1417,7511,1399,2820,2047,704,286,6874,5428,4379,35781,18457,1507,2180,3442,670,592,3917,9848,11248,20194,10563,9924,1162,21651,4269,1110,16740,2201,3823,94,2704,4499,5703,796,6115,288,2664,1291,13375,6889,1049,955,5843,624,7106,139,1928
C16orf90,0,0,0,44,0,0,0,0,0,0,0,0,0,1,0,0,0,0,0,0,0,3,0,0,0,0,0,1,0,1,0,0,0,0,1,0,0,0,0,0,0,0,0,0,0,1,0,0,2,0,0,0,0,0,0,0,0,0,0,0
C16orf91,165,234,261,335,201,209,440,351,222,291,187,175,345,142,225,282,294,357,228,637,501,555,325,384,432,90,249,450,125,298,292,260,324,330,339,167,305,250,123,394,220,155,374,175,253,98,203,572,215,168,274,510,194,275,166,539,334,383,208,116
C16orf92,0,0,0,0,0,0,0,0,0,0,0,1,0,0,0,0,0,0,0,0,0,0,0,0,0,0,0,0,0,0,0,0,0,0,0,0,0,0,0,0,0,0,0,0,0,0,0,0,0,0,0,0,0,0,0,0,0,0,0,0
C16orf95,13,12,26,80,23,15,19,28,17,18,9,29,25,22,17,11,25,30,23,44,28,30,44,23,32,10,21,11,10,26,10,17,40,17,33,18,23,20,12,25,20,28,25,21,15,23,9,57,20,25,23,19,2,27,19,12,18,20,25,20
C16orf96,10,4,49,4,3,14,32,19,5,6,3,14,14,13,4,14,9,18,12,39,16,7,36,21,14,13,11,3,7,9,20,11,19,1,12,9,15,11,16,55,15,18,40,26,31,9,3,26,6,19,8,21,36,12,8,25,7,4,5,10
C17orf100,21,31,49,113,47,57,84,60,89,52,26,30,33,25,61,57,89,99,35,120,52,125,92,86,46,19,24,100,29,66,95,66,107,31,97,46,86,32,35,60,51,50,28,28,37,56,64,105,27,28,45,69,52,60,74,113,34,23,60,47
C17orf101,732,1012,874,2331,609,669,1056,1085,638,1012,604,751,986,624,640,850,1197,858,1210,2714,1178,1618,1136,3101,1066,640,763,851,539,553,1168,1132,1912,1483,1144,638,1509,879,551,1397,877,575,841,1073,836,443,652,1162,532,698,1329,1278,912,966,1052,829,530,771,672,794
C17orf105,1,0,4,3,2,0,1,1,2,1,1,3,0,3,1,1,5,2,3,6,3,4,8,0,1,3,0,6,0,4,3,3,0,2,0,1,8,3,3,1,5,1,6,0,3,1,2,2,1,0,3,4,1,0,0,0,1,0,2,0
C17orf107,156,308,194,117,223,174,377,212,58,198,94,368,209,83,105,210,228,60,223,548,247,119,365,471,94,95,151,310,39,182,330,356,615,128,113,167,378,222,197,290,196,141,168,300,264,156,84,257,108,294,157,268,175,249,96,186,113,211,138,213
C17orf47,0,0,0,0,0,0,0,0,1,5,0,3,0,1,0,0,0,1,2,0,0,0,0,0,0,0,0,2,0,1,0,0,0,0,0,1,0,0,0,0,0,0,0,0,0,0,1,0,1,2,1,0,0,0,1,0,1,0,2,4
C17orf49,69,69,93,148,92,59,62,113,96,53,103,72,48,46,101,51,212,103,101,132,132,245,83,166,117,36,58,149,49,123,122,67,175,74,144,66,72,92,68,144,59,86,74,99,102,46,78,120,62,64,54,98,85,113,67,84,55,73,77,57
C17orf50,2,0,4,2,0,1,13,3,0,0,1,5,0,0,0,1,6,3,4,9,1,1,31,11,3,1,10,1,1,0,0,9,10,2,2,0,20,4,0,9,1,1,3,1,3,1,0,2,0,0,32,17,2,2,1,2,3,1,0,5
C17orf51,136,179,226,313,203,90,215,205,131,222,113,493,259,73,166,174,347,131,249,294,200,169,137,222,178,85,98,279,132,168,260,280,162,160,234,186,220,195,147,321,160,93,176,290,182,213,122,229,163,318,193,332,86,266,92,262,170,97,226,130
C17orf53,105,22,88,431,222,121,41,67,136,250,61,43,106,39,42,53,210,128,119,131,177,133,46,132,107,42,149,556,55,87,71,36,73,47,94,131,41,37,39,96,65,30,817,44,35,46,28,75,225,24,281,105,40,124,244,168,48,26,88,48
C17orf58,141,166,193,1254,266,214,200,336,151,249,484,156,265,116,119,230,417,182,310,473,429,727,354,484,325,101,241,486,126,346,282,186,216,172,314,288,216,277,99,252,235,98,327,236,188,115,245,427,248,135,191,357,133,279,324,283,136,202,191,141
C17orf62,1994,1188,1836,2517,2467,2210,2329,3006,1911,4564,1046,2525,2510,872,2940,2398,4558,3423,3658,5001,2877,4857,1683,4003,3093,1277,2825,2419,1788,1784,2180,2308,4362,1570,3040,2889,2423,2359,2211,3221,2709,1772,3755,2604,2334,1324,1503,3759,2830,2509,2510,2270,2171,2716,3221,2440,3068,1776,3559,2509
C17orf63,558,495,484,1026,345,483,605,287,934,820,256,425,971,193,667,496,643,1209,342,1135,541,677,531,645,621,378,892,677,495,239,829,541,823,936,454,527,487,607,608,899,408,336,1097,623,351,387,423,521,634,350,1147,416,316,768,655,478,443,469,609,664
C17orf64,2,1,1,4,2,1,1,3,0,1,2,5,1,0,1,0,6,0,3,6,1,13,1,3,9,0,3,2,0,4,2,1,6,0,3,3,0,6,0,3,2,1,8,4,1,0,0,3,5,2,14,7,9,0,6,3,7,3,2,1
C17orf67,69,65,81,122,52,72,69,77,45,85,39,57,71,42,145,134,113,56,44,72,87,73,60,110,99,54,117,59,98,75,73,127,141,42,113,46,77,52,33,92,117,41,130,98,76,45,72,99,60,59,315,87,75,79,111,62,94,40,78,115
C17orf74,0,0,0,0,0,1,0,0,0,0,0,0,0,0,0,0,0,0,0,1,0,0,0,0,0,0,1,1,0,0,0,0,0,0,0,0,0,0,0,0,0,0,0,0,1,0,0,0,0,0,0,0,0,1,0,0,0,0,0,0
C17orf75,338,775,529,1058,486,663,759,809,517,899,357,415,467,360,497,503,723,998,387,1199,722,1223,855,881,964,375,523,910,352,682,743,393,714,581,880,376,939,747,228,928,382,348,564,448,647,321,535,861,661,305,608,725,337,559,454,747,414,552,463,337
C17orf78,0,0,0,0,1,0,0,0,1,0,1,0,0,0,0,0,1,0,0,0,0,0,1,3,0,0,0,0,0,0,1,1,0,0,0,0,0,0,0,0,0,0,1,0,0,0,0,0,0,0,0,1,0,0,0,0,1,0,0,0
C17orf80,506,1040,922,1735,640,959,1051,1452,777,1481,870,902,856,622,868,956,1477,1631,777,2208,1183,2174,1052,1266,1413,565,1055,1330,659,792,931,808,1775,984,1187,882,1493,915,593,1454,596,660,1038,866,1111,553,817,1466,1182,627,1211,1214,455,1011,1146,1443,622,705,851,611
C17orf89,255,304,185,974,111,165,224,204,275,502,91,183,224,134,251,215,282,525,371,266,183,613,230,264,289,124,162,348,72,207,314,602,222,300,371,188,428,228,101,258,322,165,348,283,234,122,130,343,179,246,364,312,151,242,307,231,269,292,170,224
C17orf97,22,39,48,33,22,49,131,71,102,27,46,102,46,21,144,38,132,63,105,121,76,54,225,89,182,23,81,156,49,70,98,89,52,226,52,53,86,41,28,62,101,20,137,33,124,30,50,68,56,64,22,18,20,37,78,59,84,150,14,57
C17orf98,0,0,0,8,1,3,4,0,1,1,0,0,0,2,3,1,1,0,2,1,1,4,1,0,0,0,0,1,0,1,0,1,0,0,5,1,1,0,0,2,0,2,0,0,0,1,0,0,0,1,0,1,1,0,1,1,2,1,1,0
C17orf99,3,1,0,14,2,4,2,0,2,8,2,2,0,0,1,1,2,0,0,7,0,5,1,1,6,3,7,0,12,1,3,0,0,0,2,1,0,6,10,1,3,3,44,1,1,0,1,2,0,2,6,4,1,0,2,0,0,0,0,6
C18orf21,187,348,245,456,293,278,295,364,290,348,206,262,159,175,237,202,517,365,345,429,312,586,199,529,460,99,425,265,231,242,269,211,224,283,451,255,227,299,174,330,273,230,278,254,313,200,334,299,312,267,216,318,178,269,378,253,200,198,253,158
C18orf25,1074,2169,1432,3428,1353,1609,1860,1160,1493,1726,935,1320,1450,899,1624,1185,2334,2255,1344,1905,1318,2873,1327,2462,2049,673,1253,1423,1361,1015,1408,1342,1646,2188,1730,1317,1264,1253,1144,1802,1274,1344,2076,1590,1471,598,1351,1159,2398,1293,1644,1451,993,2032,1998,1506,1151,1138,1586,1111
C18orf32,232,637,317,352,420,306,367,497,391,466,199,330,268,425,346,216,659,896,372,494,273,1007,375,549,647,126,254,387,365,321,333,358,348,401,555,308,269,388,254,353,444,347,367,441,438,142,482,363,311,323,212,442,190,422,502,349,249,419,394,254
C18orf42,0,0,1,0,0,1,0,0,0,0,0,0,1,0,2,0,0,255,0,1,1,0,0,0,0,0,1,0,0,0,0,1,0,0,0,0,0,0,0,0,0,1,0,1,1,0,0,0,0,0,0,0,1,0,0,1,0,1,0,0
C18orf54,159,119,171,875,239,212,108,201,456,273,138,151,160,32,141,131,504,290,393,214,219,167,111,186,265,93,327,297,224,227,131,128,124,105,243,210,152,115,133,221,132,114,436,228,201,114,128,151,355,91,215,170,100,180,543,311,200,76,208,152
C18orf63,20,3,11,0,2,0,1,10,0,4,0,15,0,19,0,4,10,2,2,0,8,1,11,7,4,1,13,0,0,3,4,2,1,6,8,2,2,3,0,0,8,16,0,1,2,1,5,3,4,21,0,8,0,0,2,0,11,3,0,5
C18orf8,626,684,762,617,616,542,752,824,698,553,395,933,491,428,620,466,1146,947,795,899,820,1665,762,1386,1096,337,575,626,723,1395,813,822,697,849,1010,654,494,684,621,1098,889,659,910,1026,661,670,1001,1101,729,761,593,874,539,734,795,465,627,416,718,754
C19orf10,1300,1550,863,1473,3917,788,1636,1894,1131,2720,886,1697,1097,922,1565,1056,2124,1242,2417,1830,2266,2527,1451,2952,1993,489,876,1692,1147,1683,1489,1406,2783,2976,2033,1262,1047,1616,1771,1840,2140,1357,1708,1116,845,972,1808,2700,1054,1975,1250,1889,897,1566,1425,1183,1146,1350,1617,877
C19orf12,590,623,675,1139,679,596,813,892,714,718,529,987,866,551,792,801,1130,717,672,1123,799,2374,389,701,1249,326,438,4464,453,552,726,701,848,723,935,838,563,723,485,1410,623,581,634,865,883,541,546,860,742,816,547,632,494,997,545,505,789,712,869,520
C19orf18,32,11,9,27,29,64,23,32,15,16,7,16,24,9,29,23,66,19,15,65,20,7,2,9,35,20,39,11,33,12,71,32,29,17,69,15,13,60,15,33,13,20,33,25,12,28,11,47,12,21,66,6,14,32,10,25,29,8,15,39
C19orf24,280,226,258,502,546,223,360,452,252,426,349,411,310,190,414,368,491,254,568,588,448,469,333,470,430,130,283,347,223,330,502,556,367,1084,734,309,290,340,284,519,502,349,515,521,317,216,344,547,349,337,408,485,248,379,178,324,374,378,325,219
C19orf25,401,291,402,638,414,590,581,613,311,427,259,415,516,222,401,616,783,396,458,946,757,610,448,486,623,268,575,509,487,372,787,645,488,624,720,432,617,493,320,1016,658,468,379,619,506,389,447,2069,368,351,458,538,336,424,338,574,523,251,463,399
C19orf33,294,2157,907,1390,2148,225,486,469,636,165,202,228,847,694,719,379,3384,171,628,421,377,146,279,625,4790,221,323,135,1804,371,399,698,1993,1908,1670,511,74,81,335,797,708,845,501,541,711,221,2900,462,1084,222,241,660,483,1158,209,191,388,6227,132,171
C19orf35,28,0,27,5,10,1,29,16,23,5,19,35,44,2,20,6,62,15,17,26,29,24,13,60,13,24,44,14,10,9,27,32,10,8,19,17,21,22,30,41,13,23,49,108,23,7,10,29,12,55,14,22,10,23,10,18,12,6,18,43
C19orf38,56,20,44,65,51,35,74,76,37,35,26,123,59,14,59,46,137,35,105,73,116,57,35,84,79,43,65,51,35,73,49,64,37,23,71,58,74,77,58,83,82,81,128,133,69,41,116,114,74,178,23,492,126,54,26,64,45,21,82,41
C19orf40,49,55,62,213,157,94,39,55,120,114,124,59,75,19,67,72,169,111,121,117,81,185,57,69,141,38,68,168,51,77,79,67,42,75,151,94,53,35,41,71,69,26,81,84,99,53,52,75,217,43,119,84,37,80,48,83,116,149,87,65
C19orf43,1598,1252,2009,2368,1656,1545,1672,1840,850,1349,927,1746,1251,603,1465,1119,2290,1437,1248,1901,1896,2225,1305,1754,2094,659,1296,1511,1173,1687,2063,2184,1831,1807,2182,1297,1253,1794,1035,1773,1673,1482,1564,1594,2273,860,1878,2232,1081,1832,1336,1327,966,1591,1521,1255,1282,1900,1333,951
C19orf44,215,140,236,129,79,310,193,200,694,149,107,145,124,107,194,262,282,207,86,247,244,183,168,357,222,123,423,161,146,166,268,341,140,265,200,127,244,178,117,289,258,161,155,190,309,239,219,196,191,117,475,150,185,198,141,251,164,260,127,205
C19orf45,10,1,2,11,11,5,0,2,0,6,1,1,2,2,38,7,3,65,3,1,0,1,6,14,15,1,2,2,1,4,2,4,1,1,3,4,2,2,0,0,2,0,3,1,2,10,6,6,6,1,4,7,1,2,31,23,1,4,7,10
C19orf47,215,263,250,616,258,371,348,249,542,380,226,237,278,259,250,226,425,392,226,361,360,316,148,392,523,130,324,303,183,200,300,267,355,264,337,345,279,173,185,562,284,196,342,237,190,188,211,230,294,223,303,214,169,346,241,314,251,323,296,220
C19orf52,327,227,420,467,319,418,389,421,191,390,167,332,355,181,348,296,583,326,240,560,479,550,367,529,463,172,283,410,221,344,581,450,448,632,464,251,307,347,291,487,421,301,342,333,465,227,421,548,227,288,316,299,221,305,323,323,310,224,314,205
C19orf53,876,713,790,1410,1098,643,820,1060,459,832,540,762,674,265,724,789,1228,759,719,1161,1085,960,685,1026,940,316,637,1001,565,600,1239,1381,933,911,1129,682,660,880,428,827,1033,719,828,732,1084,475,674,891,777,709,848,845,458,836,520,656,560,706,681,335
C19orf54,119,126,273,251,101,172,198,100,281,161,108,172,146,91,187,87,185,292,97,197,176,136,168,214,191,104,209,127,92,181,184,241,219,226,223,206,153,111,128,290,122,126,229,182,95,162,75,127,244,119,165,119,99,129,177,189,179,239,160,217
C19orf57,32,11,125,218,21,288,68,72,12,17,31,25,16,13,24,66,36,56,21,60,95,15,75,51,23,25,107,101,16,90,63,80,23,27,46,72,45,19,16,37,54,31,88,46,81,43,23,76,58,12,93,71,32,34,57,210,62,24,17,42
C19orf59,139,42,262,23,152,111,34,233,101,36,42,657,70,26,18,77,829,157,79,103,69,45,32,324,73,136,366,121,87,42,414,302,24,223,816,149,441,365,113,164,208,240,44,347,94,70,62,248,120,383,24,30,399,92,51,193,86,54,90,24
C19orf60,720,254,510,673,340,439,692,599,1114,464,360,680,507,132,723,377,688,562,313,739,888,799,546,532,621,302,467,547,273,552,531,929,571,493,650,429,394,612,492,874,822,453,652,766,577,283,533,582,553,715,498,405,292,525,421,324,480,952,571,562
C19orf66,767,481,984,452,658,880,1063,1056,531,423,494,818,829,234,563,1107,1184,525,631,1265,1224,715,719,926,656,516,1195,546,764,704,1004,1085,1173,694,871,535,837,764,662,1183,790,928,852,1002,1278,704,702,1539,655,772,873,821,541,691,379,668,801,767,726,716
C19orf67,0,1,2,0,1,0,0,1,0,0,0,0,0,1,0,0,2,0,0,1,0,0,0,0,0,3,0,6,1,2,0,0,0,0,3,0,0,0,0,1,1,2,0,2,1,1,2,0,0,0,1,4,1,14,0,1,0,0,0,2
C19orf68,83,65,89,295,64,101,136,63,66,139,69,76,100,31,141,86,154,212,89,203,101,57,96,176,69,57,141,109,62,58,111,132,97,121,113,154,102,78,93,260,51,53,142,97,66,69,41,70,90,51,105,38,73,142,124,113,69,61,90,126
C19orf70,556,433,370,689,604,543,631,954,250,505,333,504,411,224,402,511,1155,794,593,1030,793,571,479,856,780,239,409,813,524,501,800,778,420,797,1155,494,427,654,369,655,715,628,359,540,426,298,601,811,375,519,642,635,376,432,330,484,320,451,476,254
C19orf71,17,11,40,20,22,61,57,52,17,21,19,26,18,12,23,77,26,16,12,61,28,13,24,26,18,26,85,13,46,23,36,59,7,11,27,17,142,57,25,57,27,14,46,57,30,26,32,43,8,28,22,13,14,30,16,47,44,3,14,78
C19orf73,10,12,17,73,13,26,13,13,4,22,17,6,13,10,31,11,15,30,9,40,22,11,14,10,12,1,17,26,8,12,24,22,28,17,30,33,11,12,10,24,8,15,15,12,16,8,7,11,18,5,30,7,8,7,11,16,21,53,18,15
C19orf76,59,15,20,74,54,32,32,37,13,34,3,13,12,9,28,33,60,41,14,20,16,17,9,12,38,8,44,14,39,18,21,46,11,35,38,35,25,17,16,15,16,16,41,28,29,16,27,23,24,19,185,9,21,18,25,16,33,6,16,41
